/workspace/vllm-omni/vllm_omni/version.py:55: RuntimeWarning: vLLM and vLLM-Omni appear to have mismatched major/minor versions:
 --> vLLM-Omni version 0.1.dev3449+g2ece39874.d20261007.rocm
 --> vLLM version 0.31.0
This will likely cause compatibility issues.
  warn_if_misaligned_vllm_version()
[aiter] import [module_aiter_core] under /usr/local/lib/python3.12/dist-packages/aiter/jit/module_aiter_core.so
Module humming was found but failed to import
Traceback (most recent call last):
  File "/usr/local/lib/python3.12/dist-packages/vllm/utils/import_utils.py", line 414, in _has_module
    if importlib.util.find_spec(module_name) is None:
       ^^^^^^^^^^^^^^^^^^^^^^^^^^^^^^^^^^^^^
  File "<frozen importlib.util>", line 111, in find_spec
ValueError: humming.__spec__ is None
/usr/local/lib/python3.12/dist-packages/huggingface_hub/utils/_validators.py:206: UserWarning: The `local_dir_use_symlinks` argument is deprecated and ignored in `hf_hub_download`. Downloading to a local directory does not use symlinks anymore.
  warnings.warn(
Warning: You are sending unauthenticated requests to the HF Hub. Please set a HF_TOKEN to enable higher rate limits and faster downloads.
[0;36m(MainProcess pid=47055)[0;0m [32mINFO[0m [90m10-07 15:21:34[0m [90m[logo.py:52][0m        [97m█     █     █▄   ▄█[0m    [34m   ▄▀▀[38;5;208m▀▀▄ [0m[97m█▄   ▄█ █▄    █ ▀█▀ [0m
[0;36m(MainProcess pid=47055)[0;0m [32mINFO[0m [90m10-07 15:21:34[0m [90m[logo.py:52][0m  [38;5;208m▄▄[0m [34m▄█[0m [97m█     █     █ ▀▄▀ █[0m[97m  ▄▄▄ [0m[34m █    [38;5;208m█ [0m[97m█ ▀▄▀ █ █ ▀▄  █  █  [0m
[0;36m(MainProcess pid=47055)[0;0m [32mINFO[0m [90m10-07 15:21:34[0m [90m[logo.py:52][0m   [38;5;208m█[0m[34m▄█▀[0m [97m█     █     █     █[0m[97m      [0m[34m █    [38;5;208m█ [0m[97m█     █ █   ▀▄█  █  [0m
[0;36m(MainProcess pid=47055)[0;0m [32mINFO[0m [90m10-07 15:21:34[0m [90m[logo.py:52][0m    [34m▀▀[0m  [97m▀▀▀▀▀ ▀▀▀▀▀ ▀     ▀[0m      [35m  ▀▀▀▀  [0m[97m▀     ▀ ▀     ▀ ▀▀▀ [0m
[0;36m(MainProcess pid=47055)[0;0m [32mINFO[0m [90m10-07 15:21:34[0m [90m[logo.py:52][0m 
[0;36m(APIServer pid=47055)[0;0m [32mINFO[0m [90m10-07 15:21:34[0m [90m[api_utils.py:347][0m vLLM server version 0.31.0, serving model k2-fsa/OmniVoice
[0;36m(APIServer pid=47055)[0;0m [32mINFO[0m [90m10-07 15:21:34[0m [90m[api_utils.py:286][0m non-default args: {'model_tag': 'k2-fsa/OmniVoice', 'host': '127.0.0.1', 'port': 8091, 'model': 'k2-fsa/OmniVoice', 'trust_remote_code': True, 'revision': 'c5fdb5ccb189668d56333f77ba2629f4cd7535f4'}
[0;36m(APIServer pid=47055)[0;0m [32mINFO[0m [90m10-07 15:21:34[0m [90m[weight_utils.py:58][0m Using model weights format ['*']
[0;36m(APIServer pid=47055)[0;0m [32mINFO[0m [90m10-07 15:21:34[0m [90m[omni_base.py:208][0m [AsyncOmni] Initializing with model k2-fsa/OmniVoice
[0;36m(APIServer pid=47055)[0;0m [32mINFO[0m [90m10-07 15:21:34[0m [90m[omni_engine_base.py:163][0m [OmniEngine] Initializing with model k2-fsa/OmniVoice
[0;36m(APIServer pid=47055)[0;0m [32mINFO[0m [90m10-07 15:21:34[0m [90m[omni_engine_base.py:312][0m [OmniEngine] Launching Orchestrator thread with 1 stages
[0;36m(APIServer pid=47055)[0;0m [32mINFO[0m [90m10-07 15:21:34[0m [90m[initialization.py:443][0m Loaded OmniTransferConfig with 0 connector configurations
[0;36m(APIServer pid=47055)[0;0m [32mINFO[0m [90m10-07 15:21:34[0m [90m[stage_utils.py:178][0m Stage 0 logical-to-physical device mapping: 0->0
[0;36m(APIServer pid=47055)[0;0m [33mWARNING[0m [90m10-07 15:21:34[0m [90m[ring_globals.py:97][0m FlashInfer ring kernels are unavailable. Reason: No module named 'flashinfer'
[0;36m(APIServer pid=47055)[0;0m [32mINFO[0m [90m10-07 15:21:34[0m [90m[multiproc_executor.py:372][0m Starting server...
/workspace/vllm-omni/vllm_omni/version.py:55: RuntimeWarning: vLLM and vLLM-Omni appear to have mismatched major/minor versions:
 --> vLLM-Omni version 0.1.dev3449+g2ece39874.d20261007.rocm
 --> vLLM version 0.31.0
This will likely cause compatibility issues.
  warn_if_misaligned_vllm_version()
[aiter] import [module_aiter_core] under /usr/local/lib/python3.12/dist-packages/aiter/jit/module_aiter_core.so
Module humming was found but failed to import
Traceback (most recent call last):
  File "/usr/local/lib/python3.12/dist-packages/vllm/utils/import_utils.py", line 414, in _has_module
    if importlib.util.find_spec(module_name) is None:
       ^^^^^^^^^^^^^^^^^^^^^^^^^^^^^^^^^^^^^
  File "<frozen importlib.util>", line 111, in find_spec
ValueError: humming.__spec__ is None
FlashInfer ring kernels are unavailable. Reason: No module named 'flashinfer'
Fetching 13 files:   0%|          | 0/13 [00:00<?, ?it/s]Fetching 13 files: 100%|██████████| 13/13 [00:00<00:00, 3203.83it/s]
Loading weights:   0%|          | 0/527 [00:00<?, ?it/s]Loading weights:  79%|███████▊  | 414/527 [00:00<00:00, 4133.71it/s]Loading weights: 100%|██████████| 527/527 [00:00<00:00, 4004.69it/s]
[aiter] import [module_fmha_v3_varlen_fwd] under /usr/local/lib/python3.12/dist-packages/aiter/jit/module_fmha_v3_varlen_fwd.so
[aiter] type hints mismatch, override to --> fmha_v3_varlen_fwd(q: torch.Tensor, k: torch.Tensor, v: torch.Tensor, cu_seqlens_q: torch.Tensor, cu_seqlens_k: torch.Tensor, max_seqlen_q: int, max_seqlen_k: int, min_seqlen_q: int, dropout_p: float, softmax_scale: float, logits_soft_cap: float, zero_tensors: bool, is_causal: bool, window_size_left: int, window_size_right: int, return_softmax_lse: bool, return_dropout_randval: bool, how_v3_bf16_cvt: int, out: Optional[torch.Tensor] = None, block_table: Optional[torch.Tensor] = None, bias: Optional[torch.Tensor] = None, alibi_slopes: Optional[torch.Tensor] = None, q_descale: Optional[torch.Tensor] = None, k_descale: Optional[torch.Tensor] = None, v_descale: Optional[torch.Tensor] = None, gen: Optional[torch.Generator] = None, cu_seqlens_q_padded: Optional[torch.Tensor] = None, cu_seqlens_k_padded: Optional[torch.Tensor] = None) -> List[torch.Tensor]
[aiter] pciChipId: 0x74b5, CU count: 304
[aiter] LoadKernel: _ZN5aiter30fmha_fwd_hd128_bf16_rtna_groupE hsaco: /usr/local/lib/python3.12/dist-packages/aiter_meta/hsa//gfx942/fmha_v3_fwd/MI300/fwd_hd128_bf16_rtna_group.co
NVML init failed, will use profiling fallback: NVML Shared Library Not Found
[0;36m(APIServer pid=47055)[0;0m [32mINFO[0m [90m10-07 15:21:52[0m [90m[multiproc_executor.py:925][0m Async result pump started for 1 worker queue(s)
[0;36m(APIServer pid=47055)[0;0m [32mINFO[0m [90m10-07 15:21:52[0m [90m[diffusion_engine.py:434][0m [RequestBatch] engine init max_num_seqs=8 max_wait_ms=10.0
[0;36m(APIServer pid=47055)[0;0m [32mINFO[0m [90m10-07 15:21:52[0m [90m[diffusion_engine.py:1428][0m dummy run to warm up the model
MIOpen(HIP): Warning [IsEnoughWorkspace] [GetSolutionsFallback AI] Solver <ConvAsmImplicitGemmGTCDynamicFwdXdlopsNHWC>, workspace required: 7508992, provided ptr: 0x752eacb55000 size: 236544
MIOpen(HIP): Warning [IsEnoughWorkspace] [GetSolutionsFallback AI] Solver <ConvHipImplicitGemmGroupFwdXdlops>, workspace required: 7508992, provided ptr: 0x752eacb55000 size: 236544
MIOpen(HIP): Warning [IsEnoughWorkspace] [GetSolutionsFallback WTI] Solver <ConvAsmImplicitGemmGTCDynamicBwdXdlopsNHWC>, workspace required: 34230272, provided ptr: 0x752e4f280000 size: 1081344
MIOpen(HIP): Warning [IsEnoughWorkspace] [GetSolutionsFallback WTI] Solver <ConvHipImplicitGemmGroupBwdXdlops>, workspace required: 34230272, provided ptr: 0x752e4f280000 size: 1081344
MIOpen(HIP): Warning [IsEnoughWorkspace] [GetSolutionsFallback AI] Solver <ConvHipImplicitGemmGroupFwdXdlops>, workspace required: 2129920, provided ptr: 0 size: 0
MIOpen(HIP): Warning [IsEnoughWorkspace] [GetSolutionsFallback AI] Solver <ConvAsmImplicitGemmGTCDynamicFwdXdlopsNHWC>, workspace required: 1081344, provided ptr: 0 size: 0
MIOpen(HIP): Warning [IsEnoughWorkspace] [GetSolutionsFallback WTI] Solver <ConvAsmImplicitGemmGTCDynamicFwdXdlopsNHWC>, workspace required: 8421376, provided ptr: 0x752e51a00000 size: 3784704
MIOpen(HIP): Warning [IsEnoughWorkspace] [GetSolutionsFallback WTI] Solver <ConvHipImplicitGemmGroupFwdXdlops>, workspace required: 8421376, provided ptr: 0x752e51a00000 size: 3784704
MIOpen(HIP): Warning [IsEnoughWorkspace] [GetSolutionsFallback WTI] Solver <ConvAsmImplicitGemmGTCDynamicFwdXdlopsNHWC>, workspace required: 8421376, provided ptr: 0x752e51a00000 size: 3784704
MIOpen(HIP): Warning [IsEnoughWorkspace] [GetSolutionsFallback WTI] Solver <ConvHipImplicitGemmGroupFwdXdlops>, workspace required: 8421376, provided ptr: 0x752e51a00000 size: 3784704
MIOpen(HIP): Warning [IsEnoughWorkspace] [GetSolutionsFallback WTI] Solver <ConvAsmImplicitGemmGTCDynamicBwdXdlopsNHWC>, workspace required: 7135232, provided ptr: 0x752e4e2c0000 size: 2703360
MIOpen(HIP): Warning [IsEnoughWorkspace] [GetSolutionsFallback WTI] Solver <ConvHipImplicitGemmGroupBwdXdlops>, workspace required: 7135232, provided ptr: 0x752e4e2c0000 size: 2703360
MIOpen(HIP): Warning [IsEnoughWorkspace] [GetSolutionsFallback AI] Solver <GemmFwdRest>, workspace required: 9461760, provided ptr: 0x752e51a00000 size: 4538368
MIOpen(HIP): Warning [IsEnoughWorkspace] [GetSolutionsFallback AI] Solver <GemmFwdRest>, workspace required: 18923520, provided ptr: 0x752f13728000 size: 5865472
MIOpen(HIP): Warning [IsEnoughWorkspace] [GetSolutionsFallback AI] Solver <ConvAsmImplicitGemmGTCDynamicFwdXdlopsNHWC>, workspace required: 5406720, provided ptr: 0 size: 0
MIOpen(HIP): Warning [IsEnoughWorkspace] [GetSolutionsFallback AI] Solver <ConvHipImplicitGemmGroupFwdXdlops>, workspace required: 5472256, provided ptr: 0 size: 0
MIOpen(HIP): Warning [IsEnoughWorkspace] [GetSolutionsFallback WTI] Solver <ConvAsmImplicitGemmGTCDynamicBwdXdlopsNHWC>, workspace required: 5537792, provided ptr: 0x752f13494000 size: 5406720
MIOpen(HIP): Warning [IsEnoughWorkspace] [GetSolutionsFallback WTI] Solver <ConvHipImplicitGemmGroupBwdXdlops>, workspace required: 5537792, provided ptr: 0x752f13494000 size: 5406720
MIOpen(HIP): Warning [IsEnoughWorkspace] [GetSolutionsFallback AI] Solver <GemmFwdRest>, workspace required: 18923520, provided ptr: 0x752f13728000 size: 5521408
MIOpen(HIP): Warning [IsEnoughWorkspace] [GetSolutionsFallback AI] Solver <ConvAsmImplicitGemmGTCDynamicFwdXdlopsNHWC>, workspace required: 5406720, provided ptr: 0 size: 0
MIOpen(HIP): Warning [IsEnoughWorkspace] [GetSolutionsFallback AI] Solver <ConvHipImplicitGemmGroupFwdXdlops>, workspace required: 5423104, provided ptr: 0 size: 0
MIOpen(HIP): Warning [IsEnoughWorkspace] [GetSolutionsFallback AI] Solver <GemmFwdRest>, workspace required: 28385280, provided ptr: 0x752fe0ec0000 size: 8138752
MIOpen(HIP): Warning [IsEnoughWorkspace] [GetSolutionsFallback AI] Solver <ConvHipImplicitGemmGroupFwdXdlops>, workspace required: 8114176, provided ptr: 0x752fe129e000 size: 8110080
MIOpen(HIP): Warning [IsEnoughWorkspace] [GetSolutionsFallback AI] Solver <ConvHipImplicitGemmGroupFwdXdlops>, workspace required: 4182784, provided ptr: 0x752e51a00000 size: 4056064
MIOpen(HIP): Warning [IsEnoughWorkspace] [GetSolutionsFallback AI] Solver <GemmFwdRest>, workspace required: 28385280, provided ptr: 0x752e51a00000 size: 4056064
[0;36m(APIServer pid=47055)[0;0m [32mINFO[0m [90m10-07 15:21:54[0m [90m[inline_stage_diffusion_client.py:82][0m [InlineStageDiffusionClient] stage-0 [rep-0] initialized inline (max_num_seqs=8)
[0;36m(APIServer pid=47055)[0;0m [32mINFO[0m [90m10-07 15:21:54[0m [90m[stage_runtime.py:1271][0m [StageRuntime] Stage 0 replica 0 initialized (diffusion)
[0;36m(APIServer pid=47055)[0;0m [32mINFO[0m [90m10-07 15:21:54[0m [90m[orchestrator.py:444][0m [Orchestrator] Starting event loop
[0;36m(APIServer pid=47055)[0;0m [32mINFO[0m [90m10-07 15:21:54[0m [90m[omni_engine_base.py:344][0m [OmniEngine] Orchestrator ready with 1 stages
[0;36m(APIServer pid=47055)[0;0m [32mINFO[0m [90m10-07 15:21:54[0m [90m[omni_base.py:227][0m [AsyncOmni] AsyncOmniEngine initialized in 19.85 seconds
[0;36m(APIServer pid=47055)[0;0m [32mINFO[0m [90m10-07 15:21:54[0m [90m[omni_base.py:246][0m [AsyncOmni] Initialized with 1 stages for model k2-fsa/OmniVoice
[0;36m(APIServer pid=47055)[0;0m [32mINFO[0m [90m10-07 15:21:54[0m [90m[api_server.py:819][0m Detected pure diffusion mode (single diffusion stage)
[0;36m(APIServer pid=47055)[0;0m [32mINFO[0m [90m10-07 15:21:54[0m [90m[serving_video.py:170][0m Video response frame conversion pool configured: workers=8
[0;36m(APIServer pid=47055)[0;0m [32mINFO[0m [90m10-07 15:21:54[0m [90m[serving_speech.py:265][0m Speech cache configuration: SpeechCacheConfig(resolve_max_bytes=4294967296, resolve_max_entries=2048, speaker_max_bytes=536870912)
[0;36m(APIServer pid=47055)[0;0m [32mINFO[0m [90m10-07 15:21:54[0m [90m[speaker_cache.py:245][0m Speaker cache ready (max_bytes=536870912)
[0;36m(APIServer pid=47055)[0;0m [32mINFO[0m [90m10-07 15:21:54[0m [90m[serving_speech.py:275][0m Speaker storage: dir=/root/.cache/vllm-omni/speakers, max_speakers=1000, restored=0
[0;36m(APIServer pid=47055)[0;0m [32mINFO[0m [90m10-07 15:21:54[0m [90m[serving.py:91][0m Robot OpenPI serving disabled for model k2-fsa/OmniVoice
[0;36m(APIServer pid=47055)[0;0m [32mINFO[0m [90m10-07 15:21:54[0m [90m[api_server.py:908][0m Pure diffusion API server initialized for model: k2-fsa/OmniVoice
[0;36m(APIServer pid=47055)[0;0m [32mINFO[0m [90m10-07 15:21:54[0m [90m[api_server.py:411][0m Starting vLLM API server (pure diffusion mode) on http://127.0.0.1:8091
[0;36m(APIServer pid=47055)[0;0m [32mINFO[0m [90m10-07 15:21:54[0m [90m[launcher.py:60][0m Available routes are:
[0;36m(APIServer pid=47055)[0;0m [32mINFO[0m [90m10-07 15:21:54[0m [90m[launcher.py:69][0m Route: /openapi.json, Methods: HEAD, GET
[0;36m(APIServer pid=47055)[0;0m [32mINFO[0m [90m10-07 15:21:54[0m [90m[launcher.py:69][0m Route: /docs, Methods: HEAD, GET
[0;36m(APIServer pid=47055)[0;0m [32mINFO[0m [90m10-07 15:21:54[0m [90m[launcher.py:69][0m Route: /docs/oauth2-redirect, Methods: HEAD, GET
[0;36m(APIServer pid=47055)[0;0m [32mINFO[0m [90m10-07 15:21:54[0m [90m[launcher.py:69][0m Route: /redoc, Methods: HEAD, GET
[0;36m(APIServer pid=47055)[0;0m [32mINFO[0m [90m10-07 15:21:54[0m [90m[launcher.py:69][0m Route: /load, Methods: GET
[0;36m(APIServer pid=47055)[0;0m [32mINFO[0m [90m10-07 15:21:54[0m [90m[launcher.py:69][0m Route: /version, Methods: GET
[0;36m(APIServer pid=47055)[0;0m [32mINFO[0m [90m10-07 15:21:54[0m [90m[launcher.py:69][0m Route: /kv_event_sources, Methods: GET
[0;36m(APIServer pid=47055)[0;0m [32mINFO[0m [90m10-07 15:21:54[0m [90m[launcher.py:69][0m Route: /metrics, Methods: GET
[0;36m(APIServer pid=47055)[0;0m [32mINFO[0m [90m10-07 15:21:54[0m [90m[launcher.py:69][0m Route: /tokenize, Methods: POST
[0;36m(APIServer pid=47055)[0;0m [32mINFO[0m [90m10-07 15:21:54[0m [90m[launcher.py:69][0m Route: /detokenize, Methods: POST
[0;36m(APIServer pid=47055)[0;0m [32mINFO[0m [90m10-07 15:21:54[0m [90m[launcher.py:69][0m Route: /ping, Methods: GET
[0;36m(APIServer pid=47055)[0;0m [32mINFO[0m [90m10-07 15:21:54[0m [90m[launcher.py:69][0m Route: /ping, Methods: POST
[0;36m(APIServer pid=47055)[0;0m [32mINFO[0m [90m10-07 15:21:54[0m [90m[launcher.py:69][0m Route: /invocations, Methods: POST
[0;36m(APIServer pid=47055)[0;0m [32mINFO[0m [90m10-07 15:21:54[0m [90m[launcher.py:69][0m Route: /v1/chat/completions, Methods: POST
[0;36m(APIServer pid=47055)[0;0m [32mINFO[0m [90m10-07 15:21:54[0m [90m[launcher.py:69][0m Route: /v1/chat/completions/batch, Methods: POST
[0;36m(APIServer pid=47055)[0;0m [32mINFO[0m [90m10-07 15:21:54[0m [90m[launcher.py:69][0m Route: /v1/audio/speech, Methods: POST
[0;36m(APIServer pid=47055)[0;0m [32mINFO[0m [90m10-07 15:21:54[0m [90m[launcher.py:69][0m Route: /v1/audio/speech/batch, Methods: POST
[0;36m(APIServer pid=47055)[0;0m [32mINFO[0m [90m10-07 15:21:54[0m [90m[launcher.py:69][0m Route: /v1/audio/generate, Methods: POST
[0;36m(APIServer pid=47055)[0;0m [32mINFO[0m [90m10-07 15:21:54[0m [90m[launcher.py:69][0m Route: /v1/audio/voices, Methods: GET
[0;36m(APIServer pid=47055)[0;0m [32mINFO[0m [90m10-07 15:21:54[0m [90m[launcher.py:69][0m Route: /v1/audio/voices, Methods: POST
[0;36m(APIServer pid=47055)[0;0m [32mINFO[0m [90m10-07 15:21:54[0m [90m[launcher.py:69][0m Route: /v1/audio/voices/{name}, Methods: DELETE
[0;36m(APIServer pid=47055)[0;0m [32mINFO[0m [90m10-07 15:21:54[0m [90m[launcher.py:69][0m Route: /v1/realtime/sessions, Methods: POST
[0;36m(APIServer pid=47055)[0;0m [32mINFO[0m [90m10-07 15:21:54[0m [90m[launcher.py:69][0m Route: /v1/realtime/sessions/{session_id}/step, Methods: POST
[0;36m(APIServer pid=47055)[0;0m [32mINFO[0m [90m10-07 15:21:54[0m [90m[launcher.py:69][0m Route: /v1/realtime/sessions/{session_id}/reset, Methods: POST
[0;36m(APIServer pid=47055)[0;0m [32mINFO[0m [90m10-07 15:21:54[0m [90m[launcher.py:69][0m Route: /v1/realtime/sessions/{session_id}/close, Methods: POST
[0;36m(APIServer pid=47055)[0;0m [32mINFO[0m [90m10-07 15:21:54[0m [90m[launcher.py:69][0m Route: /v1/realtime/sessions/{session_id}/status, Methods: GET
[0;36m(APIServer pid=47055)[0;0m [32mINFO[0m [90m10-07 15:21:54[0m [90m[launcher.py:69][0m Route: /health, Methods: GET
[0;36m(APIServer pid=47055)[0;0m [32mINFO[0m [90m10-07 15:21:54[0m [90m[launcher.py:69][0m Route: /v1/models, Methods: GET
[0;36m(APIServer pid=47055)[0;0m [32mINFO[0m [90m10-07 15:21:54[0m [90m[launcher.py:69][0m Route: /v1/images/generations, Methods: POST
[0;36m(APIServer pid=47055)[0;0m [32mINFO[0m [90m10-07 15:21:54[0m [90m[launcher.py:69][0m Route: /v1/images/edits, Methods: POST
[0;36m(APIServer pid=47055)[0;0m [32mINFO[0m [90m10-07 15:21:54[0m [90m[launcher.py:69][0m Route: /v1/videos, Methods: POST
[0;36m(APIServer pid=47055)[0;0m [32mINFO[0m [90m10-07 15:21:54[0m [90m[launcher.py:69][0m Route: /v1/videos/sync, Methods: POST
[0;36m(APIServer pid=47055)[0;0m [32mINFO[0m [90m10-07 15:21:54[0m [90m[launcher.py:69][0m Route: /v1/videos, Methods: GET
[0;36m(APIServer pid=47055)[0;0m [32mINFO[0m [90m10-07 15:21:54[0m [90m[launcher.py:69][0m Route: /v1/videos/{video_id}, Methods: GET
[0;36m(APIServer pid=47055)[0;0m [32mINFO[0m [90m10-07 15:21:54[0m [90m[launcher.py:69][0m Route: /v1/videos/{video_id}, Methods: DELETE
[0;36m(APIServer pid=47055)[0;0m [32mINFO[0m [90m10-07 15:21:54[0m [90m[launcher.py:69][0m Route: /v1/videos/{video_id}/content, Methods: GET
[0;36m(APIServer pid=47055)[0;0m [32mINFO[0m [90m10-07 15:21:54[0m [90m[launcher.py:69][0m Route: /v1/omni/sleep, Methods: POST
[0;36m(APIServer pid=47055)[0;0m [32mINFO[0m [90m10-07 15:21:54[0m [90m[launcher.py:69][0m Route: /v1/omni/wakeup, Methods: POST
[0;36m(APIServer pid=47055)[0;0m [32mINFO[0m [90m10-07 15:21:54[0m [90m[launcher.py:80][0m Route: /v1/audio/speech/stream, Endpoint: streaming_speech
[0;36m(APIServer pid=47055)[0;0m [32mINFO[0m [90m10-07 15:21:54[0m [90m[launcher.py:80][0m Route: /v1/video/chat/stream, Endpoint: streaming_video_chat
[0;36m(APIServer pid=47055)[0;0m [32mINFO[0m [90m10-07 15:21:54[0m [90m[launcher.py:80][0m Route: /v1/realtime/video, Endpoint: streaming_video_output
[0;36m(APIServer pid=47055)[0;0m [32mINFO[0m [90m10-07 15:21:54[0m [90m[launcher.py:80][0m Route: /v1/realtime, Endpoint: realtime_websocket
[0;36m(APIServer pid=47055)[0;0m [32mINFO[0m [90m10-07 15:21:54[0m [90m[launcher.py:80][0m Route: /v1/duplex, Endpoint: duplex_websocket
[0;36m(APIServer pid=47055)[0;0m [32mINFO[0m [90m10-07 15:21:54[0m [90m[launcher.py:80][0m Route: /v1/realtime/robot/openpi, Endpoint: realtime_robot_openpi
INFO:     Started server process [47055]
INFO:     Waiting for application startup.
INFO:     Application startup complete.
INFO:     127.0.0.1:52122 - "GET /health HTTP/1.1" 200 OK
[0;36m(APIServer pid=47055)[0;0m [32mINFO[0m [90m10-07 15:21:59[0m [90m[serving_speech.py:2423][0m Diffusion TTS speech request speech-81a0256079064ce1: voice_clone=False
[0;36m(APIServer pid=47055)[0;0m [32mINFO[0m [90m10-07 15:21:59[0m [90m[serving_speech.py:2471][0m Applied diffusion speech params: seed=42 extra_params={}
[0;36m(APIServer pid=47055)[0;0m [32mINFO[0m [90m10-07 15:21:59[0m [90m[diffusion_engine.py:764][0m [RequestBatch] admission wait done waiting=1 max_batch=8 waited_ms=2.1
MIOpen(HIP): Warning [IsEnoughWorkspace] [GetSolutionsFallback AI] Solver <ConvHipImplicitGemmGroupFwdXdlops>, workspace required: 8056832, provided ptr: 0x752eb7800000 size: 1003520
MIOpen(HIP): Warning [IsEnoughWorkspace] [GetSolutionsFallback AI] Solver <ConvAsmImplicitGemmGTCDynamicFwdXdlopsNHWC>, workspace required: 8056832, provided ptr: 0x752eb7800000 size: 1003520
MIOpen(HIP): Warning [IsEnoughWorkspace] [GetSolutionsFallback WTI] Solver <ConvAsmImplicitGemmGTCDynamicBwdXdlopsNHWC>, workspace required: 36421632, provided ptr: 0x752e51a00000 size: 4587520
MIOpen(HIP): Warning [IsEnoughWorkspace] [GetSolutionsFallback WTI] Solver <ConvHipImplicitGemmGroupBwdXdlops>, workspace required: 36421632, provided ptr: 0x752e51a00000 size: 4587520
MIOpen(HIP): Warning [IsEnoughWorkspace] [GetSolutionsFallback AI] Solver <GemmFwdRest>, workspace required: 16056320, provided ptr: 0x752f13200000 size: 11927552
MIOpen(HIP): Warning [IsEnoughWorkspace] [GetSolutionsFallback WTI] Solver <ConvAsmImplicitGemmGTCDynamicBwdXdlopsNHWC>, workspace required: 13271040, provided ptr: 0x752fe0ec0000 size: 11468800
MIOpen(HIP): Warning [IsEnoughWorkspace] [GetSolutionsFallback WTI] Solver <ConvHipImplicitGemmGroupBwdXdlops>, workspace required: 13271040, provided ptr: 0x752fe0ec0000 size: 11468800
MIOpen(HIP): Warning [IsEnoughWorkspace] [GetSolutionsFallback AI] Solver <GemmFwdRest>, workspace required: 40140800, provided ptr: 0x752fe1438000 size: 13303808
MIOpen(HIP): Warning [IsEnoughWorkspace] [GetSolutionsFallback AI] Solver <ConvHipImplicitGemmGroupFwdXdlops>, workspace required: 11730944, provided ptr: 0x752f37c00000 size: 11468800
MIOpen(HIP): Warning [IsEnoughWorkspace] [GetSolutionsFallback AI] Solver <GemmFwdRest>, workspace required: 80281600, provided ptr: 0x752f391e0000 size: 23396352
MIOpen(HIP): Warning [IsEnoughWorkspace] [GetSolutionsFallback AI] Solver <ConvHipImplicitGemmGroupFwdXdlops>, workspace required: 23003136, provided ptr: 0x752f39cd0000 size: 22937600
MIOpen(HIP): Warning [IsEnoughWorkspace] [GetSolutionsFallback WTI] Solver <ConvAsmImplicitGemmGTCDynamicBwdXdlopsNHWC>, workspace required: 23068672, provided ptr: 0x752f386f0000 size: 22937600
MIOpen(HIP): Warning [IsEnoughWorkspace] [GetSolutionsFallback WTI] Solver <ConvHipImplicitGemmGroupBwdXdlops>, workspace required: 23068672, provided ptr: 0x752f386f0000 size: 22937600
MIOpen(HIP): Warning [IsEnoughWorkspace] [GetSolutionsFallback AI] Solver <GemmFwdRest>, workspace required: 80281600, provided ptr: 0x752f391e0000 size: 23052288
MIOpen(HIP): Warning [IsEnoughWorkspace] [GetSolutionsFallback AI] Solver <ConvHipImplicitGemmGroupFwdXdlops>, workspace required: 22953984, provided ptr: 0x752f39cd0000 size: 22937600
MIOpen(HIP): Warning [IsEnoughWorkspace] [GetSolutionsFallback AI] Solver <GemmFwdRest>, workspace required: 120422400, provided ptr: 0x752f3e800000 size: 34435072
MIOpen(HIP): Warning [IsEnoughWorkspace] [GetSolutionsFallback AI] Solver <ConvHipImplicitGemmGroupFwdXdlops>, workspace required: 34410496, provided ptr: 0x752f3e800000 size: 34406400
MIOpen(HIP): Warning [IsEnoughWorkspace] [GetSolutionsFallback AI] Solver <ConvHipImplicitGemmGroupFwdXdlops>, workspace required: 17741824, provided ptr: 0x752f37c00000 size: 17204224
MIOpen(HIP): Warning [IsEnoughWorkspace] [GetSolutionsFallback AI] Solver <GemmFwdRest>, workspace required: 120422400, provided ptr: 0x752f37c00000 size: 17204224
MIOpen(HIP): Warning [IsEnoughWorkspace] [GetSolutionsFallback AI] Solver <ConvHipImplicitGemmGroupFwdXdlops>, workspace required: 8937472, provided ptr: 0x752e4e2c0000 size: 2236416
MIOpen(HIP): Warning [IsEnoughWorkspace] [GetSolutionsFallback AI] Solver <ConvAsmImplicitGemmGTCDynamicFwdXdlopsNHWC>, workspace required: 8937472, provided ptr: 0x752e4e2c0000 size: 2236416
MIOpen(HIP): Warning [IsEnoughWorkspace] [GetSolutionsFallback WTI] Solver <ConvAsmImplicitGemmGTCDynamicBwdXdlopsNHWC>, workspace required: 39944192, provided ptr: 0x752f13200000 size: 10223616
MIOpen(HIP): Warning [IsEnoughWorkspace] [GetSolutionsFallback WTI] Solver <ConvHipImplicitGemmGroupBwdXdlops>, workspace required: 39944192, provided ptr: 0x752f13200000 size: 10223616
MIOpen(HIP): Warning [IsEnoughWorkspace] [GetSolutionsFallback AI] Solver <GemmFwdRest>, workspace required: 35782656, provided ptr: 0x752fe0ec0000 size: 17563648
MIOpen(HIP): Warning [IsEnoughWorkspace] [GetSolutionsFallback AI] Solver <GemmFwdRest>, workspace required: 89456640, provided ptr: 0x752f39460000 size: 27394048
MIOpen(HIP): Warning [IsEnoughWorkspace] [GetSolutionsFallback AI] Solver <ConvHipImplicitGemmGroupFwdXdlops>, workspace required: 25821184, provided ptr: 0x752f3a090000 size: 25559040
MIOpen(HIP): Warning [IsEnoughWorkspace] [GetSolutionsFallback AI] Solver <GemmFwdRest>, workspace required: 178913280, provided ptr: 0x752f40060000 size: 51576832
MIOpen(HIP): Warning [IsEnoughWorkspace] [GetSolutionsFallback AI] Solver <ConvHipImplicitGemmGroupFwdXdlops>, workspace required: 51183616, provided ptr: 0x752f418c0000 size: 51118080
MIOpen(HIP): Warning [IsEnoughWorkspace] [GetSolutionsFallback WTI] Solver <ConvAsmImplicitGemmGTCDynamicBwdXdlopsNHWC>, workspace required: 51249152, provided ptr: 0x752f40060000 size: 51118080
MIOpen(HIP): Warning [IsEnoughWorkspace] [GetSolutionsFallback WTI] Solver <ConvHipImplicitGemmGroupBwdXdlops>, workspace required: 51249152, provided ptr: 0x752f40060000 size: 51118080
MIOpen(HIP): Warning [IsEnoughWorkspace] [GetSolutionsFallback AI] Solver <GemmFwdRest>, workspace required: 178913280, provided ptr: 0x752f40060000 size: 51232768
MIOpen(HIP): Warning [IsEnoughWorkspace] [GetSolutionsFallback AI] Solver <ConvHipImplicitGemmGroupFwdXdlops>, workspace required: 51134464, provided ptr: 0x752f418c0000 size: 51118080
MIOpen(HIP): Warning [IsEnoughWorkspace] [GetSolutionsFallback AI] Solver <GemmFwdRest>, workspace required: 268369920, provided ptr: 0x752f43120000 size: 76705792
MIOpen(HIP): Warning [IsEnoughWorkspace] [GetSolutionsFallback AI] Solver <ConvHipImplicitGemmGroupFwdXdlops>, workspace required: 76681216, provided ptr: 0x752f455b0000 size: 76677120
MIOpen(HIP): Warning [IsEnoughWorkspace] [GetSolutionsFallback AI] Solver <ConvHipImplicitGemmGroupFwdXdlops>, workspace required: 39537664, provided ptr: 0x752f37c00000 size: 38339584
MIOpen(HIP): Warning [IsEnoughWorkspace] [GetSolutionsFallback AI] Solver <GemmFwdRest>, workspace required: 268369920, provided ptr: 0x752f37c00000 size: 38339584
MIOpen(HIP): Warning [IsEnoughWorkspace] [GetSolutionsFallback AI] Solver <ConvHipImplicitGemmGroupFwdXdlops>, workspace required: 8983552, provided ptr: 0x752e4e2c0000 size: 2300928
MIOpen(HIP): Warning [IsEnoughWorkspace] [GetSolutionsFallback AI] Solver <ConvAsmImplicitGemmGTCDynamicFwdXdlopsNHWC>, workspace required: 8983552, provided ptr: 0x752e4e2c0000 size: 2300928
MIOpen(HIP): Warning [IsEnoughWorkspace] [GetSolutionsFallback WTI] Solver <ConvAsmImplicitGemmGTCDynamicBwdXdlopsNHWC>, workspace required: 40128512, provided ptr: 0x752fe0ec0000 size: 10518528
MIOpen(HIP): Warning [IsEnoughWorkspace] [GetSolutionsFallback WTI] Solver <ConvHipImplicitGemmGroupBwdXdlops>, workspace required: 40128512, provided ptr: 0x752fe0ec0000 size: 10518528
MIOpen(HIP): Warning [IsEnoughWorkspace] [GetSolutionsFallback AI] Solver <GemmFwdRest>, workspace required: 36814848, provided ptr: 0x752f37c00000 size: 17858560
MIOpen(HIP): Warning [IsEnoughWorkspace] [GetSolutionsFallback AI] Solver <GemmFwdRest>, workspace required: 92037120, provided ptr: 0x752f3888a000 size: 28131328
MIOpen(HIP): Warning [IsEnoughWorkspace] [GetSolutionsFallback AI] Solver <ConvHipImplicitGemmGroupFwdXdlops>, workspace required: 26558464, provided ptr: 0x752f39514000 size: 26296320
MIOpen(HIP): Warning [IsEnoughWorkspace] [GetSolutionsFallback AI] Solver <GemmFwdRest>, workspace required: 184074240, provided ptr: 0x752f40114000 size: 53051392
MIOpen(HIP): Warning [IsEnoughWorkspace] [GetSolutionsFallback AI] Solver <ConvHipImplicitGemmGroupFwdXdlops>, workspace required: 52658176, provided ptr: 0x752f41a28000 size: 52592640
MIOpen(HIP): Warning [IsEnoughWorkspace] [GetSolutionsFallback WTI] Solver <ConvAsmImplicitGemmGTCDynamicBwdXdlopsNHWC>, workspace required: 52723712, provided ptr: 0x752f40114000 size: 52592640
MIOpen(HIP): Warning [IsEnoughWorkspace] [GetSolutionsFallback WTI] Solver <ConvHipImplicitGemmGroupBwdXdlops>, workspace required: 52723712, provided ptr: 0x752f40114000 size: 52592640
MIOpen(HIP): Warning [IsEnoughWorkspace] [GetSolutionsFallback AI] Solver <GemmFwdRest>, workspace required: 184074240, provided ptr: 0x752f40114000 size: 52707328
MIOpen(HIP): Warning [IsEnoughWorkspace] [GetSolutionsFallback AI] Solver <ConvHipImplicitGemmGroupFwdXdlops>, workspace required: 52609024, provided ptr: 0x752f41a28000 size: 52592640
MIOpen(HIP): Warning [IsEnoughWorkspace] [GetSolutionsFallback AI] Solver <GemmFwdRest>, workspace required: 276111360, provided ptr: 0x752f4333c000 size: 78917632
MIOpen(HIP): Warning [IsEnoughWorkspace] [GetSolutionsFallback AI] Solver <ConvHipImplicitGemmGroupFwdXdlops>, workspace required: 78893056, provided ptr: 0x752f458da000 size: 78888960
MIOpen(HIP): Warning [IsEnoughWorkspace] [GetSolutionsFallback AI] Solver <ConvHipImplicitGemmGroupFwdXdlops>, workspace required: 40678144, provided ptr: 0x752f37c00000 size: 39445504
MIOpen(HIP): Warning [IsEnoughWorkspace] [GetSolutionsFallback AI] Solver <GemmFwdRest>, workspace required: 276111360, provided ptr: 0x752f37c00000 size: 39445504
MIOpen(HIP): Warning [IsEnoughWorkspace] [GetSolutionsFallback AI] Solver <ConvHipImplicitGemmGroupFwdXdlops>, workspace required: 8886272, provided ptr: 0x752e4e2c0000 size: 2164736
MIOpen(HIP): Warning [IsEnoughWorkspace] [GetSolutionsFallback AI] Solver <ConvAsmImplicitGemmGTCDynamicFwdXdlopsNHWC>, workspace required: 8886272, provided ptr: 0x752e4e2c0000 size: 2164736
MIOpen(HIP): Warning [IsEnoughWorkspace] [GetSolutionsFallback WTI] Solver <ConvAsmImplicitGemmGTCDynamicBwdXdlopsNHWC>, workspace required: 39739392, provided ptr: 0x752f13200000 size: 9895936
MIOpen(HIP): Warning [IsEnoughWorkspace] [GetSolutionsFallback WTI] Solver <ConvHipImplicitGemmGroupBwdXdlops>, workspace required: 39739392, provided ptr: 0x752f13200000 size: 9895936
MIOpen(HIP): Warning [IsEnoughWorkspace] [GetSolutionsFallback AI] Solver <GemmFwdRest>, workspace required: 34635776, provided ptr: 0x752fe0ec0000 size: 17235968
MIOpen(HIP): Warning [IsEnoughWorkspace] [GetSolutionsFallback AI] Solver <GemmFwdRest>, workspace required: 86589440, provided ptr: 0x752f39398000 size: 26574848
MIOpen(HIP): Warning [IsEnoughWorkspace] [GetSolutionsFallback AI] Solver <ConvHipImplicitGemmGroupFwdXdlops>, workspace required: 25001984, provided ptr: 0x752f39f64000 size: 24739840
MIOpen(HIP): Warning [IsEnoughWorkspace] [GetSolutionsFallback AI] Solver <GemmFwdRest>, workspace required: 173178880, provided ptr: 0x752f3ff98000 size: 49938432
MIOpen(HIP): Warning [IsEnoughWorkspace] [GetSolutionsFallback AI] Solver <ConvHipImplicitGemmGroupFwdXdlops>, workspace required: 49545216, provided ptr: 0x752f41730000 size: 49479680
MIOpen(HIP): Warning [IsEnoughWorkspace] [GetSolutionsFallback WTI] Solver <ConvAsmImplicitGemmGTCDynamicBwdXdlopsNHWC>, workspace required: 49610752, provided ptr: 0x752f3ff98000 size: 49479680
MIOpen(HIP): Warning [IsEnoughWorkspace] [GetSolutionsFallback WTI] Solver <ConvHipImplicitGemmGroupBwdXdlops>, workspace required: 49610752, provided ptr: 0x752f3ff98000 size: 49479680
MIOpen(HIP): Warning [IsEnoughWorkspace] [GetSolutionsFallback AI] Solver <GemmFwdRest>, workspace required: 173178880, provided ptr: 0x752f3ff98000 size: 49594368
MIOpen(HIP): Warning [IsEnoughWorkspace] [GetSolutionsFallback AI] Solver <ConvHipImplicitGemmGroupFwdXdlops>, workspace required: 49496064, provided ptr: 0x752f41730000 size: 49479680
MIOpen(HIP): Warning [IsEnoughWorkspace] [GetSolutionsFallback AI] Solver <GemmFwdRest>, workspace required: 259768320, provided ptr: 0x752f42ec8000 size: 74248192
MIOpen(HIP): Warning [IsEnoughWorkspace] [GetSolutionsFallback AI] Solver <ConvHipImplicitGemmGroupFwdXdlops>, workspace required: 74223616, provided ptr: 0x752f4522c000 size: 74219520
MIOpen(HIP): Warning [IsEnoughWorkspace] [GetSolutionsFallback AI] Solver <ConvHipImplicitGemmGroupFwdXdlops>, workspace required: 38270464, provided ptr: 0x752f37c00000 size: 37110784
MIOpen(HIP): Warning [IsEnoughWorkspace] [GetSolutionsFallback AI] Solver <GemmFwdRest>, workspace required: 259768320, provided ptr: 0x752f37c00000 size: 37110784
MIOpen(HIP): Warning [IsEnoughWorkspace] [GetSolutionsFallback AI] Solver <ConvHipImplicitGemmGroupFwdXdlops>, workspace required: 8333312, provided ptr: 0x752e4f280000 size: 1390592
MIOpen(HIP): Warning [IsEnoughWorkspace] [GetSolutionsFallback AI] Solver <ConvAsmImplicitGemmGTCDynamicFwdXdlopsNHWC>, workspace required: 8333312, provided ptr: 0x752e4f280000 size: 1390592
MIOpen(HIP): Warning [IsEnoughWorkspace] [GetSolutionsFallback WTI] Solver <ConvAsmImplicitGemmGTCDynamicBwdXdlopsNHWC>, workspace required: 37527552, provided ptr: 0x752f13200000 size: 6356992
MIOpen(HIP): Warning [IsEnoughWorkspace] [GetSolutionsFallback WTI] Solver <ConvHipImplicitGemmGroupBwdXdlops>, workspace required: 37527552, provided ptr: 0x752f13200000 size: 6356992
MIOpen(HIP): Warning [IsEnoughWorkspace] [GetSolutionsFallback AI] Solver <GemmFwdRest>, workspace required: 22249472, provided ptr: 0x752fe0ec0000 size: 13697024
MIOpen(HIP): Warning [IsEnoughWorkspace] [GetSolutionsFallback WTI] Solver <ConvAsmImplicitGemmGTCDynamicBwdXdlopsNHWC>, workspace required: 16367616, provided ptr: 0x752fe0ec0000 size: 15892480
MIOpen(HIP): Warning [IsEnoughWorkspace] [GetSolutionsFallback WTI] Solver <ConvHipImplicitGemmGroupBwdXdlops>, workspace required: 16367616, provided ptr: 0x752fe0ec0000 size: 15892480
MIOpen(HIP): Warning [IsEnoughWorkspace] [GetSolutionsFallback AI] Solver <GemmFwdRest>, workspace required: 55623680, provided ptr: 0x752f37c00000 size: 17727488
MIOpen(HIP): Warning [IsEnoughWorkspace] [GetSolutionsFallback AI] Solver <ConvAsmImplicitGemmGTCDynamicFwdXdlopsNHWC>, workspace required: 15892480, provided ptr: 0 size: 0
MIOpen(HIP): Warning [IsEnoughWorkspace] [GetSolutionsFallback AI] Solver <ConvHipImplicitGemmGroupFwdXdlops>, workspace required: 16154624, provided ptr: 0 size: 0
MIOpen(HIP): Warning [IsEnoughWorkspace] [GetSolutionsFallback AI] Solver <GemmFwdRest>, workspace required: 111247360, provided ptr: 0x752f3e800000 size: 32243712
MIOpen(HIP): Warning [IsEnoughWorkspace] [GetSolutionsFallback AI] Solver <ConvHipImplicitGemmGroupFwdXdlops>, workspace required: 31850496, provided ptr: 0x752f3e800000 size: 31784960
MIOpen(HIP): Warning [IsEnoughWorkspace] [GetSolutionsFallback WTI] Solver <ConvAsmImplicitGemmGTCDynamicBwdXdlopsNHWC>, workspace required: 31916032, provided ptr: 0x752f39a50000 size: 31784960
MIOpen(HIP): Warning [IsEnoughWorkspace] [GetSolutionsFallback WTI] Solver <ConvHipImplicitGemmGroupBwdXdlops>, workspace required: 31916032, provided ptr: 0x752f39a50000 size: 31784960
MIOpen(HIP): Warning [IsEnoughWorkspace] [GetSolutionsFallback AI] Solver <GemmFwdRest>, workspace required: 111247360, provided ptr: 0x752f3a978000 size: 31899648
MIOpen(HIP): Warning [IsEnoughWorkspace] [GetSolutionsFallback AI] Solver <ConvHipImplicitGemmGroupFwdXdlops>, workspace required: 31801344, provided ptr: 0x752f3e800000 size: 31784960
MIOpen(HIP): Warning [IsEnoughWorkspace] [GetSolutionsFallback AI] Solver <GemmFwdRest>, workspace required: 166871040, provided ptr: 0x752f3febc000 size: 47706112
MIOpen(HIP): Warning [IsEnoughWorkspace] [GetSolutionsFallback AI] Solver <ConvHipImplicitGemmGroupFwdXdlops>, workspace required: 47681536, provided ptr: 0x752f41578000 size: 47677440
MIOpen(HIP): Warning [IsEnoughWorkspace] [GetSolutionsFallback AI] Solver <ConvHipImplicitGemmGroupFwdXdlops>, workspace required: 24584704, provided ptr: 0x752f392bc000 size: 23839744
MIOpen(HIP): Warning [IsEnoughWorkspace] [GetSolutionsFallback AI] Solver <GemmFwdRest>, workspace required: 166871040, provided ptr: 0x752f392bc000 size: 23839744
MIOpen(HIP): Warning [IsEnoughWorkspace] [GetSolutionsFallback AI] Solver <ConvHipImplicitGemmGroupFwdXdlops>, workspace required: 8742912, provided ptr: 0x752e4e2c0000 size: 1964032
MIOpen(HIP): Warning [IsEnoughWorkspace] [GetSolutionsFallback AI] Solver <ConvAsmImplicitGemmGTCDynamicFwdXdlopsNHWC>, workspace required: 8742912, provided ptr: 0x752e4e2c0000 size: 1964032
MIOpen(HIP): Warning [IsEnoughWorkspace] [GetSolutionsFallback WTI] Solver <ConvAsmImplicitGemmGTCDynamicBwdXdlopsNHWC>, workspace required: 39165952, provided ptr: 0x752f13200000 size: 8978432
MIOpen(HIP): Warning [IsEnoughWorkspace] [GetSolutionsFallback WTI] Solver <ConvHipImplicitGemmGroupBwdXdlops>, workspace required: 39165952, provided ptr: 0x752f13200000 size: 8978432
MIOpen(HIP): Warning [IsEnoughWorkspace] [GetSolutionsFallback AI] Solver <GemmFwdRest>, workspace required: 31424512, provided ptr: 0x752fe0ec0000 size: 16318464
MIOpen(HIP): Warning [IsEnoughWorkspace] [GetSolutionsFallback AI] Solver <GemmFwdRest>, workspace required: 78561280, provided ptr: 0x752f39168000 size: 24281088
MIOpen(HIP): Warning [IsEnoughWorkspace] [GetSolutionsFallback AI] Solver <ConvHipImplicitGemmGroupFwdXdlops>, workspace required: 22708224, provided ptr: 0x752f39c1c000 size: 22446080
MIOpen(HIP): Warning [IsEnoughWorkspace] [GetSolutionsFallback AI] Solver <GemmFwdRest>, workspace required: 157122560, provided ptr: 0x752f3e800000 size: 45350912
MIOpen(HIP): Warning [IsEnoughWorkspace] [GetSolutionsFallback AI] Solver <ConvHipImplicitGemmGroupFwdXdlops>, workspace required: 44957696, provided ptr: 0x752f3fd68000 size: 44892160
MIOpen(HIP): Warning [IsEnoughWorkspace] [GetSolutionsFallback WTI] Solver <ConvAsmImplicitGemmGTCDynamicBwdXdlopsNHWC>, workspace required: 45023232, provided ptr: 0x752f3e800000 size: 44892160
MIOpen(HIP): Warning [IsEnoughWorkspace] [GetSolutionsFallback WTI] Solver <ConvHipImplicitGemmGroupBwdXdlops>, workspace required: 45023232, provided ptr: 0x752f3e800000 size: 44892160
MIOpen(HIP): Warning [IsEnoughWorkspace] [GetSolutionsFallback AI] Solver <GemmFwdRest>, workspace required: 157122560, provided ptr: 0x752f3fd68000 size: 45006848
MIOpen(HIP): Warning [IsEnoughWorkspace] [GetSolutionsFallback AI] Solver <ConvHipImplicitGemmGroupFwdXdlops>, workspace required: 44908544, provided ptr: 0x752f412d0000 size: 44892160
MIOpen(HIP): Warning [IsEnoughWorkspace] [GetSolutionsFallback AI] Solver <GemmFwdRest>, workspace required: 235683840, provided ptr: 0x752f43da0000 size: 67366912
MIOpen(HIP): Warning [IsEnoughWorkspace] [GetSolutionsFallback AI] Solver <ConvHipImplicitGemmGroupFwdXdlops>, workspace required: 67342336, provided ptr: 0x752f45dbc000 size: 67338240
MIOpen(HIP): Warning [IsEnoughWorkspace] [GetSolutionsFallback AI] Solver <ConvHipImplicitGemmGroupFwdXdlops>, workspace required: 34722304, provided ptr: 0x752f39c1c000 size: 33670144
MIOpen(HIP): Warning [IsEnoughWorkspace] [GetSolutionsFallback AI] Solver <GemmFwdRest>, workspace required: 235683840, provided ptr: 0x752f39c1c000 size: 33670144
MIOpen(HIP): Warning [IsEnoughWorkspace] [GetSolutionsFallback AI] Solver <ConvHipImplicitGemmGroupFwdXdlops>, workspace required: 8108032, provided ptr: 0x752e4f280000 size: 1075200
MIOpen(HIP): Warning [IsEnoughWorkspace] [GetSolutionsFallback AI] Solver <ConvAsmImplicitGemmGTCDynamicFwdXdlopsNHWC>, workspace required: 8108032, provided ptr: 0x752e4f280000 size: 1075200
MIOpen(HIP): Warning [IsEnoughWorkspace] [GetSolutionsFallback WTI] Solver <ConvAsmImplicitGemmGTCDynamicBwdXdlopsNHWC>, workspace required: 36626432, provided ptr: 0x752e51a00000 size: 4915200
MIOpen(HIP): Warning [IsEnoughWorkspace] [GetSolutionsFallback WTI] Solver <ConvHipImplicitGemmGroupBwdXdlops>, workspace required: 36626432, provided ptr: 0x752e51a00000 size: 4915200
MIOpen(HIP): Warning [IsEnoughWorkspace] [GetSolutionsFallback AI] Solver <GemmFwdRest>, workspace required: 17203200, provided ptr: 0x752f13200000 size: 12255232
MIOpen(HIP): Warning [IsEnoughWorkspace] [GetSolutionsFallback WTI] Solver <ConvAsmImplicitGemmGTCDynamicBwdXdlopsNHWC>, workspace required: 13844480, provided ptr: 0x752fe0ec0000 size: 12288000
MIOpen(HIP): Warning [IsEnoughWorkspace] [GetSolutionsFallback WTI] Solver <ConvHipImplicitGemmGroupBwdXdlops>, workspace required: 13844480, provided ptr: 0x752fe0ec0000 size: 12288000
MIOpen(HIP): Warning [IsEnoughWorkspace] [GetSolutionsFallback AI] Solver <GemmFwdRest>, workspace required: 43008000, provided ptr: 0x752fe149c000 size: 14123008
MIOpen(HIP): Warning [IsEnoughWorkspace] [GetSolutionsFallback AI] Solver <ConvHipImplicitGemmGroupFwdXdlops>, workspace required: 12550144, provided ptr: 0x752f37c00000 size: 12288000
MIOpen(HIP): Warning [IsEnoughWorkspace] [GetSolutionsFallback AI] Solver <GemmFwdRest>, workspace required: 86016000, provided ptr: 0x752f39370000 size: 25034752
MIOpen(HIP): Warning [IsEnoughWorkspace] [GetSolutionsFallback AI] Solver <ConvHipImplicitGemmGroupFwdXdlops>, workspace required: 24641536, provided ptr: 0x752f39f28000 size: 24576000
MIOpen(HIP): Warning [IsEnoughWorkspace] [GetSolutionsFallback WTI] Solver <ConvAsmImplicitGemmGTCDynamicBwdXdlopsNHWC>, workspace required: 24707072, provided ptr: 0x752f387b8000 size: 24576000
MIOpen(HIP): Warning [IsEnoughWorkspace] [GetSolutionsFallback WTI] Solver <ConvHipImplicitGemmGroupBwdXdlops>, workspace required: 24707072, provided ptr: 0x752f387b8000 size: 24576000
MIOpen(HIP): Warning [IsEnoughWorkspace] [GetSolutionsFallback AI] Solver <GemmFwdRest>, workspace required: 86016000, provided ptr: 0x752f39370000 size: 24690688
MIOpen(HIP): Warning [IsEnoughWorkspace] [GetSolutionsFallback AI] Solver <ConvHipImplicitGemmGroupFwdXdlops>, workspace required: 24592384, provided ptr: 0x752f39f28000 size: 24576000
MIOpen(HIP): Warning [IsEnoughWorkspace] [GetSolutionsFallback AI] Solver <GemmFwdRest>, workspace required: 129024000, provided ptr: 0x752f3e800000 size: 36892672
MIOpen(HIP): Warning [IsEnoughWorkspace] [GetSolutionsFallback AI] Solver <ConvHipImplicitGemmGroupFwdXdlops>, workspace required: 36868096, provided ptr: 0x752f3f994000 size: 36864000
MIOpen(HIP): Warning [IsEnoughWorkspace] [GetSolutionsFallback AI] Solver <ConvHipImplicitGemmGroupFwdXdlops>, workspace required: 19009024, provided ptr: 0x752f37c00000 size: 18433024
MIOpen(HIP): Warning [IsEnoughWorkspace] [GetSolutionsFallback AI] Solver <GemmFwdRest>, workspace required: 129024000, provided ptr: 0x752f37c00000 size: 18433024
MIOpen(HIP): Warning [IsEnoughWorkspace] [GetSolutionsFallback AI] Solver <ConvHipImplicitGemmGroupFwdXdlops>, workspace required: 8691712, provided ptr: 0x752e4e2c0000 size: 1892352
MIOpen(HIP): Warning [IsEnoughWorkspace] [GetSolutionsFallback AI] Solver <ConvAsmImplicitGemmGTCDynamicFwdXdlopsNHWC>, workspace required: 8691712, provided ptr: 0x752e4e2c0000 size: 1892352
MIOpen(HIP): Warning [IsEnoughWorkspace] [GetSolutionsFallback WTI] Solver <ConvAsmImplicitGemmGTCDynamicBwdXdlopsNHWC>, workspace required: 38961152, provided ptr: 0x752f13200000 size: 8650752
MIOpen(HIP): Warning [IsEnoughWorkspace] [GetSolutionsFallback WTI] Solver <ConvHipImplicitGemmGroupBwdXdlops>, workspace required: 38961152, provided ptr: 0x752f13200000 size: 8650752
MIOpen(HIP): Warning [IsEnoughWorkspace] [GetSolutionsFallback AI] Solver <GemmFwdRest>, workspace required: 30277632, provided ptr: 0x752fe0ec0000 size: 15990784
MIOpen(HIP): Warning [IsEnoughWorkspace] [GetSolutionsFallback AI] Solver <GemmFwdRest>, workspace required: 75694080, provided ptr: 0x752f38650000 size: 23461888
MIOpen(HIP): Warning [IsEnoughWorkspace] [GetSolutionsFallback AI] Solver <ConvHipImplicitGemmGroupFwdXdlops>, workspace required: 21889024, provided ptr: 0x752f390a0000 size: 21626880
MIOpen(HIP): Warning [IsEnoughWorkspace] [GetSolutionsFallback AI] Solver <GemmFwdRest>, workspace required: 151388160, provided ptr: 0x752f3e800000 size: 43712512
MIOpen(HIP): Warning [IsEnoughWorkspace] [GetSolutionsFallback AI] Solver <ConvHipImplicitGemmGroupFwdXdlops>, workspace required: 43319296, provided ptr: 0x752f3e800000 size: 43253760
MIOpen(HIP): Warning [IsEnoughWorkspace] [GetSolutionsFallback WTI] Solver <ConvAsmImplicitGemmGTCDynamicBwdXdlopsNHWC>, workspace required: 43384832, provided ptr: 0x752f3e800000 size: 43253760
MIOpen(HIP): Warning [IsEnoughWorkspace] [GetSolutionsFallback WTI] Solver <ConvHipImplicitGemmGroupBwdXdlops>, workspace required: 43384832, provided ptr: 0x752f3e800000 size: 43253760
MIOpen(HIP): Warning [IsEnoughWorkspace] [GetSolutionsFallback AI] Solver <GemmFwdRest>, workspace required: 151388160, provided ptr: 0x752f3e800000 size: 43368448
MIOpen(HIP): Warning [IsEnoughWorkspace] [GetSolutionsFallback AI] Solver <ConvHipImplicitGemmGroupFwdXdlops>, workspace required: 43270144, provided ptr: 0x752f3fca0000 size: 43253760
MIOpen(HIP): Warning [IsEnoughWorkspace] [GetSolutionsFallback AI] Solver <GemmFwdRest>, workspace required: 227082240, provided ptr: 0x752f425e0000 size: 64909312
MIOpen(HIP): Warning [IsEnoughWorkspace] [GetSolutionsFallback AI] Solver <ConvHipImplicitGemmGroupFwdXdlops>, workspace required: 64884736, provided ptr: 0x752f444d0000 size: 64880640
MIOpen(HIP): Warning [IsEnoughWorkspace] [GetSolutionsFallback AI] Solver <ConvHipImplicitGemmGroupFwdXdlops>, workspace required: 33455104, provided ptr: 0x752f39af0000 size: 32441344
MIOpen(HIP): Warning [IsEnoughWorkspace] [GetSolutionsFallback AI] Solver <GemmFwdRest>, workspace required: 227082240, provided ptr: 0x752f39af0000 size: 32441344
MIOpen(HIP): Warning [IsEnoughWorkspace] [GetSolutionsFallback AI] Solver <ConvHipImplicitGemmGroupFwdXdlops>, workspace required: 8297472, provided ptr: 0x752e4f280000 size: 1340416
MIOpen(HIP): Warning [IsEnoughWorkspace] [GetSolutionsFallback AI] Solver <ConvAsmImplicitGemmGTCDynamicFwdXdlopsNHWC>, workspace required: 8297472, provided ptr: 0x752e4f280000 size: 1340416
MIOpen(HIP): Warning [IsEnoughWorkspace] [GetSolutionsFallback WTI] Solver <ConvAsmImplicitGemmGTCDynamicBwdXdlopsNHWC>, workspace required: 37384192, provided ptr: 0x752f13200000 size: 6127616
MIOpen(HIP): Warning [IsEnoughWorkspace] [GetSolutionsFallback WTI] Solver <ConvHipImplicitGemmGroupBwdXdlops>, workspace required: 37384192, provided ptr: 0x752f13200000 size: 6127616
MIOpen(HIP): Warning [IsEnoughWorkspace] [GetSolutionsFallback AI] Solver <GemmFwdRest>, workspace required: 21446656, provided ptr: 0x752fe0ec0000 size: 13467648
MIOpen(HIP): Warning [IsEnoughWorkspace] [GetSolutionsFallback WTI] Solver <ConvAsmImplicitGemmGTCDynamicBwdXdlopsNHWC>, workspace required: 15966208, provided ptr: 0x752fe0ec0000 size: 15319040
MIOpen(HIP): Warning [IsEnoughWorkspace] [GetSolutionsFallback WTI] Solver <ConvHipImplicitGemmGroupBwdXdlops>, workspace required: 15966208, provided ptr: 0x752fe0ec0000 size: 15319040
MIOpen(HIP): Warning [IsEnoughWorkspace] [GetSolutionsFallback AI] Solver <GemmFwdRest>, workspace required: 53616640, provided ptr: 0x752f37c00000 size: 17154048
MIOpen(HIP): Warning [IsEnoughWorkspace] [GetSolutionsFallback AI] Solver <ConvAsmImplicitGemmGTCDynamicFwdXdlopsNHWC>, workspace required: 15319040, provided ptr: 0 size: 0
MIOpen(HIP): Warning [IsEnoughWorkspace] [GetSolutionsFallback AI] Solver <ConvHipImplicitGemmGroupFwdXdlops>, workspace required: 15581184, provided ptr: 0 size: 0
MIOpen(HIP): Warning [IsEnoughWorkspace] [GetSolutionsFallback AI] Solver <GemmFwdRest>, workspace required: 107233280, provided ptr: 0x752f3a7d4000 size: 31096832
MIOpen(HIP): Warning [IsEnoughWorkspace] [GetSolutionsFallback AI] Solver <ConvHipImplicitGemmGroupFwdXdlops>, workspace required: 30703616, provided ptr: 0x752f3e800000 size: 30638080
MIOpen(HIP): Warning [IsEnoughWorkspace] [GetSolutionsFallback WTI] Solver <ConvAsmImplicitGemmGTCDynamicBwdXdlopsNHWC>, workspace required: 30769152, provided ptr: 0x752f39938000 size: 30638080
MIOpen(HIP): Warning [IsEnoughWorkspace] [GetSolutionsFallback WTI] Solver <ConvHipImplicitGemmGroupBwdXdlops>, workspace required: 30769152, provided ptr: 0x752f39938000 size: 30638080
MIOpen(HIP): Warning [IsEnoughWorkspace] [GetSolutionsFallback AI] Solver <GemmFwdRest>, workspace required: 107233280, provided ptr: 0x752f3a7d4000 size: 30752768
MIOpen(HIP): Warning [IsEnoughWorkspace] [GetSolutionsFallback AI] Solver <ConvHipImplicitGemmGroupFwdXdlops>, workspace required: 30654464, provided ptr: 0x752f3e800000 size: 30638080
MIOpen(HIP): Warning [IsEnoughWorkspace] [GetSolutionsFallback AI] Solver <GemmFwdRest>, workspace required: 160849920, provided ptr: 0x752f3fdea000 size: 45985792
MIOpen(HIP): Warning [IsEnoughWorkspace] [GetSolutionsFallback AI] Solver <ConvHipImplicitGemmGroupFwdXdlops>, workspace required: 45961216, provided ptr: 0x752f413d4000 size: 45957120
MIOpen(HIP): Warning [IsEnoughWorkspace] [GetSolutionsFallback AI] Solver <ConvHipImplicitGemmGroupFwdXdlops>, workspace required: 23697664, provided ptr: 0x752f391ea000 size: 22979584
MIOpen(HIP): Warning [IsEnoughWorkspace] [GetSolutionsFallback AI] Solver <GemmFwdRest>, workspace required: 160849920, provided ptr: 0x752f391ea000 size: 22979584
MIOpen(HIP): Warning [IsEnoughWorkspace] [GetSolutionsFallback AI] Solver <ConvHipImplicitGemmGroupFwdXdlops>, workspace required: 8430592, provided ptr: 0x752e4f280000 size: 1526784
MIOpen(HIP): Warning [IsEnoughWorkspace] [GetSolutionsFallback AI] Solver <ConvAsmImplicitGemmGTCDynamicFwdXdlopsNHWC>, workspace required: 8430592, provided ptr: 0x752e4f280000 size: 1526784
MIOpen(HIP): Warning [IsEnoughWorkspace] [GetSolutionsFallback WTI] Solver <ConvAsmImplicitGemmGTCDynamicBwdXdlopsNHWC>, workspace required: 37916672, provided ptr: 0x752f13200000 size: 6979584
MIOpen(HIP): Warning [IsEnoughWorkspace] [GetSolutionsFallback WTI] Solver <ConvHipImplicitGemmGroupBwdXdlops>, workspace required: 37916672, provided ptr: 0x752f13200000 size: 6979584
MIOpen(HIP): Warning [IsEnoughWorkspace] [GetSolutionsFallback AI] Solver <GemmFwdRest>, workspace required: 24428544, provided ptr: 0x752fe0ec0000 size: 14319616
MIOpen(HIP): Warning [IsEnoughWorkspace] [GetSolutionsFallback WTI] Solver <ConvAsmImplicitGemmGTCDynamicBwdXdlopsNHWC>, workspace required: 17457152, provided ptr: 0x752f37c00000 size: 17448960
MIOpen(HIP): Warning [IsEnoughWorkspace] [GetSolutionsFallback WTI] Solver <ConvHipImplicitGemmGroupBwdXdlops>, workspace required: 17457152, provided ptr: 0x752f37c00000 size: 17448960
MIOpen(HIP): Warning [IsEnoughWorkspace] [GetSolutionsFallback AI] Solver <GemmFwdRest>, workspace required: 61071360, provided ptr: 0x752f38452000 size: 19283968
MIOpen(HIP): Warning [IsEnoughWorkspace] [GetSolutionsFallback AI] Solver <ConvHipImplicitGemmGroupFwdXdlops>, workspace required: 17711104, provided ptr: 0x752f38ca4000 size: 17448960
MIOpen(HIP): Warning [IsEnoughWorkspace] [GetSolutionsFallback AI] Solver <GemmFwdRest>, workspace required: 122142720, provided ptr: 0x752f3a59a000 size: 35356672
MIOpen(HIP): Warning [IsEnoughWorkspace] [GetSolutionsFallback AI] Solver <ConvHipImplicitGemmGroupFwdXdlops>, workspace required: 34963456, provided ptr: 0x752f3e800000 size: 34897920
MIOpen(HIP): Warning [IsEnoughWorkspace] [GetSolutionsFallback WTI] Solver <ConvAsmImplicitGemmGTCDynamicBwdXdlopsNHWC>, workspace required: 35028992, provided ptr: 0x752f3a59a000 size: 34897920
MIOpen(HIP): Warning [IsEnoughWorkspace] [GetSolutionsFallback WTI] Solver <ConvHipImplicitGemmGroupBwdXdlops>, workspace required: 35028992, provided ptr: 0x752f3a59a000 size: 34897920
MIOpen(HIP): Warning [IsEnoughWorkspace] [GetSolutionsFallback AI] Solver <GemmFwdRest>, workspace required: 122142720, provided ptr: 0x752f3e800000 size: 35012608
MIOpen(HIP): Warning [IsEnoughWorkspace] [GetSolutionsFallback AI] Solver <ConvHipImplicitGemmGroupFwdXdlops>, workspace required: 34914304, provided ptr: 0x752f3e800000 size: 34897920
MIOpen(HIP): Warning [IsEnoughWorkspace] [GetSolutionsFallback AI] Solver <GemmFwdRest>, workspace required: 183214080, provided ptr: 0x752f419ec000 size: 52375552
MIOpen(HIP): Warning [IsEnoughWorkspace] [GetSolutionsFallback AI] Solver <ConvHipImplicitGemmGroupFwdXdlops>, workspace required: 52350976, provided ptr: 0x752f432e2000 size: 52346880
MIOpen(HIP): Warning [IsEnoughWorkspace] [GetSolutionsFallback AI] Solver <ConvHipImplicitGemmGroupFwdXdlops>, workspace required: 26992384, provided ptr: 0x752f394f6000 size: 26174464
MIOpen(HIP): Warning [IsEnoughWorkspace] [GetSolutionsFallback AI] Solver <GemmFwdRest>, workspace required: 183214080, provided ptr: 0x752f394f6000 size: 26174464
MIOpen(HIP): Warning [IsEnoughWorkspace] [GetSolutionsFallback AI] Solver <ConvHipImplicitGemmGroupFwdXdlops>, workspace required: 8737792, provided ptr: 0x752e4e2c0000 size: 1956864
MIOpen(HIP): Warning [IsEnoughWorkspace] [GetSolutionsFallback AI] Solver <ConvAsmImplicitGemmGTCDynamicFwdXdlopsNHWC>, workspace required: 8737792, provided ptr: 0x752e4e2c0000 size: 1956864
MIOpen(HIP): Warning [IsEnoughWorkspace] [GetSolutionsFallback WTI] Solver <ConvAsmImplicitGemmGTCDynamicBwdXdlopsNHWC>, workspace required: 39145472, provided ptr: 0x752f13200000 size: 8945664
MIOpen(HIP): Warning [IsEnoughWorkspace] [GetSolutionsFallback WTI] Solver <ConvHipImplicitGemmGroupBwdXdlops>, workspace required: 39145472, provided ptr: 0x752f13200000 size: 8945664
MIOpen(HIP): Warning [IsEnoughWorkspace] [GetSolutionsFallback AI] Solver <GemmFwdRest>, workspace required: 31309824, provided ptr: 0x752fe0ec0000 size: 16285696
MIOpen(HIP): Warning [IsEnoughWorkspace] [GetSolutionsFallback AI] Solver <GemmFwdRest>, workspace required: 78274560, provided ptr: 0x752f39154000 size: 24199168
MIOpen(HIP): Warning [IsEnoughWorkspace] [GetSolutionsFallback AI] Solver <ConvHipImplicitGemmGroupFwdXdlops>, workspace required: 22626304, provided ptr: 0x752f39bfe000 size: 22364160
MIOpen(HIP): Warning [IsEnoughWorkspace] [GetSolutionsFallback AI] Solver <GemmFwdRest>, workspace required: 156549120, provided ptr: 0x752f3e800000 size: 45187072
MIOpen(HIP): Warning [IsEnoughWorkspace] [GetSolutionsFallback AI] Solver <ConvHipImplicitGemmGroupFwdXdlops>, workspace required: 44793856, provided ptr: 0x752f3fd54000 size: 44728320
MIOpen(HIP): Warning [IsEnoughWorkspace] [GetSolutionsFallback WTI] Solver <ConvAsmImplicitGemmGTCDynamicBwdXdlopsNHWC>, workspace required: 44859392, provided ptr: 0x752f3e800000 size: 44728320
MIOpen(HIP): Warning [IsEnoughWorkspace] [GetSolutionsFallback WTI] Solver <ConvHipImplicitGemmGroupBwdXdlops>, workspace required: 44859392, provided ptr: 0x752f3e800000 size: 44728320
MIOpen(HIP): Warning [IsEnoughWorkspace] [GetSolutionsFallback AI] Solver <GemmFwdRest>, workspace required: 156549120, provided ptr: 0x752f3fd54000 size: 44843008
MIOpen(HIP): Warning [IsEnoughWorkspace] [GetSolutionsFallback AI] Solver <ConvHipImplicitGemmGroupFwdXdlops>, workspace required: 44744704, provided ptr: 0x752f412a8000 size: 44728320
MIOpen(HIP): Warning [IsEnoughWorkspace] [GetSolutionsFallback AI] Solver <GemmFwdRest>, workspace required: 234823680, provided ptr: 0x752f43d50000 size: 67121152
MIOpen(HIP): Warning [IsEnoughWorkspace] [GetSolutionsFallback AI] Solver <ConvHipImplicitGemmGroupFwdXdlops>, workspace required: 67096576, provided ptr: 0x752f45d4e000 size: 67092480
MIOpen(HIP): Warning [IsEnoughWorkspace] [GetSolutionsFallback AI] Solver <ConvHipImplicitGemmGroupFwdXdlops>, workspace required: 34595584, provided ptr: 0x752f39bfe000 size: 33547264
MIOpen(HIP): Warning [IsEnoughWorkspace] [GetSolutionsFallback AI] Solver <GemmFwdRest>, workspace required: 234823680, provided ptr: 0x752f39bfe000 size: 33547264
MIOpen(HIP): Warning [IsEnoughWorkspace] [GetSolutionsFallback AI] Solver <ConvHipImplicitGemmGroupFwdXdlops>, workspace required: 9244672, provided ptr: 0x752e4e2c0000 size: 2666496
MIOpen(HIP): Warning [IsEnoughWorkspace] [GetSolutionsFallback AI] Solver <ConvAsmImplicitGemmGTCDynamicFwdXdlopsNHWC>, workspace required: 9244672, provided ptr: 0x752e4e2c0000 size: 2666496
MIOpen(HIP): Warning [IsEnoughWorkspace] [GetSolutionsFallback WTI] Solver <ConvAsmImplicitGemmGTCDynamicBwdXdlopsNHWC>, workspace required: 41172992, provided ptr: 0x752fe0ec0000 size: 12189696
MIOpen(HIP): Warning [IsEnoughWorkspace] [GetSolutionsFallback WTI] Solver <ConvHipImplicitGemmGroupBwdXdlops>, workspace required: 41172992, provided ptr: 0x752fe0ec0000 size: 12189696
MIOpen(HIP): Warning [IsEnoughWorkspace] [GetSolutionsFallback AI] Solver <GemmFwdRest>, workspace required: 42663936, provided ptr: 0x752f37c00000 size: 19529728
MIOpen(HIP): Warning [IsEnoughWorkspace] [GetSolutionsFallback AI] Solver <GemmFwdRest>, workspace required: 106659840, provided ptr: 0x752f39910000 size: 32309248
MIOpen(HIP): Warning [IsEnoughWorkspace] [GetSolutionsFallback AI] Solver <ConvHipImplicitGemmGroupFwdXdlops>, workspace required: 30736384, provided ptr: 0x752f3a798000 size: 30474240
MIOpen(HIP): Warning [IsEnoughWorkspace] [GetSolutionsFallback AI] Solver <GemmFwdRest>, workspace required: 213319680, provided ptr: 0x752f40510000 size: 61407232
MIOpen(HIP): Warning [IsEnoughWorkspace] [GetSolutionsFallback AI] Solver <ConvHipImplicitGemmGroupFwdXdlops>, workspace required: 61014016, provided ptr: 0x752f42220000 size: 60948480
MIOpen(HIP): Warning [IsEnoughWorkspace] [GetSolutionsFallback WTI] Solver <ConvAsmImplicitGemmGTCDynamicBwdXdlopsNHWC>, workspace required: 61079552, provided ptr: 0x752f40510000 size: 60948480
MIOpen(HIP): Warning [IsEnoughWorkspace] [GetSolutionsFallback WTI] Solver <ConvHipImplicitGemmGroupBwdXdlops>, workspace required: 61079552, provided ptr: 0x752f40510000 size: 60948480
MIOpen(HIP): Warning [IsEnoughWorkspace] [GetSolutionsFallback AI] Solver <GemmFwdRest>, workspace required: 213319680, provided ptr: 0x752f42220000 size: 61063168
MIOpen(HIP): Warning [IsEnoughWorkspace] [GetSolutionsFallback AI] Solver <ConvHipImplicitGemmGroupFwdXdlops>, workspace required: 60964864, provided ptr: 0x752f43f30000 size: 60948480
MIOpen(HIP): Warning [IsEnoughWorkspace] [GetSolutionsFallback AI] Solver <GemmFwdRest>, workspace required: 319979520, provided ptr: 0x752f43f30000 size: 91451392
MIOpen(HIP): Warning [IsEnoughWorkspace] [GetSolutionsFallback AI] Solver <ConvHipImplicitGemmGroupFwdXdlops>, workspace required: 91426816, provided ptr: 0x752f46ac8000 size: 91422720
MIOpen(HIP): Warning [IsEnoughWorkspace] [GetSolutionsFallback AI] Solver <ConvHipImplicitGemmGroupFwdXdlops>, workspace required: 47140864, provided ptr: 0x752f37c00000 size: 45712384
MIOpen(HIP): Warning [IsEnoughWorkspace] [GetSolutionsFallback AI] Solver <GemmFwdRest>, workspace required: 319979520, provided ptr: 0x752f37c00000 size: 45712384
MIOpen(HIP): Warning [IsEnoughWorkspace] [GetSolutionsFallback AI] Solver <ConvHipImplicitGemmGroupFwdXdlops>, workspace required: 8927232, provided ptr: 0x752e4e2c0000 size: 2222080
MIOpen(HIP): Warning [IsEnoughWorkspace] [GetSolutionsFallback AI] Solver <ConvAsmImplicitGemmGTCDynamicFwdXdlopsNHWC>, workspace required: 8927232, provided ptr: 0x752e4e2c0000 size: 2222080
MIOpen(HIP): Warning [IsEnoughWorkspace] [GetSolutionsFallback WTI] Solver <ConvAsmImplicitGemmGTCDynamicBwdXdlopsNHWC>, workspace required: 39903232, provided ptr: 0x752f13200000 size: 10158080
MIOpen(HIP): Warning [IsEnoughWorkspace] [GetSolutionsFallback WTI] Solver <ConvHipImplicitGemmGroupBwdXdlops>, workspace required: 39903232, provided ptr: 0x752f13200000 size: 10158080
MIOpen(HIP): Warning [IsEnoughWorkspace] [GetSolutionsFallback AI] Solver <GemmFwdRest>, workspace required: 35553280, provided ptr: 0x752fe0ec0000 size: 17498112
MIOpen(HIP): Warning [IsEnoughWorkspace] [GetSolutionsFallback AI] Solver <GemmFwdRest>, workspace required: 88883200, provided ptr: 0x752f39438000 size: 27230208
MIOpen(HIP): Warning [IsEnoughWorkspace] [GetSolutionsFallback AI] Solver <ConvHipImplicitGemmGroupFwdXdlops>, workspace required: 25657344, provided ptr: 0x752f3a054000 size: 25395200
MIOpen(HIP): Warning [IsEnoughWorkspace] [GetSolutionsFallback AI] Solver <GemmFwdRest>, workspace required: 177766400, provided ptr: 0x752f40038000 size: 51249152
MIOpen(HIP): Warning [IsEnoughWorkspace] [GetSolutionsFallback AI] Solver <ConvHipImplicitGemmGroupFwdXdlops>, workspace required: 50855936, provided ptr: 0x752f41870000 size: 50790400
MIOpen(HIP): Warning [IsEnoughWorkspace] [GetSolutionsFallback WTI] Solver <ConvAsmImplicitGemmGTCDynamicBwdXdlopsNHWC>, workspace required: 50921472, provided ptr: 0x752f40038000 size: 50790400
MIOpen(HIP): Warning [IsEnoughWorkspace] [GetSolutionsFallback WTI] Solver <ConvHipImplicitGemmGroupBwdXdlops>, workspace required: 50921472, provided ptr: 0x752f40038000 size: 50790400
MIOpen(HIP): Warning [IsEnoughWorkspace] [GetSolutionsFallback AI] Solver <GemmFwdRest>, workspace required: 177766400, provided ptr: 0x752f40038000 size: 50905088
MIOpen(HIP): Warning [IsEnoughWorkspace] [GetSolutionsFallback AI] Solver <ConvHipImplicitGemmGroupFwdXdlops>, workspace required: 50806784, provided ptr: 0x752f41870000 size: 50790400
MIOpen(HIP): Warning [IsEnoughWorkspace] [GetSolutionsFallback AI] Solver <GemmFwdRest>, workspace required: 266649600, provided ptr: 0x752f430a8000 size: 76214272
MIOpen(HIP): Warning [IsEnoughWorkspace] [GetSolutionsFallback AI] Solver <ConvHipImplicitGemmGroupFwdXdlops>, workspace required: 76189696, provided ptr: 0x752f454fc000 size: 76185600
MIOpen(HIP): Warning [IsEnoughWorkspace] [GetSolutionsFallback AI] Solver <ConvHipImplicitGemmGroupFwdXdlops>, workspace required: 39284224, provided ptr: 0x752f37c00000 size: 38093824
MIOpen(HIP): Warning [IsEnoughWorkspace] [GetSolutionsFallback AI] Solver <GemmFwdRest>, workspace required: 266649600, provided ptr: 0x752f37c00000 size: 38093824
[0;36m(APIServer pid=47055)[0;0m [32mINFO[0m [90m10-07 15:22:07[0m [90m[stats.py:902][0m [OmniTiming] req=speech-81a0256079064ce1-916e4dcb total=8.00s engine=8.00s stages=[0:8.00s]
INFO:     127.0.0.1:52128 - "POST /v1/audio/speech HTTP/1.1" 200 OK
[0;36m(APIServer pid=47055)[0;0m [32mINFO[0m [90m10-07 15:22:07[0m [90m[serving_speech.py:2423][0m Diffusion TTS speech request speech-b15e0fb5da5e6dbb: voice_clone=False
[0;36m(APIServer pid=47055)[0;0m [32mINFO[0m [90m10-07 15:22:07[0m [90m[serving_speech.py:2471][0m Applied diffusion speech params: seed=42 extra_params={}
[0;36m(APIServer pid=47055)[0;0m [32mINFO[0m [90m10-07 15:22:07[0m [90m[diffusion_engine.py:764][0m [RequestBatch] admission wait done waiting=1 max_batch=8 waited_ms=2.1
MIOpen(HIP): Warning [IsEnoughWorkspace] [GetSolutionsFallback AI] Solver <ConvHipImplicitGemmGroupFwdXdlops>, workspace required: 9014272, provided ptr: 0x752e4e2c0000 size: 2343936
MIOpen(HIP): Warning [IsEnoughWorkspace] [GetSolutionsFallback AI] Solver <ConvAsmImplicitGemmGTCDynamicFwdXdlopsNHWC>, workspace required: 9014272, provided ptr: 0x752e4e2c0000 size: 2343936
MIOpen(HIP): Warning [IsEnoughWorkspace] [GetSolutionsFallback WTI] Solver <ConvAsmImplicitGemmGTCDynamicBwdXdlopsNHWC>, workspace required: 40251392, provided ptr: 0x752fe0ec0000 size: 10715136
MIOpen(HIP): Warning [IsEnoughWorkspace] [GetSolutionsFallback WTI] Solver <ConvHipImplicitGemmGroupBwdXdlops>, workspace required: 40251392, provided ptr: 0x752fe0ec0000 size: 10715136
MIOpen(HIP): Warning [IsEnoughWorkspace] [GetSolutionsFallback AI] Solver <GemmFwdRest>, workspace required: 37502976, provided ptr: 0x752f37c00000 size: 18055168
MIOpen(HIP): Warning [IsEnoughWorkspace] [GetSolutionsFallback AI] Solver <GemmFwdRest>, workspace required: 93757440, provided ptr: 0x752f388c6000 size: 28622848
MIOpen(HIP): Warning [IsEnoughWorkspace] [GetSolutionsFallback AI] Solver <ConvHipImplicitGemmGroupFwdXdlops>, workspace required: 27049984, provided ptr: 0x752f3958c000 size: 26787840
MIOpen(HIP): Warning [IsEnoughWorkspace] [GetSolutionsFallback AI] Solver <GemmFwdRest>, workspace required: 187514880, provided ptr: 0x752f4018c000 size: 54034432
MIOpen(HIP): Warning [IsEnoughWorkspace] [GetSolutionsFallback AI] Solver <ConvHipImplicitGemmGroupFwdXdlops>, workspace required: 53641216, provided ptr: 0x752f41b18000 size: 53575680
MIOpen(HIP): Warning [IsEnoughWorkspace] [GetSolutionsFallback WTI] Solver <ConvAsmImplicitGemmGTCDynamicBwdXdlopsNHWC>, workspace required: 53706752, provided ptr: 0x752f4018c000 size: 53575680
MIOpen(HIP): Warning [IsEnoughWorkspace] [GetSolutionsFallback WTI] Solver <ConvHipImplicitGemmGroupBwdXdlops>, workspace required: 53706752, provided ptr: 0x752f4018c000 size: 53575680
MIOpen(HIP): Warning [IsEnoughWorkspace] [GetSolutionsFallback AI] Solver <GemmFwdRest>, workspace required: 187514880, provided ptr: 0x752f41b18000 size: 53690368
MIOpen(HIP): Warning [IsEnoughWorkspace] [GetSolutionsFallback AI] Solver <ConvHipImplicitGemmGroupFwdXdlops>, workspace required: 53592064, provided ptr: 0x752f434a4000 size: 53575680
MIOpen(HIP): Warning [IsEnoughWorkspace] [GetSolutionsFallback AI] Solver <GemmFwdRest>, workspace required: 281272320, provided ptr: 0x752f434a4000 size: 80392192
MIOpen(HIP): Warning [IsEnoughWorkspace] [GetSolutionsFallback AI] Solver <ConvHipImplicitGemmGroupFwdXdlops>, workspace required: 80367616, provided ptr: 0x752f45af6000 size: 80363520
MIOpen(HIP): Warning [IsEnoughWorkspace] [GetSolutionsFallback AI] Solver <ConvHipImplicitGemmGroupFwdXdlops>, workspace required: 41438464, provided ptr: 0x752f37c00000 size: 40182784
MIOpen(HIP): Warning [IsEnoughWorkspace] [GetSolutionsFallback AI] Solver <GemmFwdRest>, workspace required: 281272320, provided ptr: 0x752f37c00000 size: 40182784
MIOpen(HIP): Warning [IsEnoughWorkspace] [GetSolutionsFallback AI] Solver <ConvHipImplicitGemmGroupFwdXdlops>, workspace required: 9193472, provided ptr: 0x752e4e2c0000 size: 2594816
MIOpen(HIP): Warning [IsEnoughWorkspace] [GetSolutionsFallback AI] Solver <ConvAsmImplicitGemmGTCDynamicFwdXdlopsNHWC>, workspace required: 9193472, provided ptr: 0x752e4e2c0000 size: 2594816
MIOpen(HIP): Warning [IsEnoughWorkspace] [GetSolutionsFallback WTI] Solver <ConvAsmImplicitGemmGTCDynamicBwdXdlopsNHWC>, workspace required: 40968192, provided ptr: 0x752fe0ec0000 size: 11862016
MIOpen(HIP): Warning [IsEnoughWorkspace] [GetSolutionsFallback WTI] Solver <ConvHipImplicitGemmGroupBwdXdlops>, workspace required: 40968192, provided ptr: 0x752fe0ec0000 size: 11862016
MIOpen(HIP): Warning [IsEnoughWorkspace] [GetSolutionsFallback AI] Solver <GemmFwdRest>, workspace required: 41517056, provided ptr: 0x752f37c00000 size: 19202048
MIOpen(HIP): Warning [IsEnoughWorkspace] [GetSolutionsFallback AI] Solver <GemmFwdRest>, workspace required: 103792640, provided ptr: 0x752f39848000 size: 31490048
MIOpen(HIP): Warning [IsEnoughWorkspace] [GetSolutionsFallback AI] Solver <ConvHipImplicitGemmGroupFwdXdlops>, workspace required: 29917184, provided ptr: 0x752f3a66c000 size: 29655040
MIOpen(HIP): Warning [IsEnoughWorkspace] [GetSolutionsFallback AI] Solver <GemmFwdRest>, workspace required: 207585280, provided ptr: 0x752f40448000 size: 59768832
MIOpen(HIP): Warning [IsEnoughWorkspace] [GetSolutionsFallback AI] Solver <ConvHipImplicitGemmGroupFwdXdlops>, workspace required: 59375616, provided ptr: 0x752f42090000 size: 59310080
MIOpen(HIP): Warning [IsEnoughWorkspace] [GetSolutionsFallback WTI] Solver <ConvAsmImplicitGemmGTCDynamicBwdXdlopsNHWC>, workspace required: 59441152, provided ptr: 0x752f40448000 size: 59310080
MIOpen(HIP): Warning [IsEnoughWorkspace] [GetSolutionsFallback WTI] Solver <ConvHipImplicitGemmGroupBwdXdlops>, workspace required: 59441152, provided ptr: 0x752f40448000 size: 59310080
MIOpen(HIP): Warning [IsEnoughWorkspace] [GetSolutionsFallback AI] Solver <GemmFwdRest>, workspace required: 207585280, provided ptr: 0x752f42090000 size: 59424768
MIOpen(HIP): Warning [IsEnoughWorkspace] [GetSolutionsFallback AI] Solver <ConvHipImplicitGemmGroupFwdXdlops>, workspace required: 59326464, provided ptr: 0x752f43cd8000 size: 59310080
MIOpen(HIP): Warning [IsEnoughWorkspace] [GetSolutionsFallback AI] Solver <GemmFwdRest>, workspace required: 311377920, provided ptr: 0x752f43cd8000 size: 88993792
MIOpen(HIP): Warning [IsEnoughWorkspace] [GetSolutionsFallback AI] Solver <ConvHipImplicitGemmGroupFwdXdlops>, workspace required: 88969216, provided ptr: 0x752f46744000 size: 88965120
MIOpen(HIP): Warning [IsEnoughWorkspace] [GetSolutionsFallback AI] Solver <ConvHipImplicitGemmGroupFwdXdlops>, workspace required: 45873664, provided ptr: 0x752f37c00000 size: 44483584
MIOpen(HIP): Warning [IsEnoughWorkspace] [GetSolutionsFallback AI] Solver <GemmFwdRest>, workspace required: 311377920, provided ptr: 0x752f37c00000 size: 44483584
MIOpen(HIP): Warning [IsEnoughWorkspace] [GetSolutionsFallback AI] Solver <ConvHipImplicitGemmGroupFwdXdlops>, workspace required: 8364032, provided ptr: 0x752e4f280000 size: 1433600
MIOpen(HIP): Warning [IsEnoughWorkspace] [GetSolutionsFallback AI] Solver <ConvAsmImplicitGemmGTCDynamicFwdXdlopsNHWC>, workspace required: 8364032, provided ptr: 0x752e4f280000 size: 1433600
MIOpen(HIP): Warning [IsEnoughWorkspace] [GetSolutionsFallback WTI] Solver <ConvAsmImplicitGemmGTCDynamicBwdXdlopsNHWC>, workspace required: 37650432, provided ptr: 0x752f13200000 size: 6553600
MIOpen(HIP): Warning [IsEnoughWorkspace] [GetSolutionsFallback WTI] Solver <ConvHipImplicitGemmGroupBwdXdlops>, workspace required: 37650432, provided ptr: 0x752f13200000 size: 6553600
MIOpen(HIP): Warning [IsEnoughWorkspace] [GetSolutionsFallback AI] Solver <GemmFwdRest>, workspace required: 22937600, provided ptr: 0x752fe0ec0000 size: 13893632
MIOpen(HIP): Warning [IsEnoughWorkspace] [GetSolutionsFallback WTI] Solver <ConvAsmImplicitGemmGTCDynamicBwdXdlopsNHWC>, workspace required: 16711680, provided ptr: 0x752fe0ec0000 size: 16384000
MIOpen(HIP): Warning [IsEnoughWorkspace] [GetSolutionsFallback WTI] Solver <ConvHipImplicitGemmGroupBwdXdlops>, workspace required: 16711680, provided ptr: 0x752fe0ec0000 size: 16384000
MIOpen(HIP): Warning [IsEnoughWorkspace] [GetSolutionsFallback AI] Solver <GemmFwdRest>, workspace required: 57344000, provided ptr: 0x752f37c00000 size: 18219008
MIOpen(HIP): Warning [IsEnoughWorkspace] [GetSolutionsFallback AI] Solver <ConvHipImplicitGemmGroupFwdXdlops>, workspace required: 16646144, provided ptr: 0x752f383d0000 size: 16384000
MIOpen(HIP): Warning [IsEnoughWorkspace] [GetSolutionsFallback AI] Solver <GemmFwdRest>, workspace required: 114688000, provided ptr: 0x752f3e800000 size: 33226752
MIOpen(HIP): Warning [IsEnoughWorkspace] [GetSolutionsFallback AI] Solver <ConvHipImplicitGemmGroupFwdXdlops>, workspace required: 32833536, provided ptr: 0x752f3e800000 size: 32768000
MIOpen(HIP): Warning [IsEnoughWorkspace] [GetSolutionsFallback WTI] Solver <ConvAsmImplicitGemmGTCDynamicBwdXdlopsNHWC>, workspace required: 32899072, provided ptr: 0x752f39b40000 size: 32768000
MIOpen(HIP): Warning [IsEnoughWorkspace] [GetSolutionsFallback WTI] Solver <ConvHipImplicitGemmGroupBwdXdlops>, workspace required: 32899072, provided ptr: 0x752f39b40000 size: 32768000
MIOpen(HIP): Warning [IsEnoughWorkspace] [GetSolutionsFallback AI] Solver <GemmFwdRest>, workspace required: 114688000, provided ptr: 0x752f3e800000 size: 32882688
MIOpen(HIP): Warning [IsEnoughWorkspace] [GetSolutionsFallback AI] Solver <ConvHipImplicitGemmGroupFwdXdlops>, workspace required: 32784384, provided ptr: 0x752f3e800000 size: 32768000
MIOpen(HIP): Warning [IsEnoughWorkspace] [GetSolutionsFallback AI] Solver <GemmFwdRest>, workspace required: 172032000, provided ptr: 0x752f3ff70000 size: 49180672
MIOpen(HIP): Warning [IsEnoughWorkspace] [GetSolutionsFallback AI] Solver <ConvHipImplicitGemmGroupFwdXdlops>, workspace required: 49156096, provided ptr: 0x752f416e0000 size: 49152000
MIOpen(HIP): Warning [IsEnoughWorkspace] [GetSolutionsFallback AI] Solver <ConvHipImplicitGemmGroupFwdXdlops>, workspace required: 25345024, provided ptr: 0x752f39370000 size: 24577024
MIOpen(HIP): Warning [IsEnoughWorkspace] [GetSolutionsFallback AI] Solver <GemmFwdRest>, workspace required: 172032000, provided ptr: 0x752f39370000 size: 24577024
MIOpen(HIP): Warning [IsEnoughWorkspace] [GetSolutionsFallback AI] Solver <ConvHipImplicitGemmGroupFwdXdlops>, workspace required: 8773632, provided ptr: 0x752e4e2c0000 size: 2007040
MIOpen(HIP): Warning [IsEnoughWorkspace] [GetSolutionsFallback AI] Solver <ConvAsmImplicitGemmGTCDynamicFwdXdlopsNHWC>, workspace required: 8773632, provided ptr: 0x752e4e2c0000 size: 2007040
MIOpen(HIP): Warning [IsEnoughWorkspace] [GetSolutionsFallback WTI] Solver <ConvAsmImplicitGemmGTCDynamicBwdXdlopsNHWC>, workspace required: 39288832, provided ptr: 0x752f13200000 size: 9175040
MIOpen(HIP): Warning [IsEnoughWorkspace] [GetSolutionsFallback WTI] Solver <ConvHipImplicitGemmGroupBwdXdlops>, workspace required: 39288832, provided ptr: 0x752f13200000 size: 9175040
MIOpen(HIP): Warning [IsEnoughWorkspace] [GetSolutionsFallback AI] Solver <GemmFwdRest>, workspace required: 32112640, provided ptr: 0x752fe0ec0000 size: 16515072
MIOpen(HIP): Warning [IsEnoughWorkspace] [GetSolutionsFallback AI] Solver <GemmFwdRest>, workspace required: 80281600, provided ptr: 0x752f391e0000 size: 24772608
MIOpen(HIP): Warning [IsEnoughWorkspace] [GetSolutionsFallback AI] Solver <ConvHipImplicitGemmGroupFwdXdlops>, workspace required: 23199744, provided ptr: 0x752f39cd0000 size: 22937600
MIOpen(HIP): Warning [IsEnoughWorkspace] [GetSolutionsFallback AI] Solver <GemmFwdRest>, workspace required: 160563200, provided ptr: 0x752f3fde0000 size: 46333952
MIOpen(HIP): Warning [IsEnoughWorkspace] [GetSolutionsFallback AI] Solver <ConvHipImplicitGemmGroupFwdXdlops>, workspace required: 45940736, provided ptr: 0x752f413c0000 size: 45875200
MIOpen(HIP): Warning [IsEnoughWorkspace] [GetSolutionsFallback WTI] Solver <ConvAsmImplicitGemmGTCDynamicBwdXdlopsNHWC>, workspace required: 46006272, provided ptr: 0x752f3fde0000 size: 45875200
MIOpen(HIP): Warning [IsEnoughWorkspace] [GetSolutionsFallback WTI] Solver <ConvHipImplicitGemmGroupBwdXdlops>, workspace required: 46006272, provided ptr: 0x752f3fde0000 size: 45875200
MIOpen(HIP): Warning [IsEnoughWorkspace] [GetSolutionsFallback AI] Solver <GemmFwdRest>, workspace required: 160563200, provided ptr: 0x752f3fde0000 size: 45989888
MIOpen(HIP): Warning [IsEnoughWorkspace] [GetSolutionsFallback AI] Solver <ConvHipImplicitGemmGroupFwdXdlops>, workspace required: 45891584, provided ptr: 0x752f413c0000 size: 45875200
MIOpen(HIP): Warning [IsEnoughWorkspace] [GetSolutionsFallback AI] Solver <GemmFwdRest>, workspace required: 240844800, provided ptr: 0x752f429a0000 size: 68841472
MIOpen(HIP): Warning [IsEnoughWorkspace] [GetSolutionsFallback AI] Solver <ConvHipImplicitGemmGroupFwdXdlops>, workspace required: 68816896, provided ptr: 0x752f44a70000 size: 68812800
MIOpen(HIP): Warning [IsEnoughWorkspace] [GetSolutionsFallback AI] Solver <ConvHipImplicitGemmGroupFwdXdlops>, workspace required: 35482624, provided ptr: 0x752f37c00000 size: 34407424
MIOpen(HIP): Warning [IsEnoughWorkspace] [GetSolutionsFallback AI] Solver <GemmFwdRest>, workspace required: 240844800, provided ptr: 0x752f37c00000 size: 34407424
MIOpen(HIP): Warning [IsEnoughWorkspace] [GetSolutionsFallback AI] Solver <ConvHipImplicitGemmGroupFwdXdlops>, workspace required: 8783872, provided ptr: 0x752e4e2c0000 size: 2021376
MIOpen(HIP): Warning [IsEnoughWorkspace] [GetSolutionsFallback AI] Solver <ConvAsmImplicitGemmGTCDynamicFwdXdlopsNHWC>, workspace required: 8783872, provided ptr: 0x752e4e2c0000 size: 2021376
MIOpen(HIP): Warning [IsEnoughWorkspace] [GetSolutionsFallback WTI] Solver <ConvAsmImplicitGemmGTCDynamicBwdXdlopsNHWC>, workspace required: 39329792, provided ptr: 0x752f13200000 size: 9240576
MIOpen(HIP): Warning [IsEnoughWorkspace] [GetSolutionsFallback WTI] Solver <ConvHipImplicitGemmGroupBwdXdlops>, workspace required: 39329792, provided ptr: 0x752f13200000 size: 9240576
MIOpen(HIP): Warning [IsEnoughWorkspace] [GetSolutionsFallback AI] Solver <GemmFwdRest>, workspace required: 32342016, provided ptr: 0x752fe0ec0000 size: 16580608
MIOpen(HIP): Warning [IsEnoughWorkspace] [GetSolutionsFallback AI] Solver <GemmFwdRest>, workspace required: 80855040, provided ptr: 0x752f39208000 size: 24936448
MIOpen(HIP): Warning [IsEnoughWorkspace] [GetSolutionsFallback AI] Solver <ConvHipImplicitGemmGroupFwdXdlops>, workspace required: 23363584, provided ptr: 0x752f39d0c000 size: 23101440
MIOpen(HIP): Warning [IsEnoughWorkspace] [GetSolutionsFallback AI] Solver <GemmFwdRest>, workspace required: 161710080, provided ptr: 0x752f3fe08000 size: 46661632
MIOpen(HIP): Warning [IsEnoughWorkspace] [GetSolutionsFallback AI] Solver <ConvHipImplicitGemmGroupFwdXdlops>, workspace required: 46268416, provided ptr: 0x752f41410000 size: 46202880
MIOpen(HIP): Warning [IsEnoughWorkspace] [GetSolutionsFallback WTI] Solver <ConvAsmImplicitGemmGTCDynamicBwdXdlopsNHWC>, workspace required: 46333952, provided ptr: 0x752f3fe08000 size: 46202880
MIOpen(HIP): Warning [IsEnoughWorkspace] [GetSolutionsFallback WTI] Solver <ConvHipImplicitGemmGroupBwdXdlops>, workspace required: 46333952, provided ptr: 0x752f3fe08000 size: 46202880
MIOpen(HIP): Warning [IsEnoughWorkspace] [GetSolutionsFallback AI] Solver <GemmFwdRest>, workspace required: 161710080, provided ptr: 0x752f3fe08000 size: 46317568
MIOpen(HIP): Warning [IsEnoughWorkspace] [GetSolutionsFallback AI] Solver <ConvHipImplicitGemmGroupFwdXdlops>, workspace required: 46219264, provided ptr: 0x752f41410000 size: 46202880
MIOpen(HIP): Warning [IsEnoughWorkspace] [GetSolutionsFallback AI] Solver <GemmFwdRest>, workspace required: 242565120, provided ptr: 0x752f42a18000 size: 69332992
MIOpen(HIP): Warning [IsEnoughWorkspace] [GetSolutionsFallback AI] Solver <ConvHipImplicitGemmGroupFwdXdlops>, workspace required: 69308416, provided ptr: 0x752f44b24000 size: 69304320
MIOpen(HIP): Warning [IsEnoughWorkspace] [GetSolutionsFallback AI] Solver <ConvHipImplicitGemmGroupFwdXdlops>, workspace required: 35736064, provided ptr: 0x752f37c00000 size: 34653184
MIOpen(HIP): Warning [IsEnoughWorkspace] [GetSolutionsFallback AI] Solver <GemmFwdRest>, workspace required: 242565120, provided ptr: 0x752f37c00000 size: 34653184
MIOpen(HIP): Warning [IsEnoughWorkspace] [GetSolutionsFallback AI] Solver <ConvHipImplicitGemmGroupFwdXdlops>, workspace required: 8712192, provided ptr: 0x752e4e2c0000 size: 1921024
MIOpen(HIP): Warning [IsEnoughWorkspace] [GetSolutionsFallback AI] Solver <ConvAsmImplicitGemmGTCDynamicFwdXdlopsNHWC>, workspace required: 8712192, provided ptr: 0x752e4e2c0000 size: 1921024
MIOpen(HIP): Warning [IsEnoughWorkspace] [GetSolutionsFallback WTI] Solver <ConvAsmImplicitGemmGTCDynamicBwdXdlopsNHWC>, workspace required: 39043072, provided ptr: 0x752f13200000 size: 8781824
MIOpen(HIP): Warning [IsEnoughWorkspace] [GetSolutionsFallback WTI] Solver <ConvHipImplicitGemmGroupBwdXdlops>, workspace required: 39043072, provided ptr: 0x752f13200000 size: 8781824
MIOpen(HIP): Warning [IsEnoughWorkspace] [GetSolutionsFallback AI] Solver <GemmFwdRest>, workspace required: 30736384, provided ptr: 0x752fe0ec0000 size: 16121856
MIOpen(HIP): Warning [IsEnoughWorkspace] [GetSolutionsFallback AI] Solver <GemmFwdRest>, workspace required: 76840960, provided ptr: 0x752f38678000 size: 23789568
MIOpen(HIP): Warning [IsEnoughWorkspace] [GetSolutionsFallback AI] Solver <ConvHipImplicitGemmGroupFwdXdlops>, workspace required: 22216704, provided ptr: 0x752f390f0000 size: 21954560
MIOpen(HIP): Warning [IsEnoughWorkspace] [GetSolutionsFallback AI] Solver <GemmFwdRest>, workspace required: 153681920, provided ptr: 0x752f3e800000 size: 44367872
MIOpen(HIP): Warning [IsEnoughWorkspace] [GetSolutionsFallback AI] Solver <ConvHipImplicitGemmGroupFwdXdlops>, workspace required: 43974656, provided ptr: 0x752f3e800000 size: 43909120
MIOpen(HIP): Warning [IsEnoughWorkspace] [GetSolutionsFallback WTI] Solver <ConvAsmImplicitGemmGTCDynamicBwdXdlopsNHWC>, workspace required: 44040192, provided ptr: 0x752f3e800000 size: 43909120
MIOpen(HIP): Warning [IsEnoughWorkspace] [GetSolutionsFallback WTI] Solver <ConvHipImplicitGemmGroupBwdXdlops>, workspace required: 44040192, provided ptr: 0x752f3e800000 size: 43909120
MIOpen(HIP): Warning [IsEnoughWorkspace] [GetSolutionsFallback AI] Solver <GemmFwdRest>, workspace required: 153681920, provided ptr: 0x752f3e800000 size: 44023808
MIOpen(HIP): Warning [IsEnoughWorkspace] [GetSolutionsFallback AI] Solver <ConvHipImplicitGemmGroupFwdXdlops>, workspace required: 43925504, provided ptr: 0x752f3fcf0000 size: 43909120
MIOpen(HIP): Warning [IsEnoughWorkspace] [GetSolutionsFallback AI] Solver <GemmFwdRest>, workspace required: 230522880, provided ptr: 0x752f426d0000 size: 65892352
MIOpen(HIP): Warning [IsEnoughWorkspace] [GetSolutionsFallback AI] Solver <ConvHipImplicitGemmGroupFwdXdlops>, workspace required: 65867776, provided ptr: 0x752f44638000 size: 65863680
MIOpen(HIP): Warning [IsEnoughWorkspace] [GetSolutionsFallback AI] Solver <ConvHipImplicitGemmGroupFwdXdlops>, workspace required: 33961984, provided ptr: 0x752f39b68000 size: 32932864
MIOpen(HIP): Warning [IsEnoughWorkspace] [GetSolutionsFallback AI] Solver <GemmFwdRest>, workspace required: 230522880, provided ptr: 0x752f39b68000 size: 32932864
MIOpen(HIP): Warning [IsEnoughWorkspace] [GetSolutionsFallback AI] Solver <ConvHipImplicitGemmGroupFwdXdlops>, workspace required: 7939072, provided ptr: 0x752f6f50a000 size: 838656
MIOpen(HIP): Warning [IsEnoughWorkspace] [GetSolutionsFallback AI] Solver <ConvAsmImplicitGemmGTCDynamicFwdXdlopsNHWC>, workspace required: 7939072, provided ptr: 0x752f6f50a000 size: 838656
MIOpen(HIP): Warning [IsEnoughWorkspace] [GetSolutionsFallback WTI] Solver <ConvAsmImplicitGemmGTCDynamicBwdXdlopsNHWC>, workspace required: 35950592, provided ptr: 0x752e51a00000 size: 3833856
MIOpen(HIP): Warning [IsEnoughWorkspace] [GetSolutionsFallback WTI] Solver <ConvHipImplicitGemmGroupBwdXdlops>, workspace required: 35950592, provided ptr: 0x752e51a00000 size: 3833856
MIOpen(HIP): Warning [IsEnoughWorkspace] [GetSolutionsFallback WTI] Solver <ConvAsmImplicitGemmGTCDynamicBwdXdlopsNHWC>, workspace required: 11952128, provided ptr: 0x752f13692000 size: 9584640
MIOpen(HIP): Warning [IsEnoughWorkspace] [GetSolutionsFallback WTI] Solver <ConvHipImplicitGemmGroupBwdXdlops>, workspace required: 11952128, provided ptr: 0x752f13692000 size: 9584640
MIOpen(HIP): Warning [IsEnoughWorkspace] [GetSolutionsFallback AI] Solver <GemmFwdRest>, workspace required: 33546240, provided ptr: 0x752fe0ec0000 size: 11419648
MIOpen(HIP): Warning [IsEnoughWorkspace] [GetSolutionsFallback AI] Solver <ConvHipImplicitGemmGroupFwdXdlops>, workspace required: 9846784, provided ptr: 0x752fe1352000 size: 9584640
MIOpen(HIP): Warning [IsEnoughWorkspace] [GetSolutionsFallback AI] Solver <GemmFwdRest>, workspace required: 67092480, provided ptr: 0x752f38524000 size: 19628032
MIOpen(HIP): Warning [IsEnoughWorkspace] [GetSolutionsFallback AI] Solver <ConvHipImplicitGemmGroupFwdXdlops>, workspace required: 19234816, provided ptr: 0x752f38e48000 size: 19169280
MIOpen(HIP): Warning [IsEnoughWorkspace] [GetSolutionsFallback WTI] Solver <ConvAsmImplicitGemmGTCDynamicBwdXdlopsNHWC>, workspace required: 19300352, provided ptr: 0x752f38524000 size: 19169280
MIOpen(HIP): Warning [IsEnoughWorkspace] [GetSolutionsFallback WTI] Solver <ConvHipImplicitGemmGroupBwdXdlops>, workspace required: 19300352, provided ptr: 0x752f38524000 size: 19169280
MIOpen(HIP): Warning [IsEnoughWorkspace] [GetSolutionsFallback AI] Solver <GemmFwdRest>, workspace required: 67092480, provided ptr: 0x752f38524000 size: 19283968
MIOpen(HIP): Warning [IsEnoughWorkspace] [GetSolutionsFallback AI] Solver <ConvHipImplicitGemmGroupFwdXdlops>, workspace required: 19185664, provided ptr: 0x752f38e48000 size: 19169280
MIOpen(HIP): Warning [IsEnoughWorkspace] [GetSolutionsFallback AI] Solver <GemmFwdRest>, workspace required: 100638720, provided ptr: 0x752f3976c000 size: 28782592
MIOpen(HIP): Warning [IsEnoughWorkspace] [GetSolutionsFallback AI] Solver <ConvHipImplicitGemmGroupFwdXdlops>, workspace required: 28758016, provided ptr: 0x752f3a522000 size: 28753920
MIOpen(HIP): Warning [IsEnoughWorkspace] [GetSolutionsFallback AI] Solver <ConvHipImplicitGemmGroupFwdXdlops>, workspace required: 14827264, provided ptr: 0x752fe0ec0000 size: 14377984
MIOpen(HIP): Warning [IsEnoughWorkspace] [GetSolutionsFallback AI] Solver <GemmFwdRest>, workspace required: 100638720, provided ptr: 0x752fe0ec0000 size: 14377984
MIOpen(HIP): Warning [IsEnoughWorkspace] [GetSolutionsFallback AI] Solver <ConvHipImplicitGemmGroupFwdXdlops>, workspace required: 8527872, provided ptr: 0x752e4e2c0000 size: 1662976
MIOpen(HIP): Warning [IsEnoughWorkspace] [GetSolutionsFallback AI] Solver <ConvAsmImplicitGemmGTCDynamicFwdXdlopsNHWC>, workspace required: 8527872, provided ptr: 0x752e4e2c0000 size: 1662976
MIOpen(HIP): Warning [IsEnoughWorkspace] [GetSolutionsFallback WTI] Solver <ConvAsmImplicitGemmGTCDynamicBwdXdlopsNHWC>, workspace required: 38305792, provided ptr: 0x752f13200000 size: 7602176
MIOpen(HIP): Warning [IsEnoughWorkspace] [GetSolutionsFallback WTI] Solver <ConvHipImplicitGemmGroupBwdXdlops>, workspace required: 38305792, provided ptr: 0x752f13200000 size: 7602176
MIOpen(HIP): Warning [IsEnoughWorkspace] [GetSolutionsFallback AI] Solver <GemmFwdRest>, workspace required: 26607616, provided ptr: 0x752fe0ec0000 size: 14942208
MIOpen(HIP): Warning [IsEnoughWorkspace] [GetSolutionsFallback AI] Solver <GemmFwdRest>, workspace required: 66519040, provided ptr: 0x752f37c00000 size: 20840448
MIOpen(HIP): Warning [IsEnoughWorkspace] [GetSolutionsFallback AI] Solver <ConvHipImplicitGemmGroupFwdXdlops>, workspace required: 19267584, provided ptr: 0x752f38510000 size: 19005440
MIOpen(HIP): Warning [IsEnoughWorkspace] [GetSolutionsFallback AI] Solver <GemmFwdRest>, workspace required: 133038080, provided ptr: 0x752f3e800000 size: 38469632
MIOpen(HIP): Warning [IsEnoughWorkspace] [GetSolutionsFallback AI] Solver <ConvHipImplicitGemmGroupFwdXdlops>, workspace required: 38076416, provided ptr: 0x752f3e800000 size: 38010880
MIOpen(HIP): Warning [IsEnoughWorkspace] [GetSolutionsFallback WTI] Solver <ConvAsmImplicitGemmGTCDynamicBwdXdlopsNHWC>, workspace required: 38141952, provided ptr: 0x752f3a040000 size: 38010880
MIOpen(HIP): Warning [IsEnoughWorkspace] [GetSolutionsFallback WTI] Solver <ConvHipImplicitGemmGroupBwdXdlops>, workspace required: 38141952, provided ptr: 0x752f3a040000 size: 38010880
MIOpen(HIP): Warning [IsEnoughWorkspace] [GetSolutionsFallback AI] Solver <GemmFwdRest>, workspace required: 133038080, provided ptr: 0x752f3e800000 size: 38125568
MIOpen(HIP): Warning [IsEnoughWorkspace] [GetSolutionsFallback AI] Solver <ConvHipImplicitGemmGroupFwdXdlops>, workspace required: 38027264, provided ptr: 0x752f3e800000 size: 38010880
MIOpen(HIP): Warning [IsEnoughWorkspace] [GetSolutionsFallback AI] Solver <GemmFwdRest>, workspace required: 199557120, provided ptr: 0x752f40330000 size: 57044992
MIOpen(HIP): Warning [IsEnoughWorkspace] [GetSolutionsFallback AI] Solver <ConvHipImplicitGemmGroupFwdXdlops>, workspace required: 57020416, provided ptr: 0x752f41e60000 size: 57016320
MIOpen(HIP): Warning [IsEnoughWorkspace] [GetSolutionsFallback AI] Solver <ConvHipImplicitGemmGroupFwdXdlops>, workspace required: 29400064, provided ptr: 0x752f39730000 size: 28509184
MIOpen(HIP): Warning [IsEnoughWorkspace] [GetSolutionsFallback AI] Solver <GemmFwdRest>, workspace required: 199557120, provided ptr: 0x752f39730000 size: 28509184
MIOpen(HIP): Warning [IsEnoughWorkspace] [GetSolutionsFallback AI] Solver <ConvHipImplicitGemmGroupFwdXdlops>, workspace required: 8015872, provided ptr: 0x752eb7800000 size: 946176
MIOpen(HIP): Warning [IsEnoughWorkspace] [GetSolutionsFallback AI] Solver <ConvAsmImplicitGemmGTCDynamicFwdXdlopsNHWC>, workspace required: 8015872, provided ptr: 0x752eb7800000 size: 946176
MIOpen(HIP): Warning [IsEnoughWorkspace] [GetSolutionsFallback WTI] Solver <ConvAsmImplicitGemmGTCDynamicBwdXdlopsNHWC>, workspace required: 36257792, provided ptr: 0x752e51a00000 size: 4325376
MIOpen(HIP): Warning [IsEnoughWorkspace] [GetSolutionsFallback WTI] Solver <ConvHipImplicitGemmGroupBwdXdlops>, workspace required: 36257792, provided ptr: 0x752e51a00000 size: 4325376
MIOpen(HIP): Warning [IsEnoughWorkspace] [GetSolutionsFallback AI] Solver <GemmFwdRest>, workspace required: 15138816, provided ptr: 0x752f13200000 size: 11665408
MIOpen(HIP): Warning [IsEnoughWorkspace] [GetSolutionsFallback WTI] Solver <ConvAsmImplicitGemmGTCDynamicBwdXdlopsNHWC>, workspace required: 12812288, provided ptr: 0x752fe0ec0000 size: 10813440
MIOpen(HIP): Warning [IsEnoughWorkspace] [GetSolutionsFallback WTI] Solver <ConvHipImplicitGemmGroupBwdXdlops>, workspace required: 12812288, provided ptr: 0x752fe0ec0000 size: 10813440
MIOpen(HIP): Warning [IsEnoughWorkspace] [GetSolutionsFallback AI] Solver <GemmFwdRest>, workspace required: 37847040, provided ptr: 0x752fe13e8000 size: 12648448
MIOpen(HIP): Warning [IsEnoughWorkspace] [GetSolutionsFallback AI] Solver <ConvHipImplicitGemmGroupFwdXdlops>, workspace required: 11075584, provided ptr: 0x752fe1910000 size: 10813440
MIOpen(HIP): Warning [IsEnoughWorkspace] [GetSolutionsFallback AI] Solver <GemmFwdRest>, workspace required: 75694080, provided ptr: 0x752f38650000 size: 22085632
MIOpen(HIP): Warning [IsEnoughWorkspace] [GetSolutionsFallback AI] Solver <ConvHipImplicitGemmGroupFwdXdlops>, workspace required: 21692416, provided ptr: 0x752f390a0000 size: 21626880
MIOpen(HIP): Warning [IsEnoughWorkspace] [GetSolutionsFallback WTI] Solver <ConvAsmImplicitGemmGTCDynamicBwdXdlopsNHWC>, workspace required: 21757952, provided ptr: 0x752f38650000 size: 21626880
MIOpen(HIP): Warning [IsEnoughWorkspace] [GetSolutionsFallback WTI] Solver <ConvHipImplicitGemmGroupBwdXdlops>, workspace required: 21757952, provided ptr: 0x752f38650000 size: 21626880
MIOpen(HIP): Warning [IsEnoughWorkspace] [GetSolutionsFallback AI] Solver <GemmFwdRest>, workspace required: 75694080, provided ptr: 0x752f38650000 size: 21741568
MIOpen(HIP): Warning [IsEnoughWorkspace] [GetSolutionsFallback AI] Solver <ConvHipImplicitGemmGroupFwdXdlops>, workspace required: 21643264, provided ptr: 0x752f390a0000 size: 21626880
MIOpen(HIP): Warning [IsEnoughWorkspace] [GetSolutionsFallback AI] Solver <GemmFwdRest>, workspace required: 113541120, provided ptr: 0x752f3e800000 size: 32468992
MIOpen(HIP): Warning [IsEnoughWorkspace] [GetSolutionsFallback AI] Solver <ConvHipImplicitGemmGroupFwdXdlops>, workspace required: 32444416, provided ptr: 0x752f3e800000 size: 32440320
MIOpen(HIP): Warning [IsEnoughWorkspace] [GetSolutionsFallback AI] Solver <ConvHipImplicitGemmGroupFwdXdlops>, workspace required: 16728064, provided ptr: 0x752fe0ec0000 size: 16221184
MIOpen(HIP): Warning [IsEnoughWorkspace] [GetSolutionsFallback AI] Solver <GemmFwdRest>, workspace required: 113541120, provided ptr: 0x752fe0ec0000 size: 16221184
MIOpen(HIP): Warning [IsEnoughWorkspace] [GetSolutionsFallback AI] Solver <ConvHipImplicitGemmGroupFwdXdlops>, workspace required: 8420352, provided ptr: 0x752e4f280000 size: 1512448
MIOpen(HIP): Warning [IsEnoughWorkspace] [GetSolutionsFallback AI] Solver <ConvAsmImplicitGemmGTCDynamicFwdXdlopsNHWC>, workspace required: 8420352, provided ptr: 0x752e4f280000 size: 1512448
MIOpen(HIP): Warning [IsEnoughWorkspace] [GetSolutionsFallback WTI] Solver <ConvAsmImplicitGemmGTCDynamicBwdXdlopsNHWC>, workspace required: 37875712, provided ptr: 0x752f13200000 size: 6914048
MIOpen(HIP): Warning [IsEnoughWorkspace] [GetSolutionsFallback WTI] Solver <ConvHipImplicitGemmGroupBwdXdlops>, workspace required: 37875712, provided ptr: 0x752f13200000 size: 6914048
MIOpen(HIP): Warning [IsEnoughWorkspace] [GetSolutionsFallback AI] Solver <GemmFwdRest>, workspace required: 24199168, provided ptr: 0x752fe0ec0000 size: 14254080
MIOpen(HIP): Warning [IsEnoughWorkspace] [GetSolutionsFallback WTI] Solver <ConvAsmImplicitGemmGTCDynamicBwdXdlopsNHWC>, workspace required: 17342464, provided ptr: 0x752f37c00000 size: 17285120
MIOpen(HIP): Warning [IsEnoughWorkspace] [GetSolutionsFallback WTI] Solver <ConvHipImplicitGemmGroupBwdXdlops>, workspace required: 17342464, provided ptr: 0x752f37c00000 size: 17285120
MIOpen(HIP): Warning [IsEnoughWorkspace] [GetSolutionsFallback AI] Solver <GemmFwdRest>, workspace required: 60497920, provided ptr: 0x752f3843e000 size: 19120128
MIOpen(HIP): Warning [IsEnoughWorkspace] [GetSolutionsFallback AI] Solver <ConvHipImplicitGemmGroupFwdXdlops>, workspace required: 17547264, provided ptr: 0x752f38c7c000 size: 17285120
MIOpen(HIP): Warning [IsEnoughWorkspace] [GetSolutionsFallback AI] Solver <GemmFwdRest>, workspace required: 120995840, provided ptr: 0x752f3a536000 size: 35028992
MIOpen(HIP): Warning [IsEnoughWorkspace] [GetSolutionsFallback AI] Solver <ConvHipImplicitGemmGroupFwdXdlops>, workspace required: 34635776, provided ptr: 0x752f3e800000 size: 34570240
MIOpen(HIP): Warning [IsEnoughWorkspace] [GetSolutionsFallback WTI] Solver <ConvAsmImplicitGemmGTCDynamicBwdXdlopsNHWC>, workspace required: 34701312, provided ptr: 0x752f3a536000 size: 34570240
MIOpen(HIP): Warning [IsEnoughWorkspace] [GetSolutionsFallback WTI] Solver <ConvHipImplicitGemmGroupBwdXdlops>, workspace required: 34701312, provided ptr: 0x752f3a536000 size: 34570240
MIOpen(HIP): Warning [IsEnoughWorkspace] [GetSolutionsFallback AI] Solver <GemmFwdRest>, workspace required: 120995840, provided ptr: 0x752f3e800000 size: 34684928
MIOpen(HIP): Warning [IsEnoughWorkspace] [GetSolutionsFallback AI] Solver <ConvHipImplicitGemmGroupFwdXdlops>, workspace required: 34586624, provided ptr: 0x752f3e800000 size: 34570240
MIOpen(HIP): Warning [IsEnoughWorkspace] [GetSolutionsFallback AI] Solver <GemmFwdRest>, workspace required: 181493760, provided ptr: 0x752f41974000 size: 51884032
MIOpen(HIP): Warning [IsEnoughWorkspace] [GetSolutionsFallback AI] Solver <ConvHipImplicitGemmGroupFwdXdlops>, workspace required: 51859456, provided ptr: 0x752f4322e000 size: 51855360
MIOpen(HIP): Warning [IsEnoughWorkspace] [GetSolutionsFallback AI] Solver <ConvHipImplicitGemmGroupFwdXdlops>, workspace required: 26738944, provided ptr: 0x752f394ba000 size: 25928704
MIOpen(HIP): Warning [IsEnoughWorkspace] [GetSolutionsFallback AI] Solver <GemmFwdRest>, workspace required: 181493760, provided ptr: 0x752f394ba000 size: 25928704
MIOpen(HIP): Warning [IsEnoughWorkspace] [GetSolutionsFallback AI] Solver <ConvHipImplicitGemmGroupFwdXdlops>, workspace required: 9183232, provided ptr: 0x752e4e2c0000 size: 2580480
MIOpen(HIP): Warning [IsEnoughWorkspace] [GetSolutionsFallback AI] Solver <ConvAsmImplicitGemmGTCDynamicFwdXdlopsNHWC>, workspace required: 9183232, provided ptr: 0x752e4e2c0000 size: 2580480
MIOpen(HIP): Warning [IsEnoughWorkspace] [GetSolutionsFallback WTI] Solver <ConvAsmImplicitGemmGTCDynamicBwdXdlopsNHWC>, workspace required: 40927232, provided ptr: 0x752fe0ec0000 size: 11796480
MIOpen(HIP): Warning [IsEnoughWorkspace] [GetSolutionsFallback WTI] Solver <ConvHipImplicitGemmGroupBwdXdlops>, workspace required: 40927232, provided ptr: 0x752fe0ec0000 size: 11796480
MIOpen(HIP): Warning [IsEnoughWorkspace] [GetSolutionsFallback AI] Solver <GemmFwdRest>, workspace required: 41287680, provided ptr: 0x752f37c00000 size: 19136512
MIOpen(HIP): Warning [IsEnoughWorkspace] [GetSolutionsFallback AI] Solver <GemmFwdRest>, workspace required: 103219200, provided ptr: 0x752f39820000 size: 31326208
MIOpen(HIP): Warning [IsEnoughWorkspace] [GetSolutionsFallback AI] Solver <ConvHipImplicitGemmGroupFwdXdlops>, workspace required: 29753344, provided ptr: 0x752f3a630000 size: 29491200
MIOpen(HIP): Warning [IsEnoughWorkspace] [GetSolutionsFallback AI] Solver <GemmFwdRest>, workspace required: 206438400, provided ptr: 0x752f40420000 size: 59441152
MIOpen(HIP): Warning [IsEnoughWorkspace] [GetSolutionsFallback AI] Solver <ConvHipImplicitGemmGroupFwdXdlops>, workspace required: 59047936, provided ptr: 0x752f42040000 size: 58982400
MIOpen(HIP): Warning [IsEnoughWorkspace] [GetSolutionsFallback WTI] Solver <ConvAsmImplicitGemmGTCDynamicBwdXdlopsNHWC>, workspace required: 59113472, provided ptr: 0x752f40420000 size: 58982400
MIOpen(HIP): Warning [IsEnoughWorkspace] [GetSolutionsFallback WTI] Solver <ConvHipImplicitGemmGroupBwdXdlops>, workspace required: 59113472, provided ptr: 0x752f40420000 size: 58982400
MIOpen(HIP): Warning [IsEnoughWorkspace] [GetSolutionsFallback AI] Solver <GemmFwdRest>, workspace required: 206438400, provided ptr: 0x752f42040000 size: 59097088
MIOpen(HIP): Warning [IsEnoughWorkspace] [GetSolutionsFallback AI] Solver <ConvHipImplicitGemmGroupFwdXdlops>, workspace required: 58998784, provided ptr: 0x752f43c60000 size: 58982400
MIOpen(HIP): Warning [IsEnoughWorkspace] [GetSolutionsFallback AI] Solver <GemmFwdRest>, workspace required: 309657600, provided ptr: 0x752f43c60000 size: 88502272
MIOpen(HIP): Warning [IsEnoughWorkspace] [GetSolutionsFallback AI] Solver <ConvHipImplicitGemmGroupFwdXdlops>, workspace required: 88477696, provided ptr: 0x752f46690000 size: 88473600
MIOpen(HIP): Warning [IsEnoughWorkspace] [GetSolutionsFallback AI] Solver <ConvHipImplicitGemmGroupFwdXdlops>, workspace required: 45620224, provided ptr: 0x752f37c00000 size: 44237824
MIOpen(HIP): Warning [IsEnoughWorkspace] [GetSolutionsFallback AI] Solver <GemmFwdRest>, workspace required: 309657600, provided ptr: 0x752f37c00000 size: 44237824
MIOpen(HIP): Warning [IsEnoughWorkspace] [GetSolutionsFallback AI] Solver <ConvHipImplicitGemmGroupFwdXdlops>, workspace required: 8133632, provided ptr: 0x752e4f280000 size: 1111040
MIOpen(HIP): Warning [IsEnoughWorkspace] [GetSolutionsFallback AI] Solver <ConvAsmImplicitGemmGTCDynamicFwdXdlopsNHWC>, workspace required: 8133632, provided ptr: 0x752e4f280000 size: 1111040
MIOpen(HIP): Warning [IsEnoughWorkspace] [GetSolutionsFallback WTI] Solver <ConvAsmImplicitGemmGTCDynamicBwdXdlopsNHWC>, workspace required: 36728832, provided ptr: 0x752e51a00000 size: 5079040
MIOpen(HIP): Warning [IsEnoughWorkspace] [GetSolutionsFallback WTI] Solver <ConvHipImplicitGemmGroupBwdXdlops>, workspace required: 36728832, provided ptr: 0x752e51a00000 size: 5079040
MIOpen(HIP): Warning [IsEnoughWorkspace] [GetSolutionsFallback AI] Solver <GemmFwdRest>, workspace required: 17776640, provided ptr: 0x752f13200000 size: 12419072
MIOpen(HIP): Warning [IsEnoughWorkspace] [GetSolutionsFallback WTI] Solver <ConvAsmImplicitGemmGTCDynamicBwdXdlopsNHWC>, workspace required: 14131200, provided ptr: 0x752fe0ec0000 size: 12697600
MIOpen(HIP): Warning [IsEnoughWorkspace] [GetSolutionsFallback WTI] Solver <ConvHipImplicitGemmGroupBwdXdlops>, workspace required: 14131200, provided ptr: 0x752fe0ec0000 size: 12697600
MIOpen(HIP): Warning [IsEnoughWorkspace] [GetSolutionsFallback AI] Solver <GemmFwdRest>, workspace required: 44441600, provided ptr: 0x752fe14ce000 size: 14532608
MIOpen(HIP): Warning [IsEnoughWorkspace] [GetSolutionsFallback AI] Solver <ConvHipImplicitGemmGroupFwdXdlops>, workspace required: 12959744, provided ptr: 0x752f37c00000 size: 12697600
MIOpen(HIP): Warning [IsEnoughWorkspace] [GetSolutionsFallback AI] Solver <GemmFwdRest>, workspace required: 88883200, provided ptr: 0x752f39438000 size: 25853952
MIOpen(HIP): Warning [IsEnoughWorkspace] [GetSolutionsFallback AI] Solver <ConvHipImplicitGemmGroupFwdXdlops>, workspace required: 25460736, provided ptr: 0x752f3a054000 size: 25395200
MIOpen(HIP): Warning [IsEnoughWorkspace] [GetSolutionsFallback WTI] Solver <ConvAsmImplicitGemmGTCDynamicBwdXdlopsNHWC>, workspace required: 25526272, provided ptr: 0x752f3881c000 size: 25395200
MIOpen(HIP): Warning [IsEnoughWorkspace] [GetSolutionsFallback WTI] Solver <ConvHipImplicitGemmGroupBwdXdlops>, workspace required: 25526272, provided ptr: 0x752f3881c000 size: 25395200
MIOpen(HIP): Warning [IsEnoughWorkspace] [GetSolutionsFallback AI] Solver <GemmFwdRest>, workspace required: 88883200, provided ptr: 0x752f39438000 size: 25509888
MIOpen(HIP): Warning [IsEnoughWorkspace] [GetSolutionsFallback AI] Solver <ConvHipImplicitGemmGroupFwdXdlops>, workspace required: 25411584, provided ptr: 0x752f3a054000 size: 25395200
MIOpen(HIP): Warning [IsEnoughWorkspace] [GetSolutionsFallback AI] Solver <GemmFwdRest>, workspace required: 133324800, provided ptr: 0x752f3e800000 size: 38121472
MIOpen(HIP): Warning [IsEnoughWorkspace] [GetSolutionsFallback AI] Solver <ConvHipImplicitGemmGroupFwdXdlops>, workspace required: 38096896, provided ptr: 0x752f3fa2a000 size: 38092800
MIOpen(HIP): Warning [IsEnoughWorkspace] [GetSolutionsFallback AI] Solver <ConvHipImplicitGemmGroupFwdXdlops>, workspace required: 19642624, provided ptr: 0x752f37c00000 size: 19047424
MIOpen(HIP): Warning [IsEnoughWorkspace] [GetSolutionsFallback AI] Solver <GemmFwdRest>, workspace required: 133324800, provided ptr: 0x752f37c00000 size: 19047424
[0;36m(APIServer pid=47055)[0;0m [32mINFO[0m [90m10-07 15:22:15[0m [90m[stats.py:902][0m [OmniTiming] req=speech-b15e0fb5da5e6dbb-bea1c59f total=7.89s engine=7.89s stages=[0:7.88s]
INFO:     127.0.0.1:52128 - "POST /v1/audio/speech HTTP/1.1" 200 OK
[0;36m(APIServer pid=47055)[0;0m [32mINFO[0m [90m10-07 15:22:15[0m [90m[serving_speech.py:2423][0m Diffusion TTS speech request speech-90e45eb0a11568c4: voice_clone=False
[0;36m(APIServer pid=47055)[0;0m [32mINFO[0m [90m10-07 15:22:15[0m [90m[serving_speech.py:2471][0m Applied diffusion speech params: seed=42 extra_params={}
[0;36m(APIServer pid=47055)[0;0m [32mINFO[0m [90m10-07 15:22:15[0m [90m[diffusion_engine.py:764][0m [RequestBatch] admission wait done waiting=1 max_batch=8 waited_ms=2.1
MIOpen(HIP): Warning [IsEnoughWorkspace] [GetSolutionsFallback AI] Solver <ConvHipImplicitGemmGroupFwdXdlops>, workspace required: 8502272, provided ptr: 0x752e4e2c0000 size: 1627136
MIOpen(HIP): Warning [IsEnoughWorkspace] [GetSolutionsFallback AI] Solver <ConvAsmImplicitGemmGTCDynamicFwdXdlopsNHWC>, workspace required: 8502272, provided ptr: 0x752e4e2c0000 size: 1627136
MIOpen(HIP): Warning [IsEnoughWorkspace] [GetSolutionsFallback WTI] Solver <ConvAsmImplicitGemmGTCDynamicBwdXdlopsNHWC>, workspace required: 38203392, provided ptr: 0x752f13200000 size: 7438336
MIOpen(HIP): Warning [IsEnoughWorkspace] [GetSolutionsFallback WTI] Solver <ConvHipImplicitGemmGroupBwdXdlops>, workspace required: 38203392, provided ptr: 0x752f13200000 size: 7438336
MIOpen(HIP): Warning [IsEnoughWorkspace] [GetSolutionsFallback AI] Solver <GemmFwdRest>, workspace required: 26034176, provided ptr: 0x752fe0ec0000 size: 14778368
MIOpen(HIP): Warning [IsEnoughWorkspace] [GetSolutionsFallback AI] Solver <GemmFwdRest>, workspace required: 65085440, provided ptr: 0x752f37c00000 size: 20430848
MIOpen(HIP): Warning [IsEnoughWorkspace] [GetSolutionsFallback AI] Solver <ConvHipImplicitGemmGroupFwdXdlops>, workspace required: 18857984, provided ptr: 0x752f384de000 size: 18595840
MIOpen(HIP): Warning [IsEnoughWorkspace] [GetSolutionsFallback AI] Solver <GemmFwdRest>, workspace required: 130170880, provided ptr: 0x752f3e800000 size: 37650432
MIOpen(HIP): Warning [IsEnoughWorkspace] [GetSolutionsFallback AI] Solver <ConvHipImplicitGemmGroupFwdXdlops>, workspace required: 37257216, provided ptr: 0x752f3e800000 size: 37191680
MIOpen(HIP): Warning [IsEnoughWorkspace] [GetSolutionsFallback WTI] Solver <ConvAsmImplicitGemmGTCDynamicBwdXdlopsNHWC>, workspace required: 37322752, provided ptr: 0x752f39f78000 size: 37191680
MIOpen(HIP): Warning [IsEnoughWorkspace] [GetSolutionsFallback WTI] Solver <ConvHipImplicitGemmGroupBwdXdlops>, workspace required: 37322752, provided ptr: 0x752f39f78000 size: 37191680
MIOpen(HIP): Warning [IsEnoughWorkspace] [GetSolutionsFallback AI] Solver <GemmFwdRest>, workspace required: 130170880, provided ptr: 0x752f3e800000 size: 37306368
MIOpen(HIP): Warning [IsEnoughWorkspace] [GetSolutionsFallback AI] Solver <ConvHipImplicitGemmGroupFwdXdlops>, workspace required: 37208064, provided ptr: 0x752f3e800000 size: 37191680
MIOpen(HIP): Warning [IsEnoughWorkspace] [GetSolutionsFallback AI] Solver <GemmFwdRest>, workspace required: 195256320, provided ptr: 0x752f4029a000 size: 55816192
MIOpen(HIP): Warning [IsEnoughWorkspace] [GetSolutionsFallback AI] Solver <ConvHipImplicitGemmGroupFwdXdlops>, workspace required: 55791616, provided ptr: 0x752f41d34000 size: 55787520
MIOpen(HIP): Warning [IsEnoughWorkspace] [GetSolutionsFallback AI] Solver <ConvHipImplicitGemmGroupFwdXdlops>, workspace required: 28766464, provided ptr: 0x752f3969a000 size: 27894784
MIOpen(HIP): Warning [IsEnoughWorkspace] [GetSolutionsFallback AI] Solver <GemmFwdRest>, workspace required: 195256320, provided ptr: 0x752f3969a000 size: 27894784
MIOpen(HIP): Warning [IsEnoughWorkspace] [GetSolutionsFallback AI] Solver <ConvHipImplicitGemmGroupFwdXdlops>, workspace required: 9162752, provided ptr: 0x752e4e2c0000 size: 2551808
MIOpen(HIP): Warning [IsEnoughWorkspace] [GetSolutionsFallback AI] Solver <ConvAsmImplicitGemmGTCDynamicFwdXdlopsNHWC>, workspace required: 9162752, provided ptr: 0x752e4e2c0000 size: 2551808
MIOpen(HIP): Warning [IsEnoughWorkspace] [GetSolutionsFallback WTI] Solver <ConvAsmImplicitGemmGTCDynamicBwdXdlopsNHWC>, workspace required: 40845312, provided ptr: 0x752fe0ec0000 size: 11665408
MIOpen(HIP): Warning [IsEnoughWorkspace] [GetSolutionsFallback WTI] Solver <ConvHipImplicitGemmGroupBwdXdlops>, workspace required: 40845312, provided ptr: 0x752fe0ec0000 size: 11665408
MIOpen(HIP): Warning [IsEnoughWorkspace] [GetSolutionsFallback AI] Solver <GemmFwdRest>, workspace required: 40828928, provided ptr: 0x752f37c00000 size: 19005440
MIOpen(HIP): Warning [IsEnoughWorkspace] [GetSolutionsFallback AI] Solver <GemmFwdRest>, workspace required: 102072320, provided ptr: 0x752f397d0000 size: 30998528
MIOpen(HIP): Warning [IsEnoughWorkspace] [GetSolutionsFallback AI] Solver <ConvHipImplicitGemmGroupFwdXdlops>, workspace required: 29425664, provided ptr: 0x752f3a5b8000 size: 29163520
MIOpen(HIP): Warning [IsEnoughWorkspace] [GetSolutionsFallback AI] Solver <GemmFwdRest>, workspace required: 204144640, provided ptr: 0x752f403d0000 size: 58785792
MIOpen(HIP): Warning [IsEnoughWorkspace] [GetSolutionsFallback AI] Solver <ConvHipImplicitGemmGroupFwdXdlops>, workspace required: 58392576, provided ptr: 0x752f41fa0000 size: 58327040
MIOpen(HIP): Warning [IsEnoughWorkspace] [GetSolutionsFallback WTI] Solver <ConvAsmImplicitGemmGTCDynamicBwdXdlopsNHWC>, workspace required: 58458112, provided ptr: 0x752f403d0000 size: 58327040
MIOpen(HIP): Warning [IsEnoughWorkspace] [GetSolutionsFallback WTI] Solver <ConvHipImplicitGemmGroupBwdXdlops>, workspace required: 58458112, provided ptr: 0x752f403d0000 size: 58327040
MIOpen(HIP): Warning [IsEnoughWorkspace] [GetSolutionsFallback AI] Solver <GemmFwdRest>, workspace required: 204144640, provided ptr: 0x752f41fa0000 size: 58441728
MIOpen(HIP): Warning [IsEnoughWorkspace] [GetSolutionsFallback AI] Solver <ConvHipImplicitGemmGroupFwdXdlops>, workspace required: 58343424, provided ptr: 0x752f43b70000 size: 58327040
MIOpen(HIP): Warning [IsEnoughWorkspace] [GetSolutionsFallback AI] Solver <GemmFwdRest>, workspace required: 306216960, provided ptr: 0x752f43b70000 size: 87519232
MIOpen(HIP): Warning [IsEnoughWorkspace] [GetSolutionsFallback AI] Solver <ConvHipImplicitGemmGroupFwdXdlops>, workspace required: 87494656, provided ptr: 0x752f46528000 size: 87490560
MIOpen(HIP): Warning [IsEnoughWorkspace] [GetSolutionsFallback AI] Solver <ConvHipImplicitGemmGroupFwdXdlops>, workspace required: 45113344, provided ptr: 0x752f37c00000 size: 43746304
MIOpen(HIP): Warning [IsEnoughWorkspace] [GetSolutionsFallback AI] Solver <GemmFwdRest>, workspace required: 306216960, provided ptr: 0x752f37c00000 size: 43746304
MIOpen(HIP): Warning [IsEnoughWorkspace] [GetSolutionsFallback AI] Solver <ConvHipImplicitGemmGroupFwdXdlops>, workspace required: 8522752, provided ptr: 0x752e4e2c0000 size: 1655808
MIOpen(HIP): Warning [IsEnoughWorkspace] [GetSolutionsFallback AI] Solver <ConvAsmImplicitGemmGTCDynamicFwdXdlopsNHWC>, workspace required: 8522752, provided ptr: 0x752e4e2c0000 size: 1655808
MIOpen(HIP): Warning [IsEnoughWorkspace] [GetSolutionsFallback WTI] Solver <ConvAsmImplicitGemmGTCDynamicBwdXdlopsNHWC>, workspace required: 38285312, provided ptr: 0x752f13200000 size: 7569408
MIOpen(HIP): Warning [IsEnoughWorkspace] [GetSolutionsFallback WTI] Solver <ConvHipImplicitGemmGroupBwdXdlops>, workspace required: 38285312, provided ptr: 0x752f13200000 size: 7569408
MIOpen(HIP): Warning [IsEnoughWorkspace] [GetSolutionsFallback AI] Solver <GemmFwdRest>, workspace required: 26492928, provided ptr: 0x752fe0ec0000 size: 14909440
MIOpen(HIP): Warning [IsEnoughWorkspace] [GetSolutionsFallback AI] Solver <GemmFwdRest>, workspace required: 66232320, provided ptr: 0x752f37c00000 size: 20758528
MIOpen(HIP): Warning [IsEnoughWorkspace] [GetSolutionsFallback AI] Solver <ConvHipImplicitGemmGroupFwdXdlops>, workspace required: 19185664, provided ptr: 0x752f38506000 size: 18923520
MIOpen(HIP): Warning [IsEnoughWorkspace] [GetSolutionsFallback AI] Solver <GemmFwdRest>, workspace required: 132464640, provided ptr: 0x752f3e800000 size: 38305792
MIOpen(HIP): Warning [IsEnoughWorkspace] [GetSolutionsFallback AI] Solver <ConvHipImplicitGemmGroupFwdXdlops>, workspace required: 37912576, provided ptr: 0x752f3e800000 size: 37847040
MIOpen(HIP): Warning [IsEnoughWorkspace] [GetSolutionsFallback WTI] Solver <ConvAsmImplicitGemmGTCDynamicBwdXdlopsNHWC>, workspace required: 37978112, provided ptr: 0x752f3a018000 size: 37847040
MIOpen(HIP): Warning [IsEnoughWorkspace] [GetSolutionsFallback WTI] Solver <ConvHipImplicitGemmGroupBwdXdlops>, workspace required: 37978112, provided ptr: 0x752f3a018000 size: 37847040
MIOpen(HIP): Warning [IsEnoughWorkspace] [GetSolutionsFallback AI] Solver <GemmFwdRest>, workspace required: 132464640, provided ptr: 0x752f3e800000 size: 37961728
MIOpen(HIP): Warning [IsEnoughWorkspace] [GetSolutionsFallback AI] Solver <ConvHipImplicitGemmGroupFwdXdlops>, workspace required: 37863424, provided ptr: 0x752f3e800000 size: 37847040
MIOpen(HIP): Warning [IsEnoughWorkspace] [GetSolutionsFallback AI] Solver <GemmFwdRest>, workspace required: 198696960, provided ptr: 0x752f40312000 size: 56799232
MIOpen(HIP): Warning [IsEnoughWorkspace] [GetSolutionsFallback AI] Solver <ConvHipImplicitGemmGroupFwdXdlops>, workspace required: 56774656, provided ptr: 0x752f41e24000 size: 56770560
MIOpen(HIP): Warning [IsEnoughWorkspace] [GetSolutionsFallback AI] Solver <ConvHipImplicitGemmGroupFwdXdlops>, workspace required: 29273344, provided ptr: 0x752f39712000 size: 28386304
MIOpen(HIP): Warning [IsEnoughWorkspace] [GetSolutionsFallback AI] Solver <GemmFwdRest>, workspace required: 198696960, provided ptr: 0x752f39712000 size: 28386304
MIOpen(HIP): Warning [IsEnoughWorkspace] [GetSolutionsFallback AI] Solver <ConvHipImplicitGemmGroupFwdXdlops>, workspace required: 8276992, provided ptr: 0x752e4f280000 size: 1311744
MIOpen(HIP): Warning [IsEnoughWorkspace] [GetSolutionsFallback AI] Solver <ConvAsmImplicitGemmGTCDynamicFwdXdlopsNHWC>, workspace required: 8276992, provided ptr: 0x752e4f280000 size: 1311744
MIOpen(HIP): Warning [IsEnoughWorkspace] [GetSolutionsFallback WTI] Solver <ConvAsmImplicitGemmGTCDynamicBwdXdlopsNHWC>, workspace required: 37302272, provided ptr: 0x752f13200000 size: 5996544
MIOpen(HIP): Warning [IsEnoughWorkspace] [GetSolutionsFallback WTI] Solver <ConvHipImplicitGemmGroupBwdXdlops>, workspace required: 37302272, provided ptr: 0x752f13200000 size: 5996544
MIOpen(HIP): Warning [IsEnoughWorkspace] [GetSolutionsFallback AI] Solver <GemmFwdRest>, workspace required: 20987904, provided ptr: 0x752fe0ec0000 size: 13336576
MIOpen(HIP): Warning [IsEnoughWorkspace] [GetSolutionsFallback WTI] Solver <ConvAsmImplicitGemmGTCDynamicBwdXdlopsNHWC>, workspace required: 15736832, provided ptr: 0x752fe0ec0000 size: 14991360
MIOpen(HIP): Warning [IsEnoughWorkspace] [GetSolutionsFallback WTI] Solver <ConvHipImplicitGemmGroupBwdXdlops>, workspace required: 15736832, provided ptr: 0x752fe0ec0000 size: 14991360
MIOpen(HIP): Warning [IsEnoughWorkspace] [GetSolutionsFallback AI] Solver <GemmFwdRest>, workspace required: 52469760, provided ptr: 0x752f37c00000 size: 16826368
MIOpen(HIP): Warning [IsEnoughWorkspace] [GetSolutionsFallback AI] Solver <ConvAsmImplicitGemmGTCDynamicFwdXdlopsNHWC>, workspace required: 14991360, provided ptr: 0 size: 0
MIOpen(HIP): Warning [IsEnoughWorkspace] [GetSolutionsFallback AI] Solver <ConvHipImplicitGemmGroupFwdXdlops>, workspace required: 15253504, provided ptr: 0 size: 0
MIOpen(HIP): Warning [IsEnoughWorkspace] [GetSolutionsFallback AI] Solver <GemmFwdRest>, workspace required: 104939520, provided ptr: 0x752f3a6e4000 size: 30441472
MIOpen(HIP): Warning [IsEnoughWorkspace] [GetSolutionsFallback AI] Solver <ConvHipImplicitGemmGroupFwdXdlops>, workspace required: 30048256, provided ptr: 0x752f3e800000 size: 29982720
MIOpen(HIP): Warning [IsEnoughWorkspace] [GetSolutionsFallback WTI] Solver <ConvAsmImplicitGemmGTCDynamicBwdXdlopsNHWC>, workspace required: 30113792, provided ptr: 0x752f39898000 size: 29982720
MIOpen(HIP): Warning [IsEnoughWorkspace] [GetSolutionsFallback WTI] Solver <ConvHipImplicitGemmGroupBwdXdlops>, workspace required: 30113792, provided ptr: 0x752f39898000 size: 29982720
MIOpen(HIP): Warning [IsEnoughWorkspace] [GetSolutionsFallback AI] Solver <GemmFwdRest>, workspace required: 104939520, provided ptr: 0x752f3a6e4000 size: 30097408
MIOpen(HIP): Warning [IsEnoughWorkspace] [GetSolutionsFallback AI] Solver <ConvHipImplicitGemmGroupFwdXdlops>, workspace required: 29999104, provided ptr: 0x752f3e800000 size: 29982720
MIOpen(HIP): Warning [IsEnoughWorkspace] [GetSolutionsFallback AI] Solver <GemmFwdRest>, workspace required: 157409280, provided ptr: 0x752f3fd72000 size: 45002752
MIOpen(HIP): Warning [IsEnoughWorkspace] [GetSolutionsFallback AI] Solver <ConvHipImplicitGemmGroupFwdXdlops>, workspace required: 44978176, provided ptr: 0x752f412e4000 size: 44974080
MIOpen(HIP): Warning [IsEnoughWorkspace] [GetSolutionsFallback AI] Solver <ConvHipImplicitGemmGroupFwdXdlops>, workspace required: 23190784, provided ptr: 0x752f39172000 size: 22488064
MIOpen(HIP): Warning [IsEnoughWorkspace] [GetSolutionsFallback AI] Solver <GemmFwdRest>, workspace required: 157409280, provided ptr: 0x752f39172000 size: 22488064
MIOpen(HIP): Warning [IsEnoughWorkspace] [GetSolutionsFallback AI] Solver <ConvHipImplicitGemmGroupFwdXdlops>, workspace required: 9039872, provided ptr: 0x752e4e2c0000 size: 2379776
MIOpen(HIP): Warning [IsEnoughWorkspace] [GetSolutionsFallback AI] Solver <ConvAsmImplicitGemmGTCDynamicFwdXdlopsNHWC>, workspace required: 9039872, provided ptr: 0x752e4e2c0000 size: 2379776
MIOpen(HIP): Warning [IsEnoughWorkspace] [GetSolutionsFallback WTI] Solver <ConvAsmImplicitGemmGTCDynamicBwdXdlopsNHWC>, workspace required: 40353792, provided ptr: 0x752fe0ec0000 size: 10878976
MIOpen(HIP): Warning [IsEnoughWorkspace] [GetSolutionsFallback WTI] Solver <ConvHipImplicitGemmGroupBwdXdlops>, workspace required: 40353792, provided ptr: 0x752fe0ec0000 size: 10878976
MIOpen(HIP): Warning [IsEnoughWorkspace] [GetSolutionsFallback AI] Solver <GemmFwdRest>, workspace required: 38076416, provided ptr: 0x752f37c00000 size: 18219008
MIOpen(HIP): Warning [IsEnoughWorkspace] [GetSolutionsFallback AI] Solver <GemmFwdRest>, workspace required: 95191040, provided ptr: 0x752f388f8000 size: 29032448
MIOpen(HIP): Warning [IsEnoughWorkspace] [GetSolutionsFallback AI] Solver <ConvHipImplicitGemmGroupFwdXdlops>, workspace required: 27459584, provided ptr: 0x752f395f0000 size: 27197440
MIOpen(HIP): Warning [IsEnoughWorkspace] [GetSolutionsFallback AI] Solver <GemmFwdRest>, workspace required: 190382080, provided ptr: 0x752f401f0000 size: 54853632
MIOpen(HIP): Warning [IsEnoughWorkspace] [GetSolutionsFallback AI] Solver <ConvHipImplicitGemmGroupFwdXdlops>, workspace required: 54460416, provided ptr: 0x752f41be0000 size: 54394880
MIOpen(HIP): Warning [IsEnoughWorkspace] [GetSolutionsFallback WTI] Solver <ConvAsmImplicitGemmGTCDynamicBwdXdlopsNHWC>, workspace required: 54525952, provided ptr: 0x752f401f0000 size: 54394880
MIOpen(HIP): Warning [IsEnoughWorkspace] [GetSolutionsFallback WTI] Solver <ConvHipImplicitGemmGroupBwdXdlops>, workspace required: 54525952, provided ptr: 0x752f401f0000 size: 54394880
MIOpen(HIP): Warning [IsEnoughWorkspace] [GetSolutionsFallback AI] Solver <GemmFwdRest>, workspace required: 190382080, provided ptr: 0x752f41be0000 size: 54509568
MIOpen(HIP): Warning [IsEnoughWorkspace] [GetSolutionsFallback AI] Solver <ConvHipImplicitGemmGroupFwdXdlops>, workspace required: 54411264, provided ptr: 0x752f435d0000 size: 54394880
MIOpen(HIP): Warning [IsEnoughWorkspace] [GetSolutionsFallback AI] Solver <GemmFwdRest>, workspace required: 285573120, provided ptr: 0x752f435d0000 size: 81620992
MIOpen(HIP): Warning [IsEnoughWorkspace] [GetSolutionsFallback AI] Solver <ConvHipImplicitGemmGroupFwdXdlops>, workspace required: 81596416, provided ptr: 0x752f45cb8000 size: 81592320
MIOpen(HIP): Warning [IsEnoughWorkspace] [GetSolutionsFallback AI] Solver <ConvHipImplicitGemmGroupFwdXdlops>, workspace required: 42072064, provided ptr: 0x752f37c00000 size: 40797184
MIOpen(HIP): Warning [IsEnoughWorkspace] [GetSolutionsFallback AI] Solver <GemmFwdRest>, workspace required: 285573120, provided ptr: 0x752f37c00000 size: 40797184
MIOpen(HIP): Warning [IsEnoughWorkspace] [GetSolutionsFallback AI] Solver <ConvHipImplicitGemmGroupFwdXdlops>, workspace required: 8722432, provided ptr: 0x752e4e2c0000 size: 1935360
MIOpen(HIP): Warning [IsEnoughWorkspace] [GetSolutionsFallback AI] Solver <ConvAsmImplicitGemmGTCDynamicFwdXdlopsNHWC>, workspace required: 8722432, provided ptr: 0x752e4e2c0000 size: 1935360
MIOpen(HIP): Warning [IsEnoughWorkspace] [GetSolutionsFallback WTI] Solver <ConvAsmImplicitGemmGTCDynamicBwdXdlopsNHWC>, workspace required: 39084032, provided ptr: 0x752f13200000 size: 8847360
MIOpen(HIP): Warning [IsEnoughWorkspace] [GetSolutionsFallback WTI] Solver <ConvHipImplicitGemmGroupBwdXdlops>, workspace required: 39084032, provided ptr: 0x752f13200000 size: 8847360
MIOpen(HIP): Warning [IsEnoughWorkspace] [GetSolutionsFallback AI] Solver <GemmFwdRest>, workspace required: 30965760, provided ptr: 0x752fe0ec0000 size: 16187392
MIOpen(HIP): Warning [IsEnoughWorkspace] [GetSolutionsFallback AI] Solver <GemmFwdRest>, workspace required: 77414400, provided ptr: 0x752f3868c000 size: 23953408
MIOpen(HIP): Warning [IsEnoughWorkspace] [GetSolutionsFallback AI] Solver <ConvHipImplicitGemmGroupFwdXdlops>, workspace required: 22380544, provided ptr: 0x752f39118000 size: 22118400
MIOpen(HIP): Warning [IsEnoughWorkspace] [GetSolutionsFallback AI] Solver <GemmFwdRest>, workspace required: 154828800, provided ptr: 0x752f3e800000 size: 44695552
MIOpen(HIP): Warning [IsEnoughWorkspace] [GetSolutionsFallback AI] Solver <ConvHipImplicitGemmGroupFwdXdlops>, workspace required: 44302336, provided ptr: 0x752f3e800000 size: 44236800
MIOpen(HIP): Warning [IsEnoughWorkspace] [GetSolutionsFallback WTI] Solver <ConvAsmImplicitGemmGTCDynamicBwdXdlopsNHWC>, workspace required: 44367872, provided ptr: 0x752f3e800000 size: 44236800
MIOpen(HIP): Warning [IsEnoughWorkspace] [GetSolutionsFallback WTI] Solver <ConvHipImplicitGemmGroupBwdXdlops>, workspace required: 44367872, provided ptr: 0x752f3e800000 size: 44236800
MIOpen(HIP): Warning [IsEnoughWorkspace] [GetSolutionsFallback AI] Solver <GemmFwdRest>, workspace required: 154828800, provided ptr: 0x752f3e800000 size: 44351488
MIOpen(HIP): Warning [IsEnoughWorkspace] [GetSolutionsFallback AI] Solver <ConvHipImplicitGemmGroupFwdXdlops>, workspace required: 44253184, provided ptr: 0x752f3fd18000 size: 44236800
MIOpen(HIP): Warning [IsEnoughWorkspace] [GetSolutionsFallback AI] Solver <GemmFwdRest>, workspace required: 232243200, provided ptr: 0x752f42748000 size: 66383872
MIOpen(HIP): Warning [IsEnoughWorkspace] [GetSolutionsFallback AI] Solver <ConvHipImplicitGemmGroupFwdXdlops>, workspace required: 66359296, provided ptr: 0x752f446ec000 size: 66355200
MIOpen(HIP): Warning [IsEnoughWorkspace] [GetSolutionsFallback AI] Solver <ConvHipImplicitGemmGroupFwdXdlops>, workspace required: 34215424, provided ptr: 0x752f39ba4000 size: 33178624
MIOpen(HIP): Warning [IsEnoughWorkspace] [GetSolutionsFallback AI] Solver <GemmFwdRest>, workspace required: 232243200, provided ptr: 0x752f39ba4000 size: 33178624
MIOpen(HIP): Warning [IsEnoughWorkspace] [GetSolutionsFallback AI] Solver <ConvHipImplicitGemmGroupFwdXdlops>, workspace required: 8799232, provided ptr: 0x752e4e2c0000 size: 2042880
MIOpen(HIP): Warning [IsEnoughWorkspace] [GetSolutionsFallback AI] Solver <ConvAsmImplicitGemmGTCDynamicFwdXdlopsNHWC>, workspace required: 8799232, provided ptr: 0x752e4e2c0000 size: 2042880
MIOpen(HIP): Warning [IsEnoughWorkspace] [GetSolutionsFallback WTI] Solver <ConvAsmImplicitGemmGTCDynamicBwdXdlopsNHWC>, workspace required: 39391232, provided ptr: 0x752f13200000 size: 9338880
MIOpen(HIP): Warning [IsEnoughWorkspace] [GetSolutionsFallback WTI] Solver <ConvHipImplicitGemmGroupBwdXdlops>, workspace required: 39391232, provided ptr: 0x752f13200000 size: 9338880
MIOpen(HIP): Warning [IsEnoughWorkspace] [GetSolutionsFallback AI] Solver <GemmFwdRest>, workspace required: 32686080, provided ptr: 0x752fe0ec0000 size: 16678912
MIOpen(HIP): Warning [IsEnoughWorkspace] [GetSolutionsFallback AI] Solver <GemmFwdRest>, workspace required: 81715200, provided ptr: 0x752f39244000 size: 25182208
MIOpen(HIP): Warning [IsEnoughWorkspace] [GetSolutionsFallback AI] Solver <ConvHipImplicitGemmGroupFwdXdlops>, workspace required: 23609344, provided ptr: 0x752f39d66000 size: 23347200
MIOpen(HIP): Warning [IsEnoughWorkspace] [GetSolutionsFallback AI] Solver <GemmFwdRest>, workspace required: 163430400, provided ptr: 0x752f3fe44000 size: 47153152
MIOpen(HIP): Warning [IsEnoughWorkspace] [GetSolutionsFallback AI] Solver <ConvHipImplicitGemmGroupFwdXdlops>, workspace required: 46759936, provided ptr: 0x752f41488000 size: 46694400
MIOpen(HIP): Warning [IsEnoughWorkspace] [GetSolutionsFallback WTI] Solver <ConvAsmImplicitGemmGTCDynamicBwdXdlopsNHWC>, workspace required: 46825472, provided ptr: 0x752f3fe44000 size: 46694400
MIOpen(HIP): Warning [IsEnoughWorkspace] [GetSolutionsFallback WTI] Solver <ConvHipImplicitGemmGroupBwdXdlops>, workspace required: 46825472, provided ptr: 0x752f3fe44000 size: 46694400
MIOpen(HIP): Warning [IsEnoughWorkspace] [GetSolutionsFallback AI] Solver <GemmFwdRest>, workspace required: 163430400, provided ptr: 0x752f3fe44000 size: 46809088
MIOpen(HIP): Warning [IsEnoughWorkspace] [GetSolutionsFallback AI] Solver <ConvHipImplicitGemmGroupFwdXdlops>, workspace required: 46710784, provided ptr: 0x752f41488000 size: 46694400
MIOpen(HIP): Warning [IsEnoughWorkspace] [GetSolutionsFallback AI] Solver <GemmFwdRest>, workspace required: 245145600, provided ptr: 0x752f42acc000 size: 70070272
MIOpen(HIP): Warning [IsEnoughWorkspace] [GetSolutionsFallback AI] Solver <ConvHipImplicitGemmGroupFwdXdlops>, workspace required: 70045696, provided ptr: 0x752f44c32000 size: 70041600
MIOpen(HIP): Warning [IsEnoughWorkspace] [GetSolutionsFallback AI] Solver <ConvHipImplicitGemmGroupFwdXdlops>, workspace required: 36116224, provided ptr: 0x752f37c00000 size: 35021824
MIOpen(HIP): Warning [IsEnoughWorkspace] [GetSolutionsFallback AI] Solver <GemmFwdRest>, workspace required: 245145600, provided ptr: 0x752f37c00000 size: 35021824
MIOpen(HIP): Warning [IsEnoughWorkspace] [GetSolutionsFallback AI] Solver <ConvHipImplicitGemmGroupFwdXdlops>, workspace required: 9009152, provided ptr: 0x752e4e2c0000 size: 2336768
MIOpen(HIP): Warning [IsEnoughWorkspace] [GetSolutionsFallback AI] Solver <ConvAsmImplicitGemmGTCDynamicFwdXdlopsNHWC>, workspace required: 9009152, provided ptr: 0x752e4e2c0000 size: 2336768
MIOpen(HIP): Warning [IsEnoughWorkspace] [GetSolutionsFallback WTI] Solver <ConvAsmImplicitGemmGTCDynamicBwdXdlopsNHWC>, workspace required: 40230912, provided ptr: 0x752fe0ec0000 size: 10682368
MIOpen(HIP): Warning [IsEnoughWorkspace] [GetSolutionsFallback WTI] Solver <ConvHipImplicitGemmGroupBwdXdlops>, workspace required: 40230912, provided ptr: 0x752fe0ec0000 size: 10682368
MIOpen(HIP): Warning [IsEnoughWorkspace] [GetSolutionsFallback AI] Solver <GemmFwdRest>, workspace required: 37388288, provided ptr: 0x752f37c00000 size: 18022400
MIOpen(HIP): Warning [IsEnoughWorkspace] [GetSolutionsFallback AI] Solver <GemmFwdRest>, workspace required: 93470720, provided ptr: 0x752f388bc000 size: 28540928
MIOpen(HIP): Warning [IsEnoughWorkspace] [GetSolutionsFallback AI] Solver <ConvHipImplicitGemmGroupFwdXdlops>, workspace required: 26968064, provided ptr: 0x752f39578000 size: 26705920
MIOpen(HIP): Warning [IsEnoughWorkspace] [GetSolutionsFallback AI] Solver <GemmFwdRest>, workspace required: 186941440, provided ptr: 0x752f40178000 size: 53870592
MIOpen(HIP): Warning [IsEnoughWorkspace] [GetSolutionsFallback AI] Solver <ConvHipImplicitGemmGroupFwdXdlops>, workspace required: 53477376, provided ptr: 0x752f41af0000 size: 53411840
MIOpen(HIP): Warning [IsEnoughWorkspace] [GetSolutionsFallback WTI] Solver <ConvAsmImplicitGemmGTCDynamicBwdXdlopsNHWC>, workspace required: 53542912, provided ptr: 0x752f40178000 size: 53411840
MIOpen(HIP): Warning [IsEnoughWorkspace] [GetSolutionsFallback WTI] Solver <ConvHipImplicitGemmGroupBwdXdlops>, workspace required: 53542912, provided ptr: 0x752f40178000 size: 53411840
MIOpen(HIP): Warning [IsEnoughWorkspace] [GetSolutionsFallback AI] Solver <GemmFwdRest>, workspace required: 186941440, provided ptr: 0x752f41af0000 size: 53526528
MIOpen(HIP): Warning [IsEnoughWorkspace] [GetSolutionsFallback AI] Solver <ConvHipImplicitGemmGroupFwdXdlops>, workspace required: 53428224, provided ptr: 0x752f43468000 size: 53411840
MIOpen(HIP): Warning [IsEnoughWorkspace] [GetSolutionsFallback AI] Solver <GemmFwdRest>, workspace required: 280412160, provided ptr: 0x752f43468000 size: 80146432
MIOpen(HIP): Warning [IsEnoughWorkspace] [GetSolutionsFallback AI] Solver <ConvHipImplicitGemmGroupFwdXdlops>, workspace required: 80121856, provided ptr: 0x752f45a9c000 size: 80117760
MIOpen(HIP): Warning [IsEnoughWorkspace] [GetSolutionsFallback AI] Solver <ConvHipImplicitGemmGroupFwdXdlops>, workspace required: 41311744, provided ptr: 0x752f37c00000 size: 40059904
MIOpen(HIP): Warning [IsEnoughWorkspace] [GetSolutionsFallback AI] Solver <GemmFwdRest>, workspace required: 280412160, provided ptr: 0x752f37c00000 size: 40059904
[0;36m(APIServer pid=47055)[0;0m [32mINFO[0m [90m10-07 15:22:21[0m [90m[stats.py:902][0m [OmniTiming] req=speech-90e45eb0a11568c4-885d70bc total=5.50s engine=5.50s stages=[0:5.50s]
INFO:     127.0.0.1:52128 - "POST /v1/audio/speech HTTP/1.1" 200 OK
[0;36m(APIServer pid=47055)[0;0m [32mINFO[0m [90m10-07 15:22:21[0m [90m[serving_speech.py:2423][0m Diffusion TTS speech request speech-af705e3fb2330370: voice_clone=False
[0;36m(APIServer pid=47055)[0;0m [32mINFO[0m [90m10-07 15:22:21[0m [90m[serving_speech.py:2471][0m Applied diffusion speech params: seed=42 extra_params={}
[0;36m(APIServer pid=47055)[0;0m [32mINFO[0m [90m10-07 15:22:21[0m [90m[diffusion_engine.py:764][0m [RequestBatch] admission wait done waiting=1 max_batch=8 waited_ms=2.1
MIOpen(HIP): Warning [IsEnoughWorkspace] [GetSolutionsFallback AI] Solver <ConvHipImplicitGemmGroupFwdXdlops>, workspace required: 8010752, provided ptr: 0x752eb7800000 size: 939008
MIOpen(HIP): Warning [IsEnoughWorkspace] [GetSolutionsFallback AI] Solver <ConvAsmImplicitGemmGTCDynamicFwdXdlopsNHWC>, workspace required: 8010752, provided ptr: 0x752eb7800000 size: 939008
MIOpen(HIP): Warning [IsEnoughWorkspace] [GetSolutionsFallback WTI] Solver <ConvAsmImplicitGemmGTCDynamicBwdXdlopsNHWC>, workspace required: 36237312, provided ptr: 0x752e51a00000 size: 4292608
MIOpen(HIP): Warning [IsEnoughWorkspace] [GetSolutionsFallback WTI] Solver <ConvHipImplicitGemmGroupBwdXdlops>, workspace required: 36237312, provided ptr: 0x752e51a00000 size: 4292608
MIOpen(HIP): Warning [IsEnoughWorkspace] [GetSolutionsFallback AI] Solver <GemmFwdRest>, workspace required: 15024128, provided ptr: 0x752f13200000 size: 11632640
MIOpen(HIP): Warning [IsEnoughWorkspace] [GetSolutionsFallback WTI] Solver <ConvAsmImplicitGemmGTCDynamicBwdXdlopsNHWC>, workspace required: 12754944, provided ptr: 0x752fe0ec0000 size: 10731520
MIOpen(HIP): Warning [IsEnoughWorkspace] [GetSolutionsFallback WTI] Solver <ConvHipImplicitGemmGroupBwdXdlops>, workspace required: 12754944, provided ptr: 0x752fe0ec0000 size: 10731520
MIOpen(HIP): Warning [IsEnoughWorkspace] [GetSolutionsFallback AI] Solver <GemmFwdRest>, workspace required: 37560320, provided ptr: 0x752fe13de000 size: 12566528
MIOpen(HIP): Warning [IsEnoughWorkspace] [GetSolutionsFallback AI] Solver <ConvHipImplicitGemmGroupFwdXdlops>, workspace required: 10993664, provided ptr: 0x752fe18fc000 size: 10731520
MIOpen(HIP): Warning [IsEnoughWorkspace] [GetSolutionsFallback AI] Solver <GemmFwdRest>, workspace required: 75120640, provided ptr: 0x752f3863c000 size: 21921792
MIOpen(HIP): Warning [IsEnoughWorkspace] [GetSolutionsFallback AI] Solver <ConvHipImplicitGemmGroupFwdXdlops>, workspace required: 21528576, provided ptr: 0x752f39078000 size: 21463040
MIOpen(HIP): Warning [IsEnoughWorkspace] [GetSolutionsFallback WTI] Solver <ConvAsmImplicitGemmGTCDynamicBwdXdlopsNHWC>, workspace required: 21594112, provided ptr: 0x752f3863c000 size: 21463040
MIOpen(HIP): Warning [IsEnoughWorkspace] [GetSolutionsFallback WTI] Solver <ConvHipImplicitGemmGroupBwdXdlops>, workspace required: 21594112, provided ptr: 0x752f3863c000 size: 21463040
MIOpen(HIP): Warning [IsEnoughWorkspace] [GetSolutionsFallback AI] Solver <GemmFwdRest>, workspace required: 75120640, provided ptr: 0x752f3863c000 size: 21577728
MIOpen(HIP): Warning [IsEnoughWorkspace] [GetSolutionsFallback AI] Solver <ConvHipImplicitGemmGroupFwdXdlops>, workspace required: 21479424, provided ptr: 0x752f39078000 size: 21463040
MIOpen(HIP): Warning [IsEnoughWorkspace] [GetSolutionsFallback AI] Solver <GemmFwdRest>, workspace required: 112680960, provided ptr: 0x752f3e800000 size: 32223232
MIOpen(HIP): Warning [IsEnoughWorkspace] [GetSolutionsFallback AI] Solver <ConvHipImplicitGemmGroupFwdXdlops>, workspace required: 32198656, provided ptr: 0x752f3e800000 size: 32194560
MIOpen(HIP): Warning [IsEnoughWorkspace] [GetSolutionsFallback AI] Solver <ConvHipImplicitGemmGroupFwdXdlops>, workspace required: 16601344, provided ptr: 0x752fe0ec0000 size: 16098304
MIOpen(HIP): Warning [IsEnoughWorkspace] [GetSolutionsFallback AI] Solver <GemmFwdRest>, workspace required: 112680960, provided ptr: 0x752fe0ec0000 size: 16098304
MIOpen(HIP): Warning [IsEnoughWorkspace] [GetSolutionsFallback AI] Solver <ConvHipImplicitGemmGroupFwdXdlops>, workspace required: 8794112, provided ptr: 0x752e4e2c0000 size: 2035712
MIOpen(HIP): Warning [IsEnoughWorkspace] [GetSolutionsFallback AI] Solver <ConvAsmImplicitGemmGTCDynamicFwdXdlopsNHWC>, workspace required: 8794112, provided ptr: 0x752e4e2c0000 size: 2035712
MIOpen(HIP): Warning [IsEnoughWorkspace] [GetSolutionsFallback WTI] Solver <ConvAsmImplicitGemmGTCDynamicBwdXdlopsNHWC>, workspace required: 39370752, provided ptr: 0x752f13200000 size: 9306112
MIOpen(HIP): Warning [IsEnoughWorkspace] [GetSolutionsFallback WTI] Solver <ConvHipImplicitGemmGroupBwdXdlops>, workspace required: 39370752, provided ptr: 0x752f13200000 size: 9306112
MIOpen(HIP): Warning [IsEnoughWorkspace] [GetSolutionsFallback AI] Solver <GemmFwdRest>, workspace required: 32571392, provided ptr: 0x752fe0ec0000 size: 16646144
MIOpen(HIP): Warning [IsEnoughWorkspace] [GetSolutionsFallback AI] Solver <GemmFwdRest>, workspace required: 81428480, provided ptr: 0x752f39230000 size: 25100288
MIOpen(HIP): Warning [IsEnoughWorkspace] [GetSolutionsFallback AI] Solver <ConvHipImplicitGemmGroupFwdXdlops>, workspace required: 23527424, provided ptr: 0x752f39d48000 size: 23265280
MIOpen(HIP): Warning [IsEnoughWorkspace] [GetSolutionsFallback AI] Solver <GemmFwdRest>, workspace required: 162856960, provided ptr: 0x752f3fe30000 size: 46989312
MIOpen(HIP): Warning [IsEnoughWorkspace] [GetSolutionsFallback AI] Solver <ConvHipImplicitGemmGroupFwdXdlops>, workspace required: 46596096, provided ptr: 0x752f41460000 size: 46530560
MIOpen(HIP): Warning [IsEnoughWorkspace] [GetSolutionsFallback WTI] Solver <ConvAsmImplicitGemmGTCDynamicBwdXdlopsNHWC>, workspace required: 46661632, provided ptr: 0x752f3fe30000 size: 46530560
MIOpen(HIP): Warning [IsEnoughWorkspace] [GetSolutionsFallback WTI] Solver <ConvHipImplicitGemmGroupBwdXdlops>, workspace required: 46661632, provided ptr: 0x752f3fe30000 size: 46530560
MIOpen(HIP): Warning [IsEnoughWorkspace] [GetSolutionsFallback AI] Solver <GemmFwdRest>, workspace required: 162856960, provided ptr: 0x752f3fe30000 size: 46645248
MIOpen(HIP): Warning [IsEnoughWorkspace] [GetSolutionsFallback AI] Solver <ConvHipImplicitGemmGroupFwdXdlops>, workspace required: 46546944, provided ptr: 0x752f41460000 size: 46530560
MIOpen(HIP): Warning [IsEnoughWorkspace] [GetSolutionsFallback AI] Solver <GemmFwdRest>, workspace required: 244285440, provided ptr: 0x752f42a90000 size: 69824512
MIOpen(HIP): Warning [IsEnoughWorkspace] [GetSolutionsFallback AI] Solver <ConvHipImplicitGemmGroupFwdXdlops>, workspace required: 69799936, provided ptr: 0x752f44bd8000 size: 69795840
MIOpen(HIP): Warning [IsEnoughWorkspace] [GetSolutionsFallback AI] Solver <ConvHipImplicitGemmGroupFwdXdlops>, workspace required: 35989504, provided ptr: 0x752f37c00000 size: 34898944
MIOpen(HIP): Warning [IsEnoughWorkspace] [GetSolutionsFallback AI] Solver <GemmFwdRest>, workspace required: 244285440, provided ptr: 0x752f37c00000 size: 34898944
MIOpen(HIP): Warning [IsEnoughWorkspace] [GetSolutionsFallback AI] Solver <ConvHipImplicitGemmGroupFwdXdlops>, workspace required: 8553472, provided ptr: 0x752e4e2c0000 size: 1698816
MIOpen(HIP): Warning [IsEnoughWorkspace] [GetSolutionsFallback AI] Solver <ConvAsmImplicitGemmGTCDynamicFwdXdlopsNHWC>, workspace required: 8553472, provided ptr: 0x752e4e2c0000 size: 1698816
MIOpen(HIP): Warning [IsEnoughWorkspace] [GetSolutionsFallback WTI] Solver <ConvAsmImplicitGemmGTCDynamicBwdXdlopsNHWC>, workspace required: 38408192, provided ptr: 0x752f13200000 size: 7766016
MIOpen(HIP): Warning [IsEnoughWorkspace] [GetSolutionsFallback WTI] Solver <ConvHipImplicitGemmGroupBwdXdlops>, workspace required: 38408192, provided ptr: 0x752f13200000 size: 7766016
MIOpen(HIP): Warning [IsEnoughWorkspace] [GetSolutionsFallback AI] Solver <GemmFwdRest>, workspace required: 27181056, provided ptr: 0x752fe0ec0000 size: 15106048
MIOpen(HIP): Warning [IsEnoughWorkspace] [GetSolutionsFallback AI] Solver <GemmFwdRest>, workspace required: 67952640, provided ptr: 0x752f37c00000 size: 21250048
MIOpen(HIP): Warning [IsEnoughWorkspace] [GetSolutionsFallback AI] Solver <ConvHipImplicitGemmGroupFwdXdlops>, workspace required: 19677184, provided ptr: 0x752f38542000 size: 19415040
MIOpen(HIP): Warning [IsEnoughWorkspace] [GetSolutionsFallback AI] Solver <GemmFwdRest>, workspace required: 135905280, provided ptr: 0x752f3e800000 size: 39288832
MIOpen(HIP): Warning [IsEnoughWorkspace] [GetSolutionsFallback AI] Solver <ConvHipImplicitGemmGroupFwdXdlops>, workspace required: 38895616, provided ptr: 0x752f3e800000 size: 38830080
MIOpen(HIP): Warning [IsEnoughWorkspace] [GetSolutionsFallback WTI] Solver <ConvAsmImplicitGemmGTCDynamicBwdXdlopsNHWC>, workspace required: 38961152, provided ptr: 0x752f3a108000 size: 38830080
MIOpen(HIP): Warning [IsEnoughWorkspace] [GetSolutionsFallback WTI] Solver <ConvHipImplicitGemmGroupBwdXdlops>, workspace required: 38961152, provided ptr: 0x752f3a108000 size: 38830080
MIOpen(HIP): Warning [IsEnoughWorkspace] [GetSolutionsFallback AI] Solver <GemmFwdRest>, workspace required: 135905280, provided ptr: 0x752f3e800000 size: 38944768
MIOpen(HIP): Warning [IsEnoughWorkspace] [GetSolutionsFallback AI] Solver <ConvHipImplicitGemmGroupFwdXdlops>, workspace required: 38846464, provided ptr: 0x752f3e800000 size: 38830080
MIOpen(HIP): Warning [IsEnoughWorkspace] [GetSolutionsFallback AI] Solver <GemmFwdRest>, workspace required: 203857920, provided ptr: 0x752f403c6000 size: 58273792
MIOpen(HIP): Warning [IsEnoughWorkspace] [GetSolutionsFallback AI] Solver <ConvHipImplicitGemmGroupFwdXdlops>, workspace required: 58249216, provided ptr: 0x752f41f8c000 size: 58245120
MIOpen(HIP): Warning [IsEnoughWorkspace] [GetSolutionsFallback AI] Solver <ConvHipImplicitGemmGroupFwdXdlops>, workspace required: 30033664, provided ptr: 0x752f397c6000 size: 29123584
MIOpen(HIP): Warning [IsEnoughWorkspace] [GetSolutionsFallback AI] Solver <GemmFwdRest>, workspace required: 203857920, provided ptr: 0x752f397c6000 size: 29123584
MIOpen(HIP): Warning [IsEnoughWorkspace] [GetSolutionsFallback AI] Solver <ConvHipImplicitGemmGroupFwdXdlops>, workspace required: 9219072, provided ptr: 0x752e4e2c0000 size: 2630656
MIOpen(HIP): Warning [IsEnoughWorkspace] [GetSolutionsFallback AI] Solver <ConvAsmImplicitGemmGTCDynamicFwdXdlopsNHWC>, workspace required: 9219072, provided ptr: 0x752e4e2c0000 size: 2630656
MIOpen(HIP): Warning [IsEnoughWorkspace] [GetSolutionsFallback WTI] Solver <ConvAsmImplicitGemmGTCDynamicBwdXdlopsNHWC>, workspace required: 41070592, provided ptr: 0x752fe0ec0000 size: 12025856
MIOpen(HIP): Warning [IsEnoughWorkspace] [GetSolutionsFallback WTI] Solver <ConvHipImplicitGemmGroupBwdXdlops>, workspace required: 41070592, provided ptr: 0x752fe0ec0000 size: 12025856
MIOpen(HIP): Warning [IsEnoughWorkspace] [GetSolutionsFallback AI] Solver <GemmFwdRest>, workspace required: 42090496, provided ptr: 0x752f37c00000 size: 19365888
MIOpen(HIP): Warning [IsEnoughWorkspace] [GetSolutionsFallback AI] Solver <GemmFwdRest>, workspace required: 105226240, provided ptr: 0x752f398ac000 size: 31899648
MIOpen(HIP): Warning [IsEnoughWorkspace] [GetSolutionsFallback AI] Solver <ConvHipImplicitGemmGroupFwdXdlops>, workspace required: 30326784, provided ptr: 0x752f3a702000 size: 30064640
MIOpen(HIP): Warning [IsEnoughWorkspace] [GetSolutionsFallback AI] Solver <GemmFwdRest>, workspace required: 210452480, provided ptr: 0x752f404ac000 size: 60588032
MIOpen(HIP): Warning [IsEnoughWorkspace] [GetSolutionsFallback AI] Solver <ConvHipImplicitGemmGroupFwdXdlops>, workspace required: 60194816, provided ptr: 0x752f42158000 size: 60129280
MIOpen(HIP): Warning [IsEnoughWorkspace] [GetSolutionsFallback WTI] Solver <ConvAsmImplicitGemmGTCDynamicBwdXdlopsNHWC>, workspace required: 60260352, provided ptr: 0x752f404ac000 size: 60129280
MIOpen(HIP): Warning [IsEnoughWorkspace] [GetSolutionsFallback WTI] Solver <ConvHipImplicitGemmGroupBwdXdlops>, workspace required: 60260352, provided ptr: 0x752f404ac000 size: 60129280
MIOpen(HIP): Warning [IsEnoughWorkspace] [GetSolutionsFallback AI] Solver <GemmFwdRest>, workspace required: 210452480, provided ptr: 0x752f42158000 size: 60243968
MIOpen(HIP): Warning [IsEnoughWorkspace] [GetSolutionsFallback AI] Solver <ConvHipImplicitGemmGroupFwdXdlops>, workspace required: 60145664, provided ptr: 0x752f43e04000 size: 60129280
MIOpen(HIP): Warning [IsEnoughWorkspace] [GetSolutionsFallback AI] Solver <GemmFwdRest>, workspace required: 315678720, provided ptr: 0x752f43e04000 size: 90222592
MIOpen(HIP): Warning [IsEnoughWorkspace] [GetSolutionsFallback AI] Solver <ConvHipImplicitGemmGroupFwdXdlops>, workspace required: 90198016, provided ptr: 0x752f46906000 size: 90193920
MIOpen(HIP): Warning [IsEnoughWorkspace] [GetSolutionsFallback AI] Solver <ConvHipImplicitGemmGroupFwdXdlops>, workspace required: 46507264, provided ptr: 0x752f37c00000 size: 45097984
MIOpen(HIP): Warning [IsEnoughWorkspace] [GetSolutionsFallback AI] Solver <GemmFwdRest>, workspace required: 315678720, provided ptr: 0x752f37c00000 size: 45097984
MIOpen(HIP): Warning [IsEnoughWorkspace] [GetSolutionsFallback AI] Solver <ConvHipImplicitGemmGroupFwdXdlops>, workspace required: 8481792, provided ptr: 0x752e4e2c0000 size: 1598464
MIOpen(HIP): Warning [IsEnoughWorkspace] [GetSolutionsFallback AI] Solver <ConvAsmImplicitGemmGTCDynamicFwdXdlopsNHWC>, workspace required: 8481792, provided ptr: 0x752e4e2c0000 size: 1598464
MIOpen(HIP): Warning [IsEnoughWorkspace] [GetSolutionsFallback WTI] Solver <ConvAsmImplicitGemmGTCDynamicBwdXdlopsNHWC>, workspace required: 38121472, provided ptr: 0x752f13200000 size: 7307264
MIOpen(HIP): Warning [IsEnoughWorkspace] [GetSolutionsFallback WTI] Solver <ConvHipImplicitGemmGroupBwdXdlops>, workspace required: 38121472, provided ptr: 0x752f13200000 size: 7307264
MIOpen(HIP): Warning [IsEnoughWorkspace] [GetSolutionsFallback AI] Solver <GemmFwdRest>, workspace required: 25575424, provided ptr: 0x752fe0ec0000 size: 14647296
MIOpen(HIP): Warning [IsEnoughWorkspace] [GetSolutionsFallback AI] Solver <GemmFwdRest>, workspace required: 63938560, provided ptr: 0x752f384b6000 size: 20103168
MIOpen(HIP): Warning [IsEnoughWorkspace] [GetSolutionsFallback AI] Solver <ConvHipImplicitGemmGroupFwdXdlops>, workspace required: 18530304, provided ptr: 0x752f38d6c000 size: 18268160
MIOpen(HIP): Warning [IsEnoughWorkspace] [GetSolutionsFallback AI] Solver <GemmFwdRest>, workspace required: 127877120, provided ptr: 0x752f3e800000 size: 36995072
MIOpen(HIP): Warning [IsEnoughWorkspace] [GetSolutionsFallback AI] Solver <ConvHipImplicitGemmGroupFwdXdlops>, workspace required: 36601856, provided ptr: 0x752f3e800000 size: 36536320
MIOpen(HIP): Warning [IsEnoughWorkspace] [GetSolutionsFallback WTI] Solver <ConvAsmImplicitGemmGTCDynamicBwdXdlopsNHWC>, workspace required: 36667392, provided ptr: 0x752f3e800000 size: 36536320
MIOpen(HIP): Warning [IsEnoughWorkspace] [GetSolutionsFallback WTI] Solver <ConvHipImplicitGemmGroupBwdXdlops>, workspace required: 36667392, provided ptr: 0x752f3e800000 size: 36536320
MIOpen(HIP): Warning [IsEnoughWorkspace] [GetSolutionsFallback AI] Solver <GemmFwdRest>, workspace required: 127877120, provided ptr: 0x752f3e800000 size: 36651008
MIOpen(HIP): Warning [IsEnoughWorkspace] [GetSolutionsFallback AI] Solver <ConvHipImplicitGemmGroupFwdXdlops>, workspace required: 36552704, provided ptr: 0x752f3f96c000 size: 36536320
MIOpen(HIP): Warning [IsEnoughWorkspace] [GetSolutionsFallback AI] Solver <GemmFwdRest>, workspace required: 191815680, provided ptr: 0x752f40222000 size: 54833152
MIOpen(HIP): Warning [IsEnoughWorkspace] [GetSolutionsFallback AI] Solver <ConvHipImplicitGemmGroupFwdXdlops>, workspace required: 54808576, provided ptr: 0x752f41c44000 size: 54804480
MIOpen(HIP): Warning [IsEnoughWorkspace] [GetSolutionsFallback AI] Solver <ConvHipImplicitGemmGroupFwdXdlops>, workspace required: 28259584, provided ptr: 0x752f39622000 size: 27403264
MIOpen(HIP): Warning [IsEnoughWorkspace] [GetSolutionsFallback AI] Solver <GemmFwdRest>, workspace required: 191815680, provided ptr: 0x752f39622000 size: 27403264
MIOpen(HIP): Warning [IsEnoughWorkspace] [GetSolutionsFallback AI] Solver <ConvHipImplicitGemmGroupFwdXdlops>, workspace required: 8952832, provided ptr: 0x752e4e2c0000 size: 2257920
MIOpen(HIP): Warning [IsEnoughWorkspace] [GetSolutionsFallback AI] Solver <ConvAsmImplicitGemmGTCDynamicFwdXdlopsNHWC>, workspace required: 8952832, provided ptr: 0x752e4e2c0000 size: 2257920
MIOpen(HIP): Warning [IsEnoughWorkspace] [GetSolutionsFallback WTI] Solver <ConvAsmImplicitGemmGTCDynamicBwdXdlopsNHWC>, workspace required: 40005632, provided ptr: 0x752f13200000 size: 10321920
MIOpen(HIP): Warning [IsEnoughWorkspace] [GetSolutionsFallback WTI] Solver <ConvHipImplicitGemmGroupBwdXdlops>, workspace required: 40005632, provided ptr: 0x752f13200000 size: 10321920
MIOpen(HIP): Warning [IsEnoughWorkspace] [GetSolutionsFallback AI] Solver <GemmFwdRest>, workspace required: 36126720, provided ptr: 0x752fe0ec0000 size: 17661952
MIOpen(HIP): Warning [IsEnoughWorkspace] [GetSolutionsFallback AI] Solver <GemmFwdRest>, workspace required: 90316800, provided ptr: 0x752f3949c000 size: 27639808
MIOpen(HIP): Warning [IsEnoughWorkspace] [GetSolutionsFallback AI] Solver <ConvHipImplicitGemmGroupFwdXdlops>, workspace required: 26066944, provided ptr: 0x752f3a0ea000 size: 25804800
MIOpen(HIP): Warning [IsEnoughWorkspace] [GetSolutionsFallback AI] Solver <GemmFwdRest>, workspace required: 180633600, provided ptr: 0x752f4009c000 size: 52068352
MIOpen(HIP): Warning [IsEnoughWorkspace] [GetSolutionsFallback AI] Solver <ConvHipImplicitGemmGroupFwdXdlops>, workspace required: 51675136, provided ptr: 0x752f41938000 size: 51609600
MIOpen(HIP): Warning [IsEnoughWorkspace] [GetSolutionsFallback WTI] Solver <ConvAsmImplicitGemmGTCDynamicBwdXdlopsNHWC>, workspace required: 51740672, provided ptr: 0x752f4009c000 size: 51609600
MIOpen(HIP): Warning [IsEnoughWorkspace] [GetSolutionsFallback WTI] Solver <ConvHipImplicitGemmGroupBwdXdlops>, workspace required: 51740672, provided ptr: 0x752f4009c000 size: 51609600
MIOpen(HIP): Warning [IsEnoughWorkspace] [GetSolutionsFallback AI] Solver <GemmFwdRest>, workspace required: 180633600, provided ptr: 0x752f4009c000 size: 51724288
MIOpen(HIP): Warning [IsEnoughWorkspace] [GetSolutionsFallback AI] Solver <ConvHipImplicitGemmGroupFwdXdlops>, workspace required: 51625984, provided ptr: 0x752f41938000 size: 51609600
MIOpen(HIP): Warning [IsEnoughWorkspace] [GetSolutionsFallback AI] Solver <GemmFwdRest>, workspace required: 270950400, provided ptr: 0x752f431d4000 size: 77443072
MIOpen(HIP): Warning [IsEnoughWorkspace] [GetSolutionsFallback AI] Solver <ConvHipImplicitGemmGroupFwdXdlops>, workspace required: 77418496, provided ptr: 0x752f456be000 size: 77414400
MIOpen(HIP): Warning [IsEnoughWorkspace] [GetSolutionsFallback AI] Solver <ConvHipImplicitGemmGroupFwdXdlops>, workspace required: 39917824, provided ptr: 0x752f37c00000 size: 38708224
MIOpen(HIP): Warning [IsEnoughWorkspace] [GetSolutionsFallback AI] Solver <GemmFwdRest>, workspace required: 270950400, provided ptr: 0x752f37c00000 size: 38708224
MIOpen(HIP): Warning [IsEnoughWorkspace] [GetSolutionsFallback AI] Solver <ConvHipImplicitGemmGroupFwdXdlops>, workspace required: 8906752, provided ptr: 0x752e4e2c0000 size: 2193408
MIOpen(HIP): Warning [IsEnoughWorkspace] [GetSolutionsFallback AI] Solver <ConvAsmImplicitGemmGTCDynamicFwdXdlopsNHWC>, workspace required: 8906752, provided ptr: 0x752e4e2c0000 size: 2193408
MIOpen(HIP): Warning [IsEnoughWorkspace] [GetSolutionsFallback WTI] Solver <ConvAsmImplicitGemmGTCDynamicBwdXdlopsNHWC>, workspace required: 39821312, provided ptr: 0x752f13200000 size: 10027008
MIOpen(HIP): Warning [IsEnoughWorkspace] [GetSolutionsFallback WTI] Solver <ConvHipImplicitGemmGroupBwdXdlops>, workspace required: 39821312, provided ptr: 0x752f13200000 size: 10027008
MIOpen(HIP): Warning [IsEnoughWorkspace] [GetSolutionsFallback AI] Solver <GemmFwdRest>, workspace required: 35094528, provided ptr: 0x752fe0ec0000 size: 17367040
MIOpen(HIP): Warning [IsEnoughWorkspace] [GetSolutionsFallback AI] Solver <GemmFwdRest>, workspace required: 87736320, provided ptr: 0x752f393e8000 size: 26902528
MIOpen(HIP): Warning [IsEnoughWorkspace] [GetSolutionsFallback AI] Solver <ConvHipImplicitGemmGroupFwdXdlops>, workspace required: 25329664, provided ptr: 0x752f39fdc000 size: 25067520
MIOpen(HIP): Warning [IsEnoughWorkspace] [GetSolutionsFallback AI] Solver <GemmFwdRest>, workspace required: 175472640, provided ptr: 0x752f3ffe8000 size: 50593792
MIOpen(HIP): Warning [IsEnoughWorkspace] [GetSolutionsFallback AI] Solver <ConvHipImplicitGemmGroupFwdXdlops>, workspace required: 50200576, provided ptr: 0x752f417d0000 size: 50135040
MIOpen(HIP): Warning [IsEnoughWorkspace] [GetSolutionsFallback WTI] Solver <ConvAsmImplicitGemmGTCDynamicBwdXdlopsNHWC>, workspace required: 50266112, provided ptr: 0x752f3ffe8000 size: 50135040
MIOpen(HIP): Warning [IsEnoughWorkspace] [GetSolutionsFallback WTI] Solver <ConvHipImplicitGemmGroupBwdXdlops>, workspace required: 50266112, provided ptr: 0x752f3ffe8000 size: 50135040
MIOpen(HIP): Warning [IsEnoughWorkspace] [GetSolutionsFallback AI] Solver <GemmFwdRest>, workspace required: 175472640, provided ptr: 0x752f3ffe8000 size: 50249728
MIOpen(HIP): Warning [IsEnoughWorkspace] [GetSolutionsFallback AI] Solver <ConvHipImplicitGemmGroupFwdXdlops>, workspace required: 50151424, provided ptr: 0x752f417d0000 size: 50135040
MIOpen(HIP): Warning [IsEnoughWorkspace] [GetSolutionsFallback AI] Solver <GemmFwdRest>, workspace required: 263208960, provided ptr: 0x752f42fb8000 size: 75231232
MIOpen(HIP): Warning [IsEnoughWorkspace] [GetSolutionsFallback AI] Solver <ConvHipImplicitGemmGroupFwdXdlops>, workspace required: 75206656, provided ptr: 0x752f45394000 size: 75202560
MIOpen(HIP): Warning [IsEnoughWorkspace] [GetSolutionsFallback AI] Solver <ConvHipImplicitGemmGroupFwdXdlops>, workspace required: 38777344, provided ptr: 0x752f37c00000 size: 37602304
MIOpen(HIP): Warning [IsEnoughWorkspace] [GetSolutionsFallback AI] Solver <GemmFwdRest>, workspace required: 263208960, provided ptr: 0x752f37c00000 size: 37602304
MIOpen(HIP): Warning [IsEnoughWorkspace] [GetSolutionsFallback AI] Solver <ConvHipImplicitGemmGroupFwdXdlops>, workspace required: 8118272, provided ptr: 0x752e4f280000 size: 1089536
MIOpen(HIP): Warning [IsEnoughWorkspace] [GetSolutionsFallback AI] Solver <ConvAsmImplicitGemmGTCDynamicFwdXdlopsNHWC>, workspace required: 8118272, provided ptr: 0x752e4f280000 size: 1089536
MIOpen(HIP): Warning [IsEnoughWorkspace] [GetSolutionsFallback WTI] Solver <ConvAsmImplicitGemmGTCDynamicBwdXdlopsNHWC>, workspace required: 36667392, provided ptr: 0x752e51a00000 size: 4980736
MIOpen(HIP): Warning [IsEnoughWorkspace] [GetSolutionsFallback WTI] Solver <ConvHipImplicitGemmGroupBwdXdlops>, workspace required: 36667392, provided ptr: 0x752e51a00000 size: 4980736
MIOpen(HIP): Warning [IsEnoughWorkspace] [GetSolutionsFallback AI] Solver <GemmFwdRest>, workspace required: 17432576, provided ptr: 0x752f13200000 size: 12320768
MIOpen(HIP): Warning [IsEnoughWorkspace] [GetSolutionsFallback WTI] Solver <ConvAsmImplicitGemmGTCDynamicBwdXdlopsNHWC>, workspace required: 13959168, provided ptr: 0x752fe0ec0000 size: 12451840
MIOpen(HIP): Warning [IsEnoughWorkspace] [GetSolutionsFallback WTI] Solver <ConvHipImplicitGemmGroupBwdXdlops>, workspace required: 13959168, provided ptr: 0x752fe0ec0000 size: 12451840
MIOpen(HIP): Warning [IsEnoughWorkspace] [GetSolutionsFallback AI] Solver <GemmFwdRest>, workspace required: 43581440, provided ptr: 0x752fe14b0000 size: 14286848
MIOpen(HIP): Warning [IsEnoughWorkspace] [GetSolutionsFallback AI] Solver <ConvHipImplicitGemmGroupFwdXdlops>, workspace required: 12713984, provided ptr: 0x752f37c00000 size: 12451840
MIOpen(HIP): Warning [IsEnoughWorkspace] [GetSolutionsFallback AI] Solver <GemmFwdRest>, workspace required: 87162880, provided ptr: 0x752f393c0000 size: 25362432
MIOpen(HIP): Warning [IsEnoughWorkspace] [GetSolutionsFallback AI] Solver <ConvHipImplicitGemmGroupFwdXdlops>, workspace required: 24969216, provided ptr: 0x752f39fa0000 size: 24903680
MIOpen(HIP): Warning [IsEnoughWorkspace] [GetSolutionsFallback WTI] Solver <ConvAsmImplicitGemmGTCDynamicBwdXdlopsNHWC>, workspace required: 25034752, provided ptr: 0x752f387e0000 size: 24903680
MIOpen(HIP): Warning [IsEnoughWorkspace] [GetSolutionsFallback WTI] Solver <ConvHipImplicitGemmGroupBwdXdlops>, workspace required: 25034752, provided ptr: 0x752f387e0000 size: 24903680
MIOpen(HIP): Warning [IsEnoughWorkspace] [GetSolutionsFallback AI] Solver <GemmFwdRest>, workspace required: 87162880, provided ptr: 0x752f393c0000 size: 25018368
MIOpen(HIP): Warning [IsEnoughWorkspace] [GetSolutionsFallback AI] Solver <ConvHipImplicitGemmGroupFwdXdlops>, workspace required: 24920064, provided ptr: 0x752f39fa0000 size: 24903680
MIOpen(HIP): Warning [IsEnoughWorkspace] [GetSolutionsFallback AI] Solver <GemmFwdRest>, workspace required: 130744320, provided ptr: 0x752f3e800000 size: 37384192
MIOpen(HIP): Warning [IsEnoughWorkspace] [GetSolutionsFallback AI] Solver <ConvHipImplicitGemmGroupFwdXdlops>, workspace required: 37359616, provided ptr: 0x752f3f9d0000 size: 37355520
MIOpen(HIP): Warning [IsEnoughWorkspace] [GetSolutionsFallback AI] Solver <ConvHipImplicitGemmGroupFwdXdlops>, workspace required: 19262464, provided ptr: 0x752f37c00000 size: 18678784
MIOpen(HIP): Warning [IsEnoughWorkspace] [GetSolutionsFallback AI] Solver <GemmFwdRest>, workspace required: 130744320, provided ptr: 0x752f37c00000 size: 18678784
MIOpen(HIP): Warning [IsEnoughWorkspace] [GetSolutionsFallback AI] Solver <ConvHipImplicitGemmGroupFwdXdlops>, workspace required: 8835072, provided ptr: 0x752e4e2c0000 size: 2093056
MIOpen(HIP): Warning [IsEnoughWorkspace] [GetSolutionsFallback AI] Solver <ConvAsmImplicitGemmGTCDynamicFwdXdlopsNHWC>, workspace required: 8835072, provided ptr: 0x752e4e2c0000 size: 2093056
MIOpen(HIP): Warning [IsEnoughWorkspace] [GetSolutionsFallback WTI] Solver <ConvAsmImplicitGemmGTCDynamicBwdXdlopsNHWC>, workspace required: 39534592, provided ptr: 0x752f13200000 size: 9568256
MIOpen(HIP): Warning [IsEnoughWorkspace] [GetSolutionsFallback WTI] Solver <ConvHipImplicitGemmGroupBwdXdlops>, workspace required: 39534592, provided ptr: 0x752f13200000 size: 9568256
MIOpen(HIP): Warning [IsEnoughWorkspace] [GetSolutionsFallback AI] Solver <GemmFwdRest>, workspace required: 33488896, provided ptr: 0x752fe0ec0000 size: 16908288
MIOpen(HIP): Warning [IsEnoughWorkspace] [GetSolutionsFallback AI] Solver <GemmFwdRest>, workspace required: 83722240, provided ptr: 0x752f392d0000 size: 25755648
MIOpen(HIP): Warning [IsEnoughWorkspace] [GetSolutionsFallback AI] Solver <ConvHipImplicitGemmGroupFwdXdlops>, workspace required: 24182784, provided ptr: 0x752f39e38000 size: 23920640
MIOpen(HIP): Warning [IsEnoughWorkspace] [GetSolutionsFallback AI] Solver <GemmFwdRest>, workspace required: 167444480, provided ptr: 0x752f3fed0000 size: 48300032
MIOpen(HIP): Warning [IsEnoughWorkspace] [GetSolutionsFallback AI] Solver <ConvHipImplicitGemmGroupFwdXdlops>, workspace required: 47906816, provided ptr: 0x752f415a0000 size: 47841280
MIOpen(HIP): Warning [IsEnoughWorkspace] [GetSolutionsFallback WTI] Solver <ConvAsmImplicitGemmGTCDynamicBwdXdlopsNHWC>, workspace required: 47972352, provided ptr: 0x752f3fed0000 size: 47841280
MIOpen(HIP): Warning [IsEnoughWorkspace] [GetSolutionsFallback WTI] Solver <ConvHipImplicitGemmGroupBwdXdlops>, workspace required: 47972352, provided ptr: 0x752f3fed0000 size: 47841280
MIOpen(HIP): Warning [IsEnoughWorkspace] [GetSolutionsFallback AI] Solver <GemmFwdRest>, workspace required: 167444480, provided ptr: 0x752f3fed0000 size: 47955968
MIOpen(HIP): Warning [IsEnoughWorkspace] [GetSolutionsFallback AI] Solver <ConvHipImplicitGemmGroupFwdXdlops>, workspace required: 47857664, provided ptr: 0x752f415a0000 size: 47841280
MIOpen(HIP): Warning [IsEnoughWorkspace] [GetSolutionsFallback AI] Solver <GemmFwdRest>, workspace required: 251166720, provided ptr: 0x752f42c70000 size: 71790592
MIOpen(HIP): Warning [IsEnoughWorkspace] [GetSolutionsFallback AI] Solver <ConvHipImplicitGemmGroupFwdXdlops>, workspace required: 71766016, provided ptr: 0x752f44ea8000 size: 71761920
MIOpen(HIP): Warning [IsEnoughWorkspace] [GetSolutionsFallback AI] Solver <ConvHipImplicitGemmGroupFwdXdlops>, workspace required: 37003264, provided ptr: 0x752f37c00000 size: 35881984
MIOpen(HIP): Warning [IsEnoughWorkspace] [GetSolutionsFallback AI] Solver <GemmFwdRest>, workspace required: 251166720, provided ptr: 0x752f37c00000 size: 35881984
MIOpen(HIP): Warning [IsEnoughWorkspace] [GetSolutionsFallback AI] Solver <ConvHipImplicitGemmGroupFwdXdlops>, workspace required: 8512512, provided ptr: 0x752e4e2c0000 size: 1641472
MIOpen(HIP): Warning [IsEnoughWorkspace] [GetSolutionsFallback AI] Solver <ConvAsmImplicitGemmGTCDynamicFwdXdlopsNHWC>, workspace required: 8512512, provided ptr: 0x752e4e2c0000 size: 1641472
MIOpen(HIP): Warning [IsEnoughWorkspace] [GetSolutionsFallback WTI] Solver <ConvAsmImplicitGemmGTCDynamicBwdXdlopsNHWC>, workspace required: 38244352, provided ptr: 0x752f13200000 size: 7503872
MIOpen(HIP): Warning [IsEnoughWorkspace] [GetSolutionsFallback WTI] Solver <ConvHipImplicitGemmGroupBwdXdlops>, workspace required: 38244352, provided ptr: 0x752f13200000 size: 7503872
MIOpen(HIP): Warning [IsEnoughWorkspace] [GetSolutionsFallback AI] Solver <GemmFwdRest>, workspace required: 26263552, provided ptr: 0x752fe0ec0000 size: 14843904
MIOpen(HIP): Warning [IsEnoughWorkspace] [GetSolutionsFallback AI] Solver <GemmFwdRest>, workspace required: 65658880, provided ptr: 0x752f37c00000 size: 20594688
MIOpen(HIP): Warning [IsEnoughWorkspace] [GetSolutionsFallback AI] Solver <ConvHipImplicitGemmGroupFwdXdlops>, workspace required: 19021824, provided ptr: 0x752f384f2000 size: 18759680
MIOpen(HIP): Warning [IsEnoughWorkspace] [GetSolutionsFallback AI] Solver <GemmFwdRest>, workspace required: 131317760, provided ptr: 0x752f3e800000 size: 37978112
MIOpen(HIP): Warning [IsEnoughWorkspace] [GetSolutionsFallback AI] Solver <ConvHipImplicitGemmGroupFwdXdlops>, workspace required: 37584896, provided ptr: 0x752f3e800000 size: 37519360
MIOpen(HIP): Warning [IsEnoughWorkspace] [GetSolutionsFallback WTI] Solver <ConvAsmImplicitGemmGTCDynamicBwdXdlopsNHWC>, workspace required: 37650432, provided ptr: 0x752f39fc8000 size: 37519360
MIOpen(HIP): Warning [IsEnoughWorkspace] [GetSolutionsFallback WTI] Solver <ConvHipImplicitGemmGroupBwdXdlops>, workspace required: 37650432, provided ptr: 0x752f39fc8000 size: 37519360
MIOpen(HIP): Warning [IsEnoughWorkspace] [GetSolutionsFallback AI] Solver <GemmFwdRest>, workspace required: 131317760, provided ptr: 0x752f3e800000 size: 37634048
MIOpen(HIP): Warning [IsEnoughWorkspace] [GetSolutionsFallback AI] Solver <ConvHipImplicitGemmGroupFwdXdlops>, workspace required: 37535744, provided ptr: 0x752f3e800000 size: 37519360
MIOpen(HIP): Warning [IsEnoughWorkspace] [GetSolutionsFallback AI] Solver <GemmFwdRest>, workspace required: 196976640, provided ptr: 0x752f402d6000 size: 56307712
MIOpen(HIP): Warning [IsEnoughWorkspace] [GetSolutionsFallback AI] Solver <ConvHipImplicitGemmGroupFwdXdlops>, workspace required: 56283136, provided ptr: 0x752f41dac000 size: 56279040
MIOpen(HIP): Warning [IsEnoughWorkspace] [GetSolutionsFallback AI] Solver <ConvHipImplicitGemmGroupFwdXdlops>, workspace required: 29019904, provided ptr: 0x752f396d6000 size: 28140544
MIOpen(HIP): Warning [IsEnoughWorkspace] [GetSolutionsFallback AI] Solver <GemmFwdRest>, workspace required: 196976640, provided ptr: 0x752f396d6000 size: 28140544
MIOpen(HIP): Warning [IsEnoughWorkspace] [GetSolutionsFallback AI] Solver <ConvHipImplicitGemmGroupFwdXdlops>, workspace required: 9126912, provided ptr: 0x752e4e2c0000 size: 2501632
MIOpen(HIP): Warning [IsEnoughWorkspace] [GetSolutionsFallback AI] Solver <ConvAsmImplicitGemmGTCDynamicFwdXdlopsNHWC>, workspace required: 9126912, provided ptr: 0x752e4e2c0000 size: 2501632
MIOpen(HIP): Warning [IsEnoughWorkspace] [GetSolutionsFallback WTI] Solver <ConvAsmImplicitGemmGTCDynamicBwdXdlopsNHWC>, workspace required: 40701952, provided ptr: 0x752fe0ec0000 size: 11436032
MIOpen(HIP): Warning [IsEnoughWorkspace] [GetSolutionsFallback WTI] Solver <ConvHipImplicitGemmGroupBwdXdlops>, workspace required: 40701952, provided ptr: 0x752fe0ec0000 size: 11436032
MIOpen(HIP): Warning [IsEnoughWorkspace] [GetSolutionsFallback AI] Solver <GemmFwdRest>, workspace required: 40026112, provided ptr: 0x752f37c00000 size: 18776064
MIOpen(HIP): Warning [IsEnoughWorkspace] [GetSolutionsFallback AI] Solver <GemmFwdRest>, workspace required: 100065280, provided ptr: 0x752f39744000 size: 30425088
MIOpen(HIP): Warning [IsEnoughWorkspace] [GetSolutionsFallback AI] Solver <ConvHipImplicitGemmGroupFwdXdlops>, workspace required: 28852224, provided ptr: 0x752f3a4e6000 size: 28590080
MIOpen(HIP): Warning [IsEnoughWorkspace] [GetSolutionsFallback AI] Solver <GemmFwdRest>, workspace required: 200130560, provided ptr: 0x752f40344000 size: 57638912
MIOpen(HIP): Warning [IsEnoughWorkspace] [GetSolutionsFallback AI] Solver <ConvHipImplicitGemmGroupFwdXdlops>, workspace required: 57245696, provided ptr: 0x752f41e88000 size: 57180160
MIOpen(HIP): Warning [IsEnoughWorkspace] [GetSolutionsFallback WTI] Solver <ConvAsmImplicitGemmGTCDynamicBwdXdlopsNHWC>, workspace required: 57311232, provided ptr: 0x752f40344000 size: 57180160
MIOpen(HIP): Warning [IsEnoughWorkspace] [GetSolutionsFallback WTI] Solver <ConvHipImplicitGemmGroupBwdXdlops>, workspace required: 57311232, provided ptr: 0x752f40344000 size: 57180160
MIOpen(HIP): Warning [IsEnoughWorkspace] [GetSolutionsFallback AI] Solver <GemmFwdRest>, workspace required: 200130560, provided ptr: 0x752f41e88000 size: 57294848
MIOpen(HIP): Warning [IsEnoughWorkspace] [GetSolutionsFallback AI] Solver <ConvHipImplicitGemmGroupFwdXdlops>, workspace required: 57196544, provided ptr: 0x752f439cc000 size: 57180160
MIOpen(HIP): Warning [IsEnoughWorkspace] [GetSolutionsFallback AI] Solver <GemmFwdRest>, workspace required: 300195840, provided ptr: 0x752f439cc000 size: 85798912
MIOpen(HIP): Warning [IsEnoughWorkspace] [GetSolutionsFallback AI] Solver <ConvHipImplicitGemmGroupFwdXdlops>, workspace required: 85774336, provided ptr: 0x752f462b2000 size: 85770240
MIOpen(HIP): Warning [IsEnoughWorkspace] [GetSolutionsFallback AI] Solver <ConvHipImplicitGemmGroupFwdXdlops>, workspace required: 44226304, provided ptr: 0x752f37c00000 size: 42886144
MIOpen(HIP): Warning [IsEnoughWorkspace] [GetSolutionsFallback AI] Solver <GemmFwdRest>, workspace required: 300195840, provided ptr: 0x752f37c00000 size: 42886144
MIOpen(HIP): Warning [IsEnoughWorkspace] [GetSolutionsFallback AI] Solver <ConvHipImplicitGemmGroupFwdXdlops>, workspace required: 9188352, provided ptr: 0x752e4e2c0000 size: 2587648
MIOpen(HIP): Warning [IsEnoughWorkspace] [GetSolutionsFallback AI] Solver <ConvAsmImplicitGemmGTCDynamicFwdXdlopsNHWC>, workspace required: 9188352, provided ptr: 0x752e4e2c0000 size: 2587648
MIOpen(HIP): Warning [IsEnoughWorkspace] [GetSolutionsFallback WTI] Solver <ConvAsmImplicitGemmGTCDynamicBwdXdlopsNHWC>, workspace required: 40947712, provided ptr: 0x752fe0ec0000 size: 11829248
MIOpen(HIP): Warning [IsEnoughWorkspace] [GetSolutionsFallback WTI] Solver <ConvHipImplicitGemmGroupBwdXdlops>, workspace required: 40947712, provided ptr: 0x752fe0ec0000 size: 11829248
MIOpen(HIP): Warning [IsEnoughWorkspace] [GetSolutionsFallback AI] Solver <GemmFwdRest>, workspace required: 41402368, provided ptr: 0x752f37c00000 size: 19169280
MIOpen(HIP): Warning [IsEnoughWorkspace] [GetSolutionsFallback AI] Solver <GemmFwdRest>, workspace required: 103505920, provided ptr: 0x752f39834000 size: 31408128
MIOpen(HIP): Warning [IsEnoughWorkspace] [GetSolutionsFallback AI] Solver <ConvHipImplicitGemmGroupFwdXdlops>, workspace required: 29835264, provided ptr: 0x752f3a64e000 size: 29573120
MIOpen(HIP): Warning [IsEnoughWorkspace] [GetSolutionsFallback AI] Solver <GemmFwdRest>, workspace required: 207011840, provided ptr: 0x752f40434000 size: 59604992
MIOpen(HIP): Warning [IsEnoughWorkspace] [GetSolutionsFallback AI] Solver <ConvHipImplicitGemmGroupFwdXdlops>, workspace required: 59211776, provided ptr: 0x752f42068000 size: 59146240
MIOpen(HIP): Warning [IsEnoughWorkspace] [GetSolutionsFallback WTI] Solver <ConvAsmImplicitGemmGTCDynamicBwdXdlopsNHWC>, workspace required: 59277312, provided ptr: 0x752f40434000 size: 59146240
MIOpen(HIP): Warning [IsEnoughWorkspace] [GetSolutionsFallback WTI] Solver <ConvHipImplicitGemmGroupBwdXdlops>, workspace required: 59277312, provided ptr: 0x752f40434000 size: 59146240
MIOpen(HIP): Warning [IsEnoughWorkspace] [GetSolutionsFallback AI] Solver <GemmFwdRest>, workspace required: 207011840, provided ptr: 0x752f42068000 size: 59260928
MIOpen(HIP): Warning [IsEnoughWorkspace] [GetSolutionsFallback AI] Solver <ConvHipImplicitGemmGroupFwdXdlops>, workspace required: 59162624, provided ptr: 0x752f43c9c000 size: 59146240
MIOpen(HIP): Warning [IsEnoughWorkspace] [GetSolutionsFallback AI] Solver <GemmFwdRest>, workspace required: 310517760, provided ptr: 0x752f43c9c000 size: 88748032
MIOpen(HIP): Warning [IsEnoughWorkspace] [GetSolutionsFallback AI] Solver <ConvHipImplicitGemmGroupFwdXdlops>, workspace required: 88723456, provided ptr: 0x752f466ea000 size: 88719360
MIOpen(HIP): Warning [IsEnoughWorkspace] [GetSolutionsFallback AI] Solver <ConvHipImplicitGemmGroupFwdXdlops>, workspace required: 45746944, provided ptr: 0x752f37c00000 size: 44360704
MIOpen(HIP): Warning [IsEnoughWorkspace] [GetSolutionsFallback AI] Solver <GemmFwdRest>, workspace required: 310517760, provided ptr: 0x752f37c00000 size: 44360704
[0;36m(APIServer pid=47055)[0;0m [32mINFO[0m [90m10-07 15:22:28[0m [90m[stats.py:902][0m [OmniTiming] req=speech-af705e3fb2330370-a5a50db5 total=7.19s engine=7.19s stages=[0:7.19s]
INFO:     127.0.0.1:52128 - "POST /v1/audio/speech HTTP/1.1" 200 OK
[0;36m(APIServer pid=47055)[0;0m [32mINFO[0m [90m10-07 15:22:28[0m [90m[serving_speech.py:2423][0m Diffusion TTS speech request speech-a695fc11c1de1a58: voice_clone=False
[0;36m(APIServer pid=47055)[0;0m [32mINFO[0m [90m10-07 15:22:28[0m [90m[serving_speech.py:2471][0m Applied diffusion speech params: seed=42 extra_params={}
[0;36m(APIServer pid=47055)[0;0m [32mINFO[0m [90m10-07 15:22:28[0m [90m[diffusion_engine.py:764][0m [RequestBatch] admission wait done waiting=1 max_batch=8 waited_ms=2.1
MIOpen(HIP): Warning [IsEnoughWorkspace] [GetSolutionsFallback AI] Solver <ConvHipImplicitGemmGroupFwdXdlops>, workspace required: 9372672, provided ptr: 0x752e51a00000 size: 2845696
MIOpen(HIP): Warning [IsEnoughWorkspace] [GetSolutionsFallback AI] Solver <ConvAsmImplicitGemmGTCDynamicFwdXdlopsNHWC>, workspace required: 9372672, provided ptr: 0x752e51a00000 size: 2845696
MIOpen(HIP): Warning [IsEnoughWorkspace] [GetSolutionsFallback WTI] Solver <ConvAsmImplicitGemmGTCDynamicBwdXdlopsNHWC>, workspace required: 41684992, provided ptr: 0x752fe0ec0000 size: 13008896
MIOpen(HIP): Warning [IsEnoughWorkspace] [GetSolutionsFallback WTI] Solver <ConvHipImplicitGemmGroupBwdXdlops>, workspace required: 41684992, provided ptr: 0x752fe0ec0000 size: 13008896
MIOpen(HIP): Warning [IsEnoughWorkspace] [GetSolutionsFallback AI] Solver <GemmFwdRest>, workspace required: 45531136, provided ptr: 0x752f37c00000 size: 20348928
MIOpen(HIP): Warning [IsEnoughWorkspace] [GetSolutionsFallback AI] Solver <GemmFwdRest>, workspace required: 113827840, provided ptr: 0x752f39b04000 size: 34357248
MIOpen(HIP): Warning [IsEnoughWorkspace] [GetSolutionsFallback AI] Solver <ConvHipImplicitGemmGroupFwdXdlops>, workspace required: 32784384, provided ptr: 0x752f3e800000 size: 32522240
MIOpen(HIP): Warning [IsEnoughWorkspace] [GetSolutionsFallback AI] Solver <GemmFwdRest>, workspace required: 227655680, provided ptr: 0x752f42608000 size: 65503232
MIOpen(HIP): Warning [IsEnoughWorkspace] [GetSolutionsFallback AI] Solver <ConvHipImplicitGemmGroupFwdXdlops>, workspace required: 65110016, provided ptr: 0x752f4450c000 size: 65044480
MIOpen(HIP): Warning [IsEnoughWorkspace] [GetSolutionsFallback WTI] Solver <ConvAsmImplicitGemmGTCDynamicBwdXdlopsNHWC>, workspace required: 65175552, provided ptr: 0x752f40704000 size: 65044480
MIOpen(HIP): Warning [IsEnoughWorkspace] [GetSolutionsFallback WTI] Solver <ConvHipImplicitGemmGroupBwdXdlops>, workspace required: 65175552, provided ptr: 0x752f40704000 size: 65044480
MIOpen(HIP): Warning [IsEnoughWorkspace] [GetSolutionsFallback AI] Solver <GemmFwdRest>, workspace required: 227655680, provided ptr: 0x752f42608000 size: 65159168
MIOpen(HIP): Warning [IsEnoughWorkspace] [GetSolutionsFallback AI] Solver <ConvHipImplicitGemmGroupFwdXdlops>, workspace required: 65060864, provided ptr: 0x752f4450c000 size: 65044480
MIOpen(HIP): Warning [IsEnoughWorkspace] [GetSolutionsFallback AI] Solver <GemmFwdRest>, workspace required: 341483520, provided ptr: 0x752f47392000 size: 97595392
MIOpen(HIP): Warning [IsEnoughWorkspace] [GetSolutionsFallback AI] Solver <ConvHipImplicitGemmGroupFwdXdlops>, workspace required: 97570816, provided ptr: 0x752f4a218000 size: 97566720
MIOpen(HIP): Warning [IsEnoughWorkspace] [GetSolutionsFallback AI] Solver <ConvHipImplicitGemmGroupFwdXdlops>, workspace required: 50308864, provided ptr: 0x752f37c00000 size: 48784384
MIOpen(HIP): Warning [IsEnoughWorkspace] [GetSolutionsFallback AI] Solver <GemmFwdRest>, workspace required: 341483520, provided ptr: 0x752f37c00000 size: 48784384
MIOpen(HIP): Warning [IsEnoughWorkspace] [GetSolutionsFallback AI] Solver <ConvHipImplicitGemmGroupFwdXdlops>, workspace required: 8599552, provided ptr: 0x752e4e2c0000 size: 1763328
MIOpen(HIP): Warning [IsEnoughWorkspace] [GetSolutionsFallback AI] Solver <ConvAsmImplicitGemmGTCDynamicFwdXdlopsNHWC>, workspace required: 8599552, provided ptr: 0x752e4e2c0000 size: 1763328
MIOpen(HIP): Warning [IsEnoughWorkspace] [GetSolutionsFallback WTI] Solver <ConvAsmImplicitGemmGTCDynamicBwdXdlopsNHWC>, workspace required: 38592512, provided ptr: 0x752f13200000 size: 8060928
MIOpen(HIP): Warning [IsEnoughWorkspace] [GetSolutionsFallback WTI] Solver <ConvHipImplicitGemmGroupBwdXdlops>, workspace required: 38592512, provided ptr: 0x752f13200000 size: 8060928
MIOpen(HIP): Warning [IsEnoughWorkspace] [GetSolutionsFallback AI] Solver <GemmFwdRest>, workspace required: 28213248, provided ptr: 0x752fe0ec0000 size: 15400960
MIOpen(HIP): Warning [IsEnoughWorkspace] [GetSolutionsFallback AI] Solver <GemmFwdRest>, workspace required: 70533120, provided ptr: 0x752f37c00000 size: 21987328
MIOpen(HIP): Warning [IsEnoughWorkspace] [GetSolutionsFallback AI] Solver <ConvHipImplicitGemmGroupFwdXdlops>, workspace required: 20414464, provided ptr: 0x752f3859c000 size: 20152320
MIOpen(HIP): Warning [IsEnoughWorkspace] [GetSolutionsFallback AI] Solver <GemmFwdRest>, workspace required: 141066240, provided ptr: 0x752f3e800000 size: 40763392
MIOpen(HIP): Warning [IsEnoughWorkspace] [GetSolutionsFallback AI] Solver <ConvHipImplicitGemmGroupFwdXdlops>, workspace required: 40370176, provided ptr: 0x752f3fb38000 size: 40304640
MIOpen(HIP): Warning [IsEnoughWorkspace] [GetSolutionsFallback WTI] Solver <ConvAsmImplicitGemmGTCDynamicBwdXdlopsNHWC>, workspace required: 40435712, provided ptr: 0x752f3e800000 size: 40304640
MIOpen(HIP): Warning [IsEnoughWorkspace] [GetSolutionsFallback WTI] Solver <ConvHipImplicitGemmGroupBwdXdlops>, workspace required: 40435712, provided ptr: 0x752f3e800000 size: 40304640
MIOpen(HIP): Warning [IsEnoughWorkspace] [GetSolutionsFallback AI] Solver <GemmFwdRest>, workspace required: 141066240, provided ptr: 0x752f3e800000 size: 40419328
MIOpen(HIP): Warning [IsEnoughWorkspace] [GetSolutionsFallback AI] Solver <ConvHipImplicitGemmGroupFwdXdlops>, workspace required: 40321024, provided ptr: 0x752f3fb38000 size: 40304640
MIOpen(HIP): Warning [IsEnoughWorkspace] [GetSolutionsFallback AI] Solver <GemmFwdRest>, workspace required: 211599360, provided ptr: 0x752f421a8000 size: 60485632
MIOpen(HIP): Warning [IsEnoughWorkspace] [GetSolutionsFallback AI] Solver <ConvHipImplicitGemmGroupFwdXdlops>, workspace required: 60461056, provided ptr: 0x752f43e7c000 size: 60456960
MIOpen(HIP): Warning [IsEnoughWorkspace] [GetSolutionsFallback AI] Solver <ConvHipImplicitGemmGroupFwdXdlops>, workspace required: 31174144, provided ptr: 0x752f398d4000 size: 30229504
MIOpen(HIP): Warning [IsEnoughWorkspace] [GetSolutionsFallback AI] Solver <GemmFwdRest>, workspace required: 211599360, provided ptr: 0x752f398d4000 size: 30229504
MIOpen(HIP): Warning [IsEnoughWorkspace] [GetSolutionsFallback AI] Solver <ConvHipImplicitGemmGroupFwdXdlops>, workspace required: 8026112, provided ptr: 0x752eb7800000 size: 960512
MIOpen(HIP): Warning [IsEnoughWorkspace] [GetSolutionsFallback AI] Solver <ConvAsmImplicitGemmGTCDynamicFwdXdlopsNHWC>, workspace required: 8026112, provided ptr: 0x752eb7800000 size: 960512
MIOpen(HIP): Warning [IsEnoughWorkspace] [GetSolutionsFallback WTI] Solver <ConvAsmImplicitGemmGTCDynamicBwdXdlopsNHWC>, workspace required: 36298752, provided ptr: 0x752e51a00000 size: 4390912
MIOpen(HIP): Warning [IsEnoughWorkspace] [GetSolutionsFallback WTI] Solver <ConvHipImplicitGemmGroupBwdXdlops>, workspace required: 36298752, provided ptr: 0x752e51a00000 size: 4390912
MIOpen(HIP): Warning [IsEnoughWorkspace] [GetSolutionsFallback AI] Solver <GemmFwdRest>, workspace required: 15368192, provided ptr: 0x752f13200000 size: 11730944
MIOpen(HIP): Warning [IsEnoughWorkspace] [GetSolutionsFallback WTI] Solver <ConvAsmImplicitGemmGTCDynamicBwdXdlopsNHWC>, workspace required: 12926976, provided ptr: 0x752fe0ec0000 size: 10977280
MIOpen(HIP): Warning [IsEnoughWorkspace] [GetSolutionsFallback WTI] Solver <ConvHipImplicitGemmGroupBwdXdlops>, workspace required: 12926976, provided ptr: 0x752fe0ec0000 size: 10977280
MIOpen(HIP): Warning [IsEnoughWorkspace] [GetSolutionsFallback AI] Solver <GemmFwdRest>, workspace required: 38420480, provided ptr: 0x752fe13fc000 size: 12812288
MIOpen(HIP): Warning [IsEnoughWorkspace] [GetSolutionsFallback AI] Solver <ConvHipImplicitGemmGroupFwdXdlops>, workspace required: 11239424, provided ptr: 0x752fe1938000 size: 10977280
MIOpen(HIP): Warning [IsEnoughWorkspace] [GetSolutionsFallback AI] Solver <GemmFwdRest>, workspace required: 76840960, provided ptr: 0x752f38678000 size: 22413312
MIOpen(HIP): Warning [IsEnoughWorkspace] [GetSolutionsFallback AI] Solver <ConvHipImplicitGemmGroupFwdXdlops>, workspace required: 22020096, provided ptr: 0x752f390f0000 size: 21954560
MIOpen(HIP): Warning [IsEnoughWorkspace] [GetSolutionsFallback WTI] Solver <ConvAsmImplicitGemmGTCDynamicBwdXdlopsNHWC>, workspace required: 22085632, provided ptr: 0x752f38678000 size: 21954560
MIOpen(HIP): Warning [IsEnoughWorkspace] [GetSolutionsFallback WTI] Solver <ConvHipImplicitGemmGroupBwdXdlops>, workspace required: 22085632, provided ptr: 0x752f38678000 size: 21954560
MIOpen(HIP): Warning [IsEnoughWorkspace] [GetSolutionsFallback AI] Solver <GemmFwdRest>, workspace required: 76840960, provided ptr: 0x752f38678000 size: 22069248
MIOpen(HIP): Warning [IsEnoughWorkspace] [GetSolutionsFallback AI] Solver <ConvHipImplicitGemmGroupFwdXdlops>, workspace required: 21970944, provided ptr: 0x752f390f0000 size: 21954560
MIOpen(HIP): Warning [IsEnoughWorkspace] [GetSolutionsFallback AI] Solver <GemmFwdRest>, workspace required: 115261440, provided ptr: 0x752f3e800000 size: 32960512
MIOpen(HIP): Warning [IsEnoughWorkspace] [GetSolutionsFallback AI] Solver <ConvHipImplicitGemmGroupFwdXdlops>, workspace required: 32935936, provided ptr: 0x752f3e800000 size: 32931840
MIOpen(HIP): Warning [IsEnoughWorkspace] [GetSolutionsFallback AI] Solver <ConvHipImplicitGemmGroupFwdXdlops>, workspace required: 16981504, provided ptr: 0x752fe0ec0000 size: 16466944
MIOpen(HIP): Warning [IsEnoughWorkspace] [GetSolutionsFallback AI] Solver <GemmFwdRest>, workspace required: 115261440, provided ptr: 0x752fe0ec0000 size: 16466944
MIOpen(HIP): Warning [IsEnoughWorkspace] [GetSolutionsFallback AI] Solver <ConvHipImplicitGemmGroupFwdXdlops>, workspace required: 8579072, provided ptr: 0x752e4e2c0000 size: 1734656
MIOpen(HIP): Warning [IsEnoughWorkspace] [GetSolutionsFallback AI] Solver <ConvAsmImplicitGemmGTCDynamicFwdXdlopsNHWC>, workspace required: 8579072, provided ptr: 0x752e4e2c0000 size: 1734656
MIOpen(HIP): Warning [IsEnoughWorkspace] [GetSolutionsFallback WTI] Solver <ConvAsmImplicitGemmGTCDynamicBwdXdlopsNHWC>, workspace required: 38510592, provided ptr: 0x752f13200000 size: 7929856
MIOpen(HIP): Warning [IsEnoughWorkspace] [GetSolutionsFallback WTI] Solver <ConvHipImplicitGemmGroupBwdXdlops>, workspace required: 38510592, provided ptr: 0x752f13200000 size: 7929856
MIOpen(HIP): Warning [IsEnoughWorkspace] [GetSolutionsFallback AI] Solver <GemmFwdRest>, workspace required: 27754496, provided ptr: 0x752fe0ec0000 size: 15269888
MIOpen(HIP): Warning [IsEnoughWorkspace] [GetSolutionsFallback AI] Solver <GemmFwdRest>, workspace required: 69386240, provided ptr: 0x752f37c00000 size: 21659648
MIOpen(HIP): Warning [IsEnoughWorkspace] [GetSolutionsFallback AI] Solver <ConvHipImplicitGemmGroupFwdXdlops>, workspace required: 20086784, provided ptr: 0x752f38574000 size: 19824640
MIOpen(HIP): Warning [IsEnoughWorkspace] [GetSolutionsFallback AI] Solver <GemmFwdRest>, workspace required: 138772480, provided ptr: 0x752f3e800000 size: 40108032
MIOpen(HIP): Warning [IsEnoughWorkspace] [GetSolutionsFallback AI] Solver <ConvHipImplicitGemmGroupFwdXdlops>, workspace required: 39714816, provided ptr: 0x752f3e800000 size: 39649280
MIOpen(HIP): Warning [IsEnoughWorkspace] [GetSolutionsFallback WTI] Solver <ConvAsmImplicitGemmGTCDynamicBwdXdlopsNHWC>, workspace required: 39780352, provided ptr: 0x752f3a1d0000 size: 39649280
MIOpen(HIP): Warning [IsEnoughWorkspace] [GetSolutionsFallback WTI] Solver <ConvHipImplicitGemmGroupBwdXdlops>, workspace required: 39780352, provided ptr: 0x752f3a1d0000 size: 39649280
MIOpen(HIP): Warning [IsEnoughWorkspace] [GetSolutionsFallback AI] Solver <GemmFwdRest>, workspace required: 138772480, provided ptr: 0x752f3e800000 size: 39763968
MIOpen(HIP): Warning [IsEnoughWorkspace] [GetSolutionsFallback AI] Solver <ConvHipImplicitGemmGroupFwdXdlops>, workspace required: 39665664, provided ptr: 0x752f3e800000 size: 39649280
MIOpen(HIP): Warning [IsEnoughWorkspace] [GetSolutionsFallback AI] Solver <GemmFwdRest>, workspace required: 208158720, provided ptr: 0x752f4045c000 size: 59502592
MIOpen(HIP): Warning [IsEnoughWorkspace] [GetSolutionsFallback AI] Solver <ConvHipImplicitGemmGroupFwdXdlops>, workspace required: 59478016, provided ptr: 0x752f420b8000 size: 59473920
MIOpen(HIP): Warning [IsEnoughWorkspace] [GetSolutionsFallback AI] Solver <ConvHipImplicitGemmGroupFwdXdlops>, workspace required: 30667264, provided ptr: 0x752f3985c000 size: 29737984
MIOpen(HIP): Warning [IsEnoughWorkspace] [GetSolutionsFallback AI] Solver <GemmFwdRest>, workspace required: 208158720, provided ptr: 0x752f3985c000 size: 29737984
MIOpen(HIP): Warning [IsEnoughWorkspace] [GetSolutionsFallback AI] Solver <ConvHipImplicitGemmGroupFwdXdlops>, workspace required: 8148992, provided ptr: 0x752e4f280000 size: 1132544
MIOpen(HIP): Warning [IsEnoughWorkspace] [GetSolutionsFallback AI] Solver <ConvAsmImplicitGemmGTCDynamicFwdXdlopsNHWC>, workspace required: 8148992, provided ptr: 0x752e4f280000 size: 1132544
MIOpen(HIP): Warning [IsEnoughWorkspace] [GetSolutionsFallback WTI] Solver <ConvAsmImplicitGemmGTCDynamicBwdXdlopsNHWC>, workspace required: 36790272, provided ptr: 0x752e51a00000 size: 5177344
MIOpen(HIP): Warning [IsEnoughWorkspace] [GetSolutionsFallback WTI] Solver <ConvHipImplicitGemmGroupBwdXdlops>, workspace required: 36790272, provided ptr: 0x752e51a00000 size: 5177344
MIOpen(HIP): Warning [IsEnoughWorkspace] [GetSolutionsFallback AI] Solver <GemmFwdRest>, workspace required: 18120704, provided ptr: 0x752f13200000 size: 12517376
MIOpen(HIP): Warning [IsEnoughWorkspace] [GetSolutionsFallback WTI] Solver <ConvAsmImplicitGemmGTCDynamicBwdXdlopsNHWC>, workspace required: 14303232, provided ptr: 0x752fe0ec0000 size: 12943360
MIOpen(HIP): Warning [IsEnoughWorkspace] [GetSolutionsFallback WTI] Solver <ConvHipImplicitGemmGroupBwdXdlops>, workspace required: 14303232, provided ptr: 0x752fe0ec0000 size: 12943360
MIOpen(HIP): Warning [IsEnoughWorkspace] [GetSolutionsFallback AI] Solver <GemmFwdRest>, workspace required: 45301760, provided ptr: 0x752fe14ec000 size: 14778368
MIOpen(HIP): Warning [IsEnoughWorkspace] [GetSolutionsFallback AI] Solver <ConvHipImplicitGemmGroupFwdXdlops>, workspace required: 13205504, provided ptr: 0x752f37c00000 size: 12943360
MIOpen(HIP): Warning [IsEnoughWorkspace] [GetSolutionsFallback AI] Solver <GemmFwdRest>, workspace required: 90603520, provided ptr: 0x752f394b0000 size: 26345472
MIOpen(HIP): Warning [IsEnoughWorkspace] [GetSolutionsFallback AI] Solver <ConvHipImplicitGemmGroupFwdXdlops>, workspace required: 25952256, provided ptr: 0x752f3a108000 size: 25886720
MIOpen(HIP): Warning [IsEnoughWorkspace] [GetSolutionsFallback WTI] Solver <ConvAsmImplicitGemmGTCDynamicBwdXdlopsNHWC>, workspace required: 26017792, provided ptr: 0x752f38858000 size: 25886720
MIOpen(HIP): Warning [IsEnoughWorkspace] [GetSolutionsFallback WTI] Solver <ConvHipImplicitGemmGroupBwdXdlops>, workspace required: 26017792, provided ptr: 0x752f38858000 size: 25886720
MIOpen(HIP): Warning [IsEnoughWorkspace] [GetSolutionsFallback AI] Solver <GemmFwdRest>, workspace required: 90603520, provided ptr: 0x752f394b0000 size: 26001408
MIOpen(HIP): Warning [IsEnoughWorkspace] [GetSolutionsFallback AI] Solver <ConvHipImplicitGemmGroupFwdXdlops>, workspace required: 25903104, provided ptr: 0x752f3a108000 size: 25886720
MIOpen(HIP): Warning [IsEnoughWorkspace] [GetSolutionsFallback AI] Solver <GemmFwdRest>, workspace required: 135905280, provided ptr: 0x752f3e800000 size: 38858752
MIOpen(HIP): Warning [IsEnoughWorkspace] [GetSolutionsFallback AI] Solver <ConvHipImplicitGemmGroupFwdXdlops>, workspace required: 38834176, provided ptr: 0x752f3fa84000 size: 38830080
MIOpen(HIP): Warning [IsEnoughWorkspace] [GetSolutionsFallback AI] Solver <ConvHipImplicitGemmGroupFwdXdlops>, workspace required: 20022784, provided ptr: 0x752f37c00000 size: 19416064
MIOpen(HIP): Warning [IsEnoughWorkspace] [GetSolutionsFallback AI] Solver <GemmFwdRest>, workspace required: 135905280, provided ptr: 0x752f37c00000 size: 19416064
MIOpen(HIP): Warning [IsEnoughWorkspace] [GetSolutionsFallback AI] Solver <ConvAsmImplicitGemmGTCDynamicFwdXdlopsNHWC>, workspace required: 9449472, provided ptr: 0x752e51a00000 size: 2953216
MIOpen(HIP): Warning [IsEnoughWorkspace] [GetSolutionsFallback AI] Solver <ConvHipImplicitGemmGroupFwdXdlops>, workspace required: 9449472, provided ptr: 0x752e51a00000 size: 2953216
MIOpen(HIP): Warning [IsEnoughWorkspace] [GetSolutionsFallback WTI] Solver <ConvAsmImplicitGemmGTCDynamicBwdXdlopsNHWC>, workspace required: 41992192, provided ptr: 0x752fe0ec0000 size: 13500416
MIOpen(HIP): Warning [IsEnoughWorkspace] [GetSolutionsFallback WTI] Solver <ConvHipImplicitGemmGroupBwdXdlops>, workspace required: 41992192, provided ptr: 0x752fe0ec0000 size: 13500416
MIOpen(HIP): Warning [IsEnoughWorkspace] [GetSolutionsFallback AI] Solver <GemmFwdRest>, workspace required: 47251456, provided ptr: 0x752f37c00000 size: 20840448
MIOpen(HIP): Warning [IsEnoughWorkspace] [GetSolutionsFallback AI] Solver <GemmFwdRest>, workspace required: 118128640, provided ptr: 0x752f39c30000 size: 35586048
MIOpen(HIP): Warning [IsEnoughWorkspace] [GetSolutionsFallback AI] Solver <ConvHipImplicitGemmGroupFwdXdlops>, workspace required: 34013184, provided ptr: 0x752f3e800000 size: 33751040
MIOpen(HIP): Warning [IsEnoughWorkspace] [GetSolutionsFallback AI] Solver <GemmFwdRest>, workspace required: 236257280, provided ptr: 0x752f42860000 size: 67960832
MIOpen(HIP): Warning [IsEnoughWorkspace] [GetSolutionsFallback AI] Solver <ConvHipImplicitGemmGroupFwdXdlops>, workspace required: 67567616, provided ptr: 0x752f44890000 size: 67502080
MIOpen(HIP): Warning [IsEnoughWorkspace] [GetSolutionsFallback WTI] Solver <ConvAsmImplicitGemmGTCDynamicBwdXdlopsNHWC>, workspace required: 67633152, provided ptr: 0x752f40830000 size: 67502080
MIOpen(HIP): Warning [IsEnoughWorkspace] [GetSolutionsFallback WTI] Solver <ConvHipImplicitGemmGroupBwdXdlops>, workspace required: 67633152, provided ptr: 0x752f40830000 size: 67502080
MIOpen(HIP): Warning [IsEnoughWorkspace] [GetSolutionsFallback AI] Solver <GemmFwdRest>, workspace required: 236257280, provided ptr: 0x752f42860000 size: 67616768
MIOpen(HIP): Warning [IsEnoughWorkspace] [GetSolutionsFallback AI] Solver <ConvHipImplicitGemmGroupFwdXdlops>, workspace required: 67518464, provided ptr: 0x752f44890000 size: 67502080
MIOpen(HIP): Warning [IsEnoughWorkspace] [GetSolutionsFallback AI] Solver <GemmFwdRest>, workspace required: 354385920, provided ptr: 0x752f478d8000 size: 101281792
MIOpen(HIP): Warning [IsEnoughWorkspace] [GetSolutionsFallback AI] Solver <ConvHipImplicitGemmGroupFwdXdlops>, workspace required: 101257216, provided ptr: 0x752f4a920000 size: 101253120
MIOpen(HIP): Warning [IsEnoughWorkspace] [GetSolutionsFallback AI] Solver <ConvHipImplicitGemmGroupFwdXdlops>, workspace required: 52209664, provided ptr: 0x752f37c00000 size: 50627584
MIOpen(HIP): Warning [IsEnoughWorkspace] [GetSolutionsFallback AI] Solver <GemmFwdRest>, workspace required: 354385920, provided ptr: 0x752f37c00000 size: 50627584
MIOpen(HIP): Warning [IsEnoughWorkspace] [GetSolutionsFallback AI] Solver <ConvAsmImplicitGemmGTCDynamicFwdXdlopsNHWC>, workspace required: 7585792, provided ptr: 0x752f6f50a000 size: 344064
MIOpen(HIP): Warning [IsEnoughWorkspace] [GetSolutionsFallback AI] Solver <ConvHipImplicitGemmGroupFwdXdlops>, workspace required: 7585792, provided ptr: 0x752f6f50a000 size: 344064
MIOpen(HIP): Warning [IsEnoughWorkspace] [GetSolutionsFallback WTI] Solver <ConvAsmImplicitGemmGTCDynamicBwdXdlopsNHWC>, workspace required: 34537472, provided ptr: 0x752e4f280000 size: 1572864
MIOpen(HIP): Warning [IsEnoughWorkspace] [GetSolutionsFallback WTI] Solver <ConvHipImplicitGemmGroupBwdXdlops>, workspace required: 34537472, provided ptr: 0x752e4f280000 size: 1572864
MIOpen(HIP): Warning [IsEnoughWorkspace] [GetSolutionsFallback AI] Solver <ConvAsmImplicitGemmGTCDynamicFwdXdlopsNHWC>, workspace required: 8912896, provided ptr: 0x752f13200000 size: 5505024
MIOpen(HIP): Warning [IsEnoughWorkspace] [GetSolutionsFallback AI] Solver <ConvHipImplicitGemmGroupFwdXdlops>, workspace required: 8912896, provided ptr: 0x752f13200000 size: 5505024
MIOpen(HIP): Warning [IsEnoughWorkspace] [GetSolutionsFallback AI] Solver <ConvHipImplicitGemmGroupFwdXdlops>, workspace required: 2621440, provided ptr: 0 size: 0
MIOpen(HIP): Warning [IsEnoughWorkspace] [GetSolutionsFallback AI] Solver <ConvAsmImplicitGemmGTCDynamicFwdXdlopsNHWC>, workspace required: 1572864, provided ptr: 0 size: 0
MIOpen(HIP): Warning [IsEnoughWorkspace] [GetSolutionsFallback WTI] Solver <ConvAsmImplicitGemmGTCDynamicFwdXdlopsNHWC>, workspace required: 8912896, provided ptr: 0x752f13200000 size: 5505024
MIOpen(HIP): Warning [IsEnoughWorkspace] [GetSolutionsFallback WTI] Solver <ConvHipImplicitGemmGroupFwdXdlops>, workspace required: 8912896, provided ptr: 0x752f13200000 size: 5505024
MIOpen(HIP): Warning [IsEnoughWorkspace] [GetSolutionsFallback WTI] Solver <ConvAsmImplicitGemmGTCDynamicFwdXdlopsNHWC>, workspace required: 8912896, provided ptr: 0x752f13200000 size: 5505024
MIOpen(HIP): Warning [IsEnoughWorkspace] [GetSolutionsFallback WTI] Solver <ConvHipImplicitGemmGroupFwdXdlops>, workspace required: 8912896, provided ptr: 0x752f13200000 size: 5505024
MIOpen(HIP): Warning [IsEnoughWorkspace] [GetSolutionsFallback WTI] Solver <ConvAsmImplicitGemmGTCDynamicBwdXdlopsNHWC>, workspace required: 7995392, provided ptr: 0x752e51a00000 size: 3932160
MIOpen(HIP): Warning [IsEnoughWorkspace] [GetSolutionsFallback WTI] Solver <ConvHipImplicitGemmGroupBwdXdlops>, workspace required: 7995392, provided ptr: 0x752e51a00000 size: 3932160
MIOpen(HIP): Warning [IsEnoughWorkspace] [GetSolutionsFallback AI] Solver <GemmFwdRest>, workspace required: 13762560, provided ptr: 0x752f13200000 size: 5767168
MIOpen(HIP): Warning [IsEnoughWorkspace] [GetSolutionsFallback AI] Solver <ConvAsmImplicitGemmGTCDynamicFwdXdlopsNHWC>, workspace required: 8323072, provided ptr: 0 size: 0
MIOpen(HIP): Warning [IsEnoughWorkspace] [GetSolutionsFallback AI] Solver <ConvHipImplicitGemmGroupFwdXdlops>, workspace required: 8323072, provided ptr: 0 size: 0
MIOpen(HIP): Warning [IsEnoughWorkspace] [GetSolutionsFallback AI] Solver <GemmFwdRest>, workspace required: 27525120, provided ptr: 0 size: 0
MIOpen(HIP): Warning [IsEnoughWorkspace] [GetSolutionsFallback AI] Solver <ConvAsmImplicitGemmGTCDynamicFwdXdlopsNHWC>, workspace required: 7864320, provided ptr: 0 size: 0
MIOpen(HIP): Warning [IsEnoughWorkspace] [GetSolutionsFallback AI] Solver <ConvHipImplicitGemmGroupFwdXdlops>, workspace required: 7929856, provided ptr: 0 size: 0
MIOpen(HIP): Warning [IsEnoughWorkspace] [GetSolutionsFallback WTI] Solver <ConvAsmImplicitGemmGTCDynamicBwdXdlopsNHWC>, workspace required: 7995392, provided ptr: 0x752fe0ec0000 size: 7864320
MIOpen(HIP): Warning [IsEnoughWorkspace] [GetSolutionsFallback WTI] Solver <ConvHipImplicitGemmGroupBwdXdlops>, workspace required: 7995392, provided ptr: 0x752fe0ec0000 size: 7864320
MIOpen(HIP): Warning [IsEnoughWorkspace] [GetSolutionsFallback AI] Solver <GemmFwdRest>, workspace required: 27525120, provided ptr: 0x752fe0ec0000 size: 7979008
MIOpen(HIP): Warning [IsEnoughWorkspace] [GetSolutionsFallback AI] Solver <ConvHipImplicitGemmGroupFwdXdlops>, workspace required: 7880704, provided ptr: 0x752fe1280000 size: 7864320
MIOpen(HIP): Warning [IsEnoughWorkspace] [GetSolutionsFallback AI] Solver <GemmFwdRest>, workspace required: 41287680, provided ptr: 0x752f37c00000 size: 11825152
MIOpen(HIP): Warning [IsEnoughWorkspace] [GetSolutionsFallback AI] Solver <ConvHipImplicitGemmGroupFwdXdlops>, workspace required: 11800576, provided ptr: 0x752f37c00000 size: 11796480
MIOpen(HIP): Warning [IsEnoughWorkspace] [GetSolutionsFallback AI] Solver <ConvHipImplicitGemmGroupFwdXdlops>, workspace required: 6083584, provided ptr: 0x752f137a0000 size: 5899264
MIOpen(HIP): Warning [IsEnoughWorkspace] [GetSolutionsFallback AI] Solver <GemmFwdRest>, workspace required: 41287680, provided ptr: 0x752f137a0000 size: 5899264
MIOpen(HIP): Warning [IsEnoughWorkspace] [GetSolutionsFallback AI] Solver <ConvHipImplicitGemmGroupFwdXdlops>, workspace required: 8466432, provided ptr: 0x752e4e2c0000 size: 1576960
MIOpen(HIP): Warning [IsEnoughWorkspace] [GetSolutionsFallback AI] Solver <ConvAsmImplicitGemmGTCDynamicFwdXdlopsNHWC>, workspace required: 8466432, provided ptr: 0x752e4e2c0000 size: 1576960
MIOpen(HIP): Warning [IsEnoughWorkspace] [GetSolutionsFallback WTI] Solver <ConvAsmImplicitGemmGTCDynamicBwdXdlopsNHWC>, workspace required: 38060032, provided ptr: 0x752f13200000 size: 7208960
MIOpen(HIP): Warning [IsEnoughWorkspace] [GetSolutionsFallback WTI] Solver <ConvHipImplicitGemmGroupBwdXdlops>, workspace required: 38060032, provided ptr: 0x752f13200000 size: 7208960
MIOpen(HIP): Warning [IsEnoughWorkspace] [GetSolutionsFallback AI] Solver <GemmFwdRest>, workspace required: 25231360, provided ptr: 0x752fe0ec0000 size: 14548992
MIOpen(HIP): Warning [IsEnoughWorkspace] [GetSolutionsFallback AI] Solver <GemmFwdRest>, workspace required: 63078400, provided ptr: 0x752f38498000 size: 19857408
MIOpen(HIP): Warning [IsEnoughWorkspace] [GetSolutionsFallback AI] Solver <ConvHipImplicitGemmGroupFwdXdlops>, workspace required: 18284544, provided ptr: 0x752f38d30000 size: 18022400
MIOpen(HIP): Warning [IsEnoughWorkspace] [GetSolutionsFallback AI] Solver <GemmFwdRest>, workspace required: 126156800, provided ptr: 0x752f3e800000 size: 36503552
MIOpen(HIP): Warning [IsEnoughWorkspace] [GetSolutionsFallback AI] Solver <ConvHipImplicitGemmGroupFwdXdlops>, workspace required: 36110336, provided ptr: 0x752f3e800000 size: 36044800
MIOpen(HIP): Warning [IsEnoughWorkspace] [GetSolutionsFallback WTI] Solver <ConvAsmImplicitGemmGTCDynamicBwdXdlopsNHWC>, workspace required: 36175872, provided ptr: 0x752f3e800000 size: 36044800
MIOpen(HIP): Warning [IsEnoughWorkspace] [GetSolutionsFallback WTI] Solver <ConvHipImplicitGemmGroupBwdXdlops>, workspace required: 36175872, provided ptr: 0x752f3e800000 size: 36044800
MIOpen(HIP): Warning [IsEnoughWorkspace] [GetSolutionsFallback AI] Solver <GemmFwdRest>, workspace required: 126156800, provided ptr: 0x752f3e800000 size: 36159488
MIOpen(HIP): Warning [IsEnoughWorkspace] [GetSolutionsFallback AI] Solver <ConvHipImplicitGemmGroupFwdXdlops>, workspace required: 36061184, provided ptr: 0x752f3f930000 size: 36044800
MIOpen(HIP): Warning [IsEnoughWorkspace] [GetSolutionsFallback AI] Solver <GemmFwdRest>, workspace required: 189235200, provided ptr: 0x752f401c8000 size: 54095872
MIOpen(HIP): Warning [IsEnoughWorkspace] [GetSolutionsFallback AI] Solver <ConvHipImplicitGemmGroupFwdXdlops>, workspace required: 54071296, provided ptr: 0x752f41b90000 size: 54067200
MIOpen(HIP): Warning [IsEnoughWorkspace] [GetSolutionsFallback AI] Solver <ConvHipImplicitGemmGroupFwdXdlops>, workspace required: 27879424, provided ptr: 0x752f395c8000 size: 27034624
MIOpen(HIP): Warning [IsEnoughWorkspace] [GetSolutionsFallback AI] Solver <GemmFwdRest>, workspace required: 189235200, provided ptr: 0x752f395c8000 size: 27034624
MIOpen(HIP): Warning [IsEnoughWorkspace] [GetSolutionsFallback AI] Solver <ConvHipImplicitGemmGroupFwdXdlops>, workspace required: 9019392, provided ptr: 0x752e4e2c0000 size: 2351104
MIOpen(HIP): Warning [IsEnoughWorkspace] [GetSolutionsFallback AI] Solver <ConvAsmImplicitGemmGTCDynamicFwdXdlopsNHWC>, workspace required: 9019392, provided ptr: 0x752e4e2c0000 size: 2351104
MIOpen(HIP): Warning [IsEnoughWorkspace] [GetSolutionsFallback WTI] Solver <ConvAsmImplicitGemmGTCDynamicBwdXdlopsNHWC>, workspace required: 40271872, provided ptr: 0x752fe0ec0000 size: 10747904
MIOpen(HIP): Warning [IsEnoughWorkspace] [GetSolutionsFallback WTI] Solver <ConvHipImplicitGemmGroupBwdXdlops>, workspace required: 40271872, provided ptr: 0x752fe0ec0000 size: 10747904
MIOpen(HIP): Warning [IsEnoughWorkspace] [GetSolutionsFallback AI] Solver <GemmFwdRest>, workspace required: 37617664, provided ptr: 0x752f37c00000 size: 18087936
MIOpen(HIP): Warning [IsEnoughWorkspace] [GetSolutionsFallback AI] Solver <GemmFwdRest>, workspace required: 94044160, provided ptr: 0x752f388d0000 size: 28704768
MIOpen(HIP): Warning [IsEnoughWorkspace] [GetSolutionsFallback AI] Solver <ConvHipImplicitGemmGroupFwdXdlops>, workspace required: 27131904, provided ptr: 0x752f395a0000 size: 26869760
MIOpen(HIP): Warning [IsEnoughWorkspace] [GetSolutionsFallback AI] Solver <GemmFwdRest>, workspace required: 188088320, provided ptr: 0x752f401a0000 size: 54198272
MIOpen(HIP): Warning [IsEnoughWorkspace] [GetSolutionsFallback AI] Solver <ConvHipImplicitGemmGroupFwdXdlops>, workspace required: 53805056, provided ptr: 0x752f41b40000 size: 53739520
MIOpen(HIP): Warning [IsEnoughWorkspace] [GetSolutionsFallback WTI] Solver <ConvAsmImplicitGemmGTCDynamicBwdXdlopsNHWC>, workspace required: 53870592, provided ptr: 0x752f401a0000 size: 53739520
MIOpen(HIP): Warning [IsEnoughWorkspace] [GetSolutionsFallback WTI] Solver <ConvHipImplicitGemmGroupBwdXdlops>, workspace required: 53870592, provided ptr: 0x752f401a0000 size: 53739520
MIOpen(HIP): Warning [IsEnoughWorkspace] [GetSolutionsFallback AI] Solver <GemmFwdRest>, workspace required: 188088320, provided ptr: 0x752f41b40000 size: 53854208
MIOpen(HIP): Warning [IsEnoughWorkspace] [GetSolutionsFallback AI] Solver <ConvHipImplicitGemmGroupFwdXdlops>, workspace required: 53755904, provided ptr: 0x752f434e0000 size: 53739520
MIOpen(HIP): Warning [IsEnoughWorkspace] [GetSolutionsFallback AI] Solver <GemmFwdRest>, workspace required: 282132480, provided ptr: 0x752f434e0000 size: 80637952
MIOpen(HIP): Warning [IsEnoughWorkspace] [GetSolutionsFallback AI] Solver <ConvHipImplicitGemmGroupFwdXdlops>, workspace required: 80613376, provided ptr: 0x752f45b50000 size: 80609280
MIOpen(HIP): Warning [IsEnoughWorkspace] [GetSolutionsFallback AI] Solver <ConvHipImplicitGemmGroupFwdXdlops>, workspace required: 41565184, provided ptr: 0x752f37c00000 size: 40305664
MIOpen(HIP): Warning [IsEnoughWorkspace] [GetSolutionsFallback AI] Solver <GemmFwdRest>, workspace required: 282132480, provided ptr: 0x752f37c00000 size: 40305664
MIOpen(HIP): Warning [IsEnoughWorkspace] [GetSolutionsFallback AI] Solver <ConvHipImplicitGemmGroupFwdXdlops>, workspace required: 7841792, provided ptr: 0x752f6f50a000 size: 702464
MIOpen(HIP): Warning [IsEnoughWorkspace] [GetSolutionsFallback AI] Solver <ConvAsmImplicitGemmGTCDynamicFwdXdlopsNHWC>, workspace required: 7841792, provided ptr: 0x752f6f50a000 size: 702464
MIOpen(HIP): Warning [IsEnoughWorkspace] [GetSolutionsFallback WTI] Solver <ConvAsmImplicitGemmGTCDynamicBwdXdlopsNHWC>, workspace required: 35561472, provided ptr: 0x752e51a00000 size: 3211264
MIOpen(HIP): Warning [IsEnoughWorkspace] [GetSolutionsFallback WTI] Solver <ConvHipImplicitGemmGroupBwdXdlops>, workspace required: 35561472, provided ptr: 0x752e51a00000 size: 3211264
MIOpen(HIP): Warning [IsEnoughWorkspace] [GetSolutionsFallback WTI] Solver <ConvAsmImplicitGemmGTCDynamicBwdXdlopsNHWC>, workspace required: 10862592, provided ptr: 0x752f13200000 size: 8028160
MIOpen(HIP): Warning [IsEnoughWorkspace] [GetSolutionsFallback WTI] Solver <ConvHipImplicitGemmGroupBwdXdlops>, workspace required: 10862592, provided ptr: 0x752f13200000 size: 8028160
MIOpen(HIP): Warning [IsEnoughWorkspace] [GetSolutionsFallback AI] Solver <GemmFwdRest>, workspace required: 28098560, provided ptr: 0x752fe0ec0000 size: 9863168
MIOpen(HIP): Warning [IsEnoughWorkspace] [GetSolutionsFallback AI] Solver <ConvHipImplicitGemmGroupFwdXdlops>, workspace required: 8290304, provided ptr: 0x752fe0ec0000 size: 8028160
MIOpen(HIP): Warning [IsEnoughWorkspace] [GetSolutionsFallback AI] Solver <GemmFwdRest>, workspace required: 56197120, provided ptr: 0x752f37c00000 size: 16515072
MIOpen(HIP): Warning [IsEnoughWorkspace] [GetSolutionsFallback AI] Solver <ConvHipImplicitGemmGroupFwdXdlops>, workspace required: 16121856, provided ptr: 0x752f383a8000 size: 16056320
MIOpen(HIP): Warning [IsEnoughWorkspace] [GetSolutionsFallback WTI] Solver <ConvAsmImplicitGemmGTCDynamicBwdXdlopsNHWC>, workspace required: 16187392, provided ptr: 0x752f37c00000 size: 16056320
MIOpen(HIP): Warning [IsEnoughWorkspace] [GetSolutionsFallback WTI] Solver <ConvHipImplicitGemmGroupBwdXdlops>, workspace required: 16187392, provided ptr: 0x752f37c00000 size: 16056320
MIOpen(HIP): Warning [IsEnoughWorkspace] [GetSolutionsFallback AI] Solver <GemmFwdRest>, workspace required: 56197120, provided ptr: 0x752f383a8000 size: 16171008
MIOpen(HIP): Warning [IsEnoughWorkspace] [GetSolutionsFallback AI] Solver <ConvHipImplicitGemmGroupFwdXdlops>, workspace required: 16072704, provided ptr: 0x752f38b50000 size: 16056320
MIOpen(HIP): Warning [IsEnoughWorkspace] [GetSolutionsFallback AI] Solver <GemmFwdRest>, workspace required: 84295680, provided ptr: 0x752f38f24000 size: 24113152
MIOpen(HIP): Warning [IsEnoughWorkspace] [GetSolutionsFallback AI] Solver <ConvHipImplicitGemmGroupFwdXdlops>, workspace required: 24088576, provided ptr: 0x752f39aa0000 size: 24084480
MIOpen(HIP): Warning [IsEnoughWorkspace] [GetSolutionsFallback AI] Solver <ConvHipImplicitGemmGroupFwdXdlops>, workspace required: 12419584, provided ptr: 0x752fe0ec0000 size: 12043264
MIOpen(HIP): Warning [IsEnoughWorkspace] [GetSolutionsFallback AI] Solver <GemmFwdRest>, workspace required: 84295680, provided ptr: 0x752fe0ec0000 size: 12043264
MIOpen(HIP): Warning [IsEnoughWorkspace] [GetSolutionsFallback AI] Solver <ConvHipImplicitGemmGroupFwdXdlops>, workspace required: 8978432, provided ptr: 0x752e4e2c0000 size: 2293760
MIOpen(HIP): Warning [IsEnoughWorkspace] [GetSolutionsFallback AI] Solver <ConvAsmImplicitGemmGTCDynamicFwdXdlopsNHWC>, workspace required: 8978432, provided ptr: 0x752e4e2c0000 size: 2293760
MIOpen(HIP): Warning [IsEnoughWorkspace] [GetSolutionsFallback WTI] Solver <ConvAsmImplicitGemmGTCDynamicBwdXdlopsNHWC>, workspace required: 40108032, provided ptr: 0x752f13200000 size: 10485760
MIOpen(HIP): Warning [IsEnoughWorkspace] [GetSolutionsFallback WTI] Solver <ConvHipImplicitGemmGroupBwdXdlops>, workspace required: 40108032, provided ptr: 0x752f13200000 size: 10485760
MIOpen(HIP): Warning [IsEnoughWorkspace] [GetSolutionsFallback AI] Solver <GemmFwdRest>, workspace required: 36700160, provided ptr: 0x752fe0ec0000 size: 17825792
MIOpen(HIP): Warning [IsEnoughWorkspace] [GetSolutionsFallback AI] Solver <GemmFwdRest>, workspace required: 91750400, provided ptr: 0x752f39500000 size: 28049408
MIOpen(HIP): Warning [IsEnoughWorkspace] [GetSolutionsFallback AI] Solver <ConvHipImplicitGemmGroupFwdXdlops>, workspace required: 26476544, provided ptr: 0x752f3a180000 size: 26214400
MIOpen(HIP): Warning [IsEnoughWorkspace] [GetSolutionsFallback AI] Solver <GemmFwdRest>, workspace required: 183500800, provided ptr: 0x752f40100000 size: 52887552
MIOpen(HIP): Warning [IsEnoughWorkspace] [GetSolutionsFallback AI] Solver <ConvHipImplicitGemmGroupFwdXdlops>, workspace required: 52494336, provided ptr: 0x752f41a00000 size: 52428800
MIOpen(HIP): Warning [IsEnoughWorkspace] [GetSolutionsFallback WTI] Solver <ConvAsmImplicitGemmGTCDynamicBwdXdlopsNHWC>, workspace required: 52559872, provided ptr: 0x752f40100000 size: 52428800
MIOpen(HIP): Warning [IsEnoughWorkspace] [GetSolutionsFallback WTI] Solver <ConvHipImplicitGemmGroupBwdXdlops>, workspace required: 52559872, provided ptr: 0x752f40100000 size: 52428800
MIOpen(HIP): Warning [IsEnoughWorkspace] [GetSolutionsFallback AI] Solver <GemmFwdRest>, workspace required: 183500800, provided ptr: 0x752f40100000 size: 52543488
MIOpen(HIP): Warning [IsEnoughWorkspace] [GetSolutionsFallback AI] Solver <ConvHipImplicitGemmGroupFwdXdlops>, workspace required: 52445184, provided ptr: 0x752f41a00000 size: 52428800
MIOpen(HIP): Warning [IsEnoughWorkspace] [GetSolutionsFallback AI] Solver <GemmFwdRest>, workspace required: 275251200, provided ptr: 0x752f43300000 size: 78671872
MIOpen(HIP): Warning [IsEnoughWorkspace] [GetSolutionsFallback AI] Solver <ConvHipImplicitGemmGroupFwdXdlops>, workspace required: 78647296, provided ptr: 0x752f45880000 size: 78643200
MIOpen(HIP): Warning [IsEnoughWorkspace] [GetSolutionsFallback AI] Solver <ConvHipImplicitGemmGroupFwdXdlops>, workspace required: 40551424, provided ptr: 0x752f37c00000 size: 39322624
MIOpen(HIP): Warning [IsEnoughWorkspace] [GetSolutionsFallback AI] Solver <GemmFwdRest>, workspace required: 275251200, provided ptr: 0x752f37c00000 size: 39322624
MIOpen(HIP): Warning [IsEnoughWorkspace] [GetSolutionsFallback AI] Solver <ConvHipImplicitGemmGroupFwdXdlops>, workspace required: 8870912, provided ptr: 0x752e4e2c0000 size: 2143232
MIOpen(HIP): Warning [IsEnoughWorkspace] [GetSolutionsFallback AI] Solver <ConvAsmImplicitGemmGTCDynamicFwdXdlopsNHWC>, workspace required: 8870912, provided ptr: 0x752e4e2c0000 size: 2143232
MIOpen(HIP): Warning [IsEnoughWorkspace] [GetSolutionsFallback WTI] Solver <ConvAsmImplicitGemmGTCDynamicBwdXdlopsNHWC>, workspace required: 39677952, provided ptr: 0x752f13200000 size: 9797632
MIOpen(HIP): Warning [IsEnoughWorkspace] [GetSolutionsFallback WTI] Solver <ConvHipImplicitGemmGroupBwdXdlops>, workspace required: 39677952, provided ptr: 0x752f13200000 size: 9797632
MIOpen(HIP): Warning [IsEnoughWorkspace] [GetSolutionsFallback AI] Solver <GemmFwdRest>, workspace required: 34291712, provided ptr: 0x752fe0ec0000 size: 17137664
MIOpen(HIP): Warning [IsEnoughWorkspace] [GetSolutionsFallback AI] Solver <GemmFwdRest>, workspace required: 85729280, provided ptr: 0x752f3935c000 size: 26329088
MIOpen(HIP): Warning [IsEnoughWorkspace] [GetSolutionsFallback AI] Solver <ConvHipImplicitGemmGroupFwdXdlops>, workspace required: 24756224, provided ptr: 0x752f39f0a000 size: 24494080
MIOpen(HIP): Warning [IsEnoughWorkspace] [GetSolutionsFallback AI] Solver <GemmFwdRest>, workspace required: 171458560, provided ptr: 0x752f3ff5c000 size: 49446912
MIOpen(HIP): Warning [IsEnoughWorkspace] [GetSolutionsFallback AI] Solver <ConvHipImplicitGemmGroupFwdXdlops>, workspace required: 49053696, provided ptr: 0x752f416b8000 size: 48988160
MIOpen(HIP): Warning [IsEnoughWorkspace] [GetSolutionsFallback WTI] Solver <ConvAsmImplicitGemmGTCDynamicBwdXdlopsNHWC>, workspace required: 49119232, provided ptr: 0x752f3ff5c000 size: 48988160
MIOpen(HIP): Warning [IsEnoughWorkspace] [GetSolutionsFallback WTI] Solver <ConvHipImplicitGemmGroupBwdXdlops>, workspace required: 49119232, provided ptr: 0x752f3ff5c000 size: 48988160
MIOpen(HIP): Warning [IsEnoughWorkspace] [GetSolutionsFallback AI] Solver <GemmFwdRest>, workspace required: 171458560, provided ptr: 0x752f3ff5c000 size: 49102848
MIOpen(HIP): Warning [IsEnoughWorkspace] [GetSolutionsFallback AI] Solver <ConvHipImplicitGemmGroupFwdXdlops>, workspace required: 49004544, provided ptr: 0x752f416b8000 size: 48988160
MIOpen(HIP): Warning [IsEnoughWorkspace] [GetSolutionsFallback AI] Solver <GemmFwdRest>, workspace required: 257187840, provided ptr: 0x752f42e14000 size: 73510912
MIOpen(HIP): Warning [IsEnoughWorkspace] [GetSolutionsFallback AI] Solver <ConvHipImplicitGemmGroupFwdXdlops>, workspace required: 73486336, provided ptr: 0x752f4511e000 size: 73482240
MIOpen(HIP): Warning [IsEnoughWorkspace] [GetSolutionsFallback AI] Solver <ConvHipImplicitGemmGroupFwdXdlops>, workspace required: 37890304, provided ptr: 0x752f37c00000 size: 36742144
MIOpen(HIP): Warning [IsEnoughWorkspace] [GetSolutionsFallback AI] Solver <GemmFwdRest>, workspace required: 257187840, provided ptr: 0x752f37c00000 size: 36742144
[0;36m(APIServer pid=47055)[0;0m [32mINFO[0m [90m10-07 15:22:37[0m [90m[stats.py:902][0m [OmniTiming] req=speech-a695fc11c1de1a58-a6155ed4 total=8.76s engine=8.76s stages=[0:8.75s]
INFO:     127.0.0.1:52128 - "POST /v1/audio/speech HTTP/1.1" 200 OK
[0;36m(APIServer pid=47055)[0;0m [32mINFO[0m [90m10-07 15:22:37[0m [90m[serving_speech.py:2423][0m Diffusion TTS speech request speech-88b84056339ea057: voice_clone=False
[0;36m(APIServer pid=47055)[0;0m [32mINFO[0m [90m10-07 15:22:37[0m [90m[serving_speech.py:2471][0m Applied diffusion speech params: seed=42 extra_params={}
[0;36m(APIServer pid=47055)[0;0m [32mINFO[0m [90m10-07 15:22:37[0m [90m[diffusion_engine.py:764][0m [RequestBatch] admission wait done waiting=1 max_batch=8 waited_ms=2.1
MIOpen(HIP): Warning [IsEnoughWorkspace] [GetSolutionsFallback AI] Solver <ConvHipImplicitGemmGroupFwdXdlops>, workspace required: 8681472, provided ptr: 0x752e4e2c0000 size: 1878016
MIOpen(HIP): Warning [IsEnoughWorkspace] [GetSolutionsFallback AI] Solver <ConvAsmImplicitGemmGTCDynamicFwdXdlopsNHWC>, workspace required: 8681472, provided ptr: 0x752e4e2c0000 size: 1878016
MIOpen(HIP): Warning [IsEnoughWorkspace] [GetSolutionsFallback WTI] Solver <ConvAsmImplicitGemmGTCDynamicBwdXdlopsNHWC>, workspace required: 38920192, provided ptr: 0x752f13200000 size: 8585216
MIOpen(HIP): Warning [IsEnoughWorkspace] [GetSolutionsFallback WTI] Solver <ConvHipImplicitGemmGroupBwdXdlops>, workspace required: 38920192, provided ptr: 0x752f13200000 size: 8585216
MIOpen(HIP): Warning [IsEnoughWorkspace] [GetSolutionsFallback AI] Solver <GemmFwdRest>, workspace required: 30048256, provided ptr: 0x752fe0ec0000 size: 15925248
MIOpen(HIP): Warning [IsEnoughWorkspace] [GetSolutionsFallback AI] Solver <GemmFwdRest>, workspace required: 75120640, provided ptr: 0x752f3863c000 size: 23298048
MIOpen(HIP): Warning [IsEnoughWorkspace] [GetSolutionsFallback AI] Solver <ConvHipImplicitGemmGroupFwdXdlops>, workspace required: 21725184, provided ptr: 0x752f39078000 size: 21463040
MIOpen(HIP): Warning [IsEnoughWorkspace] [GetSolutionsFallback AI] Solver <GemmFwdRest>, workspace required: 150241280, provided ptr: 0x752f3e800000 size: 43384832
MIOpen(HIP): Warning [IsEnoughWorkspace] [GetSolutionsFallback AI] Solver <ConvHipImplicitGemmGroupFwdXdlops>, workspace required: 42991616, provided ptr: 0x752f3e800000 size: 42926080
MIOpen(HIP): Warning [IsEnoughWorkspace] [GetSolutionsFallback WTI] Solver <ConvAsmImplicitGemmGTCDynamicBwdXdlopsNHWC>, workspace required: 43057152, provided ptr: 0x752f3e800000 size: 42926080
MIOpen(HIP): Warning [IsEnoughWorkspace] [GetSolutionsFallback WTI] Solver <ConvHipImplicitGemmGroupBwdXdlops>, workspace required: 43057152, provided ptr: 0x752f3e800000 size: 42926080
MIOpen(HIP): Warning [IsEnoughWorkspace] [GetSolutionsFallback AI] Solver <GemmFwdRest>, workspace required: 150241280, provided ptr: 0x752f3e800000 size: 43040768
MIOpen(HIP): Warning [IsEnoughWorkspace] [GetSolutionsFallback AI] Solver <ConvHipImplicitGemmGroupFwdXdlops>, workspace required: 42942464, provided ptr: 0x752f3fc78000 size: 42926080
MIOpen(HIP): Warning [IsEnoughWorkspace] [GetSolutionsFallback AI] Solver <GemmFwdRest>, workspace required: 225361920, provided ptr: 0x752f42568000 size: 64417792
MIOpen(HIP): Warning [IsEnoughWorkspace] [GetSolutionsFallback AI] Solver <ConvHipImplicitGemmGroupFwdXdlops>, workspace required: 64393216, provided ptr: 0x752f4441c000 size: 64389120
MIOpen(HIP): Warning [IsEnoughWorkspace] [GetSolutionsFallback AI] Solver <ConvHipImplicitGemmGroupFwdXdlops>, workspace required: 33201664, provided ptr: 0x752f39ab4000 size: 32195584
MIOpen(HIP): Warning [IsEnoughWorkspace] [GetSolutionsFallback AI] Solver <GemmFwdRest>, workspace required: 225361920, provided ptr: 0x752f39ab4000 size: 32195584
MIOpen(HIP): Warning [IsEnoughWorkspace] [GetSolutionsFallback AI] Solver <ConvHipImplicitGemmGroupFwdXdlops>, workspace required: 9224192, provided ptr: 0x752e4e2c0000 size: 2637824
MIOpen(HIP): Warning [IsEnoughWorkspace] [GetSolutionsFallback AI] Solver <ConvAsmImplicitGemmGTCDynamicFwdXdlopsNHWC>, workspace required: 9224192, provided ptr: 0x752e4e2c0000 size: 2637824
MIOpen(HIP): Warning [IsEnoughWorkspace] [GetSolutionsFallback WTI] Solver <ConvAsmImplicitGemmGTCDynamicBwdXdlopsNHWC>, workspace required: 41091072, provided ptr: 0x752fe0ec0000 size: 12058624
MIOpen(HIP): Warning [IsEnoughWorkspace] [GetSolutionsFallback WTI] Solver <ConvHipImplicitGemmGroupBwdXdlops>, workspace required: 41091072, provided ptr: 0x752fe0ec0000 size: 12058624
MIOpen(HIP): Warning [IsEnoughWorkspace] [GetSolutionsFallback AI] Solver <GemmFwdRest>, workspace required: 42205184, provided ptr: 0x752f37c00000 size: 19398656
MIOpen(HIP): Warning [IsEnoughWorkspace] [GetSolutionsFallback AI] Solver <GemmFwdRest>, workspace required: 105512960, provided ptr: 0x752f398c0000 size: 31981568
MIOpen(HIP): Warning [IsEnoughWorkspace] [GetSolutionsFallback AI] Solver <ConvHipImplicitGemmGroupFwdXdlops>, workspace required: 30408704, provided ptr: 0x752f3a720000 size: 30146560
MIOpen(HIP): Warning [IsEnoughWorkspace] [GetSolutionsFallback AI] Solver <GemmFwdRest>, workspace required: 211025920, provided ptr: 0x752f404c0000 size: 60751872
MIOpen(HIP): Warning [IsEnoughWorkspace] [GetSolutionsFallback AI] Solver <ConvHipImplicitGemmGroupFwdXdlops>, workspace required: 60358656, provided ptr: 0x752f42180000 size: 60293120
MIOpen(HIP): Warning [IsEnoughWorkspace] [GetSolutionsFallback WTI] Solver <ConvAsmImplicitGemmGTCDynamicBwdXdlopsNHWC>, workspace required: 60424192, provided ptr: 0x752f404c0000 size: 60293120
MIOpen(HIP): Warning [IsEnoughWorkspace] [GetSolutionsFallback WTI] Solver <ConvHipImplicitGemmGroupBwdXdlops>, workspace required: 60424192, provided ptr: 0x752f404c0000 size: 60293120
MIOpen(HIP): Warning [IsEnoughWorkspace] [GetSolutionsFallback AI] Solver <GemmFwdRest>, workspace required: 211025920, provided ptr: 0x752f42180000 size: 60407808
MIOpen(HIP): Warning [IsEnoughWorkspace] [GetSolutionsFallback AI] Solver <ConvHipImplicitGemmGroupFwdXdlops>, workspace required: 60309504, provided ptr: 0x752f43e40000 size: 60293120
MIOpen(HIP): Warning [IsEnoughWorkspace] [GetSolutionsFallback AI] Solver <GemmFwdRest>, workspace required: 316538880, provided ptr: 0x752f43e40000 size: 90468352
MIOpen(HIP): Warning [IsEnoughWorkspace] [GetSolutionsFallback AI] Solver <ConvHipImplicitGemmGroupFwdXdlops>, workspace required: 90443776, provided ptr: 0x752f46960000 size: 90439680
MIOpen(HIP): Warning [IsEnoughWorkspace] [GetSolutionsFallback AI] Solver <ConvHipImplicitGemmGroupFwdXdlops>, workspace required: 46633984, provided ptr: 0x752f37c00000 size: 45220864
MIOpen(HIP): Warning [IsEnoughWorkspace] [GetSolutionsFallback AI] Solver <GemmFwdRest>, workspace required: 316538880, provided ptr: 0x752f37c00000 size: 45220864
MIOpen(HIP): Warning [IsEnoughWorkspace] [GetSolutionsFallback AI] Solver <ConvHipImplicitGemmGroupFwdXdlops>, workspace required: 8855552, provided ptr: 0x752e4e2c0000 size: 2121728
MIOpen(HIP): Warning [IsEnoughWorkspace] [GetSolutionsFallback AI] Solver <ConvAsmImplicitGemmGTCDynamicFwdXdlopsNHWC>, workspace required: 8855552, provided ptr: 0x752e4e2c0000 size: 2121728
MIOpen(HIP): Warning [IsEnoughWorkspace] [GetSolutionsFallback WTI] Solver <ConvAsmImplicitGemmGTCDynamicBwdXdlopsNHWC>, workspace required: 39616512, provided ptr: 0x752f13200000 size: 9699328
MIOpen(HIP): Warning [IsEnoughWorkspace] [GetSolutionsFallback WTI] Solver <ConvHipImplicitGemmGroupBwdXdlops>, workspace required: 39616512, provided ptr: 0x752f13200000 size: 9699328
MIOpen(HIP): Warning [IsEnoughWorkspace] [GetSolutionsFallback AI] Solver <GemmFwdRest>, workspace required: 33947648, provided ptr: 0x752fe0ec0000 size: 17039360
MIOpen(HIP): Warning [IsEnoughWorkspace] [GetSolutionsFallback AI] Solver <GemmFwdRest>, workspace required: 84869120, provided ptr: 0x752f39320000 size: 26083328
MIOpen(HIP): Warning [IsEnoughWorkspace] [GetSolutionsFallback AI] Solver <ConvHipImplicitGemmGroupFwdXdlops>, workspace required: 24510464, provided ptr: 0x752f39eb0000 size: 24248320
MIOpen(HIP): Warning [IsEnoughWorkspace] [GetSolutionsFallback AI] Solver <GemmFwdRest>, workspace required: 169738240, provided ptr: 0x752f3ff20000 size: 48955392
MIOpen(HIP): Warning [IsEnoughWorkspace] [GetSolutionsFallback AI] Solver <ConvHipImplicitGemmGroupFwdXdlops>, workspace required: 48562176, provided ptr: 0x752f41640000 size: 48496640
MIOpen(HIP): Warning [IsEnoughWorkspace] [GetSolutionsFallback WTI] Solver <ConvAsmImplicitGemmGTCDynamicBwdXdlopsNHWC>, workspace required: 48627712, provided ptr: 0x752f3ff20000 size: 48496640
MIOpen(HIP): Warning [IsEnoughWorkspace] [GetSolutionsFallback WTI] Solver <ConvHipImplicitGemmGroupBwdXdlops>, workspace required: 48627712, provided ptr: 0x752f3ff20000 size: 48496640
MIOpen(HIP): Warning [IsEnoughWorkspace] [GetSolutionsFallback AI] Solver <GemmFwdRest>, workspace required: 169738240, provided ptr: 0x752f3ff20000 size: 48611328
MIOpen(HIP): Warning [IsEnoughWorkspace] [GetSolutionsFallback AI] Solver <ConvHipImplicitGemmGroupFwdXdlops>, workspace required: 48513024, provided ptr: 0x752f41640000 size: 48496640
MIOpen(HIP): Warning [IsEnoughWorkspace] [GetSolutionsFallback AI] Solver <GemmFwdRest>, workspace required: 254607360, provided ptr: 0x752f42d60000 size: 72773632
MIOpen(HIP): Warning [IsEnoughWorkspace] [GetSolutionsFallback AI] Solver <ConvHipImplicitGemmGroupFwdXdlops>, workspace required: 72749056, provided ptr: 0x752f45010000 size: 72744960
MIOpen(HIP): Warning [IsEnoughWorkspace] [GetSolutionsFallback AI] Solver <ConvHipImplicitGemmGroupFwdXdlops>, workspace required: 37510144, provided ptr: 0x752f37c00000 size: 36373504
MIOpen(HIP): Warning [IsEnoughWorkspace] [GetSolutionsFallback AI] Solver <GemmFwdRest>, workspace required: 254607360, provided ptr: 0x752f37c00000 size: 36373504
MIOpen(HIP): Warning [IsEnoughWorkspace] [GetSolutionsFallback AI] Solver <ConvHipImplicitGemmGroupFwdXdlops>, workspace required: 8159232, provided ptr: 0x752e4f280000 size: 1146880
MIOpen(HIP): Warning [IsEnoughWorkspace] [GetSolutionsFallback AI] Solver <ConvAsmImplicitGemmGTCDynamicFwdXdlopsNHWC>, workspace required: 8159232, provided ptr: 0x752e4f280000 size: 1146880
MIOpen(HIP): Warning [IsEnoughWorkspace] [GetSolutionsFallback WTI] Solver <ConvAsmImplicitGemmGTCDynamicBwdXdlopsNHWC>, workspace required: 36831232, provided ptr: 0x752e51a00000 size: 5242880
MIOpen(HIP): Warning [IsEnoughWorkspace] [GetSolutionsFallback WTI] Solver <ConvHipImplicitGemmGroupBwdXdlops>, workspace required: 36831232, provided ptr: 0x752e51a00000 size: 5242880
MIOpen(HIP): Warning [IsEnoughWorkspace] [GetSolutionsFallback AI] Solver <GemmFwdRest>, workspace required: 18350080, provided ptr: 0x752f13200000 size: 12582912
MIOpen(HIP): Warning [IsEnoughWorkspace] [GetSolutionsFallback WTI] Solver <ConvAsmImplicitGemmGTCDynamicBwdXdlopsNHWC>, workspace required: 14417920, provided ptr: 0x752fe0ec0000 size: 13107200
MIOpen(HIP): Warning [IsEnoughWorkspace] [GetSolutionsFallback WTI] Solver <ConvHipImplicitGemmGroupBwdXdlops>, workspace required: 14417920, provided ptr: 0x752fe0ec0000 size: 13107200
MIOpen(HIP): Warning [IsEnoughWorkspace] [GetSolutionsFallback AI] Solver <GemmFwdRest>, workspace required: 45875200, provided ptr: 0x752fe1500000 size: 14942208
MIOpen(HIP): Warning [IsEnoughWorkspace] [GetSolutionsFallback AI] Solver <ConvHipImplicitGemmGroupFwdXdlops>, workspace required: 13369344, provided ptr: 0x752f37c00000 size: 13107200
MIOpen(HIP): Warning [IsEnoughWorkspace] [GetSolutionsFallback AI] Solver <GemmFwdRest>, workspace required: 91750400, provided ptr: 0x752f39500000 size: 26673152
MIOpen(HIP): Warning [IsEnoughWorkspace] [GetSolutionsFallback AI] Solver <ConvHipImplicitGemmGroupFwdXdlops>, workspace required: 26279936, provided ptr: 0x752f3a180000 size: 26214400
MIOpen(HIP): Warning [IsEnoughWorkspace] [GetSolutionsFallback WTI] Solver <ConvAsmImplicitGemmGTCDynamicBwdXdlopsNHWC>, workspace required: 26345472, provided ptr: 0x752f38880000 size: 26214400
MIOpen(HIP): Warning [IsEnoughWorkspace] [GetSolutionsFallback WTI] Solver <ConvHipImplicitGemmGroupBwdXdlops>, workspace required: 26345472, provided ptr: 0x752f38880000 size: 26214400
MIOpen(HIP): Warning [IsEnoughWorkspace] [GetSolutionsFallback AI] Solver <GemmFwdRest>, workspace required: 91750400, provided ptr: 0x752f39500000 size: 26329088
MIOpen(HIP): Warning [IsEnoughWorkspace] [GetSolutionsFallback AI] Solver <ConvHipImplicitGemmGroupFwdXdlops>, workspace required: 26230784, provided ptr: 0x752f3a180000 size: 26214400
MIOpen(HIP): Warning [IsEnoughWorkspace] [GetSolutionsFallback AI] Solver <GemmFwdRest>, workspace required: 137625600, provided ptr: 0x752f3e800000 size: 39350272
MIOpen(HIP): Warning [IsEnoughWorkspace] [GetSolutionsFallback AI] Solver <ConvHipImplicitGemmGroupFwdXdlops>, workspace required: 39325696, provided ptr: 0x752f3fac0000 size: 39321600
MIOpen(HIP): Warning [IsEnoughWorkspace] [GetSolutionsFallback AI] Solver <ConvHipImplicitGemmGroupFwdXdlops>, workspace required: 20276224, provided ptr: 0x752f37c00000 size: 19661824
MIOpen(HIP): Warning [IsEnoughWorkspace] [GetSolutionsFallback AI] Solver <GemmFwdRest>, workspace required: 137625600, provided ptr: 0x752f37c00000 size: 19661824
MIOpen(HIP): Warning [IsEnoughWorkspace] [GetSolutionsFallback AI] Solver <ConvHipImplicitGemmGroupFwdXdlops>, workspace required: 8968192, provided ptr: 0x752e4e2c0000 size: 2279424
MIOpen(HIP): Warning [IsEnoughWorkspace] [GetSolutionsFallback AI] Solver <ConvAsmImplicitGemmGTCDynamicFwdXdlopsNHWC>, workspace required: 8968192, provided ptr: 0x752e4e2c0000 size: 2279424
MIOpen(HIP): Warning [IsEnoughWorkspace] [GetSolutionsFallback WTI] Solver <ConvAsmImplicitGemmGTCDynamicBwdXdlopsNHWC>, workspace required: 40067072, provided ptr: 0x752f13200000 size: 10420224
MIOpen(HIP): Warning [IsEnoughWorkspace] [GetSolutionsFallback WTI] Solver <ConvHipImplicitGemmGroupBwdXdlops>, workspace required: 40067072, provided ptr: 0x752f13200000 size: 10420224
MIOpen(HIP): Warning [IsEnoughWorkspace] [GetSolutionsFallback AI] Solver <GemmFwdRest>, workspace required: 36470784, provided ptr: 0x752fe0ec0000 size: 17760256
MIOpen(HIP): Warning [IsEnoughWorkspace] [GetSolutionsFallback AI] Solver <GemmFwdRest>, workspace required: 91176960, provided ptr: 0x752f394d8000 size: 27885568
MIOpen(HIP): Warning [IsEnoughWorkspace] [GetSolutionsFallback AI] Solver <ConvHipImplicitGemmGroupFwdXdlops>, workspace required: 26312704, provided ptr: 0x752f3a144000 size: 26050560
MIOpen(HIP): Warning [IsEnoughWorkspace] [GetSolutionsFallback AI] Solver <GemmFwdRest>, workspace required: 182353920, provided ptr: 0x752f400d8000 size: 52559872
MIOpen(HIP): Warning [IsEnoughWorkspace] [GetSolutionsFallback AI] Solver <ConvHipImplicitGemmGroupFwdXdlops>, workspace required: 52166656, provided ptr: 0x752f419b0000 size: 52101120
MIOpen(HIP): Warning [IsEnoughWorkspace] [GetSolutionsFallback WTI] Solver <ConvAsmImplicitGemmGTCDynamicBwdXdlopsNHWC>, workspace required: 52232192, provided ptr: 0x752f400d8000 size: 52101120
MIOpen(HIP): Warning [IsEnoughWorkspace] [GetSolutionsFallback WTI] Solver <ConvHipImplicitGemmGroupBwdXdlops>, workspace required: 52232192, provided ptr: 0x752f400d8000 size: 52101120
MIOpen(HIP): Warning [IsEnoughWorkspace] [GetSolutionsFallback AI] Solver <GemmFwdRest>, workspace required: 182353920, provided ptr: 0x752f400d8000 size: 52215808
MIOpen(HIP): Warning [IsEnoughWorkspace] [GetSolutionsFallback AI] Solver <ConvHipImplicitGemmGroupFwdXdlops>, workspace required: 52117504, provided ptr: 0x752f419b0000 size: 52101120
MIOpen(HIP): Warning [IsEnoughWorkspace] [GetSolutionsFallback AI] Solver <GemmFwdRest>, workspace required: 273530880, provided ptr: 0x752f43288000 size: 78180352
MIOpen(HIP): Warning [IsEnoughWorkspace] [GetSolutionsFallback AI] Solver <ConvHipImplicitGemmGroupFwdXdlops>, workspace required: 78155776, provided ptr: 0x752f457cc000 size: 78151680
MIOpen(HIP): Warning [IsEnoughWorkspace] [GetSolutionsFallback AI] Solver <ConvHipImplicitGemmGroupFwdXdlops>, workspace required: 40297984, provided ptr: 0x752f37c00000 size: 39076864
MIOpen(HIP): Warning [IsEnoughWorkspace] [GetSolutionsFallback AI] Solver <GemmFwdRest>, workspace required: 273530880, provided ptr: 0x752f37c00000 size: 39076864
MIOpen(HIP): Warning [IsEnoughWorkspace] [GetSolutionsFallback AI] Solver <ConvHipImplicitGemmGroupFwdXdlops>, workspace required: 8451072, provided ptr: 0x752e4f280000 size: 1555456
MIOpen(HIP): Warning [IsEnoughWorkspace] [GetSolutionsFallback AI] Solver <ConvAsmImplicitGemmGTCDynamicFwdXdlopsNHWC>, workspace required: 8451072, provided ptr: 0x752e4f280000 size: 1555456
MIOpen(HIP): Warning [IsEnoughWorkspace] [GetSolutionsFallback WTI] Solver <ConvAsmImplicitGemmGTCDynamicBwdXdlopsNHWC>, workspace required: 37998592, provided ptr: 0x752f13200000 size: 7110656
MIOpen(HIP): Warning [IsEnoughWorkspace] [GetSolutionsFallback WTI] Solver <ConvHipImplicitGemmGroupBwdXdlops>, workspace required: 37998592, provided ptr: 0x752f13200000 size: 7110656
MIOpen(HIP): Warning [IsEnoughWorkspace] [GetSolutionsFallback AI] Solver <GemmFwdRest>, workspace required: 24887296, provided ptr: 0x752fe0ec0000 size: 14450688
MIOpen(HIP): Warning [IsEnoughWorkspace] [GetSolutionsFallback AI] Solver <GemmFwdRest>, workspace required: 62218240, provided ptr: 0x752f3847a000 size: 19611648
MIOpen(HIP): Warning [IsEnoughWorkspace] [GetSolutionsFallback AI] Solver <ConvHipImplicitGemmGroupFwdXdlops>, workspace required: 18038784, provided ptr: 0x752f38cf4000 size: 17776640
MIOpen(HIP): Warning [IsEnoughWorkspace] [GetSolutionsFallback AI] Solver <GemmFwdRest>, workspace required: 124436480, provided ptr: 0x752f3e800000 size: 36012032
MIOpen(HIP): Warning [IsEnoughWorkspace] [GetSolutionsFallback AI] Solver <ConvHipImplicitGemmGroupFwdXdlops>, workspace required: 35618816, provided ptr: 0x752f3e800000 size: 35553280
MIOpen(HIP): Warning [IsEnoughWorkspace] [GetSolutionsFallback WTI] Solver <ConvAsmImplicitGemmGTCDynamicBwdXdlopsNHWC>, workspace required: 35684352, provided ptr: 0x752f3e800000 size: 35553280
MIOpen(HIP): Warning [IsEnoughWorkspace] [GetSolutionsFallback WTI] Solver <ConvHipImplicitGemmGroupBwdXdlops>, workspace required: 35684352, provided ptr: 0x752f3e800000 size: 35553280
MIOpen(HIP): Warning [IsEnoughWorkspace] [GetSolutionsFallback AI] Solver <GemmFwdRest>, workspace required: 124436480, provided ptr: 0x752f3e800000 size: 35667968
MIOpen(HIP): Warning [IsEnoughWorkspace] [GetSolutionsFallback AI] Solver <ConvHipImplicitGemmGroupFwdXdlops>, workspace required: 35569664, provided ptr: 0x752f3f8f4000 size: 35553280
MIOpen(HIP): Warning [IsEnoughWorkspace] [GetSolutionsFallback AI] Solver <GemmFwdRest>, workspace required: 186654720, provided ptr: 0x752f4016e000 size: 53358592
MIOpen(HIP): Warning [IsEnoughWorkspace] [GetSolutionsFallback AI] Solver <ConvHipImplicitGemmGroupFwdXdlops>, workspace required: 53334016, provided ptr: 0x752f41adc000 size: 53329920
MIOpen(HIP): Warning [IsEnoughWorkspace] [GetSolutionsFallback AI] Solver <ConvHipImplicitGemmGroupFwdXdlops>, workspace required: 27499264, provided ptr: 0x752f3956e000 size: 26665984
MIOpen(HIP): Warning [IsEnoughWorkspace] [GetSolutionsFallback AI] Solver <GemmFwdRest>, workspace required: 186654720, provided ptr: 0x752f3956e000 size: 26665984
MIOpen(HIP): Warning [IsEnoughWorkspace] [GetSolutionsFallback AI] Solver <ConvHipImplicitGemmGroupFwdXdlops>, workspace required: 8261632, provided ptr: 0x752e4f280000 size: 1290240
MIOpen(HIP): Warning [IsEnoughWorkspace] [GetSolutionsFallback AI] Solver <ConvAsmImplicitGemmGTCDynamicFwdXdlopsNHWC>, workspace required: 8261632, provided ptr: 0x752e4f280000 size: 1290240
MIOpen(HIP): Warning [IsEnoughWorkspace] [GetSolutionsFallback WTI] Solver <ConvAsmImplicitGemmGTCDynamicBwdXdlopsNHWC>, workspace required: 37240832, provided ptr: 0x752f13200000 size: 5898240
MIOpen(HIP): Warning [IsEnoughWorkspace] [GetSolutionsFallback WTI] Solver <ConvHipImplicitGemmGroupBwdXdlops>, workspace required: 37240832, provided ptr: 0x752f13200000 size: 5898240
MIOpen(HIP): Warning [IsEnoughWorkspace] [GetSolutionsFallback AI] Solver <GemmFwdRest>, workspace required: 20643840, provided ptr: 0x752fe0ec0000 size: 13238272
MIOpen(HIP): Warning [IsEnoughWorkspace] [GetSolutionsFallback WTI] Solver <ConvAsmImplicitGemmGTCDynamicBwdXdlopsNHWC>, workspace required: 15564800, provided ptr: 0x752fe0ec0000 size: 14745600
MIOpen(HIP): Warning [IsEnoughWorkspace] [GetSolutionsFallback WTI] Solver <ConvHipImplicitGemmGroupBwdXdlops>, workspace required: 15564800, provided ptr: 0x752fe0ec0000 size: 14745600
MIOpen(HIP): Warning [IsEnoughWorkspace] [GetSolutionsFallback AI] Solver <GemmFwdRest>, workspace required: 51609600, provided ptr: 0x752f37c00000 size: 16580608
MIOpen(HIP): Warning [IsEnoughWorkspace] [GetSolutionsFallback AI] Solver <ConvAsmImplicitGemmGTCDynamicFwdXdlopsNHWC>, workspace required: 14745600, provided ptr: 0 size: 0
MIOpen(HIP): Warning [IsEnoughWorkspace] [GetSolutionsFallback AI] Solver <ConvHipImplicitGemmGroupFwdXdlops>, workspace required: 15007744, provided ptr: 0 size: 0
MIOpen(HIP): Warning [IsEnoughWorkspace] [GetSolutionsFallback AI] Solver <GemmFwdRest>, workspace required: 103219200, provided ptr: 0x752f39820000 size: 29949952
MIOpen(HIP): Warning [IsEnoughWorkspace] [GetSolutionsFallback AI] Solver <ConvHipImplicitGemmGroupFwdXdlops>, workspace required: 29556736, provided ptr: 0x752f3a630000 size: 29491200
MIOpen(HIP): Warning [IsEnoughWorkspace] [GetSolutionsFallback WTI] Solver <ConvAsmImplicitGemmGTCDynamicBwdXdlopsNHWC>, workspace required: 29622272, provided ptr: 0x752f39820000 size: 29491200
MIOpen(HIP): Warning [IsEnoughWorkspace] [GetSolutionsFallback WTI] Solver <ConvHipImplicitGemmGroupBwdXdlops>, workspace required: 29622272, provided ptr: 0x752f39820000 size: 29491200
MIOpen(HIP): Warning [IsEnoughWorkspace] [GetSolutionsFallback AI] Solver <GemmFwdRest>, workspace required: 103219200, provided ptr: 0x752f3a630000 size: 29605888
MIOpen(HIP): Warning [IsEnoughWorkspace] [GetSolutionsFallback AI] Solver <ConvHipImplicitGemmGroupFwdXdlops>, workspace required: 29507584, provided ptr: 0x752f3e800000 size: 29491200
MIOpen(HIP): Warning [IsEnoughWorkspace] [GetSolutionsFallback AI] Solver <GemmFwdRest>, workspace required: 154828800, provided ptr: 0x752f3e800000 size: 44265472
MIOpen(HIP): Warning [IsEnoughWorkspace] [GetSolutionsFallback AI] Solver <ConvHipImplicitGemmGroupFwdXdlops>, workspace required: 44240896, provided ptr: 0x752f3fd18000 size: 44236800
MIOpen(HIP): Warning [IsEnoughWorkspace] [GetSolutionsFallback AI] Solver <ConvHipImplicitGemmGroupFwdXdlops>, workspace required: 22810624, provided ptr: 0x752fe0ec0000 size: 22119424
MIOpen(HIP): Warning [IsEnoughWorkspace] [GetSolutionsFallback AI] Solver <GemmFwdRest>, workspace required: 154828800, provided ptr: 0x752fe0ec0000 size: 22119424
MIOpen(HIP): Warning [IsEnoughWorkspace] [GetSolutionsFallback AI] Solver <ConvHipImplicitGemmGroupFwdXdlops>, workspace required: 8696832, provided ptr: 0x752e4e2c0000 size: 1899520
MIOpen(HIP): Warning [IsEnoughWorkspace] [GetSolutionsFallback AI] Solver <ConvAsmImplicitGemmGTCDynamicFwdXdlopsNHWC>, workspace required: 8696832, provided ptr: 0x752e4e2c0000 size: 1899520
MIOpen(HIP): Warning [IsEnoughWorkspace] [GetSolutionsFallback WTI] Solver <ConvAsmImplicitGemmGTCDynamicBwdXdlopsNHWC>, workspace required: 38981632, provided ptr: 0x752f13200000 size: 8683520
MIOpen(HIP): Warning [IsEnoughWorkspace] [GetSolutionsFallback WTI] Solver <ConvHipImplicitGemmGroupBwdXdlops>, workspace required: 38981632, provided ptr: 0x752f13200000 size: 8683520
MIOpen(HIP): Warning [IsEnoughWorkspace] [GetSolutionsFallback AI] Solver <GemmFwdRest>, workspace required: 30392320, provided ptr: 0x752fe0ec0000 size: 16023552
MIOpen(HIP): Warning [IsEnoughWorkspace] [GetSolutionsFallback AI] Solver <GemmFwdRest>, workspace required: 75980800, provided ptr: 0x752f3865a000 size: 23543808
MIOpen(HIP): Warning [IsEnoughWorkspace] [GetSolutionsFallback AI] Solver <ConvHipImplicitGemmGroupFwdXdlops>, workspace required: 21970944, provided ptr: 0x752f390b4000 size: 21708800
MIOpen(HIP): Warning [IsEnoughWorkspace] [GetSolutionsFallback AI] Solver <GemmFwdRest>, workspace required: 151961600, provided ptr: 0x752f3e800000 size: 43876352
MIOpen(HIP): Warning [IsEnoughWorkspace] [GetSolutionsFallback AI] Solver <ConvHipImplicitGemmGroupFwdXdlops>, workspace required: 43483136, provided ptr: 0x752f3e800000 size: 43417600
MIOpen(HIP): Warning [IsEnoughWorkspace] [GetSolutionsFallback WTI] Solver <ConvAsmImplicitGemmGTCDynamicBwdXdlopsNHWC>, workspace required: 43548672, provided ptr: 0x752f3e800000 size: 43417600
MIOpen(HIP): Warning [IsEnoughWorkspace] [GetSolutionsFallback WTI] Solver <ConvHipImplicitGemmGroupBwdXdlops>, workspace required: 43548672, provided ptr: 0x752f3e800000 size: 43417600
MIOpen(HIP): Warning [IsEnoughWorkspace] [GetSolutionsFallback AI] Solver <GemmFwdRest>, workspace required: 151961600, provided ptr: 0x752f3e800000 size: 43532288
MIOpen(HIP): Warning [IsEnoughWorkspace] [GetSolutionsFallback AI] Solver <ConvHipImplicitGemmGroupFwdXdlops>, workspace required: 43433984, provided ptr: 0x752f3fcb4000 size: 43417600
MIOpen(HIP): Warning [IsEnoughWorkspace] [GetSolutionsFallback AI] Solver <GemmFwdRest>, workspace required: 227942400, provided ptr: 0x752f4261c000 size: 65155072
MIOpen(HIP): Warning [IsEnoughWorkspace] [GetSolutionsFallback AI] Solver <ConvHipImplicitGemmGroupFwdXdlops>, workspace required: 65130496, provided ptr: 0x752f4452a000 size: 65126400
MIOpen(HIP): Warning [IsEnoughWorkspace] [GetSolutionsFallback AI] Solver <ConvHipImplicitGemmGroupFwdXdlops>, workspace required: 33581824, provided ptr: 0x752f39b0e000 size: 32564224
MIOpen(HIP): Warning [IsEnoughWorkspace] [GetSolutionsFallback AI] Solver <GemmFwdRest>, workspace required: 227942400, provided ptr: 0x752f39b0e000 size: 32564224
MIOpen(HIP): Warning [IsEnoughWorkspace] [GetSolutionsFallback AI] Solver <ConvHipImplicitGemmGroupFwdXdlops>, workspace required: 8394752, provided ptr: 0x752e4f280000 size: 1476608
MIOpen(HIP): Warning [IsEnoughWorkspace] [GetSolutionsFallback AI] Solver <ConvAsmImplicitGemmGTCDynamicFwdXdlopsNHWC>, workspace required: 8394752, provided ptr: 0x752e4f280000 size: 1476608
MIOpen(HIP): Warning [IsEnoughWorkspace] [GetSolutionsFallback WTI] Solver <ConvAsmImplicitGemmGTCDynamicBwdXdlopsNHWC>, workspace required: 37773312, provided ptr: 0x752f13200000 size: 6750208
MIOpen(HIP): Warning [IsEnoughWorkspace] [GetSolutionsFallback WTI] Solver <ConvHipImplicitGemmGroupBwdXdlops>, workspace required: 37773312, provided ptr: 0x752f13200000 size: 6750208
MIOpen(HIP): Warning [IsEnoughWorkspace] [GetSolutionsFallback AI] Solver <GemmFwdRest>, workspace required: 23625728, provided ptr: 0x752fe0ec0000 size: 14090240
MIOpen(HIP): Warning [IsEnoughWorkspace] [GetSolutionsFallback WTI] Solver <ConvAsmImplicitGemmGTCDynamicBwdXdlopsNHWC>, workspace required: 17055744, provided ptr: 0x752fe0ec0000 size: 16875520
MIOpen(HIP): Warning [IsEnoughWorkspace] [GetSolutionsFallback WTI] Solver <ConvHipImplicitGemmGroupBwdXdlops>, workspace required: 17055744, provided ptr: 0x752fe0ec0000 size: 16875520
MIOpen(HIP): Warning [IsEnoughWorkspace] [GetSolutionsFallback AI] Solver <GemmFwdRest>, workspace required: 59064320, provided ptr: 0x752f37c00000 size: 18710528
MIOpen(HIP): Warning [IsEnoughWorkspace] [GetSolutionsFallback AI] Solver <ConvAsmImplicitGemmGTCDynamicFwdXdlopsNHWC>, workspace required: 16875520, provided ptr: 0 size: 0
MIOpen(HIP): Warning [IsEnoughWorkspace] [GetSolutionsFallback AI] Solver <ConvHipImplicitGemmGroupFwdXdlops>, workspace required: 17137664, provided ptr: 0 size: 0
MIOpen(HIP): Warning [IsEnoughWorkspace] [GetSolutionsFallback AI] Solver <GemmFwdRest>, workspace required: 118128640, provided ptr: 0x752f3e800000 size: 34209792
MIOpen(HIP): Warning [IsEnoughWorkspace] [GetSolutionsFallback AI] Solver <ConvHipImplicitGemmGroupFwdXdlops>, workspace required: 33816576, provided ptr: 0x752f3e800000 size: 33751040
MIOpen(HIP): Warning [IsEnoughWorkspace] [GetSolutionsFallback WTI] Solver <ConvAsmImplicitGemmGTCDynamicBwdXdlopsNHWC>, workspace required: 33882112, provided ptr: 0x752f39c30000 size: 33751040
MIOpen(HIP): Warning [IsEnoughWorkspace] [GetSolutionsFallback WTI] Solver <ConvHipImplicitGemmGroupBwdXdlops>, workspace required: 33882112, provided ptr: 0x752f39c30000 size: 33751040
MIOpen(HIP): Warning [IsEnoughWorkspace] [GetSolutionsFallback AI] Solver <GemmFwdRest>, workspace required: 118128640, provided ptr: 0x752f3e800000 size: 33865728
MIOpen(HIP): Warning [IsEnoughWorkspace] [GetSolutionsFallback AI] Solver <ConvHipImplicitGemmGroupFwdXdlops>, workspace required: 33767424, provided ptr: 0x752f3e800000 size: 33751040
MIOpen(HIP): Warning [IsEnoughWorkspace] [GetSolutionsFallback AI] Solver <GemmFwdRest>, workspace required: 177192960, provided ptr: 0x752f40024000 size: 50655232
MIOpen(HIP): Warning [IsEnoughWorkspace] [GetSolutionsFallback AI] Solver <ConvHipImplicitGemmGroupFwdXdlops>, workspace required: 50630656, provided ptr: 0x752f41848000 size: 50626560
MIOpen(HIP): Warning [IsEnoughWorkspace] [GetSolutionsFallback AI] Solver <ConvHipImplicitGemmGroupFwdXdlops>, workspace required: 26105344, provided ptr: 0x752f39424000 size: 25314304
MIOpen(HIP): Warning [IsEnoughWorkspace] [GetSolutionsFallback AI] Solver <GemmFwdRest>, workspace required: 177192960, provided ptr: 0x752f39424000 size: 25314304
MIOpen(HIP): Warning [IsEnoughWorkspace] [GetSolutionsFallback AI] Solver <ConvHipImplicitGemmGroupFwdXdlops>, workspace required: 8404992, provided ptr: 0x752e4f280000 size: 1490944
MIOpen(HIP): Warning [IsEnoughWorkspace] [GetSolutionsFallback AI] Solver <ConvAsmImplicitGemmGTCDynamicFwdXdlopsNHWC>, workspace required: 8404992, provided ptr: 0x752e4f280000 size: 1490944
MIOpen(HIP): Warning [IsEnoughWorkspace] [GetSolutionsFallback WTI] Solver <ConvAsmImplicitGemmGTCDynamicBwdXdlopsNHWC>, workspace required: 37814272, provided ptr: 0x752f13200000 size: 6815744
MIOpen(HIP): Warning [IsEnoughWorkspace] [GetSolutionsFallback WTI] Solver <ConvHipImplicitGemmGroupBwdXdlops>, workspace required: 37814272, provided ptr: 0x752f13200000 size: 6815744
MIOpen(HIP): Warning [IsEnoughWorkspace] [GetSolutionsFallback AI] Solver <GemmFwdRest>, workspace required: 23855104, provided ptr: 0x752fe0ec0000 size: 14155776
MIOpen(HIP): Warning [IsEnoughWorkspace] [GetSolutionsFallback WTI] Solver <ConvAsmImplicitGemmGTCDynamicBwdXdlopsNHWC>, workspace required: 17170432, provided ptr: 0x752fe0ec0000 size: 17039360
MIOpen(HIP): Warning [IsEnoughWorkspace] [GetSolutionsFallback WTI] Solver <ConvHipImplicitGemmGroupBwdXdlops>, workspace required: 17170432, provided ptr: 0x752fe0ec0000 size: 17039360
MIOpen(HIP): Warning [IsEnoughWorkspace] [GetSolutionsFallback AI] Solver <GemmFwdRest>, workspace required: 59637760, provided ptr: 0x752f37c00000 size: 18874368
MIOpen(HIP): Warning [IsEnoughWorkspace] [GetSolutionsFallback AI] Solver <ConvHipImplicitGemmGroupFwdXdlops>, workspace required: 17301504, provided ptr: 0x752f38420000 size: 17039360
MIOpen(HIP): Warning [IsEnoughWorkspace] [GetSolutionsFallback AI] Solver <GemmFwdRest>, workspace required: 119275520, provided ptr: 0x752f3e800000 size: 34537472
MIOpen(HIP): Warning [IsEnoughWorkspace] [GetSolutionsFallback AI] Solver <ConvHipImplicitGemmGroupFwdXdlops>, workspace required: 34144256, provided ptr: 0x752f3e800000 size: 34078720
MIOpen(HIP): Warning [IsEnoughWorkspace] [GetSolutionsFallback WTI] Solver <ConvAsmImplicitGemmGTCDynamicBwdXdlopsNHWC>, workspace required: 34209792, provided ptr: 0x752f39c80000 size: 34078720
MIOpen(HIP): Warning [IsEnoughWorkspace] [GetSolutionsFallback WTI] Solver <ConvHipImplicitGemmGroupBwdXdlops>, workspace required: 34209792, provided ptr: 0x752f39c80000 size: 34078720
MIOpen(HIP): Warning [IsEnoughWorkspace] [GetSolutionsFallback AI] Solver <GemmFwdRest>, workspace required: 119275520, provided ptr: 0x752f3e800000 size: 34193408
MIOpen(HIP): Warning [IsEnoughWorkspace] [GetSolutionsFallback AI] Solver <ConvHipImplicitGemmGroupFwdXdlops>, workspace required: 34095104, provided ptr: 0x752f3e800000 size: 34078720
MIOpen(HIP): Warning [IsEnoughWorkspace] [GetSolutionsFallback AI] Solver <GemmFwdRest>, workspace required: 178913280, provided ptr: 0x752f40060000 size: 51146752
MIOpen(HIP): Warning [IsEnoughWorkspace] [GetSolutionsFallback AI] Solver <ConvHipImplicitGemmGroupFwdXdlops>, workspace required: 51122176, provided ptr: 0x752f418c0000 size: 51118080
MIOpen(HIP): Warning [IsEnoughWorkspace] [GetSolutionsFallback AI] Solver <ConvHipImplicitGemmGroupFwdXdlops>, workspace required: 26358784, provided ptr: 0x752f39460000 size: 25560064
MIOpen(HIP): Warning [IsEnoughWorkspace] [GetSolutionsFallback AI] Solver <GemmFwdRest>, workspace required: 178913280, provided ptr: 0x752f39460000 size: 25560064
[0;36m(APIServer pid=47055)[0;0m [32mINFO[0m [90m10-07 15:22:44[0m [90m[stats.py:902][0m [OmniTiming] req=speech-88b84056339ea057-a7f5cd32 total=7.60s engine=7.60s stages=[0:7.59s]
INFO:     127.0.0.1:52128 - "POST /v1/audio/speech HTTP/1.1" 200 OK
[0;36m(APIServer pid=47055)[0;0m [32mINFO[0m [90m10-07 15:22:44[0m [90m[serving_speech.py:2423][0m Diffusion TTS speech request speech-ab86b5c0327418d7: voice_clone=False
[0;36m(APIServer pid=47055)[0;0m [32mINFO[0m [90m10-07 15:22:44[0m [90m[serving_speech.py:2471][0m Applied diffusion speech params: seed=42 extra_params={}
[0;36m(APIServer pid=47055)[0;0m [32mINFO[0m [90m10-07 15:22:44[0m [90m[diffusion_engine.py:764][0m [RequestBatch] admission wait done waiting=1 max_batch=8 waited_ms=2.1
MIOpen(HIP): Warning [IsEnoughWorkspace] [GetSolutionsFallback AI] Solver <ConvHipImplicitGemmGroupFwdXdlops>, workspace required: 8814592, provided ptr: 0x752e4e2c0000 size: 2064384
MIOpen(HIP): Warning [IsEnoughWorkspace] [GetSolutionsFallback AI] Solver <ConvAsmImplicitGemmGTCDynamicFwdXdlopsNHWC>, workspace required: 8814592, provided ptr: 0x752e4e2c0000 size: 2064384
MIOpen(HIP): Warning [IsEnoughWorkspace] [GetSolutionsFallback WTI] Solver <ConvAsmImplicitGemmGTCDynamicBwdXdlopsNHWC>, workspace required: 39452672, provided ptr: 0x752f13200000 size: 9437184
MIOpen(HIP): Warning [IsEnoughWorkspace] [GetSolutionsFallback WTI] Solver <ConvHipImplicitGemmGroupBwdXdlops>, workspace required: 39452672, provided ptr: 0x752f13200000 size: 9437184
MIOpen(HIP): Warning [IsEnoughWorkspace] [GetSolutionsFallback AI] Solver <GemmFwdRest>, workspace required: 33030144, provided ptr: 0x752fe0ec0000 size: 16777216
MIOpen(HIP): Warning [IsEnoughWorkspace] [GetSolutionsFallback AI] Solver <GemmFwdRest>, workspace required: 82575360, provided ptr: 0x752f39280000 size: 25427968
MIOpen(HIP): Warning [IsEnoughWorkspace] [GetSolutionsFallback AI] Solver <ConvHipImplicitGemmGroupFwdXdlops>, workspace required: 23855104, provided ptr: 0x752f39dc0000 size: 23592960
MIOpen(HIP): Warning [IsEnoughWorkspace] [GetSolutionsFallback AI] Solver <GemmFwdRest>, workspace required: 165150720, provided ptr: 0x752f3fe80000 size: 47644672
MIOpen(HIP): Warning [IsEnoughWorkspace] [GetSolutionsFallback AI] Solver <ConvHipImplicitGemmGroupFwdXdlops>, workspace required: 47251456, provided ptr: 0x752f41500000 size: 47185920
MIOpen(HIP): Warning [IsEnoughWorkspace] [GetSolutionsFallback WTI] Solver <ConvAsmImplicitGemmGTCDynamicBwdXdlopsNHWC>, workspace required: 47316992, provided ptr: 0x752f3fe80000 size: 47185920
MIOpen(HIP): Warning [IsEnoughWorkspace] [GetSolutionsFallback WTI] Solver <ConvHipImplicitGemmGroupBwdXdlops>, workspace required: 47316992, provided ptr: 0x752f3fe80000 size: 47185920
MIOpen(HIP): Warning [IsEnoughWorkspace] [GetSolutionsFallback AI] Solver <GemmFwdRest>, workspace required: 165150720, provided ptr: 0x752f3fe80000 size: 47300608
MIOpen(HIP): Warning [IsEnoughWorkspace] [GetSolutionsFallback AI] Solver <ConvHipImplicitGemmGroupFwdXdlops>, workspace required: 47202304, provided ptr: 0x752f41500000 size: 47185920
MIOpen(HIP): Warning [IsEnoughWorkspace] [GetSolutionsFallback AI] Solver <GemmFwdRest>, workspace required: 247726080, provided ptr: 0x752f42b80000 size: 70807552
MIOpen(HIP): Warning [IsEnoughWorkspace] [GetSolutionsFallback AI] Solver <ConvHipImplicitGemmGroupFwdXdlops>, workspace required: 70782976, provided ptr: 0x752f44d40000 size: 70778880
MIOpen(HIP): Warning [IsEnoughWorkspace] [GetSolutionsFallback AI] Solver <ConvHipImplicitGemmGroupFwdXdlops>, workspace required: 36496384, provided ptr: 0x752f37c00000 size: 35390464
MIOpen(HIP): Warning [IsEnoughWorkspace] [GetSolutionsFallback AI] Solver <GemmFwdRest>, workspace required: 247726080, provided ptr: 0x752f37c00000 size: 35390464
MIOpen(HIP): Warning [IsEnoughWorkspace] [GetSolutionsFallback AI] Solver <ConvHipImplicitGemmGroupFwdXdlops>, workspace required: 9295872, provided ptr: 0x752e4e2c0000 size: 2738176
MIOpen(HIP): Warning [IsEnoughWorkspace] [GetSolutionsFallback AI] Solver <ConvAsmImplicitGemmGTCDynamicFwdXdlopsNHWC>, workspace required: 9295872, provided ptr: 0x752e4e2c0000 size: 2738176
MIOpen(HIP): Warning [IsEnoughWorkspace] [GetSolutionsFallback WTI] Solver <ConvAsmImplicitGemmGTCDynamicBwdXdlopsNHWC>, workspace required: 41377792, provided ptr: 0x752fe0ec0000 size: 12517376
MIOpen(HIP): Warning [IsEnoughWorkspace] [GetSolutionsFallback WTI] Solver <ConvHipImplicitGemmGroupBwdXdlops>, workspace required: 41377792, provided ptr: 0x752fe0ec0000 size: 12517376
MIOpen(HIP): Warning [IsEnoughWorkspace] [GetSolutionsFallback AI] Solver <GemmFwdRest>, workspace required: 43810816, provided ptr: 0x752f37c00000 size: 19857408
MIOpen(HIP): Warning [IsEnoughWorkspace] [GetSolutionsFallback AI] Solver <GemmFwdRest>, workspace required: 109527040, provided ptr: 0x752f399d8000 size: 33128448
MIOpen(HIP): Warning [IsEnoughWorkspace] [GetSolutionsFallback AI] Solver <ConvHipImplicitGemmGroupFwdXdlops>, workspace required: 31555584, provided ptr: 0x752f3a8c4000 size: 31293440
MIOpen(HIP): Warning [IsEnoughWorkspace] [GetSolutionsFallback AI] Solver <GemmFwdRest>, workspace required: 219054080, provided ptr: 0x752f405d8000 size: 63045632
MIOpen(HIP): Warning [IsEnoughWorkspace] [GetSolutionsFallback AI] Solver <ConvHipImplicitGemmGroupFwdXdlops>, workspace required: 62652416, provided ptr: 0x752f423b0000 size: 62586880
MIOpen(HIP): Warning [IsEnoughWorkspace] [GetSolutionsFallback WTI] Solver <ConvAsmImplicitGemmGTCDynamicBwdXdlopsNHWC>, workspace required: 62717952, provided ptr: 0x752f405d8000 size: 62586880
MIOpen(HIP): Warning [IsEnoughWorkspace] [GetSolutionsFallback WTI] Solver <ConvHipImplicitGemmGroupBwdXdlops>, workspace required: 62717952, provided ptr: 0x752f405d8000 size: 62586880
MIOpen(HIP): Warning [IsEnoughWorkspace] [GetSolutionsFallback AI] Solver <GemmFwdRest>, workspace required: 219054080, provided ptr: 0x752f423b0000 size: 62701568
MIOpen(HIP): Warning [IsEnoughWorkspace] [GetSolutionsFallback AI] Solver <ConvHipImplicitGemmGroupFwdXdlops>, workspace required: 62603264, provided ptr: 0x752f44188000 size: 62586880
MIOpen(HIP): Warning [IsEnoughWorkspace] [GetSolutionsFallback AI] Solver <GemmFwdRest>, workspace required: 328581120, provided ptr: 0x752f44188000 size: 93908992
MIOpen(HIP): Warning [IsEnoughWorkspace] [GetSolutionsFallback AI] Solver <ConvHipImplicitGemmGroupFwdXdlops>, workspace required: 93884416, provided ptr: 0x752f46e4c000 size: 93880320
MIOpen(HIP): Warning [IsEnoughWorkspace] [GetSolutionsFallback AI] Solver <ConvHipImplicitGemmGroupFwdXdlops>, workspace required: 48408064, provided ptr: 0x752f37c00000 size: 46941184
MIOpen(HIP): Warning [IsEnoughWorkspace] [GetSolutionsFallback AI] Solver <GemmFwdRest>, workspace required: 328581120, provided ptr: 0x752f37c00000 size: 46941184
MIOpen(HIP): Warning [IsEnoughWorkspace] [GetSolutionsFallback AI] Solver <ConvHipImplicitGemmGroupFwdXdlops>, workspace required: 8671232, provided ptr: 0x752e4e2c0000 size: 1863680
MIOpen(HIP): Warning [IsEnoughWorkspace] [GetSolutionsFallback AI] Solver <ConvAsmImplicitGemmGTCDynamicFwdXdlopsNHWC>, workspace required: 8671232, provided ptr: 0x752e4e2c0000 size: 1863680
MIOpen(HIP): Warning [IsEnoughWorkspace] [GetSolutionsFallback WTI] Solver <ConvAsmImplicitGemmGTCDynamicBwdXdlopsNHWC>, workspace required: 38879232, provided ptr: 0x752f13200000 size: 8519680
MIOpen(HIP): Warning [IsEnoughWorkspace] [GetSolutionsFallback WTI] Solver <ConvHipImplicitGemmGroupBwdXdlops>, workspace required: 38879232, provided ptr: 0x752f13200000 size: 8519680
MIOpen(HIP): Warning [IsEnoughWorkspace] [GetSolutionsFallback AI] Solver <GemmFwdRest>, workspace required: 29818880, provided ptr: 0x752fe0ec0000 size: 15859712
MIOpen(HIP): Warning [IsEnoughWorkspace] [GetSolutionsFallback AI] Solver <GemmFwdRest>, workspace required: 74547200, provided ptr: 0x752f38628000 size: 23134208
MIOpen(HIP): Warning [IsEnoughWorkspace] [GetSolutionsFallback AI] Solver <ConvHipImplicitGemmGroupFwdXdlops>, workspace required: 21561344, provided ptr: 0x752f39050000 size: 21299200
MIOpen(HIP): Warning [IsEnoughWorkspace] [GetSolutionsFallback AI] Solver <GemmFwdRest>, workspace required: 149094400, provided ptr: 0x752f3e800000 size: 43057152
MIOpen(HIP): Warning [IsEnoughWorkspace] [GetSolutionsFallback AI] Solver <ConvHipImplicitGemmGroupFwdXdlops>, workspace required: 42663936, provided ptr: 0x752f3e800000 size: 42598400
MIOpen(HIP): Warning [IsEnoughWorkspace] [GetSolutionsFallback WTI] Solver <ConvAsmImplicitGemmGTCDynamicBwdXdlopsNHWC>, workspace required: 42729472, provided ptr: 0x752f3e800000 size: 42598400
MIOpen(HIP): Warning [IsEnoughWorkspace] [GetSolutionsFallback WTI] Solver <ConvHipImplicitGemmGroupBwdXdlops>, workspace required: 42729472, provided ptr: 0x752f3e800000 size: 42598400
MIOpen(HIP): Warning [IsEnoughWorkspace] [GetSolutionsFallback AI] Solver <GemmFwdRest>, workspace required: 149094400, provided ptr: 0x752f3e800000 size: 42713088
MIOpen(HIP): Warning [IsEnoughWorkspace] [GetSolutionsFallback AI] Solver <ConvHipImplicitGemmGroupFwdXdlops>, workspace required: 42614784, provided ptr: 0x752f3fc50000 size: 42598400
MIOpen(HIP): Warning [IsEnoughWorkspace] [GetSolutionsFallback AI] Solver <GemmFwdRest>, workspace required: 223641600, provided ptr: 0x752f424f0000 size: 63926272
MIOpen(HIP): Warning [IsEnoughWorkspace] [GetSolutionsFallback AI] Solver <ConvHipImplicitGemmGroupFwdXdlops>, workspace required: 63901696, provided ptr: 0x752f44368000 size: 63897600
MIOpen(HIP): Warning [IsEnoughWorkspace] [GetSolutionsFallback AI] Solver <ConvHipImplicitGemmGroupFwdXdlops>, workspace required: 32948224, provided ptr: 0x752f39a78000 size: 31949824
MIOpen(HIP): Warning [IsEnoughWorkspace] [GetSolutionsFallback AI] Solver <GemmFwdRest>, workspace required: 223641600, provided ptr: 0x752f39a78000 size: 31949824
MIOpen(HIP): Warning [IsEnoughWorkspace] [GetSolutionsFallback AI] Solver <ConvHipImplicitGemmGroupFwdXdlops>, workspace required: 8384512, provided ptr: 0x752e4f280000 size: 1462272
MIOpen(HIP): Warning [IsEnoughWorkspace] [GetSolutionsFallback AI] Solver <ConvAsmImplicitGemmGTCDynamicFwdXdlopsNHWC>, workspace required: 8384512, provided ptr: 0x752e4f280000 size: 1462272
MIOpen(HIP): Warning [IsEnoughWorkspace] [GetSolutionsFallback WTI] Solver <ConvAsmImplicitGemmGTCDynamicBwdXdlopsNHWC>, workspace required: 37732352, provided ptr: 0x752f13200000 size: 6684672
MIOpen(HIP): Warning [IsEnoughWorkspace] [GetSolutionsFallback WTI] Solver <ConvHipImplicitGemmGroupBwdXdlops>, workspace required: 37732352, provided ptr: 0x752f13200000 size: 6684672
MIOpen(HIP): Warning [IsEnoughWorkspace] [GetSolutionsFallback AI] Solver <GemmFwdRest>, workspace required: 23396352, provided ptr: 0x752fe0ec0000 size: 14024704
MIOpen(HIP): Warning [IsEnoughWorkspace] [GetSolutionsFallback WTI] Solver <ConvAsmImplicitGemmGTCDynamicBwdXdlopsNHWC>, workspace required: 16941056, provided ptr: 0x752fe0ec0000 size: 16711680
MIOpen(HIP): Warning [IsEnoughWorkspace] [GetSolutionsFallback WTI] Solver <ConvHipImplicitGemmGroupBwdXdlops>, workspace required: 16941056, provided ptr: 0x752fe0ec0000 size: 16711680
MIOpen(HIP): Warning [IsEnoughWorkspace] [GetSolutionsFallback AI] Solver <GemmFwdRest>, workspace required: 58490880, provided ptr: 0x752f37c00000 size: 18546688
MIOpen(HIP): Warning [IsEnoughWorkspace] [GetSolutionsFallback AI] Solver <ConvAsmImplicitGemmGTCDynamicFwdXdlopsNHWC>, workspace required: 16711680, provided ptr: 0 size: 0
MIOpen(HIP): Warning [IsEnoughWorkspace] [GetSolutionsFallback AI] Solver <ConvHipImplicitGemmGroupFwdXdlops>, workspace required: 16973824, provided ptr: 0 size: 0
MIOpen(HIP): Warning [IsEnoughWorkspace] [GetSolutionsFallback AI] Solver <GemmFwdRest>, workspace required: 116981760, provided ptr: 0x752f3e800000 size: 33882112
MIOpen(HIP): Warning [IsEnoughWorkspace] [GetSolutionsFallback AI] Solver <ConvHipImplicitGemmGroupFwdXdlops>, workspace required: 33488896, provided ptr: 0x752f3e800000 size: 33423360
MIOpen(HIP): Warning [IsEnoughWorkspace] [GetSolutionsFallback WTI] Solver <ConvAsmImplicitGemmGTCDynamicBwdXdlopsNHWC>, workspace required: 33554432, provided ptr: 0x752f39be0000 size: 33423360
MIOpen(HIP): Warning [IsEnoughWorkspace] [GetSolutionsFallback WTI] Solver <ConvHipImplicitGemmGroupBwdXdlops>, workspace required: 33554432, provided ptr: 0x752f39be0000 size: 33423360
MIOpen(HIP): Warning [IsEnoughWorkspace] [GetSolutionsFallback AI] Solver <GemmFwdRest>, workspace required: 116981760, provided ptr: 0x752f3e800000 size: 33538048
MIOpen(HIP): Warning [IsEnoughWorkspace] [GetSolutionsFallback AI] Solver <ConvHipImplicitGemmGroupFwdXdlops>, workspace required: 33439744, provided ptr: 0x752f3e800000 size: 33423360
MIOpen(HIP): Warning [IsEnoughWorkspace] [GetSolutionsFallback AI] Solver <GemmFwdRest>, workspace required: 175472640, provided ptr: 0x752f3ffe8000 size: 50163712
MIOpen(HIP): Warning [IsEnoughWorkspace] [GetSolutionsFallback AI] Solver <ConvHipImplicitGemmGroupFwdXdlops>, workspace required: 50139136, provided ptr: 0x752f417d0000 size: 50135040
MIOpen(HIP): Warning [IsEnoughWorkspace] [GetSolutionsFallback AI] Solver <ConvHipImplicitGemmGroupFwdXdlops>, workspace required: 25851904, provided ptr: 0x752f393e8000 size: 25068544
MIOpen(HIP): Warning [IsEnoughWorkspace] [GetSolutionsFallback AI] Solver <GemmFwdRest>, workspace required: 175472640, provided ptr: 0x752f393e8000 size: 25068544
MIOpen(HIP): Warning [IsEnoughWorkspace] [GetSolutionsFallback AI] Solver <ConvHipImplicitGemmGroupFwdXdlops>, workspace required: 9091072, provided ptr: 0x752e4e2c0000 size: 2451456
MIOpen(HIP): Warning [IsEnoughWorkspace] [GetSolutionsFallback AI] Solver <ConvAsmImplicitGemmGTCDynamicFwdXdlopsNHWC>, workspace required: 9091072, provided ptr: 0x752e4e2c0000 size: 2451456
MIOpen(HIP): Warning [IsEnoughWorkspace] [GetSolutionsFallback WTI] Solver <ConvAsmImplicitGemmGTCDynamicBwdXdlopsNHWC>, workspace required: 40558592, provided ptr: 0x752fe0ec0000 size: 11206656
MIOpen(HIP): Warning [IsEnoughWorkspace] [GetSolutionsFallback WTI] Solver <ConvHipImplicitGemmGroupBwdXdlops>, workspace required: 40558592, provided ptr: 0x752fe0ec0000 size: 11206656
MIOpen(HIP): Warning [IsEnoughWorkspace] [GetSolutionsFallback AI] Solver <GemmFwdRest>, workspace required: 39223296, provided ptr: 0x752f37c00000 size: 18546688
MIOpen(HIP): Warning [IsEnoughWorkspace] [GetSolutionsFallback AI] Solver <GemmFwdRest>, workspace required: 98058240, provided ptr: 0x752f396b8000 size: 29851648
MIOpen(HIP): Warning [IsEnoughWorkspace] [GetSolutionsFallback AI] Solver <ConvHipImplicitGemmGroupFwdXdlops>, workspace required: 28278784, provided ptr: 0x752f3a414000 size: 28016640
MIOpen(HIP): Warning [IsEnoughWorkspace] [GetSolutionsFallback AI] Solver <GemmFwdRest>, workspace required: 196116480, provided ptr: 0x752f402b8000 size: 56492032
MIOpen(HIP): Warning [IsEnoughWorkspace] [GetSolutionsFallback AI] Solver <ConvHipImplicitGemmGroupFwdXdlops>, workspace required: 56098816, provided ptr: 0x752f41d70000 size: 56033280
MIOpen(HIP): Warning [IsEnoughWorkspace] [GetSolutionsFallback WTI] Solver <ConvAsmImplicitGemmGTCDynamicBwdXdlopsNHWC>, workspace required: 56164352, provided ptr: 0x752f402b8000 size: 56033280
MIOpen(HIP): Warning [IsEnoughWorkspace] [GetSolutionsFallback WTI] Solver <ConvHipImplicitGemmGroupBwdXdlops>, workspace required: 56164352, provided ptr: 0x752f402b8000 size: 56033280
MIOpen(HIP): Warning [IsEnoughWorkspace] [GetSolutionsFallback AI] Solver <GemmFwdRest>, workspace required: 196116480, provided ptr: 0x752f41d70000 size: 56147968
MIOpen(HIP): Warning [IsEnoughWorkspace] [GetSolutionsFallback AI] Solver <ConvHipImplicitGemmGroupFwdXdlops>, workspace required: 56049664, provided ptr: 0x752f43828000 size: 56033280
MIOpen(HIP): Warning [IsEnoughWorkspace] [GetSolutionsFallback AI] Solver <GemmFwdRest>, workspace required: 294174720, provided ptr: 0x752f43828000 size: 84078592
MIOpen(HIP): Warning [IsEnoughWorkspace] [GetSolutionsFallback AI] Solver <ConvHipImplicitGemmGroupFwdXdlops>, workspace required: 84054016, provided ptr: 0x752f4603c000 size: 84049920
MIOpen(HIP): Warning [IsEnoughWorkspace] [GetSolutionsFallback AI] Solver <ConvHipImplicitGemmGroupFwdXdlops>, workspace required: 43339264, provided ptr: 0x752f37c00000 size: 42025984
MIOpen(HIP): Warning [IsEnoughWorkspace] [GetSolutionsFallback AI] Solver <GemmFwdRest>, workspace required: 294174720, provided ptr: 0x752f37c00000 size: 42025984
MIOpen(HIP): Warning [IsEnoughWorkspace] [GetSolutionsFallback AI] Solver <ConvHipImplicitGemmGroupFwdXdlops>, workspace required: 8517632, provided ptr: 0x752e4e2c0000 size: 1648640
MIOpen(HIP): Warning [IsEnoughWorkspace] [GetSolutionsFallback AI] Solver <ConvAsmImplicitGemmGTCDynamicFwdXdlopsNHWC>, workspace required: 8517632, provided ptr: 0x752e4e2c0000 size: 1648640
MIOpen(HIP): Warning [IsEnoughWorkspace] [GetSolutionsFallback WTI] Solver <ConvAsmImplicitGemmGTCDynamicBwdXdlopsNHWC>, workspace required: 38264832, provided ptr: 0x752f13200000 size: 7536640
MIOpen(HIP): Warning [IsEnoughWorkspace] [GetSolutionsFallback WTI] Solver <ConvHipImplicitGemmGroupBwdXdlops>, workspace required: 38264832, provided ptr: 0x752f13200000 size: 7536640
MIOpen(HIP): Warning [IsEnoughWorkspace] [GetSolutionsFallback AI] Solver <GemmFwdRest>, workspace required: 26378240, provided ptr: 0x752fe0ec0000 size: 14876672
MIOpen(HIP): Warning [IsEnoughWorkspace] [GetSolutionsFallback AI] Solver <GemmFwdRest>, workspace required: 65945600, provided ptr: 0x752f37c00000 size: 20676608
MIOpen(HIP): Warning [IsEnoughWorkspace] [GetSolutionsFallback AI] Solver <ConvHipImplicitGemmGroupFwdXdlops>, workspace required: 19103744, provided ptr: 0x752f384fc000 size: 18841600
MIOpen(HIP): Warning [IsEnoughWorkspace] [GetSolutionsFallback AI] Solver <GemmFwdRest>, workspace required: 131891200, provided ptr: 0x752f3e800000 size: 38141952
MIOpen(HIP): Warning [IsEnoughWorkspace] [GetSolutionsFallback AI] Solver <ConvHipImplicitGemmGroupFwdXdlops>, workspace required: 37748736, provided ptr: 0x752f3e800000 size: 37683200
MIOpen(HIP): Warning [IsEnoughWorkspace] [GetSolutionsFallback WTI] Solver <ConvAsmImplicitGemmGTCDynamicBwdXdlopsNHWC>, workspace required: 37814272, provided ptr: 0x752f39ff0000 size: 37683200
MIOpen(HIP): Warning [IsEnoughWorkspace] [GetSolutionsFallback WTI] Solver <ConvHipImplicitGemmGroupBwdXdlops>, workspace required: 37814272, provided ptr: 0x752f39ff0000 size: 37683200
MIOpen(HIP): Warning [IsEnoughWorkspace] [GetSolutionsFallback AI] Solver <GemmFwdRest>, workspace required: 131891200, provided ptr: 0x752f3e800000 size: 37797888
MIOpen(HIP): Warning [IsEnoughWorkspace] [GetSolutionsFallback AI] Solver <ConvHipImplicitGemmGroupFwdXdlops>, workspace required: 37699584, provided ptr: 0x752f3e800000 size: 37683200
MIOpen(HIP): Warning [IsEnoughWorkspace] [GetSolutionsFallback AI] Solver <GemmFwdRest>, workspace required: 197836800, provided ptr: 0x752f402f4000 size: 56553472
MIOpen(HIP): Warning [IsEnoughWorkspace] [GetSolutionsFallback AI] Solver <ConvHipImplicitGemmGroupFwdXdlops>, workspace required: 56528896, provided ptr: 0x752f41de8000 size: 56524800
MIOpen(HIP): Warning [IsEnoughWorkspace] [GetSolutionsFallback AI] Solver <ConvHipImplicitGemmGroupFwdXdlops>, workspace required: 29146624, provided ptr: 0x752f396f4000 size: 28263424
MIOpen(HIP): Warning [IsEnoughWorkspace] [GetSolutionsFallback AI] Solver <GemmFwdRest>, workspace required: 197836800, provided ptr: 0x752f396f4000 size: 28263424
MIOpen(HIP): Warning [IsEnoughWorkspace] [GetSolutionsFallback AI] Solver <ConvHipImplicitGemmGroupFwdXdlops>, workspace required: 8758272, provided ptr: 0x752e4e2c0000 size: 1985536
MIOpen(HIP): Warning [IsEnoughWorkspace] [GetSolutionsFallback AI] Solver <ConvAsmImplicitGemmGTCDynamicFwdXdlopsNHWC>, workspace required: 8758272, provided ptr: 0x752e4e2c0000 size: 1985536
MIOpen(HIP): Warning [IsEnoughWorkspace] [GetSolutionsFallback WTI] Solver <ConvAsmImplicitGemmGTCDynamicBwdXdlopsNHWC>, workspace required: 39227392, provided ptr: 0x752f13200000 size: 9076736
MIOpen(HIP): Warning [IsEnoughWorkspace] [GetSolutionsFallback WTI] Solver <ConvHipImplicitGemmGroupBwdXdlops>, workspace required: 39227392, provided ptr: 0x752f13200000 size: 9076736
MIOpen(HIP): Warning [IsEnoughWorkspace] [GetSolutionsFallback AI] Solver <GemmFwdRest>, workspace required: 31768576, provided ptr: 0x752fe0ec0000 size: 16416768
MIOpen(HIP): Warning [IsEnoughWorkspace] [GetSolutionsFallback AI] Solver <GemmFwdRest>, workspace required: 79421440, provided ptr: 0x752f391a4000 size: 24526848
MIOpen(HIP): Warning [IsEnoughWorkspace] [GetSolutionsFallback AI] Solver <ConvHipImplicitGemmGroupFwdXdlops>, workspace required: 22953984, provided ptr: 0x752f39c76000 size: 22691840
MIOpen(HIP): Warning [IsEnoughWorkspace] [GetSolutionsFallback AI] Solver <GemmFwdRest>, workspace required: 158842880, provided ptr: 0x752f3e800000 size: 45842432
MIOpen(HIP): Warning [IsEnoughWorkspace] [GetSolutionsFallback AI] Solver <ConvHipImplicitGemmGroupFwdXdlops>, workspace required: 45449216, provided ptr: 0x752f3fda4000 size: 45383680
MIOpen(HIP): Warning [IsEnoughWorkspace] [GetSolutionsFallback WTI] Solver <ConvAsmImplicitGemmGTCDynamicBwdXdlopsNHWC>, workspace required: 45514752, provided ptr: 0x752f3e800000 size: 45383680
MIOpen(HIP): Warning [IsEnoughWorkspace] [GetSolutionsFallback WTI] Solver <ConvHipImplicitGemmGroupBwdXdlops>, workspace required: 45514752, provided ptr: 0x752f3e800000 size: 45383680
MIOpen(HIP): Warning [IsEnoughWorkspace] [GetSolutionsFallback AI] Solver <GemmFwdRest>, workspace required: 158842880, provided ptr: 0x752f3fda4000 size: 45498368
MIOpen(HIP): Warning [IsEnoughWorkspace] [GetSolutionsFallback AI] Solver <ConvHipImplicitGemmGroupFwdXdlops>, workspace required: 45400064, provided ptr: 0x752f41348000 size: 45383680
MIOpen(HIP): Warning [IsEnoughWorkspace] [GetSolutionsFallback AI] Solver <GemmFwdRest>, workspace required: 238264320, provided ptr: 0x752f43e90000 size: 68104192
MIOpen(HIP): Warning [IsEnoughWorkspace] [GetSolutionsFallback AI] Solver <ConvHipImplicitGemmGroupFwdXdlops>, workspace required: 68079616, provided ptr: 0x752f45f06000 size: 68075520
MIOpen(HIP): Warning [IsEnoughWorkspace] [GetSolutionsFallback AI] Solver <ConvHipImplicitGemmGroupFwdXdlops>, workspace required: 35102464, provided ptr: 0x752f39c76000 size: 34038784
MIOpen(HIP): Warning [IsEnoughWorkspace] [GetSolutionsFallback AI] Solver <GemmFwdRest>, workspace required: 238264320, provided ptr: 0x752f39c76000 size: 34038784
[0;36m(APIServer pid=47055)[0;0m [32mINFO[0m [90m10-07 15:22:51[0m [90m[stats.py:902][0m [OmniTiming] req=speech-ab86b5c0327418d7-9d66b0bd total=6.34s engine=6.34s stages=[0:6.33s]
INFO:     127.0.0.1:52128 - "POST /v1/audio/speech HTTP/1.1" 200 OK
[0;36m(APIServer pid=47055)[0;0m [32mINFO[0m [90m10-07 15:22:51[0m [90m[serving_speech.py:2423][0m Diffusion TTS speech request speech-b4223a5b505ec31b: voice_clone=False
[0;36m(APIServer pid=47055)[0;0m [32mINFO[0m [90m10-07 15:22:51[0m [90m[serving_speech.py:2471][0m Applied diffusion speech params: seed=42 extra_params={}
[0;36m(APIServer pid=47055)[0;0m [32mINFO[0m [90m10-07 15:22:51[0m [90m[diffusion_engine.py:764][0m [RequestBatch] admission wait done waiting=1 max_batch=8 waited_ms=2.1
MIOpen(HIP): Warning [IsEnoughWorkspace] [GetSolutionsFallback AI] Solver <ConvHipImplicitGemmGroupFwdXdlops>, workspace required: 7923712, provided ptr: 0x752eb7800000 size: 817152
MIOpen(HIP): Warning [IsEnoughWorkspace] [GetSolutionsFallback AI] Solver <ConvAsmImplicitGemmGTCDynamicFwdXdlopsNHWC>, workspace required: 7923712, provided ptr: 0x752eb7800000 size: 817152
MIOpen(HIP): Warning [IsEnoughWorkspace] [GetSolutionsFallback WTI] Solver <ConvAsmImplicitGemmGTCDynamicBwdXdlopsNHWC>, workspace required: 35889152, provided ptr: 0x752e51a00000 size: 3735552
MIOpen(HIP): Warning [IsEnoughWorkspace] [GetSolutionsFallback WTI] Solver <ConvHipImplicitGemmGroupBwdXdlops>, workspace required: 35889152, provided ptr: 0x752e51a00000 size: 3735552
MIOpen(HIP): Warning [IsEnoughWorkspace] [GetSolutionsFallback WTI] Solver <ConvAsmImplicitGemmGTCDynamicBwdXdlopsNHWC>, workspace required: 11780096, provided ptr: 0x752f13674000 size: 9338880
MIOpen(HIP): Warning [IsEnoughWorkspace] [GetSolutionsFallback WTI] Solver <ConvHipImplicitGemmGroupBwdXdlops>, workspace required: 11780096, provided ptr: 0x752f13674000 size: 9338880
MIOpen(HIP): Warning [IsEnoughWorkspace] [GetSolutionsFallback AI] Solver <GemmFwdRest>, workspace required: 32686080, provided ptr: 0x752fe0ec0000 size: 11173888
MIOpen(HIP): Warning [IsEnoughWorkspace] [GetSolutionsFallback AI] Solver <ConvHipImplicitGemmGroupFwdXdlops>, workspace required: 9601024, provided ptr: 0x752fe1334000 size: 9338880
MIOpen(HIP): Warning [IsEnoughWorkspace] [GetSolutionsFallback AI] Solver <GemmFwdRest>, workspace required: 65372160, provided ptr: 0x752f384e8000 size: 19136512
MIOpen(HIP): Warning [IsEnoughWorkspace] [GetSolutionsFallback AI] Solver <ConvHipImplicitGemmGroupFwdXdlops>, workspace required: 18743296, provided ptr: 0x752f38dd0000 size: 18677760
MIOpen(HIP): Warning [IsEnoughWorkspace] [GetSolutionsFallback WTI] Solver <ConvAsmImplicitGemmGTCDynamicBwdXdlopsNHWC>, workspace required: 18808832, provided ptr: 0x752f384e8000 size: 18677760
MIOpen(HIP): Warning [IsEnoughWorkspace] [GetSolutionsFallback WTI] Solver <ConvHipImplicitGemmGroupBwdXdlops>, workspace required: 18808832, provided ptr: 0x752f384e8000 size: 18677760
MIOpen(HIP): Warning [IsEnoughWorkspace] [GetSolutionsFallback AI] Solver <GemmFwdRest>, workspace required: 65372160, provided ptr: 0x752f384e8000 size: 18792448
MIOpen(HIP): Warning [IsEnoughWorkspace] [GetSolutionsFallback AI] Solver <ConvHipImplicitGemmGroupFwdXdlops>, workspace required: 18694144, provided ptr: 0x752f38dd0000 size: 18677760
MIOpen(HIP): Warning [IsEnoughWorkspace] [GetSolutionsFallback AI] Solver <GemmFwdRest>, workspace required: 98058240, provided ptr: 0x752f396b8000 size: 28045312
MIOpen(HIP): Warning [IsEnoughWorkspace] [GetSolutionsFallback AI] Solver <ConvHipImplicitGemmGroupFwdXdlops>, workspace required: 28020736, provided ptr: 0x752f3a414000 size: 28016640
MIOpen(HIP): Warning [IsEnoughWorkspace] [GetSolutionsFallback AI] Solver <ConvHipImplicitGemmGroupFwdXdlops>, workspace required: 14447104, provided ptr: 0x752fe0ec0000 size: 14009344
MIOpen(HIP): Warning [IsEnoughWorkspace] [GetSolutionsFallback AI] Solver <GemmFwdRest>, workspace required: 98058240, provided ptr: 0x752fe0ec0000 size: 14009344
MIOpen(HIP): Warning [IsEnoughWorkspace] [GetSolutionsFallback AI] Solver <ConvHipImplicitGemmGroupFwdXdlops>, workspace required: 7944192, provided ptr: 0x752eb7800000 size: 845824
MIOpen(HIP): Warning [IsEnoughWorkspace] [GetSolutionsFallback AI] Solver <ConvAsmImplicitGemmGTCDynamicFwdXdlopsNHWC>, workspace required: 7944192, provided ptr: 0x752eb7800000 size: 845824
MIOpen(HIP): Warning [IsEnoughWorkspace] [GetSolutionsFallback WTI] Solver <ConvAsmImplicitGemmGTCDynamicBwdXdlopsNHWC>, workspace required: 35971072, provided ptr: 0x752e51a00000 size: 3866624
MIOpen(HIP): Warning [IsEnoughWorkspace] [GetSolutionsFallback WTI] Solver <ConvHipImplicitGemmGroupBwdXdlops>, workspace required: 35971072, provided ptr: 0x752e51a00000 size: 3866624
MIOpen(HIP): Warning [IsEnoughWorkspace] [GetSolutionsFallback AI] Solver <GemmFwdRest>, workspace required: 13533184, provided ptr: 0x752f13200000 size: 11206656
MIOpen(HIP): Warning [IsEnoughWorkspace] [GetSolutionsFallback WTI] Solver <ConvAsmImplicitGemmGTCDynamicBwdXdlopsNHWC>, workspace required: 12009472, provided ptr: 0x752f1369c000 size: 9666560
MIOpen(HIP): Warning [IsEnoughWorkspace] [GetSolutionsFallback WTI] Solver <ConvHipImplicitGemmGroupBwdXdlops>, workspace required: 12009472, provided ptr: 0x752f1369c000 size: 9666560
MIOpen(HIP): Warning [IsEnoughWorkspace] [GetSolutionsFallback AI] Solver <GemmFwdRest>, workspace required: 33832960, provided ptr: 0x752fe0ec0000 size: 11501568
MIOpen(HIP): Warning [IsEnoughWorkspace] [GetSolutionsFallback AI] Solver <ConvHipImplicitGemmGroupFwdXdlops>, workspace required: 9928704, provided ptr: 0x752fe135c000 size: 9666560
MIOpen(HIP): Warning [IsEnoughWorkspace] [GetSolutionsFallback AI] Solver <GemmFwdRest>, workspace required: 67665920, provided ptr: 0x752f38538000 size: 19791872
MIOpen(HIP): Warning [IsEnoughWorkspace] [GetSolutionsFallback AI] Solver <ConvHipImplicitGemmGroupFwdXdlops>, workspace required: 19398656, provided ptr: 0x752f38e70000 size: 19333120
MIOpen(HIP): Warning [IsEnoughWorkspace] [GetSolutionsFallback WTI] Solver <ConvAsmImplicitGemmGTCDynamicBwdXdlopsNHWC>, workspace required: 19464192, provided ptr: 0x752f38538000 size: 19333120
MIOpen(HIP): Warning [IsEnoughWorkspace] [GetSolutionsFallback WTI] Solver <ConvHipImplicitGemmGroupBwdXdlops>, workspace required: 19464192, provided ptr: 0x752f38538000 size: 19333120
MIOpen(HIP): Warning [IsEnoughWorkspace] [GetSolutionsFallback AI] Solver <GemmFwdRest>, workspace required: 67665920, provided ptr: 0x752f38538000 size: 19447808
MIOpen(HIP): Warning [IsEnoughWorkspace] [GetSolutionsFallback AI] Solver <ConvHipImplicitGemmGroupFwdXdlops>, workspace required: 19349504, provided ptr: 0x752f38e70000 size: 19333120
MIOpen(HIP): Warning [IsEnoughWorkspace] [GetSolutionsFallback AI] Solver <GemmFwdRest>, workspace required: 101498880, provided ptr: 0x752f397a8000 size: 29028352
MIOpen(HIP): Warning [IsEnoughWorkspace] [GetSolutionsFallback AI] Solver <ConvHipImplicitGemmGroupFwdXdlops>, workspace required: 29003776, provided ptr: 0x752f3a57c000 size: 28999680
MIOpen(HIP): Warning [IsEnoughWorkspace] [GetSolutionsFallback AI] Solver <ConvHipImplicitGemmGroupFwdXdlops>, workspace required: 14953984, provided ptr: 0x752fe0ec0000 size: 14500864
MIOpen(HIP): Warning [IsEnoughWorkspace] [GetSolutionsFallback AI] Solver <GemmFwdRest>, workspace required: 101498880, provided ptr: 0x752fe0ec0000 size: 14500864
MIOpen(HIP): Warning [IsEnoughWorkspace] [GetSolutionsFallback AI] Solver <ConvHipImplicitGemmGroupFwdXdlops>, workspace required: 8584192, provided ptr: 0x752e4e2c0000 size: 1741824
MIOpen(HIP): Warning [IsEnoughWorkspace] [GetSolutionsFallback AI] Solver <ConvAsmImplicitGemmGTCDynamicFwdXdlopsNHWC>, workspace required: 8584192, provided ptr: 0x752e4e2c0000 size: 1741824
MIOpen(HIP): Warning [IsEnoughWorkspace] [GetSolutionsFallback WTI] Solver <ConvAsmImplicitGemmGTCDynamicBwdXdlopsNHWC>, workspace required: 38531072, provided ptr: 0x752f13200000 size: 7962624
MIOpen(HIP): Warning [IsEnoughWorkspace] [GetSolutionsFallback WTI] Solver <ConvHipImplicitGemmGroupBwdXdlops>, workspace required: 38531072, provided ptr: 0x752f13200000 size: 7962624
MIOpen(HIP): Warning [IsEnoughWorkspace] [GetSolutionsFallback AI] Solver <GemmFwdRest>, workspace required: 27869184, provided ptr: 0x752fe0ec0000 size: 15302656
MIOpen(HIP): Warning [IsEnoughWorkspace] [GetSolutionsFallback AI] Solver <GemmFwdRest>, workspace required: 69672960, provided ptr: 0x752f37c00000 size: 21741568
MIOpen(HIP): Warning [IsEnoughWorkspace] [GetSolutionsFallback AI] Solver <ConvHipImplicitGemmGroupFwdXdlops>, workspace required: 20168704, provided ptr: 0x752f3857e000 size: 19906560
MIOpen(HIP): Warning [IsEnoughWorkspace] [GetSolutionsFallback AI] Solver <GemmFwdRest>, workspace required: 139345920, provided ptr: 0x752f3e800000 size: 40271872
MIOpen(HIP): Warning [IsEnoughWorkspace] [GetSolutionsFallback AI] Solver <ConvHipImplicitGemmGroupFwdXdlops>, workspace required: 39878656, provided ptr: 0x752f3e800000 size: 39813120
MIOpen(HIP): Warning [IsEnoughWorkspace] [GetSolutionsFallback WTI] Solver <ConvAsmImplicitGemmGTCDynamicBwdXdlopsNHWC>, workspace required: 39944192, provided ptr: 0x752f3a1f8000 size: 39813120
MIOpen(HIP): Warning [IsEnoughWorkspace] [GetSolutionsFallback WTI] Solver <ConvHipImplicitGemmGroupBwdXdlops>, workspace required: 39944192, provided ptr: 0x752f3a1f8000 size: 39813120
MIOpen(HIP): Warning [IsEnoughWorkspace] [GetSolutionsFallback AI] Solver <GemmFwdRest>, workspace required: 139345920, provided ptr: 0x752f3e800000 size: 39927808
MIOpen(HIP): Warning [IsEnoughWorkspace] [GetSolutionsFallback AI] Solver <ConvHipImplicitGemmGroupFwdXdlops>, workspace required: 39829504, provided ptr: 0x752f3e800000 size: 39813120
MIOpen(HIP): Warning [IsEnoughWorkspace] [GetSolutionsFallback AI] Solver <GemmFwdRest>, workspace required: 209018880, provided ptr: 0x752f4047a000 size: 59748352
MIOpen(HIP): Warning [IsEnoughWorkspace] [GetSolutionsFallback AI] Solver <ConvHipImplicitGemmGroupFwdXdlops>, workspace required: 59723776, provided ptr: 0x752f420f4000 size: 59719680
MIOpen(HIP): Warning [IsEnoughWorkspace] [GetSolutionsFallback AI] Solver <ConvHipImplicitGemmGroupFwdXdlops>, workspace required: 30793984, provided ptr: 0x752f3987a000 size: 29860864
MIOpen(HIP): Warning [IsEnoughWorkspace] [GetSolutionsFallback AI] Solver <GemmFwdRest>, workspace required: 209018880, provided ptr: 0x752f3987a000 size: 29860864
MIOpen(HIP): Warning [IsEnoughWorkspace] [GetSolutionsFallback AI] Solver <ConvHipImplicitGemmGroupFwdXdlops>, workspace required: 8614912, provided ptr: 0x752e4e2c0000 size: 1784832
MIOpen(HIP): Warning [IsEnoughWorkspace] [GetSolutionsFallback AI] Solver <ConvAsmImplicitGemmGTCDynamicFwdXdlopsNHWC>, workspace required: 8614912, provided ptr: 0x752e4e2c0000 size: 1784832
MIOpen(HIP): Warning [IsEnoughWorkspace] [GetSolutionsFallback WTI] Solver <ConvAsmImplicitGemmGTCDynamicBwdXdlopsNHWC>, workspace required: 38653952, provided ptr: 0x752f13200000 size: 8159232
MIOpen(HIP): Warning [IsEnoughWorkspace] [GetSolutionsFallback WTI] Solver <ConvHipImplicitGemmGroupBwdXdlops>, workspace required: 38653952, provided ptr: 0x752f13200000 size: 8159232
MIOpen(HIP): Warning [IsEnoughWorkspace] [GetSolutionsFallback AI] Solver <GemmFwdRest>, workspace required: 28557312, provided ptr: 0x752fe0ec0000 size: 15499264
MIOpen(HIP): Warning [IsEnoughWorkspace] [GetSolutionsFallback AI] Solver <GemmFwdRest>, workspace required: 71393280, provided ptr: 0x752f37c00000 size: 22233088
MIOpen(HIP): Warning [IsEnoughWorkspace] [GetSolutionsFallback AI] Solver <ConvHipImplicitGemmGroupFwdXdlops>, workspace required: 20660224, provided ptr: 0x752f385ba000 size: 20398080
MIOpen(HIP): Warning [IsEnoughWorkspace] [GetSolutionsFallback AI] Solver <GemmFwdRest>, workspace required: 142786560, provided ptr: 0x752f3e800000 size: 41254912
MIOpen(HIP): Warning [IsEnoughWorkspace] [GetSolutionsFallback AI] Solver <ConvHipImplicitGemmGroupFwdXdlops>, workspace required: 40861696, provided ptr: 0x752f3fb74000 size: 40796160
MIOpen(HIP): Warning [IsEnoughWorkspace] [GetSolutionsFallback WTI] Solver <ConvAsmImplicitGemmGTCDynamicBwdXdlopsNHWC>, workspace required: 40927232, provided ptr: 0x752f3e800000 size: 40796160
MIOpen(HIP): Warning [IsEnoughWorkspace] [GetSolutionsFallback WTI] Solver <ConvHipImplicitGemmGroupBwdXdlops>, workspace required: 40927232, provided ptr: 0x752f3e800000 size: 40796160
MIOpen(HIP): Warning [IsEnoughWorkspace] [GetSolutionsFallback AI] Solver <GemmFwdRest>, workspace required: 142786560, provided ptr: 0x752f3e800000 size: 40910848
MIOpen(HIP): Warning [IsEnoughWorkspace] [GetSolutionsFallback AI] Solver <ConvHipImplicitGemmGroupFwdXdlops>, workspace required: 40812544, provided ptr: 0x752f3fb74000 size: 40796160
MIOpen(HIP): Warning [IsEnoughWorkspace] [GetSolutionsFallback AI] Solver <GemmFwdRest>, workspace required: 214179840, provided ptr: 0x752f4225c000 size: 61222912
MIOpen(HIP): Warning [IsEnoughWorkspace] [GetSolutionsFallback AI] Solver <ConvHipImplicitGemmGroupFwdXdlops>, workspace required: 61198336, provided ptr: 0x752f43f8a000 size: 61194240
MIOpen(HIP): Warning [IsEnoughWorkspace] [GetSolutionsFallback AI] Solver <ConvHipImplicitGemmGroupFwdXdlops>, workspace required: 31554304, provided ptr: 0x752f3992e000 size: 30598144
MIOpen(HIP): Warning [IsEnoughWorkspace] [GetSolutionsFallback AI] Solver <GemmFwdRest>, workspace required: 214179840, provided ptr: 0x752f3992e000 size: 30598144
MIOpen(HIP): Warning [IsEnoughWorkspace] [GetSolutionsFallback AI] Solver <ConvHipImplicitGemmGroupFwdXdlops>, workspace required: 8988672, provided ptr: 0x752e4e2c0000 size: 2308096
MIOpen(HIP): Warning [IsEnoughWorkspace] [GetSolutionsFallback AI] Solver <ConvAsmImplicitGemmGTCDynamicFwdXdlopsNHWC>, workspace required: 8988672, provided ptr: 0x752e4e2c0000 size: 2308096
MIOpen(HIP): Warning [IsEnoughWorkspace] [GetSolutionsFallback WTI] Solver <ConvAsmImplicitGemmGTCDynamicBwdXdlopsNHWC>, workspace required: 40148992, provided ptr: 0x752fe0ec0000 size: 10551296
MIOpen(HIP): Warning [IsEnoughWorkspace] [GetSolutionsFallback WTI] Solver <ConvHipImplicitGemmGroupBwdXdlops>, workspace required: 40148992, provided ptr: 0x752fe0ec0000 size: 10551296
MIOpen(HIP): Warning [IsEnoughWorkspace] [GetSolutionsFallback AI] Solver <GemmFwdRest>, workspace required: 36929536, provided ptr: 0x752f37c00000 size: 17891328
MIOpen(HIP): Warning [IsEnoughWorkspace] [GetSolutionsFallback AI] Solver <GemmFwdRest>, workspace required: 92323840, provided ptr: 0x752f38894000 size: 28213248
MIOpen(HIP): Warning [IsEnoughWorkspace] [GetSolutionsFallback AI] Solver <ConvHipImplicitGemmGroupFwdXdlops>, workspace required: 26640384, provided ptr: 0x752f39528000 size: 26378240
MIOpen(HIP): Warning [IsEnoughWorkspace] [GetSolutionsFallback AI] Solver <GemmFwdRest>, workspace required: 184647680, provided ptr: 0x752f40128000 size: 53215232
MIOpen(HIP): Warning [IsEnoughWorkspace] [GetSolutionsFallback AI] Solver <ConvHipImplicitGemmGroupFwdXdlops>, workspace required: 52822016, provided ptr: 0x752f41a50000 size: 52756480
MIOpen(HIP): Warning [IsEnoughWorkspace] [GetSolutionsFallback WTI] Solver <ConvAsmImplicitGemmGTCDynamicBwdXdlopsNHWC>, workspace required: 52887552, provided ptr: 0x752f40128000 size: 52756480
MIOpen(HIP): Warning [IsEnoughWorkspace] [GetSolutionsFallback WTI] Solver <ConvHipImplicitGemmGroupBwdXdlops>, workspace required: 52887552, provided ptr: 0x752f40128000 size: 52756480
MIOpen(HIP): Warning [IsEnoughWorkspace] [GetSolutionsFallback AI] Solver <GemmFwdRest>, workspace required: 184647680, provided ptr: 0x752f40128000 size: 52871168
MIOpen(HIP): Warning [IsEnoughWorkspace] [GetSolutionsFallback AI] Solver <ConvHipImplicitGemmGroupFwdXdlops>, workspace required: 52772864, provided ptr: 0x752f41a50000 size: 52756480
MIOpen(HIP): Warning [IsEnoughWorkspace] [GetSolutionsFallback AI] Solver <GemmFwdRest>, workspace required: 276971520, provided ptr: 0x752f43378000 size: 79163392
MIOpen(HIP): Warning [IsEnoughWorkspace] [GetSolutionsFallback AI] Solver <ConvHipImplicitGemmGroupFwdXdlops>, workspace required: 79138816, provided ptr: 0x752f45934000 size: 79134720
MIOpen(HIP): Warning [IsEnoughWorkspace] [GetSolutionsFallback AI] Solver <ConvHipImplicitGemmGroupFwdXdlops>, workspace required: 40804864, provided ptr: 0x752f37c00000 size: 39568384
MIOpen(HIP): Warning [IsEnoughWorkspace] [GetSolutionsFallback AI] Solver <GemmFwdRest>, workspace required: 276971520, provided ptr: 0x752f37c00000 size: 39568384
MIOpen(HIP): Warning [IsEnoughWorkspace] [GetSolutionsFallback AI] Solver <ConvHipImplicitGemmGroupFwdXdlops>, workspace required: 8788992, provided ptr: 0x752e4e2c0000 size: 2028544
MIOpen(HIP): Warning [IsEnoughWorkspace] [GetSolutionsFallback AI] Solver <ConvAsmImplicitGemmGTCDynamicFwdXdlopsNHWC>, workspace required: 8788992, provided ptr: 0x752e4e2c0000 size: 2028544
MIOpen(HIP): Warning [IsEnoughWorkspace] [GetSolutionsFallback WTI] Solver <ConvAsmImplicitGemmGTCDynamicBwdXdlopsNHWC>, workspace required: 39350272, provided ptr: 0x752f13200000 size: 9273344
MIOpen(HIP): Warning [IsEnoughWorkspace] [GetSolutionsFallback WTI] Solver <ConvHipImplicitGemmGroupBwdXdlops>, workspace required: 39350272, provided ptr: 0x752f13200000 size: 9273344
MIOpen(HIP): Warning [IsEnoughWorkspace] [GetSolutionsFallback AI] Solver <GemmFwdRest>, workspace required: 32456704, provided ptr: 0x752fe0ec0000 size: 16613376
MIOpen(HIP): Warning [IsEnoughWorkspace] [GetSolutionsFallback AI] Solver <GemmFwdRest>, workspace required: 81141760, provided ptr: 0x752f3921c000 size: 25018368
MIOpen(HIP): Warning [IsEnoughWorkspace] [GetSolutionsFallback AI] Solver <ConvHipImplicitGemmGroupFwdXdlops>, workspace required: 23445504, provided ptr: 0x752f39d2a000 size: 23183360
MIOpen(HIP): Warning [IsEnoughWorkspace] [GetSolutionsFallback AI] Solver <GemmFwdRest>, workspace required: 162283520, provided ptr: 0x752f3fe1c000 size: 46825472
MIOpen(HIP): Warning [IsEnoughWorkspace] [GetSolutionsFallback AI] Solver <ConvHipImplicitGemmGroupFwdXdlops>, workspace required: 46432256, provided ptr: 0x752f41438000 size: 46366720
MIOpen(HIP): Warning [IsEnoughWorkspace] [GetSolutionsFallback WTI] Solver <ConvAsmImplicitGemmGTCDynamicBwdXdlopsNHWC>, workspace required: 46497792, provided ptr: 0x752f3fe1c000 size: 46366720
MIOpen(HIP): Warning [IsEnoughWorkspace] [GetSolutionsFallback WTI] Solver <ConvHipImplicitGemmGroupBwdXdlops>, workspace required: 46497792, provided ptr: 0x752f3fe1c000 size: 46366720
MIOpen(HIP): Warning [IsEnoughWorkspace] [GetSolutionsFallback AI] Solver <GemmFwdRest>, workspace required: 162283520, provided ptr: 0x752f3fe1c000 size: 46481408
MIOpen(HIP): Warning [IsEnoughWorkspace] [GetSolutionsFallback AI] Solver <ConvHipImplicitGemmGroupFwdXdlops>, workspace required: 46383104, provided ptr: 0x752f41438000 size: 46366720
MIOpen(HIP): Warning [IsEnoughWorkspace] [GetSolutionsFallback AI] Solver <GemmFwdRest>, workspace required: 243425280, provided ptr: 0x752f42a54000 size: 69578752
MIOpen(HIP): Warning [IsEnoughWorkspace] [GetSolutionsFallback AI] Solver <ConvHipImplicitGemmGroupFwdXdlops>, workspace required: 69554176, provided ptr: 0x752f44b7e000 size: 69550080
MIOpen(HIP): Warning [IsEnoughWorkspace] [GetSolutionsFallback AI] Solver <ConvHipImplicitGemmGroupFwdXdlops>, workspace required: 35862784, provided ptr: 0x752f37c00000 size: 34776064
MIOpen(HIP): Warning [IsEnoughWorkspace] [GetSolutionsFallback AI] Solver <GemmFwdRest>, workspace required: 243425280, provided ptr: 0x752f37c00000 size: 34776064
MIOpen(HIP): Warning [IsEnoughWorkspace] [GetSolutionsFallback AI] Solver <ConvHipImplicitGemmGroupFwdXdlops>, workspace required: 8189952, provided ptr: 0x752e4f280000 size: 1189888
MIOpen(HIP): Warning [IsEnoughWorkspace] [GetSolutionsFallback AI] Solver <ConvAsmImplicitGemmGTCDynamicFwdXdlopsNHWC>, workspace required: 8189952, provided ptr: 0x752e4f280000 size: 1189888
MIOpen(HIP): Warning [IsEnoughWorkspace] [GetSolutionsFallback WTI] Solver <ConvAsmImplicitGemmGTCDynamicBwdXdlopsNHWC>, workspace required: 36954112, provided ptr: 0x752f13200000 size: 5439488
MIOpen(HIP): Warning [IsEnoughWorkspace] [GetSolutionsFallback WTI] Solver <ConvHipImplicitGemmGroupBwdXdlops>, workspace required: 36954112, provided ptr: 0x752f13200000 size: 5439488
MIOpen(HIP): Warning [IsEnoughWorkspace] [GetSolutionsFallback AI] Solver <GemmFwdRest>, workspace required: 19038208, provided ptr: 0x752fe0ec0000 size: 12779520
MIOpen(HIP): Warning [IsEnoughWorkspace] [GetSolutionsFallback WTI] Solver <ConvAsmImplicitGemmGTCDynamicBwdXdlopsNHWC>, workspace required: 14761984, provided ptr: 0x752fe0ec0000 size: 13598720
MIOpen(HIP): Warning [IsEnoughWorkspace] [GetSolutionsFallback WTI] Solver <ConvHipImplicitGemmGroupBwdXdlops>, workspace required: 14761984, provided ptr: 0x752fe0ec0000 size: 13598720
MIOpen(HIP): Warning [IsEnoughWorkspace] [GetSolutionsFallback AI] Solver <GemmFwdRest>, workspace required: 47595520, provided ptr: 0x752f37c00000 size: 15433728
MIOpen(HIP): Warning [IsEnoughWorkspace] [GetSolutionsFallback AI] Solver <ConvAsmImplicitGemmGTCDynamicFwdXdlopsNHWC>, workspace required: 13598720, provided ptr: 0 size: 0
MIOpen(HIP): Warning [IsEnoughWorkspace] [GetSolutionsFallback AI] Solver <ConvHipImplicitGemmGroupFwdXdlops>, workspace required: 13860864, provided ptr: 0 size: 0
MIOpen(HIP): Warning [IsEnoughWorkspace] [GetSolutionsFallback AI] Solver <GemmFwdRest>, workspace required: 95191040, provided ptr: 0x752f388f8000 size: 27656192
MIOpen(HIP): Warning [IsEnoughWorkspace] [GetSolutionsFallback AI] Solver <ConvHipImplicitGemmGroupFwdXdlops>, workspace required: 27262976, provided ptr: 0x752f395f0000 size: 27197440
MIOpen(HIP): Warning [IsEnoughWorkspace] [GetSolutionsFallback WTI] Solver <ConvAsmImplicitGemmGTCDynamicBwdXdlopsNHWC>, workspace required: 27328512, provided ptr: 0x752f388f8000 size: 27197440
MIOpen(HIP): Warning [IsEnoughWorkspace] [GetSolutionsFallback WTI] Solver <ConvHipImplicitGemmGroupBwdXdlops>, workspace required: 27328512, provided ptr: 0x752f388f8000 size: 27197440
MIOpen(HIP): Warning [IsEnoughWorkspace] [GetSolutionsFallback AI] Solver <GemmFwdRest>, workspace required: 95191040, provided ptr: 0x752f395f0000 size: 27312128
MIOpen(HIP): Warning [IsEnoughWorkspace] [GetSolutionsFallback AI] Solver <ConvHipImplicitGemmGroupFwdXdlops>, workspace required: 27213824, provided ptr: 0x752f3a2e8000 size: 27197440
MIOpen(HIP): Warning [IsEnoughWorkspace] [GetSolutionsFallback AI] Solver <GemmFwdRest>, workspace required: 142786560, provided ptr: 0x752f3e800000 size: 40824832
MIOpen(HIP): Warning [IsEnoughWorkspace] [GetSolutionsFallback AI] Solver <ConvHipImplicitGemmGroupFwdXdlops>, workspace required: 40800256, provided ptr: 0x752f3fb74000 size: 40796160
MIOpen(HIP): Warning [IsEnoughWorkspace] [GetSolutionsFallback AI] Solver <ConvHipImplicitGemmGroupFwdXdlops>, workspace required: 21036544, provided ptr: 0x752f37c00000 size: 20399104
MIOpen(HIP): Warning [IsEnoughWorkspace] [GetSolutionsFallback AI] Solver <GemmFwdRest>, workspace required: 142786560, provided ptr: 0x752f37c00000 size: 20399104
MIOpen(HIP): Warning [IsEnoughWorkspace] [GetSolutionsFallback AI] Solver <ConvHipImplicitGemmGroupFwdXdlops>, workspace required: 8077312, provided ptr: 0x752eb7800000 size: 1032192
MIOpen(HIP): Warning [IsEnoughWorkspace] [GetSolutionsFallback AI] Solver <ConvAsmImplicitGemmGTCDynamicFwdXdlopsNHWC>, workspace required: 8077312, provided ptr: 0x752eb7800000 size: 1032192
MIOpen(HIP): Warning [IsEnoughWorkspace] [GetSolutionsFallback WTI] Solver <ConvAsmImplicitGemmGTCDynamicBwdXdlopsNHWC>, workspace required: 36503552, provided ptr: 0x752e51a00000 size: 4718592
MIOpen(HIP): Warning [IsEnoughWorkspace] [GetSolutionsFallback WTI] Solver <ConvHipImplicitGemmGroupBwdXdlops>, workspace required: 36503552, provided ptr: 0x752e51a00000 size: 4718592
MIOpen(HIP): Warning [IsEnoughWorkspace] [GetSolutionsFallback AI] Solver <GemmFwdRest>, workspace required: 16515072, provided ptr: 0x752f13200000 size: 12058624
MIOpen(HIP): Warning [IsEnoughWorkspace] [GetSolutionsFallback WTI] Solver <ConvAsmImplicitGemmGTCDynamicBwdXdlopsNHWC>, workspace required: 13500416, provided ptr: 0x752fe0ec0000 size: 11796480
MIOpen(HIP): Warning [IsEnoughWorkspace] [GetSolutionsFallback WTI] Solver <ConvHipImplicitGemmGroupBwdXdlops>, workspace required: 13500416, provided ptr: 0x752fe0ec0000 size: 11796480
MIOpen(HIP): Warning [IsEnoughWorkspace] [GetSolutionsFallback AI] Solver <GemmFwdRest>, workspace required: 41287680, provided ptr: 0x752fe1460000 size: 13631488
MIOpen(HIP): Warning [IsEnoughWorkspace] [GetSolutionsFallback AI] Solver <ConvHipImplicitGemmGroupFwdXdlops>, workspace required: 12058624, provided ptr: 0x752f37c00000 size: 11796480
MIOpen(HIP): Warning [IsEnoughWorkspace] [GetSolutionsFallback AI] Solver <GemmFwdRest>, workspace required: 82575360, provided ptr: 0x752f39280000 size: 24051712
MIOpen(HIP): Warning [IsEnoughWorkspace] [GetSolutionsFallback AI] Solver <ConvHipImplicitGemmGroupFwdXdlops>, workspace required: 23658496, provided ptr: 0x752f39dc0000 size: 23592960
MIOpen(HIP): Warning [IsEnoughWorkspace] [GetSolutionsFallback WTI] Solver <ConvAsmImplicitGemmGTCDynamicBwdXdlopsNHWC>, workspace required: 23724032, provided ptr: 0x752f38740000 size: 23592960
MIOpen(HIP): Warning [IsEnoughWorkspace] [GetSolutionsFallback WTI] Solver <ConvHipImplicitGemmGroupBwdXdlops>, workspace required: 23724032, provided ptr: 0x752f38740000 size: 23592960
MIOpen(HIP): Warning [IsEnoughWorkspace] [GetSolutionsFallback AI] Solver <GemmFwdRest>, workspace required: 82575360, provided ptr: 0x752f39280000 size: 23707648
MIOpen(HIP): Warning [IsEnoughWorkspace] [GetSolutionsFallback AI] Solver <ConvHipImplicitGemmGroupFwdXdlops>, workspace required: 23609344, provided ptr: 0x752f39dc0000 size: 23592960
MIOpen(HIP): Warning [IsEnoughWorkspace] [GetSolutionsFallback AI] Solver <GemmFwdRest>, workspace required: 123863040, provided ptr: 0x752f3e800000 size: 35418112
MIOpen(HIP): Warning [IsEnoughWorkspace] [GetSolutionsFallback AI] Solver <ConvHipImplicitGemmGroupFwdXdlops>, workspace required: 35393536, provided ptr: 0x752f3e800000 size: 35389440
MIOpen(HIP): Warning [IsEnoughWorkspace] [GetSolutionsFallback AI] Solver <ConvHipImplicitGemmGroupFwdXdlops>, workspace required: 18248704, provided ptr: 0x752f37c00000 size: 17695744
MIOpen(HIP): Warning [IsEnoughWorkspace] [GetSolutionsFallback AI] Solver <GemmFwdRest>, workspace required: 123863040, provided ptr: 0x752f37c00000 size: 17695744
MIOpen(HIP): Warning [IsEnoughWorkspace] [GetSolutionsFallback AI] Solver <ConvHipImplicitGemmGroupFwdXdlops>, workspace required: 8957952, provided ptr: 0x752e4e2c0000 size: 2265088
MIOpen(HIP): Warning [IsEnoughWorkspace] [GetSolutionsFallback AI] Solver <ConvAsmImplicitGemmGTCDynamicFwdXdlopsNHWC>, workspace required: 8957952, provided ptr: 0x752e4e2c0000 size: 2265088
MIOpen(HIP): Warning [IsEnoughWorkspace] [GetSolutionsFallback WTI] Solver <ConvAsmImplicitGemmGTCDynamicBwdXdlopsNHWC>, workspace required: 40026112, provided ptr: 0x752f13200000 size: 10354688
MIOpen(HIP): Warning [IsEnoughWorkspace] [GetSolutionsFallback WTI] Solver <ConvHipImplicitGemmGroupBwdXdlops>, workspace required: 40026112, provided ptr: 0x752f13200000 size: 10354688
MIOpen(HIP): Warning [IsEnoughWorkspace] [GetSolutionsFallback AI] Solver <GemmFwdRest>, workspace required: 36241408, provided ptr: 0x752fe0ec0000 size: 17694720
MIOpen(HIP): Warning [IsEnoughWorkspace] [GetSolutionsFallback AI] Solver <GemmFwdRest>, workspace required: 90603520, provided ptr: 0x752f394b0000 size: 27721728
MIOpen(HIP): Warning [IsEnoughWorkspace] [GetSolutionsFallback AI] Solver <ConvHipImplicitGemmGroupFwdXdlops>, workspace required: 26148864, provided ptr: 0x752f3a108000 size: 25886720
MIOpen(HIP): Warning [IsEnoughWorkspace] [GetSolutionsFallback AI] Solver <GemmFwdRest>, workspace required: 181207040, provided ptr: 0x752f400b0000 size: 52232192
MIOpen(HIP): Warning [IsEnoughWorkspace] [GetSolutionsFallback AI] Solver <ConvHipImplicitGemmGroupFwdXdlops>, workspace required: 51838976, provided ptr: 0x752f41960000 size: 51773440
MIOpen(HIP): Warning [IsEnoughWorkspace] [GetSolutionsFallback WTI] Solver <ConvAsmImplicitGemmGTCDynamicBwdXdlopsNHWC>, workspace required: 51904512, provided ptr: 0x752f400b0000 size: 51773440
MIOpen(HIP): Warning [IsEnoughWorkspace] [GetSolutionsFallback WTI] Solver <ConvHipImplicitGemmGroupBwdXdlops>, workspace required: 51904512, provided ptr: 0x752f400b0000 size: 51773440
MIOpen(HIP): Warning [IsEnoughWorkspace] [GetSolutionsFallback AI] Solver <GemmFwdRest>, workspace required: 181207040, provided ptr: 0x752f400b0000 size: 51888128
MIOpen(HIP): Warning [IsEnoughWorkspace] [GetSolutionsFallback AI] Solver <ConvHipImplicitGemmGroupFwdXdlops>, workspace required: 51789824, provided ptr: 0x752f41960000 size: 51773440
MIOpen(HIP): Warning [IsEnoughWorkspace] [GetSolutionsFallback AI] Solver <GemmFwdRest>, workspace required: 271810560, provided ptr: 0x752f43210000 size: 77688832
MIOpen(HIP): Warning [IsEnoughWorkspace] [GetSolutionsFallback AI] Solver <ConvHipImplicitGemmGroupFwdXdlops>, workspace required: 77664256, provided ptr: 0x752f45718000 size: 77660160
MIOpen(HIP): Warning [IsEnoughWorkspace] [GetSolutionsFallback AI] Solver <ConvHipImplicitGemmGroupFwdXdlops>, workspace required: 40044544, provided ptr: 0x752f37c00000 size: 38831104
MIOpen(HIP): Warning [IsEnoughWorkspace] [GetSolutionsFallback AI] Solver <GemmFwdRest>, workspace required: 271810560, provided ptr: 0x752f37c00000 size: 38831104
MIOpen(HIP): Warning [IsEnoughWorkspace] [GetSolutionsFallback AI] Solver <ConvHipImplicitGemmGroupFwdXdlops>, workspace required: 7826432, provided ptr: 0x752f6f50a000 size: 680960
MIOpen(HIP): Warning [IsEnoughWorkspace] [GetSolutionsFallback AI] Solver <ConvAsmImplicitGemmGTCDynamicFwdXdlopsNHWC>, workspace required: 7826432, provided ptr: 0x752f6f50a000 size: 680960
MIOpen(HIP): Warning [IsEnoughWorkspace] [GetSolutionsFallback WTI] Solver <ConvAsmImplicitGemmGTCDynamicBwdXdlopsNHWC>, workspace required: 35500032, provided ptr: 0x752e4e2c0000 size: 3112960
MIOpen(HIP): Warning [IsEnoughWorkspace] [GetSolutionsFallback WTI] Solver <ConvHipImplicitGemmGroupBwdXdlops>, workspace required: 35500032, provided ptr: 0x752e4e2c0000 size: 3112960
MIOpen(HIP): Warning [IsEnoughWorkspace] [GetSolutionsFallback WTI] Solver <ConvAsmImplicitGemmGTCDynamicBwdXdlopsNHWC>, workspace required: 10690560, provided ptr: 0x752f13200000 size: 7782400
MIOpen(HIP): Warning [IsEnoughWorkspace] [GetSolutionsFallback WTI] Solver <ConvHipImplicitGemmGroupBwdXdlops>, workspace required: 10690560, provided ptr: 0x752f13200000 size: 7782400
MIOpen(HIP): Warning [IsEnoughWorkspace] [GetSolutionsFallback AI] Solver <GemmFwdRest>, workspace required: 27238400, provided ptr: 0x752fe0ec0000 size: 9617408
MIOpen(HIP): Warning [IsEnoughWorkspace] [GetSolutionsFallback AI] Solver <ConvHipImplicitGemmGroupFwdXdlops>, workspace required: 8044544, provided ptr: 0x752fe0ec0000 size: 7782400
MIOpen(HIP): Warning [IsEnoughWorkspace] [GetSolutionsFallback AI] Solver <GemmFwdRest>, workspace required: 54476800, provided ptr: 0x752f37c00000 size: 16023552
MIOpen(HIP): Warning [IsEnoughWorkspace] [GetSolutionsFallback AI] Solver <ConvHipImplicitGemmGroupFwdXdlops>, workspace required: 15630336, provided ptr: 0x752f3836c000 size: 15564800
MIOpen(HIP): Warning [IsEnoughWorkspace] [GetSolutionsFallback WTI] Solver <ConvAsmImplicitGemmGTCDynamicBwdXdlopsNHWC>, workspace required: 15695872, provided ptr: 0x752f37c00000 size: 15564800
MIOpen(HIP): Warning [IsEnoughWorkspace] [GetSolutionsFallback WTI] Solver <ConvHipImplicitGemmGroupBwdXdlops>, workspace required: 15695872, provided ptr: 0x752f37c00000 size: 15564800
MIOpen(HIP): Warning [IsEnoughWorkspace] [GetSolutionsFallback AI] Solver <GemmFwdRest>, workspace required: 54476800, provided ptr: 0x752f3836c000 size: 15679488
MIOpen(HIP): Warning [IsEnoughWorkspace] [GetSolutionsFallback AI] Solver <ConvHipImplicitGemmGroupFwdXdlops>, workspace required: 15581184, provided ptr: 0x752f38ad8000 size: 15564800
MIOpen(HIP): Warning [IsEnoughWorkspace] [GetSolutionsFallback AI] Solver <GemmFwdRest>, workspace required: 81715200, provided ptr: 0x752f38e8e000 size: 23375872
MIOpen(HIP): Warning [IsEnoughWorkspace] [GetSolutionsFallback AI] Solver <ConvHipImplicitGemmGroupFwdXdlops>, workspace required: 23351296, provided ptr: 0x752f399b0000 size: 23347200
MIOpen(HIP): Warning [IsEnoughWorkspace] [GetSolutionsFallback AI] Solver <ConvHipImplicitGemmGroupFwdXdlops>, workspace required: 12039424, provided ptr: 0x752fe0ec0000 size: 11674624
MIOpen(HIP): Warning [IsEnoughWorkspace] [GetSolutionsFallback AI] Solver <GemmFwdRest>, workspace required: 81715200, provided ptr: 0x752fe0ec0000 size: 11674624
MIOpen(HIP): Warning [IsEnoughWorkspace] [GetSolutionsFallback AI] Solver <ConvHipImplicitGemmGroupFwdXdlops>, workspace required: 8548352, provided ptr: 0x752e4e2c0000 size: 1691648
MIOpen(HIP): Warning [IsEnoughWorkspace] [GetSolutionsFallback AI] Solver <ConvAsmImplicitGemmGTCDynamicFwdXdlopsNHWC>, workspace required: 8548352, provided ptr: 0x752e4e2c0000 size: 1691648
MIOpen(HIP): Warning [IsEnoughWorkspace] [GetSolutionsFallback WTI] Solver <ConvAsmImplicitGemmGTCDynamicBwdXdlopsNHWC>, workspace required: 38387712, provided ptr: 0x752f13200000 size: 7733248
MIOpen(HIP): Warning [IsEnoughWorkspace] [GetSolutionsFallback WTI] Solver <ConvHipImplicitGemmGroupBwdXdlops>, workspace required: 38387712, provided ptr: 0x752f13200000 size: 7733248
MIOpen(HIP): Warning [IsEnoughWorkspace] [GetSolutionsFallback AI] Solver <GemmFwdRest>, workspace required: 27066368, provided ptr: 0x752fe0ec0000 size: 15073280
MIOpen(HIP): Warning [IsEnoughWorkspace] [GetSolutionsFallback AI] Solver <GemmFwdRest>, workspace required: 67665920, provided ptr: 0x752f37c00000 size: 21168128
MIOpen(HIP): Warning [IsEnoughWorkspace] [GetSolutionsFallback AI] Solver <ConvHipImplicitGemmGroupFwdXdlops>, workspace required: 19595264, provided ptr: 0x752f38538000 size: 19333120
MIOpen(HIP): Warning [IsEnoughWorkspace] [GetSolutionsFallback AI] Solver <GemmFwdRest>, workspace required: 135331840, provided ptr: 0x752f3e800000 size: 39124992
MIOpen(HIP): Warning [IsEnoughWorkspace] [GetSolutionsFallback AI] Solver <ConvHipImplicitGemmGroupFwdXdlops>, workspace required: 38731776, provided ptr: 0x752f3e800000 size: 38666240
MIOpen(HIP): Warning [IsEnoughWorkspace] [GetSolutionsFallback WTI] Solver <ConvAsmImplicitGemmGTCDynamicBwdXdlopsNHWC>, workspace required: 38797312, provided ptr: 0x752f3a0e0000 size: 38666240
MIOpen(HIP): Warning [IsEnoughWorkspace] [GetSolutionsFallback WTI] Solver <ConvHipImplicitGemmGroupBwdXdlops>, workspace required: 38797312, provided ptr: 0x752f3a0e0000 size: 38666240
MIOpen(HIP): Warning [IsEnoughWorkspace] [GetSolutionsFallback AI] Solver <GemmFwdRest>, workspace required: 135331840, provided ptr: 0x752f3e800000 size: 38780928
MIOpen(HIP): Warning [IsEnoughWorkspace] [GetSolutionsFallback AI] Solver <ConvHipImplicitGemmGroupFwdXdlops>, workspace required: 38682624, provided ptr: 0x752f3e800000 size: 38666240
MIOpen(HIP): Warning [IsEnoughWorkspace] [GetSolutionsFallback AI] Solver <GemmFwdRest>, workspace required: 202997760, provided ptr: 0x752f403a8000 size: 58028032
MIOpen(HIP): Warning [IsEnoughWorkspace] [GetSolutionsFallback AI] Solver <ConvHipImplicitGemmGroupFwdXdlops>, workspace required: 58003456, provided ptr: 0x752f41f50000 size: 57999360
MIOpen(HIP): Warning [IsEnoughWorkspace] [GetSolutionsFallback AI] Solver <ConvHipImplicitGemmGroupFwdXdlops>, workspace required: 29906944, provided ptr: 0x752f397a8000 size: 29000704
MIOpen(HIP): Warning [IsEnoughWorkspace] [GetSolutionsFallback AI] Solver <GemmFwdRest>, workspace required: 202997760, provided ptr: 0x752f397a8000 size: 29000704
MIOpen(HIP): Warning [IsEnoughWorkspace] [GetSolutionsFallback AI] Solver <ConvHipImplicitGemmGroupFwdXdlops>, workspace required: 8246272, provided ptr: 0x752e4f280000 size: 1268736
MIOpen(HIP): Warning [IsEnoughWorkspace] [GetSolutionsFallback AI] Solver <ConvAsmImplicitGemmGTCDynamicFwdXdlopsNHWC>, workspace required: 8246272, provided ptr: 0x752e4f280000 size: 1268736
MIOpen(HIP): Warning [IsEnoughWorkspace] [GetSolutionsFallback WTI] Solver <ConvAsmImplicitGemmGTCDynamicBwdXdlopsNHWC>, workspace required: 37179392, provided ptr: 0x752f13200000 size: 5799936
MIOpen(HIP): Warning [IsEnoughWorkspace] [GetSolutionsFallback WTI] Solver <ConvHipImplicitGemmGroupBwdXdlops>, workspace required: 37179392, provided ptr: 0x752f13200000 size: 5799936
MIOpen(HIP): Warning [IsEnoughWorkspace] [GetSolutionsFallback AI] Solver <GemmFwdRest>, workspace required: 20299776, provided ptr: 0x752fe0ec0000 size: 13139968
MIOpen(HIP): Warning [IsEnoughWorkspace] [GetSolutionsFallback WTI] Solver <ConvAsmImplicitGemmGTCDynamicBwdXdlopsNHWC>, workspace required: 15392768, provided ptr: 0x752fe0ec0000 size: 14499840
MIOpen(HIP): Warning [IsEnoughWorkspace] [GetSolutionsFallback WTI] Solver <ConvHipImplicitGemmGroupBwdXdlops>, workspace required: 15392768, provided ptr: 0x752fe0ec0000 size: 14499840
MIOpen(HIP): Warning [IsEnoughWorkspace] [GetSolutionsFallback AI] Solver <GemmFwdRest>, workspace required: 50749440, provided ptr: 0x752f37c00000 size: 16334848
MIOpen(HIP): Warning [IsEnoughWorkspace] [GetSolutionsFallback AI] Solver <ConvAsmImplicitGemmGTCDynamicFwdXdlopsNHWC>, workspace required: 14499840, provided ptr: 0 size: 0
MIOpen(HIP): Warning [IsEnoughWorkspace] [GetSolutionsFallback AI] Solver <ConvHipImplicitGemmGroupFwdXdlops>, workspace required: 14761984, provided ptr: 0 size: 0
MIOpen(HIP): Warning [IsEnoughWorkspace] [GetSolutionsFallback AI] Solver <GemmFwdRest>, workspace required: 101498880, provided ptr: 0x752f389d4000 size: 29458432
MIOpen(HIP): Warning [IsEnoughWorkspace] [GetSolutionsFallback AI] Solver <ConvHipImplicitGemmGroupFwdXdlops>, workspace required: 29065216, provided ptr: 0x752f397a8000 size: 28999680
MIOpen(HIP): Warning [IsEnoughWorkspace] [GetSolutionsFallback WTI] Solver <ConvAsmImplicitGemmGTCDynamicBwdXdlopsNHWC>, workspace required: 29130752, provided ptr: 0x752f389d4000 size: 28999680
MIOpen(HIP): Warning [IsEnoughWorkspace] [GetSolutionsFallback WTI] Solver <ConvHipImplicitGemmGroupBwdXdlops>, workspace required: 29130752, provided ptr: 0x752f389d4000 size: 28999680
MIOpen(HIP): Warning [IsEnoughWorkspace] [GetSolutionsFallback AI] Solver <GemmFwdRest>, workspace required: 101498880, provided ptr: 0x752f397a8000 size: 29114368
MIOpen(HIP): Warning [IsEnoughWorkspace] [GetSolutionsFallback AI] Solver <ConvHipImplicitGemmGroupFwdXdlops>, workspace required: 29016064, provided ptr: 0x752f3a57c000 size: 28999680
MIOpen(HIP): Warning [IsEnoughWorkspace] [GetSolutionsFallback AI] Solver <GemmFwdRest>, workspace required: 152248320, provided ptr: 0x752f3e800000 size: 43528192
MIOpen(HIP): Warning [IsEnoughWorkspace] [GetSolutionsFallback AI] Solver <ConvHipImplicitGemmGroupFwdXdlops>, workspace required: 43503616, provided ptr: 0x752f3fcbe000 size: 43499520
MIOpen(HIP): Warning [IsEnoughWorkspace] [GetSolutionsFallback AI] Solver <ConvHipImplicitGemmGroupFwdXdlops>, workspace required: 22430464, provided ptr: 0x752f37c00000 size: 21750784
MIOpen(HIP): Warning [IsEnoughWorkspace] [GetSolutionsFallback AI] Solver <GemmFwdRest>, workspace required: 152248320, provided ptr: 0x752f37c00000 size: 21750784
MIOpen(HIP): Warning [IsEnoughWorkspace] [GetSolutionsFallback AI] Solver <ConvHipImplicitGemmGroupFwdXdlops>, workspace required: 8486912, provided ptr: 0x752e4e2c0000 size: 1605632
MIOpen(HIP): Warning [IsEnoughWorkspace] [GetSolutionsFallback AI] Solver <ConvAsmImplicitGemmGTCDynamicFwdXdlopsNHWC>, workspace required: 8486912, provided ptr: 0x752e4e2c0000 size: 1605632
MIOpen(HIP): Warning [IsEnoughWorkspace] [GetSolutionsFallback WTI] Solver <ConvAsmImplicitGemmGTCDynamicBwdXdlopsNHWC>, workspace required: 38141952, provided ptr: 0x752f13200000 size: 7340032
MIOpen(HIP): Warning [IsEnoughWorkspace] [GetSolutionsFallback WTI] Solver <ConvHipImplicitGemmGroupBwdXdlops>, workspace required: 38141952, provided ptr: 0x752f13200000 size: 7340032
MIOpen(HIP): Warning [IsEnoughWorkspace] [GetSolutionsFallback AI] Solver <GemmFwdRest>, workspace required: 25690112, provided ptr: 0x752fe0ec0000 size: 14680064
MIOpen(HIP): Warning [IsEnoughWorkspace] [GetSolutionsFallback AI] Solver <GemmFwdRest>, workspace required: 64225280, provided ptr: 0x752f384c0000 size: 20185088
MIOpen(HIP): Warning [IsEnoughWorkspace] [GetSolutionsFallback AI] Solver <ConvHipImplicitGemmGroupFwdXdlops>, workspace required: 18612224, provided ptr: 0x752f38d80000 size: 18350080
MIOpen(HIP): Warning [IsEnoughWorkspace] [GetSolutionsFallback AI] Solver <GemmFwdRest>, workspace required: 128450560, provided ptr: 0x752f3e800000 size: 37158912
MIOpen(HIP): Warning [IsEnoughWorkspace] [GetSolutionsFallback AI] Solver <ConvHipImplicitGemmGroupFwdXdlops>, workspace required: 36765696, provided ptr: 0x752f3e800000 size: 36700160
MIOpen(HIP): Warning [IsEnoughWorkspace] [GetSolutionsFallback WTI] Solver <ConvAsmImplicitGemmGTCDynamicBwdXdlopsNHWC>, workspace required: 36831232, provided ptr: 0x752f3e800000 size: 36700160
MIOpen(HIP): Warning [IsEnoughWorkspace] [GetSolutionsFallback WTI] Solver <ConvHipImplicitGemmGroupBwdXdlops>, workspace required: 36831232, provided ptr: 0x752f3e800000 size: 36700160
MIOpen(HIP): Warning [IsEnoughWorkspace] [GetSolutionsFallback AI] Solver <GemmFwdRest>, workspace required: 128450560, provided ptr: 0x752f3e800000 size: 36814848
MIOpen(HIP): Warning [IsEnoughWorkspace] [GetSolutionsFallback AI] Solver <ConvHipImplicitGemmGroupFwdXdlops>, workspace required: 36716544, provided ptr: 0x752f3f980000 size: 36700160
MIOpen(HIP): Warning [IsEnoughWorkspace] [GetSolutionsFallback AI] Solver <GemmFwdRest>, workspace required: 192675840, provided ptr: 0x752f40240000 size: 55078912
MIOpen(HIP): Warning [IsEnoughWorkspace] [GetSolutionsFallback AI] Solver <ConvHipImplicitGemmGroupFwdXdlops>, workspace required: 55054336, provided ptr: 0x752f41c80000 size: 55050240
MIOpen(HIP): Warning [IsEnoughWorkspace] [GetSolutionsFallback AI] Solver <ConvHipImplicitGemmGroupFwdXdlops>, workspace required: 28386304, provided ptr: 0x752f39640000 size: 27526144
MIOpen(HIP): Warning [IsEnoughWorkspace] [GetSolutionsFallback AI] Solver <GemmFwdRest>, workspace required: 192675840, provided ptr: 0x752f39640000 size: 27526144
[0;36m(APIServer pid=47055)[0;0m [32mINFO[0m [90m10-07 15:22:59[0m [90m[stats.py:902][0m [OmniTiming] req=speech-b4223a5b505ec31b-8bbf2dad total=8.16s engine=8.16s stages=[0:8.16s]
INFO:     127.0.0.1:52128 - "POST /v1/audio/speech HTTP/1.1" 200 OK
[0;36m(APIServer pid=47055)[0;0m [32mINFO[0m [90m10-07 15:22:59[0m [90m[serving_speech.py:2423][0m Diffusion TTS speech request speech-960de7b6cf113fdf: voice_clone=False
[0;36m(APIServer pid=47055)[0;0m [32mINFO[0m [90m10-07 15:22:59[0m [90m[serving_speech.py:2471][0m Applied diffusion speech params: seed=42 extra_params={}
[0;36m(APIServer pid=47055)[0;0m [32mINFO[0m [90m10-07 15:22:59[0m [90m[diffusion_engine.py:764][0m [RequestBatch] admission wait done waiting=1 max_batch=8 waited_ms=2.1
MIOpen(HIP): Warning [IsEnoughWorkspace] [GetSolutionsFallback AI] Solver <ConvHipImplicitGemmGroupFwdXdlops>, workspace required: 7770112, provided ptr: 0x752f6f50a000 size: 602112
MIOpen(HIP): Warning [IsEnoughWorkspace] [GetSolutionsFallback AI] Solver <ConvAsmImplicitGemmGTCDynamicFwdXdlopsNHWC>, workspace required: 7770112, provided ptr: 0x752f6f50a000 size: 602112
MIOpen(HIP): Warning [IsEnoughWorkspace] [GetSolutionsFallback WTI] Solver <ConvAsmImplicitGemmGTCDynamicBwdXdlopsNHWC>, workspace required: 35274752, provided ptr: 0x752e4e2c0000 size: 2752512
MIOpen(HIP): Warning [IsEnoughWorkspace] [GetSolutionsFallback WTI] Solver <ConvHipImplicitGemmGroupBwdXdlops>, workspace required: 35274752, provided ptr: 0x752e4e2c0000 size: 2752512
MIOpen(HIP): Warning [IsEnoughWorkspace] [GetSolutionsFallback AI] Solver <ConvAsmImplicitGemmGTCDynamicFwdXdlopsNHWC>, workspace required: 10092544, provided ptr: 0x752f13200000 size: 9633792
MIOpen(HIP): Warning [IsEnoughWorkspace] [GetSolutionsFallback AI] Solver <ConvHipImplicitGemmGroupFwdXdlops>, workspace required: 10092544, provided ptr: 0x752f13200000 size: 9633792
MIOpen(HIP): Warning [IsEnoughWorkspace] [GetSolutionsFallback WTI] Solver <ConvAsmImplicitGemmGTCDynamicFwdXdlopsNHWC>, workspace required: 10092544, provided ptr: 0x752f13200000 size: 9633792
MIOpen(HIP): Warning [IsEnoughWorkspace] [GetSolutionsFallback WTI] Solver <ConvHipImplicitGemmGroupFwdXdlops>, workspace required: 10092544, provided ptr: 0x752f13200000 size: 9633792
MIOpen(HIP): Warning [IsEnoughWorkspace] [GetSolutionsFallback WTI] Solver <ConvAsmImplicitGemmGTCDynamicFwdXdlopsNHWC>, workspace required: 10092544, provided ptr: 0x752f13200000 size: 9633792
MIOpen(HIP): Warning [IsEnoughWorkspace] [GetSolutionsFallback WTI] Solver <ConvHipImplicitGemmGroupFwdXdlops>, workspace required: 10092544, provided ptr: 0x752f13200000 size: 9633792
MIOpen(HIP): Warning [IsEnoughWorkspace] [GetSolutionsFallback WTI] Solver <ConvAsmImplicitGemmGTCDynamicBwdXdlopsNHWC>, workspace required: 10059776, provided ptr: 0x752f13200000 size: 6881280
MIOpen(HIP): Warning [IsEnoughWorkspace] [GetSolutionsFallback WTI] Solver <ConvHipImplicitGemmGroupBwdXdlops>, workspace required: 10059776, provided ptr: 0x752f13200000 size: 6881280
MIOpen(HIP): Warning [IsEnoughWorkspace] [GetSolutionsFallback AI] Solver <GemmFwdRest>, workspace required: 24084480, provided ptr: 0x752fe0ec0000 size: 8716288
MIOpen(HIP): Warning [IsEnoughWorkspace] [GetSolutionsFallback AI] Solver <ConvHipImplicitGemmGroupFwdXdlops>, workspace required: 7143424, provided ptr: 0x752fe0ec0000 size: 6881280
MIOpen(HIP): Warning [IsEnoughWorkspace] [GetSolutionsFallback AI] Solver <GemmFwdRest>, workspace required: 48168960, provided ptr: 0x752f37c00000 size: 14221312
MIOpen(HIP): Warning [IsEnoughWorkspace] [GetSolutionsFallback AI] Solver <ConvHipImplicitGemmGroupFwdXdlops>, workspace required: 13828096, provided ptr: 0x752f37c00000 size: 13762560
MIOpen(HIP): Warning [IsEnoughWorkspace] [GetSolutionsFallback WTI] Solver <ConvAsmImplicitGemmGTCDynamicBwdXdlopsNHWC>, workspace required: 13893632, provided ptr: 0x752fe1550000 size: 13762560
MIOpen(HIP): Warning [IsEnoughWorkspace] [GetSolutionsFallback WTI] Solver <ConvHipImplicitGemmGroupBwdXdlops>, workspace required: 13893632, provided ptr: 0x752fe1550000 size: 13762560
MIOpen(HIP): Warning [IsEnoughWorkspace] [GetSolutionsFallback AI] Solver <GemmFwdRest>, workspace required: 48168960, provided ptr: 0x752f37c00000 size: 13877248
MIOpen(HIP): Warning [IsEnoughWorkspace] [GetSolutionsFallback AI] Solver <ConvHipImplicitGemmGroupFwdXdlops>, workspace required: 13778944, provided ptr: 0x752f37c00000 size: 13762560
MIOpen(HIP): Warning [IsEnoughWorkspace] [GetSolutionsFallback AI] Solver <GemmFwdRest>, workspace required: 72253440, provided ptr: 0x752f38fb0000 size: 20672512
MIOpen(HIP): Warning [IsEnoughWorkspace] [GetSolutionsFallback AI] Solver <ConvHipImplicitGemmGroupFwdXdlops>, workspace required: 20647936, provided ptr: 0x752f39988000 size: 20643840
MIOpen(HIP): Warning [IsEnoughWorkspace] [GetSolutionsFallback AI] Solver <ConvHipImplicitGemmGroupFwdXdlops>, workspace required: 10645504, provided ptr: 0x752f13200000 size: 10322944
MIOpen(HIP): Warning [IsEnoughWorkspace] [GetSolutionsFallback AI] Solver <GemmFwdRest>, workspace required: 72253440, provided ptr: 0x752f13200000 size: 10322944
MIOpen(HIP): Warning [IsEnoughWorkspace] [GetSolutionsFallback AI] Solver <ConvHipImplicitGemmGroupFwdXdlops>, workspace required: 8876032, provided ptr: 0x752e4e2c0000 size: 2150400
MIOpen(HIP): Warning [IsEnoughWorkspace] [GetSolutionsFallback AI] Solver <ConvAsmImplicitGemmGTCDynamicFwdXdlopsNHWC>, workspace required: 8876032, provided ptr: 0x752e4e2c0000 size: 2150400
MIOpen(HIP): Warning [IsEnoughWorkspace] [GetSolutionsFallback WTI] Solver <ConvAsmImplicitGemmGTCDynamicBwdXdlopsNHWC>, workspace required: 39698432, provided ptr: 0x752f13200000 size: 9830400
MIOpen(HIP): Warning [IsEnoughWorkspace] [GetSolutionsFallback WTI] Solver <ConvHipImplicitGemmGroupBwdXdlops>, workspace required: 39698432, provided ptr: 0x752f13200000 size: 9830400
MIOpen(HIP): Warning [IsEnoughWorkspace] [GetSolutionsFallback AI] Solver <GemmFwdRest>, workspace required: 34406400, provided ptr: 0x752fe0ec0000 size: 17170432
MIOpen(HIP): Warning [IsEnoughWorkspace] [GetSolutionsFallback AI] Solver <GemmFwdRest>, workspace required: 86016000, provided ptr: 0x752f39370000 size: 26411008
MIOpen(HIP): Warning [IsEnoughWorkspace] [GetSolutionsFallback AI] Solver <ConvHipImplicitGemmGroupFwdXdlops>, workspace required: 24838144, provided ptr: 0x752f39f28000 size: 24576000
MIOpen(HIP): Warning [IsEnoughWorkspace] [GetSolutionsFallback AI] Solver <GemmFwdRest>, workspace required: 172032000, provided ptr: 0x752f3ff70000 size: 49610752
MIOpen(HIP): Warning [IsEnoughWorkspace] [GetSolutionsFallback AI] Solver <ConvHipImplicitGemmGroupFwdXdlops>, workspace required: 49217536, provided ptr: 0x752f416e0000 size: 49152000
MIOpen(HIP): Warning [IsEnoughWorkspace] [GetSolutionsFallback WTI] Solver <ConvAsmImplicitGemmGTCDynamicBwdXdlopsNHWC>, workspace required: 49283072, provided ptr: 0x752f3ff70000 size: 49152000
MIOpen(HIP): Warning [IsEnoughWorkspace] [GetSolutionsFallback WTI] Solver <ConvHipImplicitGemmGroupBwdXdlops>, workspace required: 49283072, provided ptr: 0x752f3ff70000 size: 49152000
MIOpen(HIP): Warning [IsEnoughWorkspace] [GetSolutionsFallback AI] Solver <GemmFwdRest>, workspace required: 172032000, provided ptr: 0x752f3ff70000 size: 49266688
MIOpen(HIP): Warning [IsEnoughWorkspace] [GetSolutionsFallback AI] Solver <ConvHipImplicitGemmGroupFwdXdlops>, workspace required: 49168384, provided ptr: 0x752f416e0000 size: 49152000
MIOpen(HIP): Warning [IsEnoughWorkspace] [GetSolutionsFallback AI] Solver <GemmFwdRest>, workspace required: 258048000, provided ptr: 0x752f42e50000 size: 73756672
MIOpen(HIP): Warning [IsEnoughWorkspace] [GetSolutionsFallback AI] Solver <ConvHipImplicitGemmGroupFwdXdlops>, workspace required: 73732096, provided ptr: 0x752f45178000 size: 73728000
MIOpen(HIP): Warning [IsEnoughWorkspace] [GetSolutionsFallback AI] Solver <ConvHipImplicitGemmGroupFwdXdlops>, workspace required: 38017024, provided ptr: 0x752f37c00000 size: 36865024
MIOpen(HIP): Warning [IsEnoughWorkspace] [GetSolutionsFallback AI] Solver <GemmFwdRest>, workspace required: 258048000, provided ptr: 0x752f37c00000 size: 36865024
MIOpen(HIP): Warning [IsEnoughWorkspace] [GetSolutionsFallback AI] Solver <ConvHipImplicitGemmGroupFwdXdlops>, workspace required: 8620032, provided ptr: 0x752e4e2c0000 size: 1792000
MIOpen(HIP): Warning [IsEnoughWorkspace] [GetSolutionsFallback AI] Solver <ConvAsmImplicitGemmGTCDynamicFwdXdlopsNHWC>, workspace required: 8620032, provided ptr: 0x752e4e2c0000 size: 1792000
MIOpen(HIP): Warning [IsEnoughWorkspace] [GetSolutionsFallback WTI] Solver <ConvAsmImplicitGemmGTCDynamicBwdXdlopsNHWC>, workspace required: 38674432, provided ptr: 0x752f13200000 size: 8192000
MIOpen(HIP): Warning [IsEnoughWorkspace] [GetSolutionsFallback WTI] Solver <ConvHipImplicitGemmGroupBwdXdlops>, workspace required: 38674432, provided ptr: 0x752f13200000 size: 8192000
MIOpen(HIP): Warning [IsEnoughWorkspace] [GetSolutionsFallback AI] Solver <GemmFwdRest>, workspace required: 28672000, provided ptr: 0x752fe0ec0000 size: 15532032
MIOpen(HIP): Warning [IsEnoughWorkspace] [GetSolutionsFallback AI] Solver <GemmFwdRest>, workspace required: 71680000, provided ptr: 0x752f37c00000 size: 22315008
MIOpen(HIP): Warning [IsEnoughWorkspace] [GetSolutionsFallback AI] Solver <ConvHipImplicitGemmGroupFwdXdlops>, workspace required: 20742144, provided ptr: 0x752f385c4000 size: 20480000
MIOpen(HIP): Warning [IsEnoughWorkspace] [GetSolutionsFallback AI] Solver <GemmFwdRest>, workspace required: 143360000, provided ptr: 0x752f3e800000 size: 41418752
MIOpen(HIP): Warning [IsEnoughWorkspace] [GetSolutionsFallback AI] Solver <ConvHipImplicitGemmGroupFwdXdlops>, workspace required: 41025536, provided ptr: 0x752f3fb88000 size: 40960000
MIOpen(HIP): Warning [IsEnoughWorkspace] [GetSolutionsFallback WTI] Solver <ConvAsmImplicitGemmGTCDynamicBwdXdlopsNHWC>, workspace required: 41091072, provided ptr: 0x752f3e800000 size: 40960000
MIOpen(HIP): Warning [IsEnoughWorkspace] [GetSolutionsFallback WTI] Solver <ConvHipImplicitGemmGroupBwdXdlops>, workspace required: 41091072, provided ptr: 0x752f3e800000 size: 40960000
MIOpen(HIP): Warning [IsEnoughWorkspace] [GetSolutionsFallback AI] Solver <GemmFwdRest>, workspace required: 143360000, provided ptr: 0x752f3e800000 size: 41074688
MIOpen(HIP): Warning [IsEnoughWorkspace] [GetSolutionsFallback AI] Solver <ConvHipImplicitGemmGroupFwdXdlops>, workspace required: 40976384, provided ptr: 0x752f3fb88000 size: 40960000
MIOpen(HIP): Warning [IsEnoughWorkspace] [GetSolutionsFallback AI] Solver <GemmFwdRest>, workspace required: 215040000, provided ptr: 0x752f42298000 size: 61468672
MIOpen(HIP): Warning [IsEnoughWorkspace] [GetSolutionsFallback AI] Solver <ConvHipImplicitGemmGroupFwdXdlops>, workspace required: 61444096, provided ptr: 0x752f43fe4000 size: 61440000
MIOpen(HIP): Warning [IsEnoughWorkspace] [GetSolutionsFallback AI] Solver <ConvHipImplicitGemmGroupFwdXdlops>, workspace required: 31681024, provided ptr: 0x752f3994c000 size: 30721024
MIOpen(HIP): Warning [IsEnoughWorkspace] [GetSolutionsFallback AI] Solver <GemmFwdRest>, workspace required: 215040000, provided ptr: 0x752f3994c000 size: 30721024
MIOpen(HIP): Warning [IsEnoughWorkspace] [GetSolutionsFallback AI] Solver <ConvHipImplicitGemmGroupFwdXdlops>, workspace required: 9157632, provided ptr: 0x752e4e2c0000 size: 2544640
MIOpen(HIP): Warning [IsEnoughWorkspace] [GetSolutionsFallback AI] Solver <ConvAsmImplicitGemmGTCDynamicFwdXdlopsNHWC>, workspace required: 9157632, provided ptr: 0x752e4e2c0000 size: 2544640
MIOpen(HIP): Warning [IsEnoughWorkspace] [GetSolutionsFallback WTI] Solver <ConvAsmImplicitGemmGTCDynamicBwdXdlopsNHWC>, workspace required: 40824832, provided ptr: 0x752fe0ec0000 size: 11632640
MIOpen(HIP): Warning [IsEnoughWorkspace] [GetSolutionsFallback WTI] Solver <ConvHipImplicitGemmGroupBwdXdlops>, workspace required: 40824832, provided ptr: 0x752fe0ec0000 size: 11632640
MIOpen(HIP): Warning [IsEnoughWorkspace] [GetSolutionsFallback AI] Solver <GemmFwdRest>, workspace required: 40714240, provided ptr: 0x752f37c00000 size: 18972672
MIOpen(HIP): Warning [IsEnoughWorkspace] [GetSolutionsFallback AI] Solver <GemmFwdRest>, workspace required: 101785600, provided ptr: 0x752f397bc000 size: 30916608
MIOpen(HIP): Warning [IsEnoughWorkspace] [GetSolutionsFallback AI] Solver <ConvHipImplicitGemmGroupFwdXdlops>, workspace required: 29343744, provided ptr: 0x752f3a59a000 size: 29081600
MIOpen(HIP): Warning [IsEnoughWorkspace] [GetSolutionsFallback AI] Solver <GemmFwdRest>, workspace required: 203571200, provided ptr: 0x752f403bc000 size: 58621952
MIOpen(HIP): Warning [IsEnoughWorkspace] [GetSolutionsFallback AI] Solver <ConvHipImplicitGemmGroupFwdXdlops>, workspace required: 58228736, provided ptr: 0x752f41f78000 size: 58163200
MIOpen(HIP): Warning [IsEnoughWorkspace] [GetSolutionsFallback WTI] Solver <ConvAsmImplicitGemmGTCDynamicBwdXdlopsNHWC>, workspace required: 58294272, provided ptr: 0x752f403bc000 size: 58163200
MIOpen(HIP): Warning [IsEnoughWorkspace] [GetSolutionsFallback WTI] Solver <ConvHipImplicitGemmGroupBwdXdlops>, workspace required: 58294272, provided ptr: 0x752f403bc000 size: 58163200
MIOpen(HIP): Warning [IsEnoughWorkspace] [GetSolutionsFallback AI] Solver <GemmFwdRest>, workspace required: 203571200, provided ptr: 0x752f41f78000 size: 58277888
MIOpen(HIP): Warning [IsEnoughWorkspace] [GetSolutionsFallback AI] Solver <ConvHipImplicitGemmGroupFwdXdlops>, workspace required: 58179584, provided ptr: 0x752f43b34000 size: 58163200
MIOpen(HIP): Warning [IsEnoughWorkspace] [GetSolutionsFallback AI] Solver <GemmFwdRest>, workspace required: 305356800, provided ptr: 0x752f43b34000 size: 87273472
MIOpen(HIP): Warning [IsEnoughWorkspace] [GetSolutionsFallback AI] Solver <ConvHipImplicitGemmGroupFwdXdlops>, workspace required: 87248896, provided ptr: 0x752f464ce000 size: 87244800
MIOpen(HIP): Warning [IsEnoughWorkspace] [GetSolutionsFallback AI] Solver <ConvHipImplicitGemmGroupFwdXdlops>, workspace required: 44986624, provided ptr: 0x752f37c00000 size: 43623424
MIOpen(HIP): Warning [IsEnoughWorkspace] [GetSolutionsFallback AI] Solver <GemmFwdRest>, workspace required: 305356800, provided ptr: 0x752f37c00000 size: 43623424
MIOpen(HIP): Warning [IsEnoughWorkspace] [GetSolutionsFallback AI] Solver <ConvHipImplicitGemmGroupFwdXdlops>, workspace required: 9080832, provided ptr: 0x752e4e2c0000 size: 2437120
MIOpen(HIP): Warning [IsEnoughWorkspace] [GetSolutionsFallback AI] Solver <ConvAsmImplicitGemmGTCDynamicFwdXdlopsNHWC>, workspace required: 9080832, provided ptr: 0x752e4e2c0000 size: 2437120
MIOpen(HIP): Warning [IsEnoughWorkspace] [GetSolutionsFallback WTI] Solver <ConvAsmImplicitGemmGTCDynamicBwdXdlopsNHWC>, workspace required: 40517632, provided ptr: 0x752fe0ec0000 size: 11141120
MIOpen(HIP): Warning [IsEnoughWorkspace] [GetSolutionsFallback WTI] Solver <ConvHipImplicitGemmGroupBwdXdlops>, workspace required: 40517632, provided ptr: 0x752fe0ec0000 size: 11141120
MIOpen(HIP): Warning [IsEnoughWorkspace] [GetSolutionsFallback AI] Solver <GemmFwdRest>, workspace required: 38993920, provided ptr: 0x752f37c00000 size: 18481152
MIOpen(HIP): Warning [IsEnoughWorkspace] [GetSolutionsFallback AI] Solver <GemmFwdRest>, workspace required: 97484800, provided ptr: 0x752f38948000 size: 29687808
MIOpen(HIP): Warning [IsEnoughWorkspace] [GetSolutionsFallback AI] Solver <ConvHipImplicitGemmGroupFwdXdlops>, workspace required: 28114944, provided ptr: 0x752f39690000 size: 27852800
MIOpen(HIP): Warning [IsEnoughWorkspace] [GetSolutionsFallback AI] Solver <GemmFwdRest>, workspace required: 194969600, provided ptr: 0x752f40290000 size: 56164352
MIOpen(HIP): Warning [IsEnoughWorkspace] [GetSolutionsFallback AI] Solver <ConvHipImplicitGemmGroupFwdXdlops>, workspace required: 55771136, provided ptr: 0x752f41d20000 size: 55705600
MIOpen(HIP): Warning [IsEnoughWorkspace] [GetSolutionsFallback WTI] Solver <ConvAsmImplicitGemmGTCDynamicBwdXdlopsNHWC>, workspace required: 55836672, provided ptr: 0x752f40290000 size: 55705600
MIOpen(HIP): Warning [IsEnoughWorkspace] [GetSolutionsFallback WTI] Solver <ConvHipImplicitGemmGroupBwdXdlops>, workspace required: 55836672, provided ptr: 0x752f40290000 size: 55705600
MIOpen(HIP): Warning [IsEnoughWorkspace] [GetSolutionsFallback AI] Solver <GemmFwdRest>, workspace required: 194969600, provided ptr: 0x752f41d20000 size: 55820288
MIOpen(HIP): Warning [IsEnoughWorkspace] [GetSolutionsFallback AI] Solver <ConvHipImplicitGemmGroupFwdXdlops>, workspace required: 55721984, provided ptr: 0x752f437b0000 size: 55705600
MIOpen(HIP): Warning [IsEnoughWorkspace] [GetSolutionsFallback AI] Solver <GemmFwdRest>, workspace required: 292454400, provided ptr: 0x752f437b0000 size: 83587072
MIOpen(HIP): Warning [IsEnoughWorkspace] [GetSolutionsFallback AI] Solver <ConvHipImplicitGemmGroupFwdXdlops>, workspace required: 83562496, provided ptr: 0x752f45f88000 size: 83558400
MIOpen(HIP): Warning [IsEnoughWorkspace] [GetSolutionsFallback AI] Solver <ConvHipImplicitGemmGroupFwdXdlops>, workspace required: 43085824, provided ptr: 0x752f37c00000 size: 41780224
MIOpen(HIP): Warning [IsEnoughWorkspace] [GetSolutionsFallback AI] Solver <GemmFwdRest>, workspace required: 292454400, provided ptr: 0x752f37c00000 size: 41780224
MIOpen(HIP): Warning [IsEnoughWorkspace] [GetSolutionsFallback AI] Solver <ConvHipImplicitGemmGroupFwdXdlops>, workspace required: 8707072, provided ptr: 0x752e4e2c0000 size: 1913856
MIOpen(HIP): Warning [IsEnoughWorkspace] [GetSolutionsFallback AI] Solver <ConvAsmImplicitGemmGTCDynamicFwdXdlopsNHWC>, workspace required: 8707072, provided ptr: 0x752e4e2c0000 size: 1913856
MIOpen(HIP): Warning [IsEnoughWorkspace] [GetSolutionsFallback WTI] Solver <ConvAsmImplicitGemmGTCDynamicBwdXdlopsNHWC>, workspace required: 39022592, provided ptr: 0x752f13200000 size: 8749056
MIOpen(HIP): Warning [IsEnoughWorkspace] [GetSolutionsFallback WTI] Solver <ConvHipImplicitGemmGroupBwdXdlops>, workspace required: 39022592, provided ptr: 0x752f13200000 size: 8749056
MIOpen(HIP): Warning [IsEnoughWorkspace] [GetSolutionsFallback AI] Solver <GemmFwdRest>, workspace required: 30621696, provided ptr: 0x752fe0ec0000 size: 16089088
MIOpen(HIP): Warning [IsEnoughWorkspace] [GetSolutionsFallback AI] Solver <GemmFwdRest>, workspace required: 76554240, provided ptr: 0x752f3866e000 size: 23707648
MIOpen(HIP): Warning [IsEnoughWorkspace] [GetSolutionsFallback AI] Solver <ConvHipImplicitGemmGroupFwdXdlops>, workspace required: 22134784, provided ptr: 0x752f390dc000 size: 21872640
MIOpen(HIP): Warning [IsEnoughWorkspace] [GetSolutionsFallback AI] Solver <GemmFwdRest>, workspace required: 153108480, provided ptr: 0x752f3e800000 size: 44204032
MIOpen(HIP): Warning [IsEnoughWorkspace] [GetSolutionsFallback AI] Solver <ConvHipImplicitGemmGroupFwdXdlops>, workspace required: 43810816, provided ptr: 0x752f3e800000 size: 43745280
MIOpen(HIP): Warning [IsEnoughWorkspace] [GetSolutionsFallback WTI] Solver <ConvAsmImplicitGemmGTCDynamicBwdXdlopsNHWC>, workspace required: 43876352, provided ptr: 0x752f3e800000 size: 43745280
MIOpen(HIP): Warning [IsEnoughWorkspace] [GetSolutionsFallback WTI] Solver <ConvHipImplicitGemmGroupBwdXdlops>, workspace required: 43876352, provided ptr: 0x752f3e800000 size: 43745280
MIOpen(HIP): Warning [IsEnoughWorkspace] [GetSolutionsFallback AI] Solver <GemmFwdRest>, workspace required: 153108480, provided ptr: 0x752f3e800000 size: 43859968
MIOpen(HIP): Warning [IsEnoughWorkspace] [GetSolutionsFallback AI] Solver <ConvHipImplicitGemmGroupFwdXdlops>, workspace required: 43761664, provided ptr: 0x752f3fcdc000 size: 43745280
MIOpen(HIP): Warning [IsEnoughWorkspace] [GetSolutionsFallback AI] Solver <GemmFwdRest>, workspace required: 229662720, provided ptr: 0x752f42694000 size: 65646592
MIOpen(HIP): Warning [IsEnoughWorkspace] [GetSolutionsFallback AI] Solver <ConvHipImplicitGemmGroupFwdXdlops>, workspace required: 65622016, provided ptr: 0x752f445de000 size: 65617920
MIOpen(HIP): Warning [IsEnoughWorkspace] [GetSolutionsFallback AI] Solver <ConvHipImplicitGemmGroupFwdXdlops>, workspace required: 33835264, provided ptr: 0x752f39b4a000 size: 32809984
MIOpen(HIP): Warning [IsEnoughWorkspace] [GetSolutionsFallback AI] Solver <GemmFwdRest>, workspace required: 229662720, provided ptr: 0x752f39b4a000 size: 32809984
MIOpen(HIP): Warning [IsEnoughWorkspace] [GetSolutionsFallback AI] Solver <ConvHipImplicitGemmGroupFwdXdlops>, workspace required: 7949312, provided ptr: 0x752eb7800000 size: 852992
MIOpen(HIP): Warning [IsEnoughWorkspace] [GetSolutionsFallback AI] Solver <ConvAsmImplicitGemmGTCDynamicFwdXdlopsNHWC>, workspace required: 7949312, provided ptr: 0x752eb7800000 size: 852992
MIOpen(HIP): Warning [IsEnoughWorkspace] [GetSolutionsFallback WTI] Solver <ConvAsmImplicitGemmGTCDynamicBwdXdlopsNHWC>, workspace required: 35991552, provided ptr: 0x752e51a00000 size: 3899392
MIOpen(HIP): Warning [IsEnoughWorkspace] [GetSolutionsFallback WTI] Solver <ConvHipImplicitGemmGroupBwdXdlops>, workspace required: 35991552, provided ptr: 0x752e51a00000 size: 3899392
MIOpen(HIP): Warning [IsEnoughWorkspace] [GetSolutionsFallback AI] Solver <GemmFwdRest>, workspace required: 13647872, provided ptr: 0x752f13200000 size: 11239424
MIOpen(HIP): Warning [IsEnoughWorkspace] [GetSolutionsFallback WTI] Solver <ConvAsmImplicitGemmGTCDynamicBwdXdlopsNHWC>, workspace required: 12066816, provided ptr: 0x752f136a6000 size: 9748480
MIOpen(HIP): Warning [IsEnoughWorkspace] [GetSolutionsFallback WTI] Solver <ConvHipImplicitGemmGroupBwdXdlops>, workspace required: 12066816, provided ptr: 0x752f136a6000 size: 9748480
MIOpen(HIP): Warning [IsEnoughWorkspace] [GetSolutionsFallback AI] Solver <GemmFwdRest>, workspace required: 34119680, provided ptr: 0x752fe0ec0000 size: 11583488
MIOpen(HIP): Warning [IsEnoughWorkspace] [GetSolutionsFallback AI] Solver <ConvHipImplicitGemmGroupFwdXdlops>, workspace required: 10010624, provided ptr: 0x752fe1366000 size: 9748480
MIOpen(HIP): Warning [IsEnoughWorkspace] [GetSolutionsFallback AI] Solver <GemmFwdRest>, workspace required: 68239360, provided ptr: 0x752f3854c000 size: 19955712
MIOpen(HIP): Warning [IsEnoughWorkspace] [GetSolutionsFallback AI] Solver <ConvHipImplicitGemmGroupFwdXdlops>, workspace required: 19562496, provided ptr: 0x752f38e98000 size: 19496960
MIOpen(HIP): Warning [IsEnoughWorkspace] [GetSolutionsFallback WTI] Solver <ConvAsmImplicitGemmGTCDynamicBwdXdlopsNHWC>, workspace required: 19628032, provided ptr: 0x752f3854c000 size: 19496960
MIOpen(HIP): Warning [IsEnoughWorkspace] [GetSolutionsFallback WTI] Solver <ConvHipImplicitGemmGroupBwdXdlops>, workspace required: 19628032, provided ptr: 0x752f3854c000 size: 19496960
MIOpen(HIP): Warning [IsEnoughWorkspace] [GetSolutionsFallback AI] Solver <GemmFwdRest>, workspace required: 68239360, provided ptr: 0x752f3854c000 size: 19611648
MIOpen(HIP): Warning [IsEnoughWorkspace] [GetSolutionsFallback AI] Solver <ConvHipImplicitGemmGroupFwdXdlops>, workspace required: 19513344, provided ptr: 0x752f38e98000 size: 19496960
MIOpen(HIP): Warning [IsEnoughWorkspace] [GetSolutionsFallback AI] Solver <GemmFwdRest>, workspace required: 102359040, provided ptr: 0x752f397e4000 size: 29274112
MIOpen(HIP): Warning [IsEnoughWorkspace] [GetSolutionsFallback AI] Solver <ConvHipImplicitGemmGroupFwdXdlops>, workspace required: 29249536, provided ptr: 0x752f3a5d6000 size: 29245440
MIOpen(HIP): Warning [IsEnoughWorkspace] [GetSolutionsFallback AI] Solver <ConvHipImplicitGemmGroupFwdXdlops>, workspace required: 15080704, provided ptr: 0x752fe0ec0000 size: 14623744
MIOpen(HIP): Warning [IsEnoughWorkspace] [GetSolutionsFallback AI] Solver <GemmFwdRest>, workspace required: 102359040, provided ptr: 0x752fe0ec0000 size: 14623744
[0;36m(APIServer pid=47055)[0;0m [32mINFO[0m [90m10-07 15:23:05[0m [90m[stats.py:902][0m [OmniTiming] req=speech-960de7b6cf113fdf-be80b036 total=5.52s engine=5.52s stages=[0:5.52s]
INFO:     127.0.0.1:52128 - "POST /v1/audio/speech HTTP/1.1" 200 OK
[0;36m(APIServer pid=47055)[0;0m [32mINFO[0m [90m10-07 15:23:05[0m [90m[serving_speech.py:2423][0m Diffusion TTS speech request speech-b61a9655412eea64: voice_clone=False
[0;36m(APIServer pid=47055)[0;0m [32mINFO[0m [90m10-07 15:23:05[0m [90m[serving_speech.py:2471][0m Applied diffusion speech params: seed=42 extra_params={}
[0;36m(APIServer pid=47055)[0;0m [32mINFO[0m [90m10-07 15:23:05[0m [90m[diffusion_engine.py:764][0m [RequestBatch] admission wait done waiting=1 max_batch=8 waited_ms=2.1
MIOpen(HIP): Warning [IsEnoughWorkspace] [GetSolutionsFallback AI] Solver <ConvHipImplicitGemmGroupFwdXdlops>, workspace required: 9096192, provided ptr: 0x752e4e2c0000 size: 2458624
MIOpen(HIP): Warning [IsEnoughWorkspace] [GetSolutionsFallback AI] Solver <ConvAsmImplicitGemmGTCDynamicFwdXdlopsNHWC>, workspace required: 9096192, provided ptr: 0x752e4e2c0000 size: 2458624
MIOpen(HIP): Warning [IsEnoughWorkspace] [GetSolutionsFallback WTI] Solver <ConvAsmImplicitGemmGTCDynamicBwdXdlopsNHWC>, workspace required: 40579072, provided ptr: 0x752fe0ec0000 size: 11239424
MIOpen(HIP): Warning [IsEnoughWorkspace] [GetSolutionsFallback WTI] Solver <ConvHipImplicitGemmGroupBwdXdlops>, workspace required: 40579072, provided ptr: 0x752fe0ec0000 size: 11239424
MIOpen(HIP): Warning [IsEnoughWorkspace] [GetSolutionsFallback AI] Solver <GemmFwdRest>, workspace required: 39337984, provided ptr: 0x752f37c00000 size: 18579456
MIOpen(HIP): Warning [IsEnoughWorkspace] [GetSolutionsFallback AI] Solver <GemmFwdRest>, workspace required: 98344960, provided ptr: 0x752f396cc000 size: 29933568
MIOpen(HIP): Warning [IsEnoughWorkspace] [GetSolutionsFallback AI] Solver <ConvHipImplicitGemmGroupFwdXdlops>, workspace required: 28360704, provided ptr: 0x752f3a432000 size: 28098560
MIOpen(HIP): Warning [IsEnoughWorkspace] [GetSolutionsFallback AI] Solver <GemmFwdRest>, workspace required: 196689920, provided ptr: 0x752f402cc000 size: 56655872
MIOpen(HIP): Warning [IsEnoughWorkspace] [GetSolutionsFallback AI] Solver <ConvHipImplicitGemmGroupFwdXdlops>, workspace required: 56262656, provided ptr: 0x752f41d98000 size: 56197120
MIOpen(HIP): Warning [IsEnoughWorkspace] [GetSolutionsFallback WTI] Solver <ConvAsmImplicitGemmGTCDynamicBwdXdlopsNHWC>, workspace required: 56328192, provided ptr: 0x752f402cc000 size: 56197120
MIOpen(HIP): Warning [IsEnoughWorkspace] [GetSolutionsFallback WTI] Solver <ConvHipImplicitGemmGroupBwdXdlops>, workspace required: 56328192, provided ptr: 0x752f402cc000 size: 56197120
MIOpen(HIP): Warning [IsEnoughWorkspace] [GetSolutionsFallback AI] Solver <GemmFwdRest>, workspace required: 196689920, provided ptr: 0x752f41d98000 size: 56311808
MIOpen(HIP): Warning [IsEnoughWorkspace] [GetSolutionsFallback AI] Solver <ConvHipImplicitGemmGroupFwdXdlops>, workspace required: 56213504, provided ptr: 0x752f43864000 size: 56197120
MIOpen(HIP): Warning [IsEnoughWorkspace] [GetSolutionsFallback AI] Solver <GemmFwdRest>, workspace required: 295034880, provided ptr: 0x752f43864000 size: 84324352
MIOpen(HIP): Warning [IsEnoughWorkspace] [GetSolutionsFallback AI] Solver <ConvHipImplicitGemmGroupFwdXdlops>, workspace required: 84299776, provided ptr: 0x752f46096000 size: 84295680
MIOpen(HIP): Warning [IsEnoughWorkspace] [GetSolutionsFallback AI] Solver <ConvHipImplicitGemmGroupFwdXdlops>, workspace required: 43465984, provided ptr: 0x752f37c00000 size: 42148864
MIOpen(HIP): Warning [IsEnoughWorkspace] [GetSolutionsFallback AI] Solver <GemmFwdRest>, workspace required: 295034880, provided ptr: 0x752f37c00000 size: 42148864
MIOpen(HIP): Warning [IsEnoughWorkspace] [GetSolutionsFallback AI] Solver <ConvHipImplicitGemmGroupFwdXdlops>, workspace required: 9254912, provided ptr: 0x752e4e2c0000 size: 2680832
MIOpen(HIP): Warning [IsEnoughWorkspace] [GetSolutionsFallback AI] Solver <ConvAsmImplicitGemmGTCDynamicFwdXdlopsNHWC>, workspace required: 9254912, provided ptr: 0x752e4e2c0000 size: 2680832
MIOpen(HIP): Warning [IsEnoughWorkspace] [GetSolutionsFallback WTI] Solver <ConvAsmImplicitGemmGTCDynamicBwdXdlopsNHWC>, workspace required: 41213952, provided ptr: 0x752fe0ec0000 size: 12255232
MIOpen(HIP): Warning [IsEnoughWorkspace] [GetSolutionsFallback WTI] Solver <ConvHipImplicitGemmGroupBwdXdlops>, workspace required: 41213952, provided ptr: 0x752fe0ec0000 size: 12255232
MIOpen(HIP): Warning [IsEnoughWorkspace] [GetSolutionsFallback AI] Solver <GemmFwdRest>, workspace required: 42893312, provided ptr: 0x752f37c00000 size: 19595264
MIOpen(HIP): Warning [IsEnoughWorkspace] [GetSolutionsFallback AI] Solver <GemmFwdRest>, workspace required: 107233280, provided ptr: 0x752f39938000 size: 32473088
MIOpen(HIP): Warning [IsEnoughWorkspace] [GetSolutionsFallback AI] Solver <ConvHipImplicitGemmGroupFwdXdlops>, workspace required: 30900224, provided ptr: 0x752f3a7d4000 size: 30638080
MIOpen(HIP): Warning [IsEnoughWorkspace] [GetSolutionsFallback AI] Solver <GemmFwdRest>, workspace required: 214466560, provided ptr: 0x752f40538000 size: 61734912
MIOpen(HIP): Warning [IsEnoughWorkspace] [GetSolutionsFallback AI] Solver <ConvHipImplicitGemmGroupFwdXdlops>, workspace required: 61341696, provided ptr: 0x752f42270000 size: 61276160
MIOpen(HIP): Warning [IsEnoughWorkspace] [GetSolutionsFallback WTI] Solver <ConvAsmImplicitGemmGTCDynamicBwdXdlopsNHWC>, workspace required: 61407232, provided ptr: 0x752f40538000 size: 61276160
MIOpen(HIP): Warning [IsEnoughWorkspace] [GetSolutionsFallback WTI] Solver <ConvHipImplicitGemmGroupBwdXdlops>, workspace required: 61407232, provided ptr: 0x752f40538000 size: 61276160
MIOpen(HIP): Warning [IsEnoughWorkspace] [GetSolutionsFallback AI] Solver <GemmFwdRest>, workspace required: 214466560, provided ptr: 0x752f42270000 size: 61390848
MIOpen(HIP): Warning [IsEnoughWorkspace] [GetSolutionsFallback AI] Solver <ConvHipImplicitGemmGroupFwdXdlops>, workspace required: 61292544, provided ptr: 0x752f43fa8000 size: 61276160
MIOpen(HIP): Warning [IsEnoughWorkspace] [GetSolutionsFallback AI] Solver <GemmFwdRest>, workspace required: 321699840, provided ptr: 0x752f43fa8000 size: 91942912
MIOpen(HIP): Warning [IsEnoughWorkspace] [GetSolutionsFallback AI] Solver <ConvHipImplicitGemmGroupFwdXdlops>, workspace required: 91918336, provided ptr: 0x752f46b7c000 size: 91914240
MIOpen(HIP): Warning [IsEnoughWorkspace] [GetSolutionsFallback AI] Solver <ConvHipImplicitGemmGroupFwdXdlops>, workspace required: 47394304, provided ptr: 0x752f37c00000 size: 45958144
MIOpen(HIP): Warning [IsEnoughWorkspace] [GetSolutionsFallback AI] Solver <GemmFwdRest>, workspace required: 321699840, provided ptr: 0x752f37c00000 size: 45958144
MIOpen(HIP): Warning [IsEnoughWorkspace] [GetSolutionsFallback AI] Solver <ConvHipImplicitGemmGroupFwdXdlops>, workspace required: 8701952, provided ptr: 0x752e4e2c0000 size: 1906688
MIOpen(HIP): Warning [IsEnoughWorkspace] [GetSolutionsFallback AI] Solver <ConvAsmImplicitGemmGTCDynamicFwdXdlopsNHWC>, workspace required: 8701952, provided ptr: 0x752e4e2c0000 size: 1906688
MIOpen(HIP): Warning [IsEnoughWorkspace] [GetSolutionsFallback WTI] Solver <ConvAsmImplicitGemmGTCDynamicBwdXdlopsNHWC>, workspace required: 39002112, provided ptr: 0x752f13200000 size: 8716288
MIOpen(HIP): Warning [IsEnoughWorkspace] [GetSolutionsFallback WTI] Solver <ConvHipImplicitGemmGroupBwdXdlops>, workspace required: 39002112, provided ptr: 0x752f13200000 size: 8716288
MIOpen(HIP): Warning [IsEnoughWorkspace] [GetSolutionsFallback AI] Solver <GemmFwdRest>, workspace required: 30507008, provided ptr: 0x752fe0ec0000 size: 16056320
MIOpen(HIP): Warning [IsEnoughWorkspace] [GetSolutionsFallback AI] Solver <GemmFwdRest>, workspace required: 76267520, provided ptr: 0x752f38664000 size: 23625728
MIOpen(HIP): Warning [IsEnoughWorkspace] [GetSolutionsFallback AI] Solver <ConvHipImplicitGemmGroupFwdXdlops>, workspace required: 22052864, provided ptr: 0x752f390c8000 size: 21790720
MIOpen(HIP): Warning [IsEnoughWorkspace] [GetSolutionsFallback AI] Solver <GemmFwdRest>, workspace required: 152535040, provided ptr: 0x752f3e800000 size: 44040192
MIOpen(HIP): Warning [IsEnoughWorkspace] [GetSolutionsFallback AI] Solver <ConvHipImplicitGemmGroupFwdXdlops>, workspace required: 43646976, provided ptr: 0x752f3e800000 size: 43581440
MIOpen(HIP): Warning [IsEnoughWorkspace] [GetSolutionsFallback WTI] Solver <ConvAsmImplicitGemmGTCDynamicBwdXdlopsNHWC>, workspace required: 43712512, provided ptr: 0x752f3e800000 size: 43581440
MIOpen(HIP): Warning [IsEnoughWorkspace] [GetSolutionsFallback WTI] Solver <ConvHipImplicitGemmGroupBwdXdlops>, workspace required: 43712512, provided ptr: 0x752f3e800000 size: 43581440
MIOpen(HIP): Warning [IsEnoughWorkspace] [GetSolutionsFallback AI] Solver <GemmFwdRest>, workspace required: 152535040, provided ptr: 0x752f3e800000 size: 43696128
MIOpen(HIP): Warning [IsEnoughWorkspace] [GetSolutionsFallback AI] Solver <ConvHipImplicitGemmGroupFwdXdlops>, workspace required: 43597824, provided ptr: 0x752f3fcc8000 size: 43581440
MIOpen(HIP): Warning [IsEnoughWorkspace] [GetSolutionsFallback AI] Solver <GemmFwdRest>, workspace required: 228802560, provided ptr: 0x752f42658000 size: 65400832
MIOpen(HIP): Warning [IsEnoughWorkspace] [GetSolutionsFallback AI] Solver <ConvHipImplicitGemmGroupFwdXdlops>, workspace required: 65376256, provided ptr: 0x752f44584000 size: 65372160
MIOpen(HIP): Warning [IsEnoughWorkspace] [GetSolutionsFallback AI] Solver <ConvHipImplicitGemmGroupFwdXdlops>, workspace required: 33708544, provided ptr: 0x752f39b2c000 size: 32687104
MIOpen(HIP): Warning [IsEnoughWorkspace] [GetSolutionsFallback AI] Solver <GemmFwdRest>, workspace required: 228802560, provided ptr: 0x752f39b2c000 size: 32687104
MIOpen(HIP): Warning [IsEnoughWorkspace] [GetSolutionsFallback AI] Solver <ConvHipImplicitGemmGroupFwdXdlops>, workspace required: 8625152, provided ptr: 0x752e4e2c0000 size: 1799168
MIOpen(HIP): Warning [IsEnoughWorkspace] [GetSolutionsFallback AI] Solver <ConvAsmImplicitGemmGTCDynamicFwdXdlopsNHWC>, workspace required: 8625152, provided ptr: 0x752e4e2c0000 size: 1799168
MIOpen(HIP): Warning [IsEnoughWorkspace] [GetSolutionsFallback WTI] Solver <ConvAsmImplicitGemmGTCDynamicBwdXdlopsNHWC>, workspace required: 38694912, provided ptr: 0x752f13200000 size: 8224768
MIOpen(HIP): Warning [IsEnoughWorkspace] [GetSolutionsFallback WTI] Solver <ConvHipImplicitGemmGroupBwdXdlops>, workspace required: 38694912, provided ptr: 0x752f13200000 size: 8224768
MIOpen(HIP): Warning [IsEnoughWorkspace] [GetSolutionsFallback AI] Solver <GemmFwdRest>, workspace required: 28786688, provided ptr: 0x752fe0ec0000 size: 15564800
MIOpen(HIP): Warning [IsEnoughWorkspace] [GetSolutionsFallback AI] Solver <GemmFwdRest>, workspace required: 71966720, provided ptr: 0x752f37c00000 size: 22396928
MIOpen(HIP): Warning [IsEnoughWorkspace] [GetSolutionsFallback AI] Solver <ConvHipImplicitGemmGroupFwdXdlops>, workspace required: 20824064, provided ptr: 0x752f385ce000 size: 20561920
MIOpen(HIP): Warning [IsEnoughWorkspace] [GetSolutionsFallback AI] Solver <GemmFwdRest>, workspace required: 143933440, provided ptr: 0x752f3e800000 size: 41582592
MIOpen(HIP): Warning [IsEnoughWorkspace] [GetSolutionsFallback AI] Solver <ConvHipImplicitGemmGroupFwdXdlops>, workspace required: 41189376, provided ptr: 0x752f3fb9c000 size: 41123840
MIOpen(HIP): Warning [IsEnoughWorkspace] [GetSolutionsFallback WTI] Solver <ConvAsmImplicitGemmGTCDynamicBwdXdlopsNHWC>, workspace required: 41254912, provided ptr: 0x752f3e800000 size: 41123840
MIOpen(HIP): Warning [IsEnoughWorkspace] [GetSolutionsFallback WTI] Solver <ConvHipImplicitGemmGroupBwdXdlops>, workspace required: 41254912, provided ptr: 0x752f3e800000 size: 41123840
MIOpen(HIP): Warning [IsEnoughWorkspace] [GetSolutionsFallback AI] Solver <GemmFwdRest>, workspace required: 143933440, provided ptr: 0x752f3e800000 size: 41238528
MIOpen(HIP): Warning [IsEnoughWorkspace] [GetSolutionsFallback AI] Solver <ConvHipImplicitGemmGroupFwdXdlops>, workspace required: 41140224, provided ptr: 0x752f3fb9c000 size: 41123840
MIOpen(HIP): Warning [IsEnoughWorkspace] [GetSolutionsFallback AI] Solver <GemmFwdRest>, workspace required: 215900160, provided ptr: 0x752f422d4000 size: 61714432
MIOpen(HIP): Warning [IsEnoughWorkspace] [GetSolutionsFallback AI] Solver <ConvHipImplicitGemmGroupFwdXdlops>, workspace required: 61689856, provided ptr: 0x752f4403e000 size: 61685760
MIOpen(HIP): Warning [IsEnoughWorkspace] [GetSolutionsFallback AI] Solver <ConvHipImplicitGemmGroupFwdXdlops>, workspace required: 31807744, provided ptr: 0x752f3996a000 size: 30843904
MIOpen(HIP): Warning [IsEnoughWorkspace] [GetSolutionsFallback AI] Solver <GemmFwdRest>, workspace required: 215900160, provided ptr: 0x752f3996a000 size: 30843904
MIOpen(HIP): Warning [IsEnoughWorkspace] [GetSolutionsFallback AI] Solver <ConvHipImplicitGemmGroupFwdXdlops>, workspace required: 8067072, provided ptr: 0x752eb7800000 size: 1017856
MIOpen(HIP): Warning [IsEnoughWorkspace] [GetSolutionsFallback AI] Solver <ConvAsmImplicitGemmGTCDynamicFwdXdlopsNHWC>, workspace required: 8067072, provided ptr: 0x752eb7800000 size: 1017856
MIOpen(HIP): Warning [IsEnoughWorkspace] [GetSolutionsFallback WTI] Solver <ConvAsmImplicitGemmGTCDynamicBwdXdlopsNHWC>, workspace required: 36462592, provided ptr: 0x752e51a00000 size: 4653056
MIOpen(HIP): Warning [IsEnoughWorkspace] [GetSolutionsFallback WTI] Solver <ConvHipImplicitGemmGroupBwdXdlops>, workspace required: 36462592, provided ptr: 0x752e51a00000 size: 4653056
MIOpen(HIP): Warning [IsEnoughWorkspace] [GetSolutionsFallback AI] Solver <GemmFwdRest>, workspace required: 16285696, provided ptr: 0x752f13200000 size: 11993088
MIOpen(HIP): Warning [IsEnoughWorkspace] [GetSolutionsFallback WTI] Solver <ConvAsmImplicitGemmGTCDynamicBwdXdlopsNHWC>, workspace required: 13385728, provided ptr: 0x752fe0ec0000 size: 11632640
MIOpen(HIP): Warning [IsEnoughWorkspace] [GetSolutionsFallback WTI] Solver <ConvHipImplicitGemmGroupBwdXdlops>, workspace required: 13385728, provided ptr: 0x752fe0ec0000 size: 11632640
MIOpen(HIP): Warning [IsEnoughWorkspace] [GetSolutionsFallback AI] Solver <GemmFwdRest>, workspace required: 40714240, provided ptr: 0x752fe144c000 size: 13467648
MIOpen(HIP): Warning [IsEnoughWorkspace] [GetSolutionsFallback AI] Solver <ConvHipImplicitGemmGroupFwdXdlops>, workspace required: 11894784, provided ptr: 0x752f37c00000 size: 11632640
MIOpen(HIP): Warning [IsEnoughWorkspace] [GetSolutionsFallback AI] Solver <GemmFwdRest>, workspace required: 81428480, provided ptr: 0x752f39230000 size: 23724032
MIOpen(HIP): Warning [IsEnoughWorkspace] [GetSolutionsFallback AI] Solver <ConvHipImplicitGemmGroupFwdXdlops>, workspace required: 23330816, provided ptr: 0x752f39d48000 size: 23265280
MIOpen(HIP): Warning [IsEnoughWorkspace] [GetSolutionsFallback WTI] Solver <ConvAsmImplicitGemmGTCDynamicBwdXdlopsNHWC>, workspace required: 23396352, provided ptr: 0x752f38718000 size: 23265280
MIOpen(HIP): Warning [IsEnoughWorkspace] [GetSolutionsFallback WTI] Solver <ConvHipImplicitGemmGroupBwdXdlops>, workspace required: 23396352, provided ptr: 0x752f38718000 size: 23265280
MIOpen(HIP): Warning [IsEnoughWorkspace] [GetSolutionsFallback AI] Solver <GemmFwdRest>, workspace required: 81428480, provided ptr: 0x752f39230000 size: 23379968
MIOpen(HIP): Warning [IsEnoughWorkspace] [GetSolutionsFallback AI] Solver <ConvHipImplicitGemmGroupFwdXdlops>, workspace required: 23281664, provided ptr: 0x752f39d48000 size: 23265280
MIOpen(HIP): Warning [IsEnoughWorkspace] [GetSolutionsFallback AI] Solver <GemmFwdRest>, workspace required: 122142720, provided ptr: 0x752f3e800000 size: 34926592
MIOpen(HIP): Warning [IsEnoughWorkspace] [GetSolutionsFallback AI] Solver <ConvHipImplicitGemmGroupFwdXdlops>, workspace required: 34902016, provided ptr: 0x752f3e800000 size: 34897920
MIOpen(HIP): Warning [IsEnoughWorkspace] [GetSolutionsFallback AI] Solver <ConvHipImplicitGemmGroupFwdXdlops>, workspace required: 17995264, provided ptr: 0x752f37c00000 size: 17449984
MIOpen(HIP): Warning [IsEnoughWorkspace] [GetSolutionsFallback AI] Solver <GemmFwdRest>, workspace required: 122142720, provided ptr: 0x752f37c00000 size: 17449984
MIOpen(HIP): Warning [IsEnoughWorkspace] [GetSolutionsFallback AI] Solver <ConvHipImplicitGemmGroupFwdXdlops>, workspace required: 8476672, provided ptr: 0x752e4e2c0000 size: 1591296
MIOpen(HIP): Warning [IsEnoughWorkspace] [GetSolutionsFallback AI] Solver <ConvAsmImplicitGemmGTCDynamicFwdXdlopsNHWC>, workspace required: 8476672, provided ptr: 0x752e4e2c0000 size: 1591296
MIOpen(HIP): Warning [IsEnoughWorkspace] [GetSolutionsFallback WTI] Solver <ConvAsmImplicitGemmGTCDynamicBwdXdlopsNHWC>, workspace required: 38100992, provided ptr: 0x752f13200000 size: 7274496
MIOpen(HIP): Warning [IsEnoughWorkspace] [GetSolutionsFallback WTI] Solver <ConvHipImplicitGemmGroupBwdXdlops>, workspace required: 38100992, provided ptr: 0x752f13200000 size: 7274496
MIOpen(HIP): Warning [IsEnoughWorkspace] [GetSolutionsFallback AI] Solver <GemmFwdRest>, workspace required: 25460736, provided ptr: 0x752fe0ec0000 size: 14614528
MIOpen(HIP): Warning [IsEnoughWorkspace] [GetSolutionsFallback AI] Solver <GemmFwdRest>, workspace required: 63651840, provided ptr: 0x752f384ac000 size: 20021248
MIOpen(HIP): Warning [IsEnoughWorkspace] [GetSolutionsFallback AI] Solver <ConvHipImplicitGemmGroupFwdXdlops>, workspace required: 18448384, provided ptr: 0x752f38d58000 size: 18186240
MIOpen(HIP): Warning [IsEnoughWorkspace] [GetSolutionsFallback AI] Solver <GemmFwdRest>, workspace required: 127303680, provided ptr: 0x752f3e800000 size: 36831232
MIOpen(HIP): Warning [IsEnoughWorkspace] [GetSolutionsFallback AI] Solver <ConvHipImplicitGemmGroupFwdXdlops>, workspace required: 36438016, provided ptr: 0x752f3e800000 size: 36372480
MIOpen(HIP): Warning [IsEnoughWorkspace] [GetSolutionsFallback WTI] Solver <ConvAsmImplicitGemmGTCDynamicBwdXdlopsNHWC>, workspace required: 36503552, provided ptr: 0x752f3e800000 size: 36372480
MIOpen(HIP): Warning [IsEnoughWorkspace] [GetSolutionsFallback WTI] Solver <ConvHipImplicitGemmGroupBwdXdlops>, workspace required: 36503552, provided ptr: 0x752f3e800000 size: 36372480
MIOpen(HIP): Warning [IsEnoughWorkspace] [GetSolutionsFallback AI] Solver <GemmFwdRest>, workspace required: 127303680, provided ptr: 0x752f3e800000 size: 36487168
MIOpen(HIP): Warning [IsEnoughWorkspace] [GetSolutionsFallback AI] Solver <ConvHipImplicitGemmGroupFwdXdlops>, workspace required: 36388864, provided ptr: 0x752f3f958000 size: 36372480
MIOpen(HIP): Warning [IsEnoughWorkspace] [GetSolutionsFallback AI] Solver <GemmFwdRest>, workspace required: 190955520, provided ptr: 0x752f40204000 size: 54587392
MIOpen(HIP): Warning [IsEnoughWorkspace] [GetSolutionsFallback AI] Solver <ConvHipImplicitGemmGroupFwdXdlops>, workspace required: 54562816, provided ptr: 0x752f41c08000 size: 54558720
MIOpen(HIP): Warning [IsEnoughWorkspace] [GetSolutionsFallback AI] Solver <ConvHipImplicitGemmGroupFwdXdlops>, workspace required: 28132864, provided ptr: 0x752f39604000 size: 27280384
MIOpen(HIP): Warning [IsEnoughWorkspace] [GetSolutionsFallback AI] Solver <GemmFwdRest>, workspace required: 190955520, provided ptr: 0x752f39604000 size: 27280384
[0;36m(APIServer pid=47055)[0;0m [32mINFO[0m [90m10-07 15:23:10[0m [90m[stats.py:902][0m [OmniTiming] req=speech-b61a9655412eea64-8d948c03 total=5.18s engine=5.18s stages=[0:5.18s]
INFO:     127.0.0.1:52128 - "POST /v1/audio/speech HTTP/1.1" 200 OK
[0;36m(APIServer pid=47055)[0;0m [32mINFO[0m [90m10-07 15:23:10[0m [90m[serving_speech.py:2423][0m Diffusion TTS speech request speech-9730f442bc405056: voice_clone=False
[0;36m(APIServer pid=47055)[0;0m [32mINFO[0m [90m10-07 15:23:10[0m [90m[serving_speech.py:2471][0m Applied diffusion speech params: seed=42 extra_params={}
[0;36m(APIServer pid=47055)[0;0m [32mINFO[0m [90m10-07 15:23:10[0m [90m[diffusion_engine.py:764][0m [RequestBatch] admission wait done waiting=1 max_batch=8 waited_ms=2.1
MIOpen(HIP): Warning [IsEnoughWorkspace] [GetSolutionsFallback AI] Solver <ConvHipImplicitGemmGroupFwdXdlops>, workspace required: 9270272, provided ptr: 0x752e4e2c0000 size: 2702336
MIOpen(HIP): Warning [IsEnoughWorkspace] [GetSolutionsFallback AI] Solver <ConvAsmImplicitGemmGTCDynamicFwdXdlopsNHWC>, workspace required: 9270272, provided ptr: 0x752e4e2c0000 size: 2702336
MIOpen(HIP): Warning [IsEnoughWorkspace] [GetSolutionsFallback WTI] Solver <ConvAsmImplicitGemmGTCDynamicBwdXdlopsNHWC>, workspace required: 41275392, provided ptr: 0x752fe0ec0000 size: 12353536
MIOpen(HIP): Warning [IsEnoughWorkspace] [GetSolutionsFallback WTI] Solver <ConvHipImplicitGemmGroupBwdXdlops>, workspace required: 41275392, provided ptr: 0x752fe0ec0000 size: 12353536
MIOpen(HIP): Warning [IsEnoughWorkspace] [GetSolutionsFallback AI] Solver <GemmFwdRest>, workspace required: 43237376, provided ptr: 0x752f37c00000 size: 19693568
MIOpen(HIP): Warning [IsEnoughWorkspace] [GetSolutionsFallback AI] Solver <GemmFwdRest>, workspace required: 108093440, provided ptr: 0x752f39974000 size: 32718848
MIOpen(HIP): Warning [IsEnoughWorkspace] [GetSolutionsFallback AI] Solver <ConvHipImplicitGemmGroupFwdXdlops>, workspace required: 31145984, provided ptr: 0x752f3a82e000 size: 30883840
MIOpen(HIP): Warning [IsEnoughWorkspace] [GetSolutionsFallback AI] Solver <GemmFwdRest>, workspace required: 216186880, provided ptr: 0x752f40574000 size: 62226432
MIOpen(HIP): Warning [IsEnoughWorkspace] [GetSolutionsFallback AI] Solver <ConvHipImplicitGemmGroupFwdXdlops>, workspace required: 61833216, provided ptr: 0x752f422e8000 size: 61767680
MIOpen(HIP): Warning [IsEnoughWorkspace] [GetSolutionsFallback WTI] Solver <ConvAsmImplicitGemmGTCDynamicBwdXdlopsNHWC>, workspace required: 61898752, provided ptr: 0x752f40574000 size: 61767680
MIOpen(HIP): Warning [IsEnoughWorkspace] [GetSolutionsFallback WTI] Solver <ConvHipImplicitGemmGroupBwdXdlops>, workspace required: 61898752, provided ptr: 0x752f40574000 size: 61767680
MIOpen(HIP): Warning [IsEnoughWorkspace] [GetSolutionsFallback AI] Solver <GemmFwdRest>, workspace required: 216186880, provided ptr: 0x752f422e8000 size: 61882368
MIOpen(HIP): Warning [IsEnoughWorkspace] [GetSolutionsFallback AI] Solver <ConvHipImplicitGemmGroupFwdXdlops>, workspace required: 61784064, provided ptr: 0x752f4405c000 size: 61767680
MIOpen(HIP): Warning [IsEnoughWorkspace] [GetSolutionsFallback AI] Solver <GemmFwdRest>, workspace required: 324280320, provided ptr: 0x752f4405c000 size: 92680192
MIOpen(HIP): Warning [IsEnoughWorkspace] [GetSolutionsFallback AI] Solver <ConvHipImplicitGemmGroupFwdXdlops>, workspace required: 92655616, provided ptr: 0x752f46c8a000 size: 92651520
MIOpen(HIP): Warning [IsEnoughWorkspace] [GetSolutionsFallback AI] Solver <ConvHipImplicitGemmGroupFwdXdlops>, workspace required: 47774464, provided ptr: 0x752f37c00000 size: 46326784
MIOpen(HIP): Warning [IsEnoughWorkspace] [GetSolutionsFallback AI] Solver <GemmFwdRest>, workspace required: 324280320, provided ptr: 0x752f37c00000 size: 46326784
MIOpen(HIP): Warning [IsEnoughWorkspace] [GetSolutionsFallback AI] Solver <ConvHipImplicitGemmGroupFwdXdlops>, workspace required: 7831552, provided ptr: 0x752f6f50a000 size: 688128
MIOpen(HIP): Warning [IsEnoughWorkspace] [GetSolutionsFallback AI] Solver <ConvAsmImplicitGemmGTCDynamicFwdXdlopsNHWC>, workspace required: 7831552, provided ptr: 0x752f6f50a000 size: 688128
MIOpen(HIP): Warning [IsEnoughWorkspace] [GetSolutionsFallback WTI] Solver <ConvAsmImplicitGemmGTCDynamicBwdXdlopsNHWC>, workspace required: 35520512, provided ptr: 0x752e4e2c0000 size: 3145728
MIOpen(HIP): Warning [IsEnoughWorkspace] [GetSolutionsFallback WTI] Solver <ConvHipImplicitGemmGroupBwdXdlops>, workspace required: 35520512, provided ptr: 0x752e4e2c0000 size: 3145728
MIOpen(HIP): Warning [IsEnoughWorkspace] [GetSolutionsFallback WTI] Solver <ConvAsmImplicitGemmGTCDynamicBwdXdlopsNHWC>, workspace required: 10747904, provided ptr: 0x752f13200000 size: 7864320
MIOpen(HIP): Warning [IsEnoughWorkspace] [GetSolutionsFallback WTI] Solver <ConvHipImplicitGemmGroupBwdXdlops>, workspace required: 10747904, provided ptr: 0x752f13200000 size: 7864320
MIOpen(HIP): Warning [IsEnoughWorkspace] [GetSolutionsFallback AI] Solver <GemmFwdRest>, workspace required: 27525120, provided ptr: 0x752fe0ec0000 size: 9699328
MIOpen(HIP): Warning [IsEnoughWorkspace] [GetSolutionsFallback AI] Solver <ConvHipImplicitGemmGroupFwdXdlops>, workspace required: 8126464, provided ptr: 0x752fe0ec0000 size: 7864320
MIOpen(HIP): Warning [IsEnoughWorkspace] [GetSolutionsFallback AI] Solver <GemmFwdRest>, workspace required: 55050240, provided ptr: 0x752f37c00000 size: 16187392
MIOpen(HIP): Warning [IsEnoughWorkspace] [GetSolutionsFallback AI] Solver <ConvHipImplicitGemmGroupFwdXdlops>, workspace required: 15794176, provided ptr: 0x752f38380000 size: 15728640
MIOpen(HIP): Warning [IsEnoughWorkspace] [GetSolutionsFallback WTI] Solver <ConvAsmImplicitGemmGTCDynamicBwdXdlopsNHWC>, workspace required: 15859712, provided ptr: 0x752f37c00000 size: 15728640
MIOpen(HIP): Warning [IsEnoughWorkspace] [GetSolutionsFallback WTI] Solver <ConvHipImplicitGemmGroupBwdXdlops>, workspace required: 15859712, provided ptr: 0x752f37c00000 size: 15728640
MIOpen(HIP): Warning [IsEnoughWorkspace] [GetSolutionsFallback AI] Solver <GemmFwdRest>, workspace required: 55050240, provided ptr: 0x752f38380000 size: 15843328
MIOpen(HIP): Warning [IsEnoughWorkspace] [GetSolutionsFallback AI] Solver <ConvHipImplicitGemmGroupFwdXdlops>, workspace required: 15745024, provided ptr: 0x752f38b00000 size: 15728640
MIOpen(HIP): Warning [IsEnoughWorkspace] [GetSolutionsFallback AI] Solver <GemmFwdRest>, workspace required: 82575360, provided ptr: 0x752f38ec0000 size: 23621632
MIOpen(HIP): Warning [IsEnoughWorkspace] [GetSolutionsFallback AI] Solver <ConvHipImplicitGemmGroupFwdXdlops>, workspace required: 23597056, provided ptr: 0x752f39a00000 size: 23592960
MIOpen(HIP): Warning [IsEnoughWorkspace] [GetSolutionsFallback AI] Solver <ConvHipImplicitGemmGroupFwdXdlops>, workspace required: 12166144, provided ptr: 0x752fe0ec0000 size: 11797504
MIOpen(HIP): Warning [IsEnoughWorkspace] [GetSolutionsFallback AI] Solver <GemmFwdRest>, workspace required: 82575360, provided ptr: 0x752fe0ec0000 size: 11797504
MIOpen(HIP): Warning [IsEnoughWorkspace] [GetSolutionsFallback AI] Solver <ConvHipImplicitGemmGroupFwdXdlops>, workspace required: 8922112, provided ptr: 0x752e4e2c0000 size: 2214912
MIOpen(HIP): Warning [IsEnoughWorkspace] [GetSolutionsFallback AI] Solver <ConvAsmImplicitGemmGTCDynamicFwdXdlopsNHWC>, workspace required: 8922112, provided ptr: 0x752e4e2c0000 size: 2214912
MIOpen(HIP): Warning [IsEnoughWorkspace] [GetSolutionsFallback WTI] Solver <ConvAsmImplicitGemmGTCDynamicBwdXdlopsNHWC>, workspace required: 39882752, provided ptr: 0x752f13200000 size: 10125312
MIOpen(HIP): Warning [IsEnoughWorkspace] [GetSolutionsFallback WTI] Solver <ConvHipImplicitGemmGroupBwdXdlops>, workspace required: 39882752, provided ptr: 0x752f13200000 size: 10125312
MIOpen(HIP): Warning [IsEnoughWorkspace] [GetSolutionsFallback AI] Solver <GemmFwdRest>, workspace required: 35438592, provided ptr: 0x752fe0ec0000 size: 17465344
MIOpen(HIP): Warning [IsEnoughWorkspace] [GetSolutionsFallback AI] Solver <GemmFwdRest>, workspace required: 88596480, provided ptr: 0x752f39424000 size: 27148288
MIOpen(HIP): Warning [IsEnoughWorkspace] [GetSolutionsFallback AI] Solver <ConvHipImplicitGemmGroupFwdXdlops>, workspace required: 25575424, provided ptr: 0x752f3a036000 size: 25313280
MIOpen(HIP): Warning [IsEnoughWorkspace] [GetSolutionsFallback AI] Solver <GemmFwdRest>, workspace required: 177192960, provided ptr: 0x752f40024000 size: 51085312
MIOpen(HIP): Warning [IsEnoughWorkspace] [GetSolutionsFallback AI] Solver <ConvHipImplicitGemmGroupFwdXdlops>, workspace required: 50692096, provided ptr: 0x752f41848000 size: 50626560
MIOpen(HIP): Warning [IsEnoughWorkspace] [GetSolutionsFallback WTI] Solver <ConvAsmImplicitGemmGTCDynamicBwdXdlopsNHWC>, workspace required: 50757632, provided ptr: 0x752f40024000 size: 50626560
MIOpen(HIP): Warning [IsEnoughWorkspace] [GetSolutionsFallback WTI] Solver <ConvHipImplicitGemmGroupBwdXdlops>, workspace required: 50757632, provided ptr: 0x752f40024000 size: 50626560
MIOpen(HIP): Warning [IsEnoughWorkspace] [GetSolutionsFallback AI] Solver <GemmFwdRest>, workspace required: 177192960, provided ptr: 0x752f40024000 size: 50741248
MIOpen(HIP): Warning [IsEnoughWorkspace] [GetSolutionsFallback AI] Solver <ConvHipImplicitGemmGroupFwdXdlops>, workspace required: 50642944, provided ptr: 0x752f41848000 size: 50626560
MIOpen(HIP): Warning [IsEnoughWorkspace] [GetSolutionsFallback AI] Solver <GemmFwdRest>, workspace required: 265789440, provided ptr: 0x752f4306c000 size: 75968512
MIOpen(HIP): Warning [IsEnoughWorkspace] [GetSolutionsFallback AI] Solver <ConvHipImplicitGemmGroupFwdXdlops>, workspace required: 75943936, provided ptr: 0x752f454a2000 size: 75939840
MIOpen(HIP): Warning [IsEnoughWorkspace] [GetSolutionsFallback AI] Solver <ConvHipImplicitGemmGroupFwdXdlops>, workspace required: 39157504, provided ptr: 0x752f37c00000 size: 37970944
MIOpen(HIP): Warning [IsEnoughWorkspace] [GetSolutionsFallback AI] Solver <GemmFwdRest>, workspace required: 265789440, provided ptr: 0x752f37c00000 size: 37970944
MIOpen(HIP): Warning [IsEnoughWorkspace] [GetSolutionsFallback AI] Solver <ConvHipImplicitGemmGroupFwdXdlops>, workspace required: 8179712, provided ptr: 0x752e4f280000 size: 1175552
MIOpen(HIP): Warning [IsEnoughWorkspace] [GetSolutionsFallback AI] Solver <ConvAsmImplicitGemmGTCDynamicFwdXdlopsNHWC>, workspace required: 8179712, provided ptr: 0x752e4f280000 size: 1175552
MIOpen(HIP): Warning [IsEnoughWorkspace] [GetSolutionsFallback WTI] Solver <ConvAsmImplicitGemmGTCDynamicBwdXdlopsNHWC>, workspace required: 36913152, provided ptr: 0x752f13200000 size: 5373952
MIOpen(HIP): Warning [IsEnoughWorkspace] [GetSolutionsFallback WTI] Solver <ConvHipImplicitGemmGroupBwdXdlops>, workspace required: 36913152, provided ptr: 0x752f13200000 size: 5373952
MIOpen(HIP): Warning [IsEnoughWorkspace] [GetSolutionsFallback AI] Solver <GemmFwdRest>, workspace required: 18808832, provided ptr: 0x752fe0ec0000 size: 12713984
MIOpen(HIP): Warning [IsEnoughWorkspace] [GetSolutionsFallback WTI] Solver <ConvAsmImplicitGemmGTCDynamicBwdXdlopsNHWC>, workspace required: 14647296, provided ptr: 0x752fe0ec0000 size: 13434880
MIOpen(HIP): Warning [IsEnoughWorkspace] [GetSolutionsFallback WTI] Solver <ConvHipImplicitGemmGroupBwdXdlops>, workspace required: 14647296, provided ptr: 0x752fe0ec0000 size: 13434880
MIOpen(HIP): Warning [IsEnoughWorkspace] [GetSolutionsFallback AI] Solver <GemmFwdRest>, workspace required: 47022080, provided ptr: 0x752f37c00000 size: 15269888
MIOpen(HIP): Warning [IsEnoughWorkspace] [GetSolutionsFallback AI] Solver <ConvAsmImplicitGemmGTCDynamicFwdXdlopsNHWC>, workspace required: 13434880, provided ptr: 0 size: 0
MIOpen(HIP): Warning [IsEnoughWorkspace] [GetSolutionsFallback AI] Solver <ConvHipImplicitGemmGroupFwdXdlops>, workspace required: 13697024, provided ptr: 0 size: 0
MIOpen(HIP): Warning [IsEnoughWorkspace] [GetSolutionsFallback AI] Solver <GemmFwdRest>, workspace required: 94044160, provided ptr: 0x752f388d0000 size: 27328512
MIOpen(HIP): Warning [IsEnoughWorkspace] [GetSolutionsFallback AI] Solver <ConvHipImplicitGemmGroupFwdXdlops>, workspace required: 26935296, provided ptr: 0x752f395a0000 size: 26869760
MIOpen(HIP): Warning [IsEnoughWorkspace] [GetSolutionsFallback WTI] Solver <ConvAsmImplicitGemmGTCDynamicBwdXdlopsNHWC>, workspace required: 27000832, provided ptr: 0x752f388d0000 size: 26869760
MIOpen(HIP): Warning [IsEnoughWorkspace] [GetSolutionsFallback WTI] Solver <ConvHipImplicitGemmGroupBwdXdlops>, workspace required: 27000832, provided ptr: 0x752f388d0000 size: 26869760
MIOpen(HIP): Warning [IsEnoughWorkspace] [GetSolutionsFallback AI] Solver <GemmFwdRest>, workspace required: 94044160, provided ptr: 0x752f395a0000 size: 26984448
MIOpen(HIP): Warning [IsEnoughWorkspace] [GetSolutionsFallback AI] Solver <ConvHipImplicitGemmGroupFwdXdlops>, workspace required: 26886144, provided ptr: 0x752f3a270000 size: 26869760
MIOpen(HIP): Warning [IsEnoughWorkspace] [GetSolutionsFallback AI] Solver <GemmFwdRest>, workspace required: 141066240, provided ptr: 0x752f3e800000 size: 40333312
MIOpen(HIP): Warning [IsEnoughWorkspace] [GetSolutionsFallback AI] Solver <ConvHipImplicitGemmGroupFwdXdlops>, workspace required: 40308736, provided ptr: 0x752f3fb38000 size: 40304640
MIOpen(HIP): Warning [IsEnoughWorkspace] [GetSolutionsFallback AI] Solver <ConvHipImplicitGemmGroupFwdXdlops>, workspace required: 20783104, provided ptr: 0x752f37c00000 size: 20153344
MIOpen(HIP): Warning [IsEnoughWorkspace] [GetSolutionsFallback AI] Solver <GemmFwdRest>, workspace required: 141066240, provided ptr: 0x752f37c00000 size: 20153344
[0;36m(APIServer pid=47055)[0;0m [32mINFO[0m [90m10-07 15:23:16[0m [90m[stats.py:902][0m [OmniTiming] req=speech-9730f442bc405056-870528c5 total=5.95s engine=5.95s stages=[0:5.95s]
INFO:     127.0.0.1:52128 - "POST /v1/audio/speech HTTP/1.1" 200 OK
[0;36m(APIServer pid=47055)[0;0m [32mINFO[0m [90m10-07 15:23:16[0m [90m[serving_speech.py:2423][0m Diffusion TTS speech request speech-af598f6b18bce5dd: voice_clone=False
[0;36m(APIServer pid=47055)[0;0m [32mINFO[0m [90m10-07 15:23:16[0m [90m[serving_speech.py:2471][0m Applied diffusion speech params: seed=42 extra_params={}
[0;36m(APIServer pid=47055)[0;0m [32mINFO[0m [90m10-07 15:23:16[0m [90m[diffusion_engine.py:764][0m [RequestBatch] admission wait done waiting=1 max_batch=8 waited_ms=2.1
MIOpen(HIP): Warning [IsEnoughWorkspace] [GetSolutionsFallback AI] Solver <ConvHipImplicitGemmGroupFwdXdlops>, workspace required: 9239552, provided ptr: 0x752e4e2c0000 size: 2659328
MIOpen(HIP): Warning [IsEnoughWorkspace] [GetSolutionsFallback AI] Solver <ConvAsmImplicitGemmGTCDynamicFwdXdlopsNHWC>, workspace required: 9239552, provided ptr: 0x752e4e2c0000 size: 2659328
MIOpen(HIP): Warning [IsEnoughWorkspace] [GetSolutionsFallback WTI] Solver <ConvAsmImplicitGemmGTCDynamicBwdXdlopsNHWC>, workspace required: 41152512, provided ptr: 0x752fe0ec0000 size: 12156928
MIOpen(HIP): Warning [IsEnoughWorkspace] [GetSolutionsFallback WTI] Solver <ConvHipImplicitGemmGroupBwdXdlops>, workspace required: 41152512, provided ptr: 0x752fe0ec0000 size: 12156928
MIOpen(HIP): Warning [IsEnoughWorkspace] [GetSolutionsFallback AI] Solver <GemmFwdRest>, workspace required: 42549248, provided ptr: 0x752f37c00000 size: 19496960
MIOpen(HIP): Warning [IsEnoughWorkspace] [GetSolutionsFallback AI] Solver <GemmFwdRest>, workspace required: 106373120, provided ptr: 0x752f398fc000 size: 32227328
MIOpen(HIP): Warning [IsEnoughWorkspace] [GetSolutionsFallback AI] Solver <ConvHipImplicitGemmGroupFwdXdlops>, workspace required: 30654464, provided ptr: 0x752f3a77a000 size: 30392320
MIOpen(HIP): Warning [IsEnoughWorkspace] [GetSolutionsFallback AI] Solver <GemmFwdRest>, workspace required: 212746240, provided ptr: 0x752f404fc000 size: 61243392
MIOpen(HIP): Warning [IsEnoughWorkspace] [GetSolutionsFallback AI] Solver <ConvHipImplicitGemmGroupFwdXdlops>, workspace required: 60850176, provided ptr: 0x752f421f8000 size: 60784640
MIOpen(HIP): Warning [IsEnoughWorkspace] [GetSolutionsFallback WTI] Solver <ConvAsmImplicitGemmGTCDynamicBwdXdlopsNHWC>, workspace required: 60915712, provided ptr: 0x752f404fc000 size: 60784640
MIOpen(HIP): Warning [IsEnoughWorkspace] [GetSolutionsFallback WTI] Solver <ConvHipImplicitGemmGroupBwdXdlops>, workspace required: 60915712, provided ptr: 0x752f404fc000 size: 60784640
MIOpen(HIP): Warning [IsEnoughWorkspace] [GetSolutionsFallback AI] Solver <GemmFwdRest>, workspace required: 212746240, provided ptr: 0x752f421f8000 size: 60899328
MIOpen(HIP): Warning [IsEnoughWorkspace] [GetSolutionsFallback AI] Solver <ConvHipImplicitGemmGroupFwdXdlops>, workspace required: 60801024, provided ptr: 0x752f43ef4000 size: 60784640
MIOpen(HIP): Warning [IsEnoughWorkspace] [GetSolutionsFallback AI] Solver <GemmFwdRest>, workspace required: 319119360, provided ptr: 0x752f43ef4000 size: 91205632
MIOpen(HIP): Warning [IsEnoughWorkspace] [GetSolutionsFallback AI] Solver <ConvHipImplicitGemmGroupFwdXdlops>, workspace required: 91181056, provided ptr: 0x752f46a6e000 size: 91176960
MIOpen(HIP): Warning [IsEnoughWorkspace] [GetSolutionsFallback AI] Solver <ConvHipImplicitGemmGroupFwdXdlops>, workspace required: 47014144, provided ptr: 0x752f37c00000 size: 45589504
MIOpen(HIP): Warning [IsEnoughWorkspace] [GetSolutionsFallback AI] Solver <GemmFwdRest>, workspace required: 319119360, provided ptr: 0x752f37c00000 size: 45589504
MIOpen(HIP): Warning [IsEnoughWorkspace] [GetSolutionsFallback AI] Solver <ConvHipImplicitGemmGroupFwdXdlops>, workspace required: 7862272, provided ptr: 0x752eb7800000 size: 731136
MIOpen(HIP): Warning [IsEnoughWorkspace] [GetSolutionsFallback AI] Solver <ConvAsmImplicitGemmGTCDynamicFwdXdlopsNHWC>, workspace required: 7862272, provided ptr: 0x752eb7800000 size: 731136
MIOpen(HIP): Warning [IsEnoughWorkspace] [GetSolutionsFallback WTI] Solver <ConvAsmImplicitGemmGTCDynamicBwdXdlopsNHWC>, workspace required: 35643392, provided ptr: 0x752e51a00000 size: 3342336
MIOpen(HIP): Warning [IsEnoughWorkspace] [GetSolutionsFallback WTI] Solver <ConvHipImplicitGemmGroupBwdXdlops>, workspace required: 35643392, provided ptr: 0x752e51a00000 size: 3342336
MIOpen(HIP): Warning [IsEnoughWorkspace] [GetSolutionsFallback WTI] Solver <ConvAsmImplicitGemmGTCDynamicBwdXdlopsNHWC>, workspace required: 11091968, provided ptr: 0x752f13200000 size: 8355840
MIOpen(HIP): Warning [IsEnoughWorkspace] [GetSolutionsFallback WTI] Solver <ConvHipImplicitGemmGroupBwdXdlops>, workspace required: 11091968, provided ptr: 0x752f13200000 size: 8355840
MIOpen(HIP): Warning [IsEnoughWorkspace] [GetSolutionsFallback AI] Solver <GemmFwdRest>, workspace required: 29245440, provided ptr: 0x752fe0ec0000 size: 10190848
MIOpen(HIP): Warning [IsEnoughWorkspace] [GetSolutionsFallback AI] Solver <ConvHipImplicitGemmGroupFwdXdlops>, workspace required: 8617984, provided ptr: 0x752fe0ec0000 size: 8355840
MIOpen(HIP): Warning [IsEnoughWorkspace] [GetSolutionsFallback AI] Solver <GemmFwdRest>, workspace required: 58490880, provided ptr: 0x752f37c00000 size: 17170432
MIOpen(HIP): Warning [IsEnoughWorkspace] [GetSolutionsFallback AI] Solver <ConvHipImplicitGemmGroupFwdXdlops>, workspace required: 16777216, provided ptr: 0x752f383f8000 size: 16711680
MIOpen(HIP): Warning [IsEnoughWorkspace] [GetSolutionsFallback WTI] Solver <ConvAsmImplicitGemmGTCDynamicBwdXdlopsNHWC>, workspace required: 16842752, provided ptr: 0x752f37c00000 size: 16711680
MIOpen(HIP): Warning [IsEnoughWorkspace] [GetSolutionsFallback WTI] Solver <ConvHipImplicitGemmGroupBwdXdlops>, workspace required: 16842752, provided ptr: 0x752f37c00000 size: 16711680
MIOpen(HIP): Warning [IsEnoughWorkspace] [GetSolutionsFallback AI] Solver <GemmFwdRest>, workspace required: 58490880, provided ptr: 0x752f383f8000 size: 16826368
MIOpen(HIP): Warning [IsEnoughWorkspace] [GetSolutionsFallback AI] Solver <ConvHipImplicitGemmGroupFwdXdlops>, workspace required: 16728064, provided ptr: 0x752f38bf0000 size: 16711680
MIOpen(HIP): Warning [IsEnoughWorkspace] [GetSolutionsFallback AI] Solver <GemmFwdRest>, workspace required: 87736320, provided ptr: 0x752f38fec000 size: 25096192
MIOpen(HIP): Warning [IsEnoughWorkspace] [GetSolutionsFallback AI] Solver <ConvHipImplicitGemmGroupFwdXdlops>, workspace required: 25071616, provided ptr: 0x752f39be0000 size: 25067520
MIOpen(HIP): Warning [IsEnoughWorkspace] [GetSolutionsFallback AI] Solver <ConvHipImplicitGemmGroupFwdXdlops>, workspace required: 12926464, provided ptr: 0x752fe0ec0000 size: 12534784
MIOpen(HIP): Warning [IsEnoughWorkspace] [GetSolutionsFallback AI] Solver <GemmFwdRest>, workspace required: 87736320, provided ptr: 0x752fe0ec0000 size: 12534784
MIOpen(HIP): Warning [IsEnoughWorkspace] [GetSolutionsFallback AI] Solver <ConvHipImplicitGemmGroupFwdXdlops>, workspace required: 8532992, provided ptr: 0x752e4e2c0000 size: 1670144
MIOpen(HIP): Warning [IsEnoughWorkspace] [GetSolutionsFallback AI] Solver <ConvAsmImplicitGemmGTCDynamicFwdXdlopsNHWC>, workspace required: 8532992, provided ptr: 0x752e4e2c0000 size: 1670144
MIOpen(HIP): Warning [IsEnoughWorkspace] [GetSolutionsFallback WTI] Solver <ConvAsmImplicitGemmGTCDynamicBwdXdlopsNHWC>, workspace required: 38326272, provided ptr: 0x752f13200000 size: 7634944
MIOpen(HIP): Warning [IsEnoughWorkspace] [GetSolutionsFallback WTI] Solver <ConvHipImplicitGemmGroupBwdXdlops>, workspace required: 38326272, provided ptr: 0x752f13200000 size: 7634944
MIOpen(HIP): Warning [IsEnoughWorkspace] [GetSolutionsFallback AI] Solver <GemmFwdRest>, workspace required: 26722304, provided ptr: 0x752fe0ec0000 size: 14974976
MIOpen(HIP): Warning [IsEnoughWorkspace] [GetSolutionsFallback AI] Solver <GemmFwdRest>, workspace required: 66805760, provided ptr: 0x752f37c00000 size: 20922368
MIOpen(HIP): Warning [IsEnoughWorkspace] [GetSolutionsFallback AI] Solver <ConvHipImplicitGemmGroupFwdXdlops>, workspace required: 19349504, provided ptr: 0x752f3851a000 size: 19087360
MIOpen(HIP): Warning [IsEnoughWorkspace] [GetSolutionsFallback AI] Solver <GemmFwdRest>, workspace required: 133611520, provided ptr: 0x752f3e800000 size: 38633472
MIOpen(HIP): Warning [IsEnoughWorkspace] [GetSolutionsFallback AI] Solver <ConvHipImplicitGemmGroupFwdXdlops>, workspace required: 38240256, provided ptr: 0x752f3e800000 size: 38174720
MIOpen(HIP): Warning [IsEnoughWorkspace] [GetSolutionsFallback WTI] Solver <ConvAsmImplicitGemmGTCDynamicBwdXdlopsNHWC>, workspace required: 38305792, provided ptr: 0x752f3a068000 size: 38174720
MIOpen(HIP): Warning [IsEnoughWorkspace] [GetSolutionsFallback WTI] Solver <ConvHipImplicitGemmGroupBwdXdlops>, workspace required: 38305792, provided ptr: 0x752f3a068000 size: 38174720
MIOpen(HIP): Warning [IsEnoughWorkspace] [GetSolutionsFallback AI] Solver <GemmFwdRest>, workspace required: 133611520, provided ptr: 0x752f3e800000 size: 38289408
MIOpen(HIP): Warning [IsEnoughWorkspace] [GetSolutionsFallback AI] Solver <ConvHipImplicitGemmGroupFwdXdlops>, workspace required: 38191104, provided ptr: 0x752f3e800000 size: 38174720
MIOpen(HIP): Warning [IsEnoughWorkspace] [GetSolutionsFallback AI] Solver <GemmFwdRest>, workspace required: 200417280, provided ptr: 0x752f4034e000 size: 57290752
MIOpen(HIP): Warning [IsEnoughWorkspace] [GetSolutionsFallback AI] Solver <ConvHipImplicitGemmGroupFwdXdlops>, workspace required: 57266176, provided ptr: 0x752f41e9c000 size: 57262080
MIOpen(HIP): Warning [IsEnoughWorkspace] [GetSolutionsFallback AI] Solver <ConvHipImplicitGemmGroupFwdXdlops>, workspace required: 29526784, provided ptr: 0x752f3974e000 size: 28632064
MIOpen(HIP): Warning [IsEnoughWorkspace] [GetSolutionsFallback AI] Solver <GemmFwdRest>, workspace required: 200417280, provided ptr: 0x752f3974e000 size: 28632064
MIOpen(HIP): Warning [IsEnoughWorkspace] [GetSolutionsFallback AI] Solver <ConvHipImplicitGemmGroupFwdXdlops>, workspace required: 8292352, provided ptr: 0x752e4f280000 size: 1333248
MIOpen(HIP): Warning [IsEnoughWorkspace] [GetSolutionsFallback AI] Solver <ConvAsmImplicitGemmGTCDynamicFwdXdlopsNHWC>, workspace required: 8292352, provided ptr: 0x752e4f280000 size: 1333248
MIOpen(HIP): Warning [IsEnoughWorkspace] [GetSolutionsFallback WTI] Solver <ConvAsmImplicitGemmGTCDynamicBwdXdlopsNHWC>, workspace required: 37363712, provided ptr: 0x752f13200000 size: 6094848
MIOpen(HIP): Warning [IsEnoughWorkspace] [GetSolutionsFallback WTI] Solver <ConvHipImplicitGemmGroupBwdXdlops>, workspace required: 37363712, provided ptr: 0x752f13200000 size: 6094848
MIOpen(HIP): Warning [IsEnoughWorkspace] [GetSolutionsFallback AI] Solver <GemmFwdRest>, workspace required: 21331968, provided ptr: 0x752fe0ec0000 size: 13434880
MIOpen(HIP): Warning [IsEnoughWorkspace] [GetSolutionsFallback WTI] Solver <ConvAsmImplicitGemmGTCDynamicBwdXdlopsNHWC>, workspace required: 15908864, provided ptr: 0x752fe0ec0000 size: 15237120
MIOpen(HIP): Warning [IsEnoughWorkspace] [GetSolutionsFallback WTI] Solver <ConvHipImplicitGemmGroupBwdXdlops>, workspace required: 15908864, provided ptr: 0x752fe0ec0000 size: 15237120
MIOpen(HIP): Warning [IsEnoughWorkspace] [GetSolutionsFallback AI] Solver <GemmFwdRest>, workspace required: 53329920, provided ptr: 0x752f37c00000 size: 17072128
MIOpen(HIP): Warning [IsEnoughWorkspace] [GetSolutionsFallback AI] Solver <ConvAsmImplicitGemmGTCDynamicFwdXdlopsNHWC>, workspace required: 15237120, provided ptr: 0 size: 0
MIOpen(HIP): Warning [IsEnoughWorkspace] [GetSolutionsFallback AI] Solver <ConvHipImplicitGemmGroupFwdXdlops>, workspace required: 15499264, provided ptr: 0 size: 0
MIOpen(HIP): Warning [IsEnoughWorkspace] [GetSolutionsFallback AI] Solver <GemmFwdRest>, workspace required: 106659840, provided ptr: 0x752f3a798000 size: 30932992
MIOpen(HIP): Warning [IsEnoughWorkspace] [GetSolutionsFallback AI] Solver <ConvHipImplicitGemmGroupFwdXdlops>, workspace required: 30539776, provided ptr: 0x752f3e800000 size: 30474240
MIOpen(HIP): Warning [IsEnoughWorkspace] [GetSolutionsFallback WTI] Solver <ConvAsmImplicitGemmGTCDynamicBwdXdlopsNHWC>, workspace required: 30605312, provided ptr: 0x752f39910000 size: 30474240
MIOpen(HIP): Warning [IsEnoughWorkspace] [GetSolutionsFallback WTI] Solver <ConvHipImplicitGemmGroupBwdXdlops>, workspace required: 30605312, provided ptr: 0x752f39910000 size: 30474240
MIOpen(HIP): Warning [IsEnoughWorkspace] [GetSolutionsFallback AI] Solver <GemmFwdRest>, workspace required: 106659840, provided ptr: 0x752f3a798000 size: 30588928
MIOpen(HIP): Warning [IsEnoughWorkspace] [GetSolutionsFallback AI] Solver <ConvHipImplicitGemmGroupFwdXdlops>, workspace required: 30490624, provided ptr: 0x752f3e800000 size: 30474240
MIOpen(HIP): Warning [IsEnoughWorkspace] [GetSolutionsFallback AI] Solver <GemmFwdRest>, workspace required: 159989760, provided ptr: 0x752f3fdcc000 size: 45740032
MIOpen(HIP): Warning [IsEnoughWorkspace] [GetSolutionsFallback AI] Solver <ConvHipImplicitGemmGroupFwdXdlops>, workspace required: 45715456, provided ptr: 0x752f41398000 size: 45711360
MIOpen(HIP): Warning [IsEnoughWorkspace] [GetSolutionsFallback AI] Solver <ConvHipImplicitGemmGroupFwdXdlops>, workspace required: 23570944, provided ptr: 0x752f391cc000 size: 22856704
MIOpen(HIP): Warning [IsEnoughWorkspace] [GetSolutionsFallback AI] Solver <GemmFwdRest>, workspace required: 159989760, provided ptr: 0x752f391cc000 size: 22856704
MIOpen(HIP): Warning [IsEnoughWorkspace] [GetSolutionsFallback AI] Solver <ConvHipImplicitGemmGroupFwdXdlops>, workspace required: 9265152, provided ptr: 0x752e4e2c0000 size: 2695168
MIOpen(HIP): Warning [IsEnoughWorkspace] [GetSolutionsFallback AI] Solver <ConvAsmImplicitGemmGTCDynamicFwdXdlopsNHWC>, workspace required: 9265152, provided ptr: 0x752e4e2c0000 size: 2695168
MIOpen(HIP): Warning [IsEnoughWorkspace] [GetSolutionsFallback WTI] Solver <ConvAsmImplicitGemmGTCDynamicBwdXdlopsNHWC>, workspace required: 41254912, provided ptr: 0x752fe0ec0000 size: 12320768
MIOpen(HIP): Warning [IsEnoughWorkspace] [GetSolutionsFallback WTI] Solver <ConvHipImplicitGemmGroupBwdXdlops>, workspace required: 41254912, provided ptr: 0x752fe0ec0000 size: 12320768
MIOpen(HIP): Warning [IsEnoughWorkspace] [GetSolutionsFallback AI] Solver <GemmFwdRest>, workspace required: 43122688, provided ptr: 0x752f37c00000 size: 19660800
MIOpen(HIP): Warning [IsEnoughWorkspace] [GetSolutionsFallback AI] Solver <GemmFwdRest>, workspace required: 107806720, provided ptr: 0x752f39960000 size: 32636928
MIOpen(HIP): Warning [IsEnoughWorkspace] [GetSolutionsFallback AI] Solver <ConvHipImplicitGemmGroupFwdXdlops>, workspace required: 31064064, provided ptr: 0x752f3a810000 size: 30801920
MIOpen(HIP): Warning [IsEnoughWorkspace] [GetSolutionsFallback AI] Solver <GemmFwdRest>, workspace required: 215613440, provided ptr: 0x752f40560000 size: 62062592
MIOpen(HIP): Warning [IsEnoughWorkspace] [GetSolutionsFallback AI] Solver <ConvHipImplicitGemmGroupFwdXdlops>, workspace required: 61669376, provided ptr: 0x752f422c0000 size: 61603840
MIOpen(HIP): Warning [IsEnoughWorkspace] [GetSolutionsFallback WTI] Solver <ConvAsmImplicitGemmGTCDynamicBwdXdlopsNHWC>, workspace required: 61734912, provided ptr: 0x752f40560000 size: 61603840
MIOpen(HIP): Warning [IsEnoughWorkspace] [GetSolutionsFallback WTI] Solver <ConvHipImplicitGemmGroupBwdXdlops>, workspace required: 61734912, provided ptr: 0x752f40560000 size: 61603840
MIOpen(HIP): Warning [IsEnoughWorkspace] [GetSolutionsFallback AI] Solver <GemmFwdRest>, workspace required: 215613440, provided ptr: 0x752f422c0000 size: 61718528
MIOpen(HIP): Warning [IsEnoughWorkspace] [GetSolutionsFallback AI] Solver <ConvHipImplicitGemmGroupFwdXdlops>, workspace required: 61620224, provided ptr: 0x752f44020000 size: 61603840
MIOpen(HIP): Warning [IsEnoughWorkspace] [GetSolutionsFallback AI] Solver <GemmFwdRest>, workspace required: 323420160, provided ptr: 0x752f44020000 size: 92434432
MIOpen(HIP): Warning [IsEnoughWorkspace] [GetSolutionsFallback AI] Solver <ConvHipImplicitGemmGroupFwdXdlops>, workspace required: 92409856, provided ptr: 0x752f46c30000 size: 92405760
MIOpen(HIP): Warning [IsEnoughWorkspace] [GetSolutionsFallback AI] Solver <ConvHipImplicitGemmGroupFwdXdlops>, workspace required: 47647744, provided ptr: 0x752f37c00000 size: 46203904
MIOpen(HIP): Warning [IsEnoughWorkspace] [GetSolutionsFallback AI] Solver <GemmFwdRest>, workspace required: 323420160, provided ptr: 0x752f37c00000 size: 46203904
MIOpen(HIP): Warning [IsEnoughWorkspace] [GetSolutionsFallback AI] Solver <ConvAsmImplicitGemmGTCDynamicFwdXdlopsNHWC>, workspace required: 7672832, provided ptr: 0x752f6f50a000 size: 465920
MIOpen(HIP): Warning [IsEnoughWorkspace] [GetSolutionsFallback AI] Solver <ConvHipImplicitGemmGroupFwdXdlops>, workspace required: 7672832, provided ptr: 0x752f6f50a000 size: 465920
MIOpen(HIP): Warning [IsEnoughWorkspace] [GetSolutionsFallback WTI] Solver <ConvAsmImplicitGemmGTCDynamicBwdXdlopsNHWC>, workspace required: 34885632, provided ptr: 0x752e4e2c0000 size: 2129920
MIOpen(HIP): Warning [IsEnoughWorkspace] [GetSolutionsFallback WTI] Solver <ConvHipImplicitGemmGroupBwdXdlops>, workspace required: 34885632, provided ptr: 0x752e4e2c0000 size: 2129920
MIOpen(HIP): Warning [IsEnoughWorkspace] [GetSolutionsFallback AI] Solver <ConvAsmImplicitGemmGTCDynamicFwdXdlopsNHWC>, workspace required: 9469952, provided ptr: 0x752f13200000 size: 7454720
MIOpen(HIP): Warning [IsEnoughWorkspace] [GetSolutionsFallback AI] Solver <ConvHipImplicitGemmGroupFwdXdlops>, workspace required: 9469952, provided ptr: 0x752f13200000 size: 7454720
MIOpen(HIP): Warning [IsEnoughWorkspace] [GetSolutionsFallback AI] Solver <ConvHipImplicitGemmGroupFwdXdlops>, workspace required: 3178496, provided ptr: 0 size: 0
MIOpen(HIP): Warning [IsEnoughWorkspace] [GetSolutionsFallback AI] Solver <ConvAsmImplicitGemmGTCDynamicFwdXdlopsNHWC>, workspace required: 2129920, provided ptr: 0 size: 0
MIOpen(HIP): Warning [IsEnoughWorkspace] [GetSolutionsFallback WTI] Solver <ConvAsmImplicitGemmGTCDynamicFwdXdlopsNHWC>, workspace required: 9469952, provided ptr: 0x752f13200000 size: 7454720
MIOpen(HIP): Warning [IsEnoughWorkspace] [GetSolutionsFallback WTI] Solver <ConvHipImplicitGemmGroupFwdXdlops>, workspace required: 9469952, provided ptr: 0x752f13200000 size: 7454720
MIOpen(HIP): Warning [IsEnoughWorkspace] [GetSolutionsFallback WTI] Solver <ConvAsmImplicitGemmGTCDynamicFwdXdlopsNHWC>, workspace required: 9469952, provided ptr: 0x752f13200000 size: 7454720
MIOpen(HIP): Warning [IsEnoughWorkspace] [GetSolutionsFallback WTI] Solver <ConvHipImplicitGemmGroupFwdXdlops>, workspace required: 9469952, provided ptr: 0x752f13200000 size: 7454720
MIOpen(HIP): Warning [IsEnoughWorkspace] [GetSolutionsFallback WTI] Solver <ConvAsmImplicitGemmGTCDynamicBwdXdlopsNHWC>, workspace required: 8970240, provided ptr: 0x752f13200000 size: 5324800
MIOpen(HIP): Warning [IsEnoughWorkspace] [GetSolutionsFallback WTI] Solver <ConvHipImplicitGemmGroupBwdXdlops>, workspace required: 8970240, provided ptr: 0x752f13200000 size: 5324800
MIOpen(HIP): Warning [IsEnoughWorkspace] [GetSolutionsFallback AI] Solver <GemmFwdRest>, workspace required: 18636800, provided ptr: 0x752f13714000 size: 7159808
MIOpen(HIP): Warning [IsEnoughWorkspace] [GetSolutionsFallback AI] Solver <GemmFwdRest>, workspace required: 37273600, provided ptr: 0x752fe13d4000 size: 11108352
MIOpen(HIP): Warning [IsEnoughWorkspace] [GetSolutionsFallback AI] Solver <ConvHipImplicitGemmGroupFwdXdlops>, workspace required: 10715136, provided ptr: 0x752fe18e8000 size: 10649600
MIOpen(HIP): Warning [IsEnoughWorkspace] [GetSolutionsFallback WTI] Solver <ConvAsmImplicitGemmGTCDynamicBwdXdlopsNHWC>, workspace required: 10780672, provided ptr: 0x752fe13d4000 size: 10649600
MIOpen(HIP): Warning [IsEnoughWorkspace] [GetSolutionsFallback WTI] Solver <ConvHipImplicitGemmGroupBwdXdlops>, workspace required: 10780672, provided ptr: 0x752fe13d4000 size: 10649600
MIOpen(HIP): Warning [IsEnoughWorkspace] [GetSolutionsFallback AI] Solver <GemmFwdRest>, workspace required: 37273600, provided ptr: 0x752fe18e8000 size: 10764288
MIOpen(HIP): Warning [IsEnoughWorkspace] [GetSolutionsFallback AI] Solver <ConvHipImplicitGemmGroupFwdXdlops>, workspace required: 10665984, provided ptr: 0x752f37c00000 size: 10649600
MIOpen(HIP): Warning [IsEnoughWorkspace] [GetSolutionsFallback AI] Solver <GemmFwdRest>, workspace required: 55910400, provided ptr: 0x752f3839e000 size: 16003072
MIOpen(HIP): Warning [IsEnoughWorkspace] [GetSolutionsFallback AI] Solver <ConvHipImplicitGemmGroupFwdXdlops>, workspace required: 15978496, provided ptr: 0x752f38b3c000 size: 15974400
MIOpen(HIP): Warning [IsEnoughWorkspace] [GetSolutionsFallback AI] Solver <ConvHipImplicitGemmGroupFwdXdlops>, workspace required: 8237824, provided ptr: 0x752f13200000 size: 7988224
MIOpen(HIP): Warning [IsEnoughWorkspace] [GetSolutionsFallback AI] Solver <GemmFwdRest>, workspace required: 55910400, provided ptr: 0x752f13200000 size: 7988224
MIOpen(HIP): Warning [IsEnoughWorkspace] [GetSolutionsFallback AI] Solver <ConvHipImplicitGemmGroupFwdXdlops>, workspace required: 9116672, provided ptr: 0x752e4e2c0000 size: 2487296
MIOpen(HIP): Warning [IsEnoughWorkspace] [GetSolutionsFallback AI] Solver <ConvAsmImplicitGemmGTCDynamicFwdXdlopsNHWC>, workspace required: 9116672, provided ptr: 0x752e4e2c0000 size: 2487296
MIOpen(HIP): Warning [IsEnoughWorkspace] [GetSolutionsFallback WTI] Solver <ConvAsmImplicitGemmGTCDynamicBwdXdlopsNHWC>, workspace required: 40660992, provided ptr: 0x752fe0ec0000 size: 11370496
MIOpen(HIP): Warning [IsEnoughWorkspace] [GetSolutionsFallback WTI] Solver <ConvHipImplicitGemmGroupBwdXdlops>, workspace required: 40660992, provided ptr: 0x752fe0ec0000 size: 11370496
MIOpen(HIP): Warning [IsEnoughWorkspace] [GetSolutionsFallback AI] Solver <GemmFwdRest>, workspace required: 39796736, provided ptr: 0x752f37c00000 size: 18710528
MIOpen(HIP): Warning [IsEnoughWorkspace] [GetSolutionsFallback AI] Solver <GemmFwdRest>, workspace required: 99491840, provided ptr: 0x752f3971c000 size: 30261248
MIOpen(HIP): Warning [IsEnoughWorkspace] [GetSolutionsFallback AI] Solver <ConvHipImplicitGemmGroupFwdXdlops>, workspace required: 28688384, provided ptr: 0x752f3a4aa000 size: 28426240
MIOpen(HIP): Warning [IsEnoughWorkspace] [GetSolutionsFallback AI] Solver <GemmFwdRest>, workspace required: 198983680, provided ptr: 0x752f4031c000 size: 57311232
MIOpen(HIP): Warning [IsEnoughWorkspace] [GetSolutionsFallback AI] Solver <ConvHipImplicitGemmGroupFwdXdlops>, workspace required: 56918016, provided ptr: 0x752f41e38000 size: 56852480
MIOpen(HIP): Warning [IsEnoughWorkspace] [GetSolutionsFallback WTI] Solver <ConvAsmImplicitGemmGTCDynamicBwdXdlopsNHWC>, workspace required: 56983552, provided ptr: 0x752f4031c000 size: 56852480
MIOpen(HIP): Warning [IsEnoughWorkspace] [GetSolutionsFallback WTI] Solver <ConvHipImplicitGemmGroupBwdXdlops>, workspace required: 56983552, provided ptr: 0x752f4031c000 size: 56852480
MIOpen(HIP): Warning [IsEnoughWorkspace] [GetSolutionsFallback AI] Solver <GemmFwdRest>, workspace required: 198983680, provided ptr: 0x752f41e38000 size: 56967168
MIOpen(HIP): Warning [IsEnoughWorkspace] [GetSolutionsFallback AI] Solver <ConvHipImplicitGemmGroupFwdXdlops>, workspace required: 56868864, provided ptr: 0x752f43954000 size: 56852480
MIOpen(HIP): Warning [IsEnoughWorkspace] [GetSolutionsFallback AI] Solver <GemmFwdRest>, workspace required: 298475520, provided ptr: 0x752f43954000 size: 85307392
MIOpen(HIP): Warning [IsEnoughWorkspace] [GetSolutionsFallback AI] Solver <ConvHipImplicitGemmGroupFwdXdlops>, workspace required: 85282816, provided ptr: 0x752f461fe000 size: 85278720
MIOpen(HIP): Warning [IsEnoughWorkspace] [GetSolutionsFallback AI] Solver <ConvHipImplicitGemmGroupFwdXdlops>, workspace required: 43972864, provided ptr: 0x752f37c00000 size: 42640384
MIOpen(HIP): Warning [IsEnoughWorkspace] [GetSolutionsFallback AI] Solver <GemmFwdRest>, workspace required: 298475520, provided ptr: 0x752f37c00000 size: 42640384
MIOpen(HIP): Warning [IsEnoughWorkspace] [GetSolutionsFallback AI] Solver <ConvAsmImplicitGemmGTCDynamicFwdXdlopsNHWC>, workspace required: 7555072, provided ptr: 0x752eacbad000 size: 301056
MIOpen(HIP): Warning [IsEnoughWorkspace] [GetSolutionsFallback AI] Solver <ConvHipImplicitGemmGroupFwdXdlops>, workspace required: 7555072, provided ptr: 0x752eacbad000 size: 301056
MIOpen(HIP): Warning [IsEnoughWorkspace] [GetSolutionsFallback WTI] Solver <ConvAsmImplicitGemmGTCDynamicBwdXdlopsNHWC>, workspace required: 34414592, provided ptr: 0x752e4f280000 size: 1376256
MIOpen(HIP): Warning [IsEnoughWorkspace] [GetSolutionsFallback WTI] Solver <ConvHipImplicitGemmGroupBwdXdlops>, workspace required: 34414592, provided ptr: 0x752e4f280000 size: 1376256
MIOpen(HIP): Warning [IsEnoughWorkspace] [GetSolutionsFallback AI] Solver <ConvHipImplicitGemmGroupFwdXdlops>, workspace required: 2424832, provided ptr: 0 size: 0
MIOpen(HIP): Warning [IsEnoughWorkspace] [GetSolutionsFallback AI] Solver <ConvAsmImplicitGemmGTCDynamicFwdXdlopsNHWC>, workspace required: 1376256, provided ptr: 0 size: 0
MIOpen(HIP): Warning [IsEnoughWorkspace] [GetSolutionsFallback WTI] Solver <ConvAsmImplicitGemmGTCDynamicFwdXdlopsNHWC>, workspace required: 8716288, provided ptr: 0x752e51a00000 size: 4816896
MIOpen(HIP): Warning [IsEnoughWorkspace] [GetSolutionsFallback WTI] Solver <ConvHipImplicitGemmGroupFwdXdlops>, workspace required: 8716288, provided ptr: 0x752e51a00000 size: 4816896
MIOpen(HIP): Warning [IsEnoughWorkspace] [GetSolutionsFallback WTI] Solver <ConvAsmImplicitGemmGTCDynamicFwdXdlopsNHWC>, workspace required: 8716288, provided ptr: 0x752e51a00000 size: 4816896
MIOpen(HIP): Warning [IsEnoughWorkspace] [GetSolutionsFallback WTI] Solver <ConvHipImplicitGemmGroupFwdXdlops>, workspace required: 8716288, provided ptr: 0x752e51a00000 size: 4816896
MIOpen(HIP): Warning [IsEnoughWorkspace] [GetSolutionsFallback WTI] Solver <ConvAsmImplicitGemmGTCDynamicBwdXdlopsNHWC>, workspace required: 7651328, provided ptr: 0x752e51a00000 size: 3440640
MIOpen(HIP): Warning [IsEnoughWorkspace] [GetSolutionsFallback WTI] Solver <ConvHipImplicitGemmGroupBwdXdlops>, workspace required: 7651328, provided ptr: 0x752e51a00000 size: 3440640
MIOpen(HIP): Warning [IsEnoughWorkspace] [GetSolutionsFallback AI] Solver <GemmFwdRest>, workspace required: 12042240, provided ptr: 0x752f13200000 size: 5275648
MIOpen(HIP): Warning [IsEnoughWorkspace] [GetSolutionsFallback AI] Solver <GemmFwdRest>, workspace required: 24084480, provided ptr: 0x752f13890000 size: 7340032
MIOpen(HIP): Warning [IsEnoughWorkspace] [GetSolutionsFallback AI] Solver <ConvAsmImplicitGemmGTCDynamicFwdXdlopsNHWC>, workspace required: 6881280, provided ptr: 0 size: 0
MIOpen(HIP): Warning [IsEnoughWorkspace] [GetSolutionsFallback AI] Solver <ConvHipImplicitGemmGroupFwdXdlops>, workspace required: 6946816, provided ptr: 0 size: 0
MIOpen(HIP): Warning [IsEnoughWorkspace] [GetSolutionsFallback WTI] Solver <ConvAsmImplicitGemmGTCDynamicBwdXdlopsNHWC>, workspace required: 7012352, provided ptr: 0x752f13890000 size: 6881280
MIOpen(HIP): Warning [IsEnoughWorkspace] [GetSolutionsFallback WTI] Solver <ConvHipImplicitGemmGroupBwdXdlops>, workspace required: 7012352, provided ptr: 0x752f13890000 size: 6881280
MIOpen(HIP): Warning [IsEnoughWorkspace] [GetSolutionsFallback AI] Solver <GemmFwdRest>, workspace required: 24084480, provided ptr: 0x752fe0ec0000 size: 6995968
MIOpen(HIP): Warning [IsEnoughWorkspace] [GetSolutionsFallback AI] Solver <ConvHipImplicitGemmGroupFwdXdlops>, workspace required: 6897664, provided ptr: 0x752fe0ec0000 size: 6881280
MIOpen(HIP): Warning [IsEnoughWorkspace] [GetSolutionsFallback AI] Solver <GemmFwdRest>, workspace required: 36126720, provided ptr: 0x752fe0ec0000 size: 10350592
MIOpen(HIP): Warning [IsEnoughWorkspace] [GetSolutionsFallback AI] Solver <ConvHipImplicitGemmGroupFwdXdlops>, workspace required: 10326016, provided ptr: 0x752fe13ac000 size: 10321920
MIOpen(HIP): Warning [IsEnoughWorkspace] [GetSolutionsFallback AI] Solver <ConvHipImplicitGemmGroupFwdXdlops>, workspace required: 5323264, provided ptr: 0x752e51a00000 size: 5161984
MIOpen(HIP): Warning [IsEnoughWorkspace] [GetSolutionsFallback AI] Solver <GemmFwdRest>, workspace required: 36126720, provided ptr: 0x752e51a00000 size: 5161984
MIOpen(HIP): Warning [IsEnoughWorkspace] [GetSolutionsFallback AI] Solver <ConvHipImplicitGemmGroupFwdXdlops>, workspace required: 9213952, provided ptr: 0x752e4e2c0000 size: 2623488
MIOpen(HIP): Warning [IsEnoughWorkspace] [GetSolutionsFallback AI] Solver <ConvAsmImplicitGemmGTCDynamicFwdXdlopsNHWC>, workspace required: 9213952, provided ptr: 0x752e4e2c0000 size: 2623488
MIOpen(HIP): Warning [IsEnoughWorkspace] [GetSolutionsFallback WTI] Solver <ConvAsmImplicitGemmGTCDynamicBwdXdlopsNHWC>, workspace required: 41050112, provided ptr: 0x752fe0ec0000 size: 11993088
MIOpen(HIP): Warning [IsEnoughWorkspace] [GetSolutionsFallback WTI] Solver <ConvHipImplicitGemmGroupBwdXdlops>, workspace required: 41050112, provided ptr: 0x752fe0ec0000 size: 11993088
MIOpen(HIP): Warning [IsEnoughWorkspace] [GetSolutionsFallback AI] Solver <GemmFwdRest>, workspace required: 41975808, provided ptr: 0x752f37c00000 size: 19333120
MIOpen(HIP): Warning [IsEnoughWorkspace] [GetSolutionsFallback AI] Solver <GemmFwdRest>, workspace required: 104939520, provided ptr: 0x752f39898000 size: 31817728
MIOpen(HIP): Warning [IsEnoughWorkspace] [GetSolutionsFallback AI] Solver <ConvHipImplicitGemmGroupFwdXdlops>, workspace required: 30244864, provided ptr: 0x752f3a6e4000 size: 29982720
MIOpen(HIP): Warning [IsEnoughWorkspace] [GetSolutionsFallback AI] Solver <GemmFwdRest>, workspace required: 209879040, provided ptr: 0x752f40498000 size: 60424192
MIOpen(HIP): Warning [IsEnoughWorkspace] [GetSolutionsFallback AI] Solver <ConvHipImplicitGemmGroupFwdXdlops>, workspace required: 60030976, provided ptr: 0x752f42130000 size: 59965440
MIOpen(HIP): Warning [IsEnoughWorkspace] [GetSolutionsFallback WTI] Solver <ConvAsmImplicitGemmGTCDynamicBwdXdlopsNHWC>, workspace required: 60096512, provided ptr: 0x752f40498000 size: 59965440
MIOpen(HIP): Warning [IsEnoughWorkspace] [GetSolutionsFallback WTI] Solver <ConvHipImplicitGemmGroupBwdXdlops>, workspace required: 60096512, provided ptr: 0x752f40498000 size: 59965440
MIOpen(HIP): Warning [IsEnoughWorkspace] [GetSolutionsFallback AI] Solver <GemmFwdRest>, workspace required: 209879040, provided ptr: 0x752f42130000 size: 60080128
MIOpen(HIP): Warning [IsEnoughWorkspace] [GetSolutionsFallback AI] Solver <ConvHipImplicitGemmGroupFwdXdlops>, workspace required: 59981824, provided ptr: 0x752f43dc8000 size: 59965440
MIOpen(HIP): Warning [IsEnoughWorkspace] [GetSolutionsFallback AI] Solver <GemmFwdRest>, workspace required: 314818560, provided ptr: 0x752f43dc8000 size: 89976832
MIOpen(HIP): Warning [IsEnoughWorkspace] [GetSolutionsFallback AI] Solver <ConvHipImplicitGemmGroupFwdXdlops>, workspace required: 89952256, provided ptr: 0x752f468ac000 size: 89948160
MIOpen(HIP): Warning [IsEnoughWorkspace] [GetSolutionsFallback AI] Solver <ConvHipImplicitGemmGroupFwdXdlops>, workspace required: 46380544, provided ptr: 0x752f37c00000 size: 44975104
MIOpen(HIP): Warning [IsEnoughWorkspace] [GetSolutionsFallback AI] Solver <GemmFwdRest>, workspace required: 314818560, provided ptr: 0x752f37c00000 size: 44975104
MIOpen(HIP): Warning [IsEnoughWorkspace] [GetSolutionsFallback AI] Solver <ConvAsmImplicitGemmGTCDynamicFwdXdlopsNHWC>, workspace required: 7570432, provided ptr: 0x752eacbb0000 size: 322560
MIOpen(HIP): Warning [IsEnoughWorkspace] [GetSolutionsFallback AI] Solver <ConvHipImplicitGemmGroupFwdXdlops>, workspace required: 7570432, provided ptr: 0x752eacbb0000 size: 322560
MIOpen(HIP): Warning [IsEnoughWorkspace] [GetSolutionsFallback WTI] Solver <ConvAsmImplicitGemmGTCDynamicBwdXdlopsNHWC>, workspace required: 34476032, provided ptr: 0x752e4f280000 size: 1474560
MIOpen(HIP): Warning [IsEnoughWorkspace] [GetSolutionsFallback WTI] Solver <ConvHipImplicitGemmGroupBwdXdlops>, workspace required: 34476032, provided ptr: 0x752e4f280000 size: 1474560
MIOpen(HIP): Warning [IsEnoughWorkspace] [GetSolutionsFallback AI] Solver <ConvHipImplicitGemmGroupFwdXdlops>, workspace required: 2523136, provided ptr: 0 size: 0
MIOpen(HIP): Warning [IsEnoughWorkspace] [GetSolutionsFallback AI] Solver <ConvAsmImplicitGemmGTCDynamicFwdXdlopsNHWC>, workspace required: 1474560, provided ptr: 0 size: 0
MIOpen(HIP): Warning [IsEnoughWorkspace] [GetSolutionsFallback WTI] Solver <ConvAsmImplicitGemmGTCDynamicFwdXdlopsNHWC>, workspace required: 8814592, provided ptr: 0x752e51a00000 size: 5160960
MIOpen(HIP): Warning [IsEnoughWorkspace] [GetSolutionsFallback WTI] Solver <ConvHipImplicitGemmGroupFwdXdlops>, workspace required: 8814592, provided ptr: 0x752e51a00000 size: 5160960
MIOpen(HIP): Warning [IsEnoughWorkspace] [GetSolutionsFallback WTI] Solver <ConvAsmImplicitGemmGTCDynamicFwdXdlopsNHWC>, workspace required: 8814592, provided ptr: 0x752e51a00000 size: 5160960
MIOpen(HIP): Warning [IsEnoughWorkspace] [GetSolutionsFallback WTI] Solver <ConvHipImplicitGemmGroupFwdXdlops>, workspace required: 8814592, provided ptr: 0x752e51a00000 size: 5160960
MIOpen(HIP): Warning [IsEnoughWorkspace] [GetSolutionsFallback WTI] Solver <ConvAsmImplicitGemmGTCDynamicBwdXdlopsNHWC>, workspace required: 7823360, provided ptr: 0x752e51a00000 size: 3686400
MIOpen(HIP): Warning [IsEnoughWorkspace] [GetSolutionsFallback WTI] Solver <ConvHipImplicitGemmGroupBwdXdlops>, workspace required: 7823360, provided ptr: 0x752e51a00000 size: 3686400
MIOpen(HIP): Warning [IsEnoughWorkspace] [GetSolutionsFallback AI] Solver <GemmFwdRest>, workspace required: 12902400, provided ptr: 0x752f13200000 size: 5521408
MIOpen(HIP): Warning [IsEnoughWorkspace] [GetSolutionsFallback AI] Solver <ConvAsmImplicitGemmGTCDynamicFwdXdlopsNHWC>, workspace required: 7831552, provided ptr: 0 size: 0
MIOpen(HIP): Warning [IsEnoughWorkspace] [GetSolutionsFallback AI] Solver <ConvHipImplicitGemmGroupFwdXdlops>, workspace required: 7831552, provided ptr: 0 size: 0
MIOpen(HIP): Warning [IsEnoughWorkspace] [GetSolutionsFallback AI] Solver <GemmFwdRest>, workspace required: 25804800, provided ptr: 0 size: 0
MIOpen(HIP): Warning [IsEnoughWorkspace] [GetSolutionsFallback AI] Solver <ConvAsmImplicitGemmGTCDynamicFwdXdlopsNHWC>, workspace required: 7372800, provided ptr: 0 size: 0
MIOpen(HIP): Warning [IsEnoughWorkspace] [GetSolutionsFallback AI] Solver <ConvHipImplicitGemmGroupFwdXdlops>, workspace required: 7438336, provided ptr: 0 size: 0
MIOpen(HIP): Warning [IsEnoughWorkspace] [GetSolutionsFallback WTI] Solver <ConvAsmImplicitGemmGTCDynamicBwdXdlopsNHWC>, workspace required: 7503872, provided ptr: 0x752fe0ec0000 size: 7372800
MIOpen(HIP): Warning [IsEnoughWorkspace] [GetSolutionsFallback WTI] Solver <ConvHipImplicitGemmGroupBwdXdlops>, workspace required: 7503872, provided ptr: 0x752fe0ec0000 size: 7372800
MIOpen(HIP): Warning [IsEnoughWorkspace] [GetSolutionsFallback AI] Solver <GemmFwdRest>, workspace required: 25804800, provided ptr: 0x752fe0ec0000 size: 7487488
MIOpen(HIP): Warning [IsEnoughWorkspace] [GetSolutionsFallback AI] Solver <ConvHipImplicitGemmGroupFwdXdlops>, workspace required: 7389184, provided ptr: 0x752fe1244000 size: 7372800
MIOpen(HIP): Warning [IsEnoughWorkspace] [GetSolutionsFallback AI] Solver <GemmFwdRest>, workspace required: 38707200, provided ptr: 0x752fe194c000 size: 11087872
MIOpen(HIP): Warning [IsEnoughWorkspace] [GetSolutionsFallback AI] Solver <ConvHipImplicitGemmGroupFwdXdlops>, workspace required: 11063296, provided ptr: 0x752f37c00000 size: 11059200
MIOpen(HIP): Warning [IsEnoughWorkspace] [GetSolutionsFallback AI] Solver <ConvHipImplicitGemmGroupFwdXdlops>, workspace required: 5703424, provided ptr: 0x752f13200000 size: 5530624
MIOpen(HIP): Warning [IsEnoughWorkspace] [GetSolutionsFallback AI] Solver <GemmFwdRest>, workspace required: 38707200, provided ptr: 0x752f13200000 size: 5530624
[0;36m(APIServer pid=47055)[0;0m [32mINFO[0m [90m10-07 15:23:24[0m [90m[stats.py:902][0m [OmniTiming] req=speech-af598f6b18bce5dd-b21944f9 total=7.89s engine=7.89s stages=[0:7.89s]
INFO:     127.0.0.1:52128 - "POST /v1/audio/speech HTTP/1.1" 200 OK
[0;36m(APIServer pid=47055)[0;0m [32mINFO[0m [90m10-07 15:23:24[0m [90m[serving_speech.py:2423][0m Diffusion TTS speech request speech-95c393aedcf6fca2: voice_clone=False
[0;36m(APIServer pid=47055)[0;0m [32mINFO[0m [90m10-07 15:23:24[0m [90m[serving_speech.py:2471][0m Applied diffusion speech params: seed=42 extra_params={}
[0;36m(APIServer pid=47055)[0;0m [32mINFO[0m [90m10-07 15:23:24[0m [90m[diffusion_engine.py:764][0m [RequestBatch] admission wait done waiting=1 max_batch=8 waited_ms=2.1
MIOpen(HIP): Warning [IsEnoughWorkspace] [GetSolutionsFallback AI] Solver <ConvHipImplicitGemmGroupFwdXdlops>, workspace required: 9121792, provided ptr: 0x752e4e2c0000 size: 2494464
MIOpen(HIP): Warning [IsEnoughWorkspace] [GetSolutionsFallback AI] Solver <ConvAsmImplicitGemmGTCDynamicFwdXdlopsNHWC>, workspace required: 9121792, provided ptr: 0x752e4e2c0000 size: 2494464
MIOpen(HIP): Warning [IsEnoughWorkspace] [GetSolutionsFallback WTI] Solver <ConvAsmImplicitGemmGTCDynamicBwdXdlopsNHWC>, workspace required: 40681472, provided ptr: 0x752fe0ec0000 size: 11403264
MIOpen(HIP): Warning [IsEnoughWorkspace] [GetSolutionsFallback WTI] Solver <ConvHipImplicitGemmGroupBwdXdlops>, workspace required: 40681472, provided ptr: 0x752fe0ec0000 size: 11403264
MIOpen(HIP): Warning [IsEnoughWorkspace] [GetSolutionsFallback AI] Solver <GemmFwdRest>, workspace required: 39911424, provided ptr: 0x752f37c00000 size: 18743296
MIOpen(HIP): Warning [IsEnoughWorkspace] [GetSolutionsFallback AI] Solver <GemmFwdRest>, workspace required: 99778560, provided ptr: 0x752f39730000 size: 30343168
MIOpen(HIP): Warning [IsEnoughWorkspace] [GetSolutionsFallback AI] Solver <ConvHipImplicitGemmGroupFwdXdlops>, workspace required: 28770304, provided ptr: 0x752f3a4c8000 size: 28508160
MIOpen(HIP): Warning [IsEnoughWorkspace] [GetSolutionsFallback AI] Solver <GemmFwdRest>, workspace required: 199557120, provided ptr: 0x752f40330000 size: 57475072
MIOpen(HIP): Warning [IsEnoughWorkspace] [GetSolutionsFallback AI] Solver <ConvHipImplicitGemmGroupFwdXdlops>, workspace required: 57081856, provided ptr: 0x752f41e60000 size: 57016320
MIOpen(HIP): Warning [IsEnoughWorkspace] [GetSolutionsFallback WTI] Solver <ConvAsmImplicitGemmGTCDynamicBwdXdlopsNHWC>, workspace required: 57147392, provided ptr: 0x752f40330000 size: 57016320
MIOpen(HIP): Warning [IsEnoughWorkspace] [GetSolutionsFallback WTI] Solver <ConvHipImplicitGemmGroupBwdXdlops>, workspace required: 57147392, provided ptr: 0x752f40330000 size: 57016320
MIOpen(HIP): Warning [IsEnoughWorkspace] [GetSolutionsFallback AI] Solver <GemmFwdRest>, workspace required: 199557120, provided ptr: 0x752f41e60000 size: 57131008
MIOpen(HIP): Warning [IsEnoughWorkspace] [GetSolutionsFallback AI] Solver <ConvHipImplicitGemmGroupFwdXdlops>, workspace required: 57032704, provided ptr: 0x752f43990000 size: 57016320
MIOpen(HIP): Warning [IsEnoughWorkspace] [GetSolutionsFallback AI] Solver <GemmFwdRest>, workspace required: 299335680, provided ptr: 0x752f43990000 size: 85553152
MIOpen(HIP): Warning [IsEnoughWorkspace] [GetSolutionsFallback AI] Solver <ConvHipImplicitGemmGroupFwdXdlops>, workspace required: 85528576, provided ptr: 0x752f46258000 size: 85524480
MIOpen(HIP): Warning [IsEnoughWorkspace] [GetSolutionsFallback AI] Solver <ConvHipImplicitGemmGroupFwdXdlops>, workspace required: 44099584, provided ptr: 0x752f37c00000 size: 42763264
MIOpen(HIP): Warning [IsEnoughWorkspace] [GetSolutionsFallback AI] Solver <GemmFwdRest>, workspace required: 299335680, provided ptr: 0x752f37c00000 size: 42763264
MIOpen(HIP): Warning [IsEnoughWorkspace] [GetSolutionsFallback AI] Solver <ConvHipImplicitGemmGroupFwdXdlops>, workspace required: 8497152, provided ptr: 0x752e4e2c0000 size: 1619968
MIOpen(HIP): Warning [IsEnoughWorkspace] [GetSolutionsFallback AI] Solver <ConvAsmImplicitGemmGTCDynamicFwdXdlopsNHWC>, workspace required: 8497152, provided ptr: 0x752e4e2c0000 size: 1619968
MIOpen(HIP): Warning [IsEnoughWorkspace] [GetSolutionsFallback WTI] Solver <ConvAsmImplicitGemmGTCDynamicBwdXdlopsNHWC>, workspace required: 38182912, provided ptr: 0x752f13200000 size: 7405568
MIOpen(HIP): Warning [IsEnoughWorkspace] [GetSolutionsFallback WTI] Solver <ConvHipImplicitGemmGroupBwdXdlops>, workspace required: 38182912, provided ptr: 0x752f13200000 size: 7405568
MIOpen(HIP): Warning [IsEnoughWorkspace] [GetSolutionsFallback AI] Solver <GemmFwdRest>, workspace required: 25919488, provided ptr: 0x752fe0ec0000 size: 14745600
MIOpen(HIP): Warning [IsEnoughWorkspace] [GetSolutionsFallback AI] Solver <GemmFwdRest>, workspace required: 64798720, provided ptr: 0x752f37c00000 size: 20348928
MIOpen(HIP): Warning [IsEnoughWorkspace] [GetSolutionsFallback AI] Solver <ConvHipImplicitGemmGroupFwdXdlops>, workspace required: 18776064, provided ptr: 0x752f384d4000 size: 18513920
MIOpen(HIP): Warning [IsEnoughWorkspace] [GetSolutionsFallback AI] Solver <GemmFwdRest>, workspace required: 129597440, provided ptr: 0x752f3e800000 size: 37486592
MIOpen(HIP): Warning [IsEnoughWorkspace] [GetSolutionsFallback AI] Solver <ConvHipImplicitGemmGroupFwdXdlops>, workspace required: 37093376, provided ptr: 0x752f3e800000 size: 37027840
MIOpen(HIP): Warning [IsEnoughWorkspace] [GetSolutionsFallback WTI] Solver <ConvAsmImplicitGemmGTCDynamicBwdXdlopsNHWC>, workspace required: 37158912, provided ptr: 0x752f39f50000 size: 37027840
MIOpen(HIP): Warning [IsEnoughWorkspace] [GetSolutionsFallback WTI] Solver <ConvHipImplicitGemmGroupBwdXdlops>, workspace required: 37158912, provided ptr: 0x752f39f50000 size: 37027840
MIOpen(HIP): Warning [IsEnoughWorkspace] [GetSolutionsFallback AI] Solver <GemmFwdRest>, workspace required: 129597440, provided ptr: 0x752f3e800000 size: 37142528
MIOpen(HIP): Warning [IsEnoughWorkspace] [GetSolutionsFallback AI] Solver <ConvHipImplicitGemmGroupFwdXdlops>, workspace required: 37044224, provided ptr: 0x752f3e800000 size: 37027840
MIOpen(HIP): Warning [IsEnoughWorkspace] [GetSolutionsFallback AI] Solver <GemmFwdRest>, workspace required: 194396160, provided ptr: 0x752f4027c000 size: 55570432
MIOpen(HIP): Warning [IsEnoughWorkspace] [GetSolutionsFallback AI] Solver <ConvHipImplicitGemmGroupFwdXdlops>, workspace required: 55545856, provided ptr: 0x752f41cf8000 size: 55541760
MIOpen(HIP): Warning [IsEnoughWorkspace] [GetSolutionsFallback AI] Solver <ConvHipImplicitGemmGroupFwdXdlops>, workspace required: 28639744, provided ptr: 0x752f3967c000 size: 27771904
MIOpen(HIP): Warning [IsEnoughWorkspace] [GetSolutionsFallback AI] Solver <GemmFwdRest>, workspace required: 194396160, provided ptr: 0x752f3967c000 size: 27771904
MIOpen(HIP): Warning [IsEnoughWorkspace] [GetSolutionsFallback AI] Solver <ConvHipImplicitGemmGroupFwdXdlops>, workspace required: 8963072, provided ptr: 0x752e4e2c0000 size: 2272256
MIOpen(HIP): Warning [IsEnoughWorkspace] [GetSolutionsFallback AI] Solver <ConvAsmImplicitGemmGTCDynamicFwdXdlopsNHWC>, workspace required: 8963072, provided ptr: 0x752e4e2c0000 size: 2272256
MIOpen(HIP): Warning [IsEnoughWorkspace] [GetSolutionsFallback WTI] Solver <ConvAsmImplicitGemmGTCDynamicBwdXdlopsNHWC>, workspace required: 40046592, provided ptr: 0x752f13200000 size: 10387456
MIOpen(HIP): Warning [IsEnoughWorkspace] [GetSolutionsFallback WTI] Solver <ConvHipImplicitGemmGroupBwdXdlops>, workspace required: 40046592, provided ptr: 0x752f13200000 size: 10387456
MIOpen(HIP): Warning [IsEnoughWorkspace] [GetSolutionsFallback AI] Solver <GemmFwdRest>, workspace required: 36356096, provided ptr: 0x752fe0ec0000 size: 17727488
MIOpen(HIP): Warning [IsEnoughWorkspace] [GetSolutionsFallback AI] Solver <GemmFwdRest>, workspace required: 90890240, provided ptr: 0x752f394c4000 size: 27803648
MIOpen(HIP): Warning [IsEnoughWorkspace] [GetSolutionsFallback AI] Solver <ConvHipImplicitGemmGroupFwdXdlops>, workspace required: 26230784, provided ptr: 0x752f3a126000 size: 25968640
MIOpen(HIP): Warning [IsEnoughWorkspace] [GetSolutionsFallback AI] Solver <GemmFwdRest>, workspace required: 181780480, provided ptr: 0x752f400c4000 size: 52396032
MIOpen(HIP): Warning [IsEnoughWorkspace] [GetSolutionsFallback AI] Solver <ConvHipImplicitGemmGroupFwdXdlops>, workspace required: 52002816, provided ptr: 0x752f41988000 size: 51937280
MIOpen(HIP): Warning [IsEnoughWorkspace] [GetSolutionsFallback WTI] Solver <ConvAsmImplicitGemmGTCDynamicBwdXdlopsNHWC>, workspace required: 52068352, provided ptr: 0x752f400c4000 size: 51937280
MIOpen(HIP): Warning [IsEnoughWorkspace] [GetSolutionsFallback WTI] Solver <ConvHipImplicitGemmGroupBwdXdlops>, workspace required: 52068352, provided ptr: 0x752f400c4000 size: 51937280
MIOpen(HIP): Warning [IsEnoughWorkspace] [GetSolutionsFallback AI] Solver <GemmFwdRest>, workspace required: 181780480, provided ptr: 0x752f400c4000 size: 52051968
MIOpen(HIP): Warning [IsEnoughWorkspace] [GetSolutionsFallback AI] Solver <ConvHipImplicitGemmGroupFwdXdlops>, workspace required: 51953664, provided ptr: 0x752f41988000 size: 51937280
MIOpen(HIP): Warning [IsEnoughWorkspace] [GetSolutionsFallback AI] Solver <GemmFwdRest>, workspace required: 272670720, provided ptr: 0x752f4324c000 size: 77934592
MIOpen(HIP): Warning [IsEnoughWorkspace] [GetSolutionsFallback AI] Solver <ConvHipImplicitGemmGroupFwdXdlops>, workspace required: 77910016, provided ptr: 0x752f45772000 size: 77905920
MIOpen(HIP): Warning [IsEnoughWorkspace] [GetSolutionsFallback AI] Solver <ConvHipImplicitGemmGroupFwdXdlops>, workspace required: 40171264, provided ptr: 0x752f37c00000 size: 38953984
MIOpen(HIP): Warning [IsEnoughWorkspace] [GetSolutionsFallback AI] Solver <GemmFwdRest>, workspace required: 272670720, provided ptr: 0x752f37c00000 size: 38953984
MIOpen(HIP): Warning [IsEnoughWorkspace] [GetSolutionsFallback AI] Solver <ConvHipImplicitGemmGroupFwdXdlops>, workspace required: 8169472, provided ptr: 0x752e4f280000 size: 1161216
MIOpen(HIP): Warning [IsEnoughWorkspace] [GetSolutionsFallback AI] Solver <ConvAsmImplicitGemmGTCDynamicFwdXdlopsNHWC>, workspace required: 8169472, provided ptr: 0x752e4f280000 size: 1161216
MIOpen(HIP): Warning [IsEnoughWorkspace] [GetSolutionsFallback WTI] Solver <ConvAsmImplicitGemmGTCDynamicBwdXdlopsNHWC>, workspace required: 36872192, provided ptr: 0x752f13200000 size: 5308416
MIOpen(HIP): Warning [IsEnoughWorkspace] [GetSolutionsFallback WTI] Solver <ConvHipImplicitGemmGroupBwdXdlops>, workspace required: 36872192, provided ptr: 0x752f13200000 size: 5308416
MIOpen(HIP): Warning [IsEnoughWorkspace] [GetSolutionsFallback AI] Solver <GemmFwdRest>, workspace required: 18579456, provided ptr: 0x752fe0ec0000 size: 12648448
MIOpen(HIP): Warning [IsEnoughWorkspace] [GetSolutionsFallback WTI] Solver <ConvAsmImplicitGemmGTCDynamicBwdXdlopsNHWC>, workspace required: 14532608, provided ptr: 0x752fe0ec0000 size: 13271040
MIOpen(HIP): Warning [IsEnoughWorkspace] [GetSolutionsFallback WTI] Solver <ConvHipImplicitGemmGroupBwdXdlops>, workspace required: 14532608, provided ptr: 0x752fe0ec0000 size: 13271040
MIOpen(HIP): Warning [IsEnoughWorkspace] [GetSolutionsFallback AI] Solver <GemmFwdRest>, workspace required: 46448640, provided ptr: 0x752f37c00000 size: 15106048
MIOpen(HIP): Warning [IsEnoughWorkspace] [GetSolutionsFallback AI] Solver <ConvHipImplicitGemmGroupFwdXdlops>, workspace required: 13533184, provided ptr: 0x752f37c00000 size: 13271040
MIOpen(HIP): Warning [IsEnoughWorkspace] [GetSolutionsFallback AI] Solver <GemmFwdRest>, workspace required: 92897280, provided ptr: 0x752f388a8000 size: 27000832
MIOpen(HIP): Warning [IsEnoughWorkspace] [GetSolutionsFallback AI] Solver <ConvHipImplicitGemmGroupFwdXdlops>, workspace required: 26607616, provided ptr: 0x752f39550000 size: 26542080
MIOpen(HIP): Warning [IsEnoughWorkspace] [GetSolutionsFallback WTI] Solver <ConvAsmImplicitGemmGTCDynamicBwdXdlopsNHWC>, workspace required: 26673152, provided ptr: 0x752f388a8000 size: 26542080
MIOpen(HIP): Warning [IsEnoughWorkspace] [GetSolutionsFallback WTI] Solver <ConvHipImplicitGemmGroupBwdXdlops>, workspace required: 26673152, provided ptr: 0x752f388a8000 size: 26542080
MIOpen(HIP): Warning [IsEnoughWorkspace] [GetSolutionsFallback AI] Solver <GemmFwdRest>, workspace required: 92897280, provided ptr: 0x752f39550000 size: 26656768
MIOpen(HIP): Warning [IsEnoughWorkspace] [GetSolutionsFallback AI] Solver <ConvHipImplicitGemmGroupFwdXdlops>, workspace required: 26558464, provided ptr: 0x752f3a1f8000 size: 26542080
MIOpen(HIP): Warning [IsEnoughWorkspace] [GetSolutionsFallback AI] Solver <GemmFwdRest>, workspace required: 139345920, provided ptr: 0x752f3e800000 size: 39841792
MIOpen(HIP): Warning [IsEnoughWorkspace] [GetSolutionsFallback AI] Solver <ConvHipImplicitGemmGroupFwdXdlops>, workspace required: 39817216, provided ptr: 0x752f3fafc000 size: 39813120
MIOpen(HIP): Warning [IsEnoughWorkspace] [GetSolutionsFallback AI] Solver <ConvHipImplicitGemmGroupFwdXdlops>, workspace required: 20529664, provided ptr: 0x752f37c00000 size: 19907584
MIOpen(HIP): Warning [IsEnoughWorkspace] [GetSolutionsFallback AI] Solver <GemmFwdRest>, workspace required: 139345920, provided ptr: 0x752f37c00000 size: 19907584
MIOpen(HIP): Warning [IsEnoughWorkspace] [GetSolutionsFallback AI] Solver <ConvHipImplicitGemmGroupFwdXdlops>, workspace required: 8389632, provided ptr: 0x752e4f280000 size: 1469440
MIOpen(HIP): Warning [IsEnoughWorkspace] [GetSolutionsFallback AI] Solver <ConvAsmImplicitGemmGTCDynamicFwdXdlopsNHWC>, workspace required: 8389632, provided ptr: 0x752e4f280000 size: 1469440
MIOpen(HIP): Warning [IsEnoughWorkspace] [GetSolutionsFallback WTI] Solver <ConvAsmImplicitGemmGTCDynamicBwdXdlopsNHWC>, workspace required: 37752832, provided ptr: 0x752f13200000 size: 6717440
MIOpen(HIP): Warning [IsEnoughWorkspace] [GetSolutionsFallback WTI] Solver <ConvHipImplicitGemmGroupBwdXdlops>, workspace required: 37752832, provided ptr: 0x752f13200000 size: 6717440
MIOpen(HIP): Warning [IsEnoughWorkspace] [GetSolutionsFallback AI] Solver <GemmFwdRest>, workspace required: 23511040, provided ptr: 0x752fe0ec0000 size: 14057472
MIOpen(HIP): Warning [IsEnoughWorkspace] [GetSolutionsFallback WTI] Solver <ConvAsmImplicitGemmGTCDynamicBwdXdlopsNHWC>, workspace required: 16998400, provided ptr: 0x752fe0ec0000 size: 16793600
MIOpen(HIP): Warning [IsEnoughWorkspace] [GetSolutionsFallback WTI] Solver <ConvHipImplicitGemmGroupBwdXdlops>, workspace required: 16998400, provided ptr: 0x752fe0ec0000 size: 16793600
MIOpen(HIP): Warning [IsEnoughWorkspace] [GetSolutionsFallback AI] Solver <GemmFwdRest>, workspace required: 58777600, provided ptr: 0x752f37c00000 size: 18628608
MIOpen(HIP): Warning [IsEnoughWorkspace] [GetSolutionsFallback AI] Solver <ConvAsmImplicitGemmGTCDynamicFwdXdlopsNHWC>, workspace required: 16793600, provided ptr: 0 size: 0
MIOpen(HIP): Warning [IsEnoughWorkspace] [GetSolutionsFallback AI] Solver <ConvHipImplicitGemmGroupFwdXdlops>, workspace required: 17055744, provided ptr: 0 size: 0
MIOpen(HIP): Warning [IsEnoughWorkspace] [GetSolutionsFallback AI] Solver <GemmFwdRest>, workspace required: 117555200, provided ptr: 0x752f3e800000 size: 34045952
MIOpen(HIP): Warning [IsEnoughWorkspace] [GetSolutionsFallback AI] Solver <ConvHipImplicitGemmGroupFwdXdlops>, workspace required: 33652736, provided ptr: 0x752f3e800000 size: 33587200
MIOpen(HIP): Warning [IsEnoughWorkspace] [GetSolutionsFallback WTI] Solver <ConvAsmImplicitGemmGTCDynamicBwdXdlopsNHWC>, workspace required: 33718272, provided ptr: 0x752f39c08000 size: 33587200
MIOpen(HIP): Warning [IsEnoughWorkspace] [GetSolutionsFallback WTI] Solver <ConvHipImplicitGemmGroupBwdXdlops>, workspace required: 33718272, provided ptr: 0x752f39c08000 size: 33587200
MIOpen(HIP): Warning [IsEnoughWorkspace] [GetSolutionsFallback AI] Solver <GemmFwdRest>, workspace required: 117555200, provided ptr: 0x752f3e800000 size: 33701888
MIOpen(HIP): Warning [IsEnoughWorkspace] [GetSolutionsFallback AI] Solver <ConvHipImplicitGemmGroupFwdXdlops>, workspace required: 33603584, provided ptr: 0x752f3e800000 size: 33587200
MIOpen(HIP): Warning [IsEnoughWorkspace] [GetSolutionsFallback AI] Solver <GemmFwdRest>, workspace required: 176332800, provided ptr: 0x752f40006000 size: 50409472
MIOpen(HIP): Warning [IsEnoughWorkspace] [GetSolutionsFallback AI] Solver <ConvHipImplicitGemmGroupFwdXdlops>, workspace required: 50384896, provided ptr: 0x752f4180c000 size: 50380800
MIOpen(HIP): Warning [IsEnoughWorkspace] [GetSolutionsFallback AI] Solver <ConvHipImplicitGemmGroupFwdXdlops>, workspace required: 25978624, provided ptr: 0x752f39406000 size: 25191424
MIOpen(HIP): Warning [IsEnoughWorkspace] [GetSolutionsFallback AI] Solver <GemmFwdRest>, workspace required: 176332800, provided ptr: 0x752f39406000 size: 25191424
MIOpen(HIP): Warning [IsEnoughWorkspace] [GetSolutionsFallback AI] Solver <ConvHipImplicitGemmGroupFwdXdlops>, workspace required: 7882752, provided ptr: 0x752eb7800000 size: 759808
MIOpen(HIP): Warning [IsEnoughWorkspace] [GetSolutionsFallback AI] Solver <ConvAsmImplicitGemmGTCDynamicFwdXdlopsNHWC>, workspace required: 7882752, provided ptr: 0x752eb7800000 size: 759808
MIOpen(HIP): Warning [IsEnoughWorkspace] [GetSolutionsFallback WTI] Solver <ConvAsmImplicitGemmGTCDynamicBwdXdlopsNHWC>, workspace required: 35725312, provided ptr: 0x752e51a00000 size: 3473408
MIOpen(HIP): Warning [IsEnoughWorkspace] [GetSolutionsFallback WTI] Solver <ConvHipImplicitGemmGroupBwdXdlops>, workspace required: 35725312, provided ptr: 0x752e51a00000 size: 3473408
MIOpen(HIP): Warning [IsEnoughWorkspace] [GetSolutionsFallback WTI] Solver <ConvAsmImplicitGemmGTCDynamicBwdXdlopsNHWC>, workspace required: 11321344, provided ptr: 0x752f13624000 size: 8683520
MIOpen(HIP): Warning [IsEnoughWorkspace] [GetSolutionsFallback WTI] Solver <ConvHipImplicitGemmGroupBwdXdlops>, workspace required: 11321344, provided ptr: 0x752f13624000 size: 8683520
MIOpen(HIP): Warning [IsEnoughWorkspace] [GetSolutionsFallback AI] Solver <GemmFwdRest>, workspace required: 30392320, provided ptr: 0x752fe0ec0000 size: 10518528
MIOpen(HIP): Warning [IsEnoughWorkspace] [GetSolutionsFallback AI] Solver <ConvHipImplicitGemmGroupFwdXdlops>, workspace required: 8945664, provided ptr: 0x752fe12e4000 size: 8683520
MIOpen(HIP): Warning [IsEnoughWorkspace] [GetSolutionsFallback AI] Solver <GemmFwdRest>, workspace required: 60784640, provided ptr: 0x752f38448000 size: 17825792
MIOpen(HIP): Warning [IsEnoughWorkspace] [GetSolutionsFallback AI] Solver <ConvHipImplicitGemmGroupFwdXdlops>, workspace required: 17432576, provided ptr: 0x752f38c90000 size: 17367040
MIOpen(HIP): Warning [IsEnoughWorkspace] [GetSolutionsFallback WTI] Solver <ConvAsmImplicitGemmGTCDynamicBwdXdlopsNHWC>, workspace required: 17498112, provided ptr: 0x752f38448000 size: 17367040
MIOpen(HIP): Warning [IsEnoughWorkspace] [GetSolutionsFallback WTI] Solver <ConvHipImplicitGemmGroupBwdXdlops>, workspace required: 17498112, provided ptr: 0x752f38448000 size: 17367040
MIOpen(HIP): Warning [IsEnoughWorkspace] [GetSolutionsFallback AI] Solver <GemmFwdRest>, workspace required: 60784640, provided ptr: 0x752f38448000 size: 17481728
MIOpen(HIP): Warning [IsEnoughWorkspace] [GetSolutionsFallback AI] Solver <ConvHipImplicitGemmGroupFwdXdlops>, workspace required: 17383424, provided ptr: 0x752f38c90000 size: 17367040
MIOpen(HIP): Warning [IsEnoughWorkspace] [GetSolutionsFallback AI] Solver <GemmFwdRest>, workspace required: 91176960, provided ptr: 0x752f394d8000 size: 26079232
MIOpen(HIP): Warning [IsEnoughWorkspace] [GetSolutionsFallback AI] Solver <ConvHipImplicitGemmGroupFwdXdlops>, workspace required: 26054656, provided ptr: 0x752f3a144000 size: 26050560
MIOpen(HIP): Warning [IsEnoughWorkspace] [GetSolutionsFallback AI] Solver <ConvHipImplicitGemmGroupFwdXdlops>, workspace required: 13433344, provided ptr: 0x752fe0ec0000 size: 13026304
MIOpen(HIP): Warning [IsEnoughWorkspace] [GetSolutionsFallback AI] Solver <GemmFwdRest>, workspace required: 91176960, provided ptr: 0x752fe0ec0000 size: 13026304
[0;36m(APIServer pid=47055)[0;0m [32mINFO[0m [90m10-07 15:23:30[0m [90m[stats.py:902][0m [OmniTiming] req=speech-95c393aedcf6fca2-a60b0e8f total=5.93s engine=5.93s stages=[0:5.93s]
INFO:     127.0.0.1:52128 - "POST /v1/audio/speech HTTP/1.1" 200 OK
[0;36m(APIServer pid=47055)[0;0m [32mINFO[0m [90m10-07 15:23:30[0m [90m[serving_speech.py:2423][0m Diffusion TTS speech request speech-a369bef57daf3e92: voice_clone=False
[0;36m(APIServer pid=47055)[0;0m [32mINFO[0m [90m10-07 15:23:30[0m [90m[serving_speech.py:2471][0m Applied diffusion speech params: seed=42 extra_params={}
[0;36m(APIServer pid=47055)[0;0m [32mINFO[0m [90m10-07 15:23:30[0m [90m[diffusion_engine.py:764][0m [RequestBatch] admission wait done waiting=1 max_batch=8 waited_ms=2.1
MIOpen(HIP): Warning [IsEnoughWorkspace] [GetSolutionsFallback AI] Solver <ConvHipImplicitGemmGroupFwdXdlops>, workspace required: 8824832, provided ptr: 0x752e4e2c0000 size: 2078720
MIOpen(HIP): Warning [IsEnoughWorkspace] [GetSolutionsFallback AI] Solver <ConvAsmImplicitGemmGTCDynamicFwdXdlopsNHWC>, workspace required: 8824832, provided ptr: 0x752e4e2c0000 size: 2078720
MIOpen(HIP): Warning [IsEnoughWorkspace] [GetSolutionsFallback WTI] Solver <ConvAsmImplicitGemmGTCDynamicBwdXdlopsNHWC>, workspace required: 39493632, provided ptr: 0x752f13200000 size: 9502720
MIOpen(HIP): Warning [IsEnoughWorkspace] [GetSolutionsFallback WTI] Solver <ConvHipImplicitGemmGroupBwdXdlops>, workspace required: 39493632, provided ptr: 0x752f13200000 size: 9502720
MIOpen(HIP): Warning [IsEnoughWorkspace] [GetSolutionsFallback AI] Solver <GemmFwdRest>, workspace required: 33259520, provided ptr: 0x752fe0ec0000 size: 16842752
MIOpen(HIP): Warning [IsEnoughWorkspace] [GetSolutionsFallback AI] Solver <GemmFwdRest>, workspace required: 83148800, provided ptr: 0x752f392a8000 size: 25591808
MIOpen(HIP): Warning [IsEnoughWorkspace] [GetSolutionsFallback AI] Solver <ConvHipImplicitGemmGroupFwdXdlops>, workspace required: 24018944, provided ptr: 0x752f39dfc000 size: 23756800
MIOpen(HIP): Warning [IsEnoughWorkspace] [GetSolutionsFallback AI] Solver <GemmFwdRest>, workspace required: 166297600, provided ptr: 0x752f3fea8000 size: 47972352
MIOpen(HIP): Warning [IsEnoughWorkspace] [GetSolutionsFallback AI] Solver <ConvHipImplicitGemmGroupFwdXdlops>, workspace required: 47579136, provided ptr: 0x752f41550000 size: 47513600
MIOpen(HIP): Warning [IsEnoughWorkspace] [GetSolutionsFallback WTI] Solver <ConvAsmImplicitGemmGTCDynamicBwdXdlopsNHWC>, workspace required: 47644672, provided ptr: 0x752f3fea8000 size: 47513600
MIOpen(HIP): Warning [IsEnoughWorkspace] [GetSolutionsFallback WTI] Solver <ConvHipImplicitGemmGroupBwdXdlops>, workspace required: 47644672, provided ptr: 0x752f3fea8000 size: 47513600
MIOpen(HIP): Warning [IsEnoughWorkspace] [GetSolutionsFallback AI] Solver <GemmFwdRest>, workspace required: 166297600, provided ptr: 0x752f3fea8000 size: 47628288
MIOpen(HIP): Warning [IsEnoughWorkspace] [GetSolutionsFallback AI] Solver <ConvHipImplicitGemmGroupFwdXdlops>, workspace required: 47529984, provided ptr: 0x752f41550000 size: 47513600
MIOpen(HIP): Warning [IsEnoughWorkspace] [GetSolutionsFallback AI] Solver <GemmFwdRest>, workspace required: 249446400, provided ptr: 0x752f42bf8000 size: 71299072
MIOpen(HIP): Warning [IsEnoughWorkspace] [GetSolutionsFallback AI] Solver <ConvHipImplicitGemmGroupFwdXdlops>, workspace required: 71274496, provided ptr: 0x752f44df4000 size: 71270400
MIOpen(HIP): Warning [IsEnoughWorkspace] [GetSolutionsFallback AI] Solver <ConvHipImplicitGemmGroupFwdXdlops>, workspace required: 36749824, provided ptr: 0x752f37c00000 size: 35636224
MIOpen(HIP): Warning [IsEnoughWorkspace] [GetSolutionsFallback AI] Solver <GemmFwdRest>, workspace required: 249446400, provided ptr: 0x752f37c00000 size: 35636224
MIOpen(HIP): Warning [IsEnoughWorkspace] [GetSolutionsFallback AI] Solver <ConvHipImplicitGemmGroupFwdXdlops>, workspace required: 8881152, provided ptr: 0x752e4e2c0000 size: 2157568
MIOpen(HIP): Warning [IsEnoughWorkspace] [GetSolutionsFallback AI] Solver <ConvAsmImplicitGemmGTCDynamicFwdXdlopsNHWC>, workspace required: 8881152, provided ptr: 0x752e4e2c0000 size: 2157568
MIOpen(HIP): Warning [IsEnoughWorkspace] [GetSolutionsFallback WTI] Solver <ConvAsmImplicitGemmGTCDynamicBwdXdlopsNHWC>, workspace required: 39718912, provided ptr: 0x752f13200000 size: 9863168
MIOpen(HIP): Warning [IsEnoughWorkspace] [GetSolutionsFallback WTI] Solver <ConvHipImplicitGemmGroupBwdXdlops>, workspace required: 39718912, provided ptr: 0x752f13200000 size: 9863168
MIOpen(HIP): Warning [IsEnoughWorkspace] [GetSolutionsFallback AI] Solver <GemmFwdRest>, workspace required: 34521088, provided ptr: 0x752fe0ec0000 size: 17203200
MIOpen(HIP): Warning [IsEnoughWorkspace] [GetSolutionsFallback AI] Solver <GemmFwdRest>, workspace required: 86302720, provided ptr: 0x752f39384000 size: 26492928
MIOpen(HIP): Warning [IsEnoughWorkspace] [GetSolutionsFallback AI] Solver <ConvHipImplicitGemmGroupFwdXdlops>, workspace required: 24920064, provided ptr: 0x752f39f46000 size: 24657920
MIOpen(HIP): Warning [IsEnoughWorkspace] [GetSolutionsFallback AI] Solver <GemmFwdRest>, workspace required: 172605440, provided ptr: 0x752f3ff84000 size: 49774592
MIOpen(HIP): Warning [IsEnoughWorkspace] [GetSolutionsFallback AI] Solver <ConvHipImplicitGemmGroupFwdXdlops>, workspace required: 49381376, provided ptr: 0x752f41708000 size: 49315840
MIOpen(HIP): Warning [IsEnoughWorkspace] [GetSolutionsFallback WTI] Solver <ConvAsmImplicitGemmGTCDynamicBwdXdlopsNHWC>, workspace required: 49446912, provided ptr: 0x752f3ff84000 size: 49315840
MIOpen(HIP): Warning [IsEnoughWorkspace] [GetSolutionsFallback WTI] Solver <ConvHipImplicitGemmGroupBwdXdlops>, workspace required: 49446912, provided ptr: 0x752f3ff84000 size: 49315840
MIOpen(HIP): Warning [IsEnoughWorkspace] [GetSolutionsFallback AI] Solver <GemmFwdRest>, workspace required: 172605440, provided ptr: 0x752f3ff84000 size: 49430528
MIOpen(HIP): Warning [IsEnoughWorkspace] [GetSolutionsFallback AI] Solver <ConvHipImplicitGemmGroupFwdXdlops>, workspace required: 49332224, provided ptr: 0x752f41708000 size: 49315840
MIOpen(HIP): Warning [IsEnoughWorkspace] [GetSolutionsFallback AI] Solver <GemmFwdRest>, workspace required: 258908160, provided ptr: 0x752f42e8c000 size: 74002432
MIOpen(HIP): Warning [IsEnoughWorkspace] [GetSolutionsFallback AI] Solver <ConvHipImplicitGemmGroupFwdXdlops>, workspace required: 73977856, provided ptr: 0x752f451d2000 size: 73973760
MIOpen(HIP): Warning [IsEnoughWorkspace] [GetSolutionsFallback AI] Solver <ConvHipImplicitGemmGroupFwdXdlops>, workspace required: 38143744, provided ptr: 0x752f37c00000 size: 36987904
MIOpen(HIP): Warning [IsEnoughWorkspace] [GetSolutionsFallback AI] Solver <GemmFwdRest>, workspace required: 258908160, provided ptr: 0x752f37c00000 size: 36987904
MIOpen(HIP): Warning [IsEnoughWorkspace] [GetSolutionsFallback AI] Solver <ConvHipImplicitGemmGroupFwdXdlops>, workspace required: 8998912, provided ptr: 0x752e4e2c0000 size: 2322432
MIOpen(HIP): Warning [IsEnoughWorkspace] [GetSolutionsFallback AI] Solver <ConvAsmImplicitGemmGTCDynamicFwdXdlopsNHWC>, workspace required: 8998912, provided ptr: 0x752e4e2c0000 size: 2322432
MIOpen(HIP): Warning [IsEnoughWorkspace] [GetSolutionsFallback WTI] Solver <ConvAsmImplicitGemmGTCDynamicBwdXdlopsNHWC>, workspace required: 40189952, provided ptr: 0x752fe0ec0000 size: 10616832
MIOpen(HIP): Warning [IsEnoughWorkspace] [GetSolutionsFallback WTI] Solver <ConvHipImplicitGemmGroupBwdXdlops>, workspace required: 40189952, provided ptr: 0x752fe0ec0000 size: 10616832
MIOpen(HIP): Warning [IsEnoughWorkspace] [GetSolutionsFallback AI] Solver <GemmFwdRest>, workspace required: 37158912, provided ptr: 0x752f37c00000 size: 17956864
MIOpen(HIP): Warning [IsEnoughWorkspace] [GetSolutionsFallback AI] Solver <GemmFwdRest>, workspace required: 92897280, provided ptr: 0x752f388a8000 size: 28377088
MIOpen(HIP): Warning [IsEnoughWorkspace] [GetSolutionsFallback AI] Solver <ConvHipImplicitGemmGroupFwdXdlops>, workspace required: 26804224, provided ptr: 0x752f39550000 size: 26542080
MIOpen(HIP): Warning [IsEnoughWorkspace] [GetSolutionsFallback AI] Solver <GemmFwdRest>, workspace required: 185794560, provided ptr: 0x752f40150000 size: 53542912
MIOpen(HIP): Warning [IsEnoughWorkspace] [GetSolutionsFallback AI] Solver <ConvHipImplicitGemmGroupFwdXdlops>, workspace required: 53149696, provided ptr: 0x752f41aa0000 size: 53084160
MIOpen(HIP): Warning [IsEnoughWorkspace] [GetSolutionsFallback WTI] Solver <ConvAsmImplicitGemmGTCDynamicBwdXdlopsNHWC>, workspace required: 53215232, provided ptr: 0x752f40150000 size: 53084160
MIOpen(HIP): Warning [IsEnoughWorkspace] [GetSolutionsFallback WTI] Solver <ConvHipImplicitGemmGroupBwdXdlops>, workspace required: 53215232, provided ptr: 0x752f40150000 size: 53084160
MIOpen(HIP): Warning [IsEnoughWorkspace] [GetSolutionsFallback AI] Solver <GemmFwdRest>, workspace required: 185794560, provided ptr: 0x752f40150000 size: 53198848
MIOpen(HIP): Warning [IsEnoughWorkspace] [GetSolutionsFallback AI] Solver <ConvHipImplicitGemmGroupFwdXdlops>, workspace required: 53100544, provided ptr: 0x752f41aa0000 size: 53084160
MIOpen(HIP): Warning [IsEnoughWorkspace] [GetSolutionsFallback AI] Solver <GemmFwdRest>, workspace required: 278691840, provided ptr: 0x752f433f0000 size: 79654912
MIOpen(HIP): Warning [IsEnoughWorkspace] [GetSolutionsFallback AI] Solver <ConvHipImplicitGemmGroupFwdXdlops>, workspace required: 79630336, provided ptr: 0x752f459e8000 size: 79626240
MIOpen(HIP): Warning [IsEnoughWorkspace] [GetSolutionsFallback AI] Solver <ConvHipImplicitGemmGroupFwdXdlops>, workspace required: 41058304, provided ptr: 0x752f37c00000 size: 39814144
MIOpen(HIP): Warning [IsEnoughWorkspace] [GetSolutionsFallback AI] Solver <GemmFwdRest>, workspace required: 278691840, provided ptr: 0x752f37c00000 size: 39814144
MIOpen(HIP): Warning [IsEnoughWorkspace] [GetSolutionsFallback AI] Solver <ConvHipImplicitGemmGroupFwdXdlops>, workspace required: 7800832, provided ptr: 0x752f6f50a000 size: 645120
MIOpen(HIP): Warning [IsEnoughWorkspace] [GetSolutionsFallback AI] Solver <ConvAsmImplicitGemmGTCDynamicFwdXdlopsNHWC>, workspace required: 7800832, provided ptr: 0x752f6f50a000 size: 645120
MIOpen(HIP): Warning [IsEnoughWorkspace] [GetSolutionsFallback WTI] Solver <ConvAsmImplicitGemmGTCDynamicBwdXdlopsNHWC>, workspace required: 35397632, provided ptr: 0x752e4e2c0000 size: 2949120
MIOpen(HIP): Warning [IsEnoughWorkspace] [GetSolutionsFallback WTI] Solver <ConvHipImplicitGemmGroupBwdXdlops>, workspace required: 35397632, provided ptr: 0x752e4e2c0000 size: 2949120
MIOpen(HIP): Warning [IsEnoughWorkspace] [GetSolutionsFallback WTI] Solver <ConvAsmImplicitGemmGTCDynamicBwdXdlopsNHWC>, workspace required: 10403840, provided ptr: 0x752f13200000 size: 7372800
MIOpen(HIP): Warning [IsEnoughWorkspace] [GetSolutionsFallback WTI] Solver <ConvHipImplicitGemmGroupBwdXdlops>, workspace required: 10403840, provided ptr: 0x752f13200000 size: 7372800
MIOpen(HIP): Warning [IsEnoughWorkspace] [GetSolutionsFallback AI] Solver <GemmFwdRest>, workspace required: 25804800, provided ptr: 0x752fe0ec0000 size: 9207808
MIOpen(HIP): Warning [IsEnoughWorkspace] [GetSolutionsFallback AI] Solver <ConvHipImplicitGemmGroupFwdXdlops>, workspace required: 7634944, provided ptr: 0x752fe0ec0000 size: 7372800
MIOpen(HIP): Warning [IsEnoughWorkspace] [GetSolutionsFallback AI] Solver <GemmFwdRest>, workspace required: 51609600, provided ptr: 0x752f37c00000 size: 15204352
MIOpen(HIP): Warning [IsEnoughWorkspace] [GetSolutionsFallback AI] Solver <ConvHipImplicitGemmGroupFwdXdlops>, workspace required: 14811136, provided ptr: 0x752f37c00000 size: 14745600
MIOpen(HIP): Warning [IsEnoughWorkspace] [GetSolutionsFallback WTI] Solver <ConvAsmImplicitGemmGTCDynamicBwdXdlopsNHWC>, workspace required: 14876672, provided ptr: 0x752f37c00000 size: 14745600
MIOpen(HIP): Warning [IsEnoughWorkspace] [GetSolutionsFallback WTI] Solver <ConvHipImplicitGemmGroupBwdXdlops>, workspace required: 14876672, provided ptr: 0x752f37c00000 size: 14745600
MIOpen(HIP): Warning [IsEnoughWorkspace] [GetSolutionsFallback AI] Solver <GemmFwdRest>, workspace required: 51609600, provided ptr: 0x752f37c00000 size: 14860288
MIOpen(HIP): Warning [IsEnoughWorkspace] [GetSolutionsFallback AI] Solver <ConvHipImplicitGemmGroupFwdXdlops>, workspace required: 14761984, provided ptr: 0x752f38308000 size: 14745600
MIOpen(HIP): Warning [IsEnoughWorkspace] [GetSolutionsFallback AI] Solver <GemmFwdRest>, workspace required: 77414400, provided ptr: 0x752f3868c000 size: 22147072
MIOpen(HIP): Warning [IsEnoughWorkspace] [GetSolutionsFallback AI] Solver <ConvHipImplicitGemmGroupFwdXdlops>, workspace required: 22122496, provided ptr: 0x752f39118000 size: 22118400
MIOpen(HIP): Warning [IsEnoughWorkspace] [GetSolutionsFallback AI] Solver <ConvHipImplicitGemmGroupFwdXdlops>, workspace required: 11405824, provided ptr: 0x752f13200000 size: 11060224
MIOpen(HIP): Warning [IsEnoughWorkspace] [GetSolutionsFallback AI] Solver <GemmFwdRest>, workspace required: 77414400, provided ptr: 0x752f13200000 size: 11060224
MIOpen(HIP): Warning [IsEnoughWorkspace] [GetSolutionsFallback AI] Solver <ConvHipImplicitGemmGroupFwdXdlops>, workspace required: 8543232, provided ptr: 0x752e4e2c0000 size: 1684480
MIOpen(HIP): Warning [IsEnoughWorkspace] [GetSolutionsFallback AI] Solver <ConvAsmImplicitGemmGTCDynamicFwdXdlopsNHWC>, workspace required: 8543232, provided ptr: 0x752e4e2c0000 size: 1684480
MIOpen(HIP): Warning [IsEnoughWorkspace] [GetSolutionsFallback WTI] Solver <ConvAsmImplicitGemmGTCDynamicBwdXdlopsNHWC>, workspace required: 38367232, provided ptr: 0x752f13200000 size: 7700480
MIOpen(HIP): Warning [IsEnoughWorkspace] [GetSolutionsFallback WTI] Solver <ConvHipImplicitGemmGroupBwdXdlops>, workspace required: 38367232, provided ptr: 0x752f13200000 size: 7700480
MIOpen(HIP): Warning [IsEnoughWorkspace] [GetSolutionsFallback AI] Solver <GemmFwdRest>, workspace required: 26951680, provided ptr: 0x752fe0ec0000 size: 15040512
MIOpen(HIP): Warning [IsEnoughWorkspace] [GetSolutionsFallback AI] Solver <GemmFwdRest>, workspace required: 67379200, provided ptr: 0x752f37c00000 size: 21086208
MIOpen(HIP): Warning [IsEnoughWorkspace] [GetSolutionsFallback AI] Solver <ConvHipImplicitGemmGroupFwdXdlops>, workspace required: 19513344, provided ptr: 0x752f3852e000 size: 19251200
MIOpen(HIP): Warning [IsEnoughWorkspace] [GetSolutionsFallback AI] Solver <GemmFwdRest>, workspace required: 134758400, provided ptr: 0x752f3e800000 size: 38961152
MIOpen(HIP): Warning [IsEnoughWorkspace] [GetSolutionsFallback AI] Solver <ConvHipImplicitGemmGroupFwdXdlops>, workspace required: 38567936, provided ptr: 0x752f3e800000 size: 38502400
MIOpen(HIP): Warning [IsEnoughWorkspace] [GetSolutionsFallback WTI] Solver <ConvAsmImplicitGemmGTCDynamicBwdXdlopsNHWC>, workspace required: 38633472, provided ptr: 0x752f3a0b8000 size: 38502400
MIOpen(HIP): Warning [IsEnoughWorkspace] [GetSolutionsFallback WTI] Solver <ConvHipImplicitGemmGroupBwdXdlops>, workspace required: 38633472, provided ptr: 0x752f3a0b8000 size: 38502400
MIOpen(HIP): Warning [IsEnoughWorkspace] [GetSolutionsFallback AI] Solver <GemmFwdRest>, workspace required: 134758400, provided ptr: 0x752f3e800000 size: 38617088
MIOpen(HIP): Warning [IsEnoughWorkspace] [GetSolutionsFallback AI] Solver <ConvHipImplicitGemmGroupFwdXdlops>, workspace required: 38518784, provided ptr: 0x752f3e800000 size: 38502400
MIOpen(HIP): Warning [IsEnoughWorkspace] [GetSolutionsFallback AI] Solver <GemmFwdRest>, workspace required: 202137600, provided ptr: 0x752f4038a000 size: 57782272
MIOpen(HIP): Warning [IsEnoughWorkspace] [GetSolutionsFallback AI] Solver <ConvHipImplicitGemmGroupFwdXdlops>, workspace required: 57757696, provided ptr: 0x752f41f14000 size: 57753600
MIOpen(HIP): Warning [IsEnoughWorkspace] [GetSolutionsFallback AI] Solver <ConvHipImplicitGemmGroupFwdXdlops>, workspace required: 29780224, provided ptr: 0x752f3978a000 size: 28877824
MIOpen(HIP): Warning [IsEnoughWorkspace] [GetSolutionsFallback AI] Solver <GemmFwdRest>, workspace required: 202137600, provided ptr: 0x752f3978a000 size: 28877824
MIOpen(HIP): Warning [IsEnoughWorkspace] [GetSolutionsFallback AI] Solver <ConvHipImplicitGemmGroupFwdXdlops>, workspace required: 8471552, provided ptr: 0x752e4e2c0000 size: 1584128
MIOpen(HIP): Warning [IsEnoughWorkspace] [GetSolutionsFallback AI] Solver <ConvAsmImplicitGemmGTCDynamicFwdXdlopsNHWC>, workspace required: 8471552, provided ptr: 0x752e4e2c0000 size: 1584128
MIOpen(HIP): Warning [IsEnoughWorkspace] [GetSolutionsFallback WTI] Solver <ConvAsmImplicitGemmGTCDynamicBwdXdlopsNHWC>, workspace required: 38080512, provided ptr: 0x752f13200000 size: 7241728
MIOpen(HIP): Warning [IsEnoughWorkspace] [GetSolutionsFallback WTI] Solver <ConvHipImplicitGemmGroupBwdXdlops>, workspace required: 38080512, provided ptr: 0x752f13200000 size: 7241728
MIOpen(HIP): Warning [IsEnoughWorkspace] [GetSolutionsFallback AI] Solver <GemmFwdRest>, workspace required: 25346048, provided ptr: 0x752fe0ec0000 size: 14581760
MIOpen(HIP): Warning [IsEnoughWorkspace] [GetSolutionsFallback AI] Solver <GemmFwdRest>, workspace required: 63365120, provided ptr: 0x752f384a2000 size: 19939328
MIOpen(HIP): Warning [IsEnoughWorkspace] [GetSolutionsFallback AI] Solver <ConvHipImplicitGemmGroupFwdXdlops>, workspace required: 18366464, provided ptr: 0x752f38d44000 size: 18104320
MIOpen(HIP): Warning [IsEnoughWorkspace] [GetSolutionsFallback AI] Solver <GemmFwdRest>, workspace required: 126730240, provided ptr: 0x752f3e800000 size: 36667392
MIOpen(HIP): Warning [IsEnoughWorkspace] [GetSolutionsFallback AI] Solver <ConvHipImplicitGemmGroupFwdXdlops>, workspace required: 36274176, provided ptr: 0x752f3e800000 size: 36208640
MIOpen(HIP): Warning [IsEnoughWorkspace] [GetSolutionsFallback WTI] Solver <ConvAsmImplicitGemmGTCDynamicBwdXdlopsNHWC>, workspace required: 36339712, provided ptr: 0x752f3e800000 size: 36208640
MIOpen(HIP): Warning [IsEnoughWorkspace] [GetSolutionsFallback WTI] Solver <ConvHipImplicitGemmGroupBwdXdlops>, workspace required: 36339712, provided ptr: 0x752f3e800000 size: 36208640
MIOpen(HIP): Warning [IsEnoughWorkspace] [GetSolutionsFallback AI] Solver <GemmFwdRest>, workspace required: 126730240, provided ptr: 0x752f3e800000 size: 36323328
MIOpen(HIP): Warning [IsEnoughWorkspace] [GetSolutionsFallback AI] Solver <ConvHipImplicitGemmGroupFwdXdlops>, workspace required: 36225024, provided ptr: 0x752f3f944000 size: 36208640
MIOpen(HIP): Warning [IsEnoughWorkspace] [GetSolutionsFallback AI] Solver <GemmFwdRest>, workspace required: 190095360, provided ptr: 0x752f401e6000 size: 54341632
MIOpen(HIP): Warning [IsEnoughWorkspace] [GetSolutionsFallback AI] Solver <ConvHipImplicitGemmGroupFwdXdlops>, workspace required: 54317056, provided ptr: 0x752f41bcc000 size: 54312960
MIOpen(HIP): Warning [IsEnoughWorkspace] [GetSolutionsFallback AI] Solver <ConvHipImplicitGemmGroupFwdXdlops>, workspace required: 28006144, provided ptr: 0x752f395e6000 size: 27157504
MIOpen(HIP): Warning [IsEnoughWorkspace] [GetSolutionsFallback AI] Solver <GemmFwdRest>, workspace required: 190095360, provided ptr: 0x752f395e6000 size: 27157504
MIOpen(HIP): Warning [IsEnoughWorkspace] [GetSolutionsFallback AI] Solver <ConvHipImplicitGemmGroupFwdXdlops>, workspace required: 7980032, provided ptr: 0x752f6f50a000 size: 896000
MIOpen(HIP): Warning [IsEnoughWorkspace] [GetSolutionsFallback AI] Solver <ConvAsmImplicitGemmGTCDynamicFwdXdlopsNHWC>, workspace required: 7980032, provided ptr: 0x752f6f50a000 size: 896000
MIOpen(HIP): Warning [IsEnoughWorkspace] [GetSolutionsFallback WTI] Solver <ConvAsmImplicitGemmGTCDynamicBwdXdlopsNHWC>, workspace required: 36114432, provided ptr: 0x752e51a00000 size: 4096000
MIOpen(HIP): Warning [IsEnoughWorkspace] [GetSolutionsFallback WTI] Solver <ConvHipImplicitGemmGroupBwdXdlops>, workspace required: 36114432, provided ptr: 0x752e51a00000 size: 4096000
MIOpen(HIP): Warning [IsEnoughWorkspace] [GetSolutionsFallback AI] Solver <GemmFwdRest>, workspace required: 14336000, provided ptr: 0x752f13200000 size: 11436032
MIOpen(HIP): Warning [IsEnoughWorkspace] [GetSolutionsFallback WTI] Solver <ConvAsmImplicitGemmGTCDynamicBwdXdlopsNHWC>, workspace required: 12410880, provided ptr: 0x752fe0ec0000 size: 10240000
MIOpen(HIP): Warning [IsEnoughWorkspace] [GetSolutionsFallback WTI] Solver <ConvHipImplicitGemmGroupBwdXdlops>, workspace required: 12410880, provided ptr: 0x752fe0ec0000 size: 10240000
MIOpen(HIP): Warning [IsEnoughWorkspace] [GetSolutionsFallback AI] Solver <GemmFwdRest>, workspace required: 35840000, provided ptr: 0x752fe13a2000 size: 12075008
MIOpen(HIP): Warning [IsEnoughWorkspace] [GetSolutionsFallback AI] Solver <ConvHipImplicitGemmGroupFwdXdlops>, workspace required: 10502144, provided ptr: 0x752fe1884000 size: 10240000
MIOpen(HIP): Warning [IsEnoughWorkspace] [GetSolutionsFallback AI] Solver <GemmFwdRest>, workspace required: 71680000, provided ptr: 0x752f385c4000 size: 20938752
MIOpen(HIP): Warning [IsEnoughWorkspace] [GetSolutionsFallback AI] Solver <ConvHipImplicitGemmGroupFwdXdlops>, workspace required: 20545536, provided ptr: 0x752f38f88000 size: 20480000
MIOpen(HIP): Warning [IsEnoughWorkspace] [GetSolutionsFallback WTI] Solver <ConvAsmImplicitGemmGTCDynamicBwdXdlopsNHWC>, workspace required: 20611072, provided ptr: 0x752f385c4000 size: 20480000
MIOpen(HIP): Warning [IsEnoughWorkspace] [GetSolutionsFallback WTI] Solver <ConvHipImplicitGemmGroupBwdXdlops>, workspace required: 20611072, provided ptr: 0x752f385c4000 size: 20480000
MIOpen(HIP): Warning [IsEnoughWorkspace] [GetSolutionsFallback AI] Solver <GemmFwdRest>, workspace required: 71680000, provided ptr: 0x752f385c4000 size: 20594688
MIOpen(HIP): Warning [IsEnoughWorkspace] [GetSolutionsFallback AI] Solver <ConvHipImplicitGemmGroupFwdXdlops>, workspace required: 20496384, provided ptr: 0x752f38f88000 size: 20480000
MIOpen(HIP): Warning [IsEnoughWorkspace] [GetSolutionsFallback AI] Solver <GemmFwdRest>, workspace required: 107520000, provided ptr: 0x752f3a7f2000 size: 30748672
MIOpen(HIP): Warning [IsEnoughWorkspace] [GetSolutionsFallback AI] Solver <ConvHipImplicitGemmGroupFwdXdlops>, workspace required: 30724096, provided ptr: 0x752f3e800000 size: 30720000
MIOpen(HIP): Warning [IsEnoughWorkspace] [GetSolutionsFallback AI] Solver <ConvHipImplicitGemmGroupFwdXdlops>, workspace required: 15841024, provided ptr: 0x752f37c00000 size: 15361024
MIOpen(HIP): Warning [IsEnoughWorkspace] [GetSolutionsFallback AI] Solver <GemmFwdRest>, workspace required: 107520000, provided ptr: 0x752f37c00000 size: 15361024
[0;36m(APIServer pid=47055)[0;0m [32mINFO[0m [90m10-07 15:23:36[0m [90m[stats.py:902][0m [OmniTiming] req=speech-a369bef57daf3e92-9d30b27c total=6.46s engine=6.46s stages=[0:6.46s]
INFO:     127.0.0.1:52128 - "POST /v1/audio/speech HTTP/1.1" 200 OK
[0;36m(APIServer pid=47055)[0;0m [32mINFO[0m [90m10-07 15:23:36[0m [90m[serving_speech.py:2423][0m Diffusion TTS speech request speech-8c88ef7eed2e9155: voice_clone=False
[0;36m(APIServer pid=47055)[0;0m [32mINFO[0m [90m10-07 15:23:36[0m [90m[serving_speech.py:2471][0m Applied diffusion speech params: seed=42 extra_params={}
[0;36m(APIServer pid=47055)[0;0m [32mINFO[0m [90m10-07 15:23:36[0m [90m[diffusion_engine.py:764][0m [RequestBatch] admission wait done waiting=1 max_batch=8 waited_ms=2.1
MIOpen(HIP): Warning [IsEnoughWorkspace] [GetSolutionsFallback AI] Solver <ConvHipImplicitGemmGroupFwdXdlops>, workspace required: 8589312, provided ptr: 0x752e4e2c0000 size: 1748992
MIOpen(HIP): Warning [IsEnoughWorkspace] [GetSolutionsFallback AI] Solver <ConvAsmImplicitGemmGTCDynamicFwdXdlopsNHWC>, workspace required: 8589312, provided ptr: 0x752e4e2c0000 size: 1748992
MIOpen(HIP): Warning [IsEnoughWorkspace] [GetSolutionsFallback WTI] Solver <ConvAsmImplicitGemmGTCDynamicBwdXdlopsNHWC>, workspace required: 38551552, provided ptr: 0x752f13200000 size: 7995392
MIOpen(HIP): Warning [IsEnoughWorkspace] [GetSolutionsFallback WTI] Solver <ConvHipImplicitGemmGroupBwdXdlops>, workspace required: 38551552, provided ptr: 0x752f13200000 size: 7995392
MIOpen(HIP): Warning [IsEnoughWorkspace] [GetSolutionsFallback AI] Solver <GemmFwdRest>, workspace required: 27983872, provided ptr: 0x752fe0ec0000 size: 15335424
MIOpen(HIP): Warning [IsEnoughWorkspace] [GetSolutionsFallback AI] Solver <GemmFwdRest>, workspace required: 69959680, provided ptr: 0x752f37c00000 size: 21823488
MIOpen(HIP): Warning [IsEnoughWorkspace] [GetSolutionsFallback AI] Solver <ConvHipImplicitGemmGroupFwdXdlops>, workspace required: 20250624, provided ptr: 0x752f38588000 size: 19988480
MIOpen(HIP): Warning [IsEnoughWorkspace] [GetSolutionsFallback AI] Solver <GemmFwdRest>, workspace required: 139919360, provided ptr: 0x752f3e800000 size: 40435712
MIOpen(HIP): Warning [IsEnoughWorkspace] [GetSolutionsFallback AI] Solver <ConvHipImplicitGemmGroupFwdXdlops>, workspace required: 40042496, provided ptr: 0x752f3fb10000 size: 39976960
MIOpen(HIP): Warning [IsEnoughWorkspace] [GetSolutionsFallback WTI] Solver <ConvAsmImplicitGemmGTCDynamicBwdXdlopsNHWC>, workspace required: 40108032, provided ptr: 0x752f3e800000 size: 39976960
MIOpen(HIP): Warning [IsEnoughWorkspace] [GetSolutionsFallback WTI] Solver <ConvHipImplicitGemmGroupBwdXdlops>, workspace required: 40108032, provided ptr: 0x752f3e800000 size: 39976960
MIOpen(HIP): Warning [IsEnoughWorkspace] [GetSolutionsFallback AI] Solver <GemmFwdRest>, workspace required: 139919360, provided ptr: 0x752f3e800000 size: 40091648
MIOpen(HIP): Warning [IsEnoughWorkspace] [GetSolutionsFallback AI] Solver <ConvHipImplicitGemmGroupFwdXdlops>, workspace required: 39993344, provided ptr: 0x752f3fb10000 size: 39976960
MIOpen(HIP): Warning [IsEnoughWorkspace] [GetSolutionsFallback AI] Solver <GemmFwdRest>, workspace required: 209879040, provided ptr: 0x752f42130000 size: 59994112
MIOpen(HIP): Warning [IsEnoughWorkspace] [GetSolutionsFallback AI] Solver <ConvHipImplicitGemmGroupFwdXdlops>, workspace required: 59969536, provided ptr: 0x752f43dc8000 size: 59965440
MIOpen(HIP): Warning [IsEnoughWorkspace] [GetSolutionsFallback AI] Solver <ConvHipImplicitGemmGroupFwdXdlops>, workspace required: 30920704, provided ptr: 0x752f39898000 size: 29983744
MIOpen(HIP): Warning [IsEnoughWorkspace] [GetSolutionsFallback AI] Solver <GemmFwdRest>, workspace required: 209879040, provided ptr: 0x752f39898000 size: 29983744
MIOpen(HIP): Warning [IsEnoughWorkspace] [GetSolutionsFallback AI] Solver <ConvHipImplicitGemmGroupFwdXdlops>, workspace required: 9106432, provided ptr: 0x752e4e2c0000 size: 2472960
MIOpen(HIP): Warning [IsEnoughWorkspace] [GetSolutionsFallback AI] Solver <ConvAsmImplicitGemmGTCDynamicFwdXdlopsNHWC>, workspace required: 9106432, provided ptr: 0x752e4e2c0000 size: 2472960
MIOpen(HIP): Warning [IsEnoughWorkspace] [GetSolutionsFallback WTI] Solver <ConvAsmImplicitGemmGTCDynamicBwdXdlopsNHWC>, workspace required: 40620032, provided ptr: 0x752fe0ec0000 size: 11304960
MIOpen(HIP): Warning [IsEnoughWorkspace] [GetSolutionsFallback WTI] Solver <ConvHipImplicitGemmGroupBwdXdlops>, workspace required: 40620032, provided ptr: 0x752fe0ec0000 size: 11304960
MIOpen(HIP): Warning [IsEnoughWorkspace] [GetSolutionsFallback AI] Solver <GemmFwdRest>, workspace required: 39567360, provided ptr: 0x752f37c00000 size: 18644992
MIOpen(HIP): Warning [IsEnoughWorkspace] [GetSolutionsFallback AI] Solver <GemmFwdRest>, workspace required: 98918400, provided ptr: 0x752f396f4000 size: 30097408
MIOpen(HIP): Warning [IsEnoughWorkspace] [GetSolutionsFallback AI] Solver <ConvHipImplicitGemmGroupFwdXdlops>, workspace required: 28524544, provided ptr: 0x752f3a46e000 size: 28262400
MIOpen(HIP): Warning [IsEnoughWorkspace] [GetSolutionsFallback AI] Solver <GemmFwdRest>, workspace required: 197836800, provided ptr: 0x752f402f4000 size: 56983552
MIOpen(HIP): Warning [IsEnoughWorkspace] [GetSolutionsFallback AI] Solver <ConvHipImplicitGemmGroupFwdXdlops>, workspace required: 56590336, provided ptr: 0x752f41de8000 size: 56524800
MIOpen(HIP): Warning [IsEnoughWorkspace] [GetSolutionsFallback WTI] Solver <ConvAsmImplicitGemmGTCDynamicBwdXdlopsNHWC>, workspace required: 56655872, provided ptr: 0x752f402f4000 size: 56524800
MIOpen(HIP): Warning [IsEnoughWorkspace] [GetSolutionsFallback WTI] Solver <ConvHipImplicitGemmGroupBwdXdlops>, workspace required: 56655872, provided ptr: 0x752f402f4000 size: 56524800
MIOpen(HIP): Warning [IsEnoughWorkspace] [GetSolutionsFallback AI] Solver <GemmFwdRest>, workspace required: 197836800, provided ptr: 0x752f41de8000 size: 56639488
MIOpen(HIP): Warning [IsEnoughWorkspace] [GetSolutionsFallback AI] Solver <ConvHipImplicitGemmGroupFwdXdlops>, workspace required: 56541184, provided ptr: 0x752f438dc000 size: 56524800
MIOpen(HIP): Warning [IsEnoughWorkspace] [GetSolutionsFallback AI] Solver <GemmFwdRest>, workspace required: 296755200, provided ptr: 0x752f438dc000 size: 84815872
MIOpen(HIP): Warning [IsEnoughWorkspace] [GetSolutionsFallback AI] Solver <ConvHipImplicitGemmGroupFwdXdlops>, workspace required: 84791296, provided ptr: 0x752f4614a000 size: 84787200
MIOpen(HIP): Warning [IsEnoughWorkspace] [GetSolutionsFallback AI] Solver <ConvHipImplicitGemmGroupFwdXdlops>, workspace required: 43719424, provided ptr: 0x752f37c00000 size: 42394624
MIOpen(HIP): Warning [IsEnoughWorkspace] [GetSolutionsFallback AI] Solver <GemmFwdRest>, workspace required: 296755200, provided ptr: 0x752f37c00000 size: 42394624
MIOpen(HIP): Warning [IsEnoughWorkspace] [GetSolutionsFallback AI] Solver <ConvHipImplicitGemmGroupFwdXdlops>, workspace required: 9055232, provided ptr: 0x752e4e2c0000 size: 2401280
MIOpen(HIP): Warning [IsEnoughWorkspace] [GetSolutionsFallback AI] Solver <ConvAsmImplicitGemmGTCDynamicFwdXdlopsNHWC>, workspace required: 9055232, provided ptr: 0x752e4e2c0000 size: 2401280
MIOpen(HIP): Warning [IsEnoughWorkspace] [GetSolutionsFallback WTI] Solver <ConvAsmImplicitGemmGTCDynamicBwdXdlopsNHWC>, workspace required: 40415232, provided ptr: 0x752fe0ec0000 size: 10977280
MIOpen(HIP): Warning [IsEnoughWorkspace] [GetSolutionsFallback WTI] Solver <ConvHipImplicitGemmGroupBwdXdlops>, workspace required: 40415232, provided ptr: 0x752fe0ec0000 size: 10977280
MIOpen(HIP): Warning [IsEnoughWorkspace] [GetSolutionsFallback AI] Solver <GemmFwdRest>, workspace required: 38420480, provided ptr: 0x752f37c00000 size: 18317312
MIOpen(HIP): Warning [IsEnoughWorkspace] [GetSolutionsFallback AI] Solver <GemmFwdRest>, workspace required: 96051200, provided ptr: 0x752f38916000 size: 29278208
MIOpen(HIP): Warning [IsEnoughWorkspace] [GetSolutionsFallback AI] Solver <ConvHipImplicitGemmGroupFwdXdlops>, workspace required: 27705344, provided ptr: 0x752f3962c000 size: 27443200
MIOpen(HIP): Warning [IsEnoughWorkspace] [GetSolutionsFallback AI] Solver <GemmFwdRest>, workspace required: 192102400, provided ptr: 0x752f4022c000 size: 55345152
MIOpen(HIP): Warning [IsEnoughWorkspace] [GetSolutionsFallback AI] Solver <ConvHipImplicitGemmGroupFwdXdlops>, workspace required: 54951936, provided ptr: 0x752f41c58000 size: 54886400
MIOpen(HIP): Warning [IsEnoughWorkspace] [GetSolutionsFallback WTI] Solver <ConvAsmImplicitGemmGTCDynamicBwdXdlopsNHWC>, workspace required: 55017472, provided ptr: 0x752f4022c000 size: 54886400
MIOpen(HIP): Warning [IsEnoughWorkspace] [GetSolutionsFallback WTI] Solver <ConvHipImplicitGemmGroupBwdXdlops>, workspace required: 55017472, provided ptr: 0x752f4022c000 size: 54886400
MIOpen(HIP): Warning [IsEnoughWorkspace] [GetSolutionsFallback AI] Solver <GemmFwdRest>, workspace required: 192102400, provided ptr: 0x752f41c58000 size: 55001088
MIOpen(HIP): Warning [IsEnoughWorkspace] [GetSolutionsFallback AI] Solver <ConvHipImplicitGemmGroupFwdXdlops>, workspace required: 54902784, provided ptr: 0x752f43684000 size: 54886400
MIOpen(HIP): Warning [IsEnoughWorkspace] [GetSolutionsFallback AI] Solver <GemmFwdRest>, workspace required: 288153600, provided ptr: 0x752f43684000 size: 82358272
MIOpen(HIP): Warning [IsEnoughWorkspace] [GetSolutionsFallback AI] Solver <ConvHipImplicitGemmGroupFwdXdlops>, workspace required: 82333696, provided ptr: 0x752f45dc6000 size: 82329600
MIOpen(HIP): Warning [IsEnoughWorkspace] [GetSolutionsFallback AI] Solver <ConvHipImplicitGemmGroupFwdXdlops>, workspace required: 42452224, provided ptr: 0x752f37c00000 size: 41165824
MIOpen(HIP): Warning [IsEnoughWorkspace] [GetSolutionsFallback AI] Solver <GemmFwdRest>, workspace required: 288153600, provided ptr: 0x752f37c00000 size: 41165824
[0;36m(APIServer pid=47055)[0;0m [32mINFO[0m [90m10-07 15:23:40[0m [90m[stats.py:902][0m [OmniTiming] req=speech-8c88ef7eed2e9155-88990ef6 total=3.93s engine=3.93s stages=[0:3.93s]
INFO:     127.0.0.1:52128 - "POST /v1/audio/speech HTTP/1.1" 200 OK
[0;36m(APIServer pid=47055)[0;0m [32mINFO[0m [90m10-07 15:23:40[0m [90m[serving_speech.py:2423][0m Diffusion TTS speech request speech-9c242853d57295b9: voice_clone=False
[0;36m(APIServer pid=47055)[0;0m [32mINFO[0m [90m10-07 15:23:40[0m [90m[serving_speech.py:2471][0m Applied diffusion speech params: seed=42 extra_params={}
[0;36m(APIServer pid=47055)[0;0m [32mINFO[0m [90m10-07 15:23:40[0m [90m[diffusion_engine.py:764][0m [RequestBatch] admission wait done waiting=1 max_batch=8 waited_ms=2.1
MIOpen(HIP): Warning [IsEnoughWorkspace] [GetSolutionsFallback AI] Solver <ConvHipImplicitGemmGroupFwdXdlops>, workspace required: 9316352, provided ptr: 0x752e51a00000 size: 2766848
MIOpen(HIP): Warning [IsEnoughWorkspace] [GetSolutionsFallback AI] Solver <ConvAsmImplicitGemmGTCDynamicFwdXdlopsNHWC>, workspace required: 9316352, provided ptr: 0x752e51a00000 size: 2766848
MIOpen(HIP): Warning [IsEnoughWorkspace] [GetSolutionsFallback WTI] Solver <ConvAsmImplicitGemmGTCDynamicBwdXdlopsNHWC>, workspace required: 41459712, provided ptr: 0x752fe0ec0000 size: 12648448
MIOpen(HIP): Warning [IsEnoughWorkspace] [GetSolutionsFallback WTI] Solver <ConvHipImplicitGemmGroupBwdXdlops>, workspace required: 41459712, provided ptr: 0x752fe0ec0000 size: 12648448
MIOpen(HIP): Warning [IsEnoughWorkspace] [GetSolutionsFallback AI] Solver <GemmFwdRest>, workspace required: 44269568, provided ptr: 0x752f37c00000 size: 19988480
MIOpen(HIP): Warning [IsEnoughWorkspace] [GetSolutionsFallback AI] Solver <GemmFwdRest>, workspace required: 110673920, provided ptr: 0x752f39a28000 size: 33456128
MIOpen(HIP): Warning [IsEnoughWorkspace] [GetSolutionsFallback AI] Solver <ConvHipImplicitGemmGroupFwdXdlops>, workspace required: 31883264, provided ptr: 0x752f3a93c000 size: 31621120
MIOpen(HIP): Warning [IsEnoughWorkspace] [GetSolutionsFallback AI] Solver <GemmFwdRest>, workspace required: 221347840, provided ptr: 0x752f40628000 size: 63700992
MIOpen(HIP): Warning [IsEnoughWorkspace] [GetSolutionsFallback AI] Solver <ConvHipImplicitGemmGroupFwdXdlops>, workspace required: 63307776, provided ptr: 0x752f42450000 size: 63242240
MIOpen(HIP): Warning [IsEnoughWorkspace] [GetSolutionsFallback WTI] Solver <ConvAsmImplicitGemmGTCDynamicBwdXdlopsNHWC>, workspace required: 63373312, provided ptr: 0x752f40628000 size: 63242240
MIOpen(HIP): Warning [IsEnoughWorkspace] [GetSolutionsFallback WTI] Solver <ConvHipImplicitGemmGroupBwdXdlops>, workspace required: 63373312, provided ptr: 0x752f40628000 size: 63242240
MIOpen(HIP): Warning [IsEnoughWorkspace] [GetSolutionsFallback AI] Solver <GemmFwdRest>, workspace required: 221347840, provided ptr: 0x752f42450000 size: 63356928
MIOpen(HIP): Warning [IsEnoughWorkspace] [GetSolutionsFallback AI] Solver <ConvHipImplicitGemmGroupFwdXdlops>, workspace required: 63258624, provided ptr: 0x752f44278000 size: 63242240
MIOpen(HIP): Warning [IsEnoughWorkspace] [GetSolutionsFallback AI] Solver <GemmFwdRest>, workspace required: 332021760, provided ptr: 0x752f44278000 size: 94892032
MIOpen(HIP): Warning [IsEnoughWorkspace] [GetSolutionsFallback AI] Solver <ConvHipImplicitGemmGroupFwdXdlops>, workspace required: 94867456, provided ptr: 0x752f46fb4000 size: 94863360
MIOpen(HIP): Warning [IsEnoughWorkspace] [GetSolutionsFallback AI] Solver <ConvHipImplicitGemmGroupFwdXdlops>, workspace required: 48914944, provided ptr: 0x752f37c00000 size: 47432704
MIOpen(HIP): Warning [IsEnoughWorkspace] [GetSolutionsFallback AI] Solver <GemmFwdRest>, workspace required: 332021760, provided ptr: 0x752f37c00000 size: 47432704
MIOpen(HIP): Warning [IsEnoughWorkspace] [GetSolutionsFallback AI] Solver <ConvHipImplicitGemmGroupFwdXdlops>, workspace required: 9050112, provided ptr: 0x752e4e2c0000 size: 2394112
MIOpen(HIP): Warning [IsEnoughWorkspace] [GetSolutionsFallback AI] Solver <ConvAsmImplicitGemmGTCDynamicFwdXdlopsNHWC>, workspace required: 9050112, provided ptr: 0x752e4e2c0000 size: 2394112
MIOpen(HIP): Warning [IsEnoughWorkspace] [GetSolutionsFallback WTI] Solver <ConvAsmImplicitGemmGTCDynamicBwdXdlopsNHWC>, workspace required: 40394752, provided ptr: 0x752fe0ec0000 size: 10944512
MIOpen(HIP): Warning [IsEnoughWorkspace] [GetSolutionsFallback WTI] Solver <ConvHipImplicitGemmGroupBwdXdlops>, workspace required: 40394752, provided ptr: 0x752fe0ec0000 size: 10944512
MIOpen(HIP): Warning [IsEnoughWorkspace] [GetSolutionsFallback AI] Solver <GemmFwdRest>, workspace required: 38305792, provided ptr: 0x752f37c00000 size: 18284544
MIOpen(HIP): Warning [IsEnoughWorkspace] [GetSolutionsFallback AI] Solver <GemmFwdRest>, workspace required: 95764480, provided ptr: 0x752f3890c000 size: 29196288
MIOpen(HIP): Warning [IsEnoughWorkspace] [GetSolutionsFallback AI] Solver <ConvHipImplicitGemmGroupFwdXdlops>, workspace required: 27623424, provided ptr: 0x752f39618000 size: 27361280
MIOpen(HIP): Warning [IsEnoughWorkspace] [GetSolutionsFallback AI] Solver <GemmFwdRest>, workspace required: 191528960, provided ptr: 0x752f40218000 size: 55181312
MIOpen(HIP): Warning [IsEnoughWorkspace] [GetSolutionsFallback AI] Solver <ConvHipImplicitGemmGroupFwdXdlops>, workspace required: 54788096, provided ptr: 0x752f41c30000 size: 54722560
MIOpen(HIP): Warning [IsEnoughWorkspace] [GetSolutionsFallback WTI] Solver <ConvAsmImplicitGemmGTCDynamicBwdXdlopsNHWC>, workspace required: 54853632, provided ptr: 0x752f40218000 size: 54722560
MIOpen(HIP): Warning [IsEnoughWorkspace] [GetSolutionsFallback WTI] Solver <ConvHipImplicitGemmGroupBwdXdlops>, workspace required: 54853632, provided ptr: 0x752f40218000 size: 54722560
MIOpen(HIP): Warning [IsEnoughWorkspace] [GetSolutionsFallback AI] Solver <GemmFwdRest>, workspace required: 191528960, provided ptr: 0x752f41c30000 size: 54837248
MIOpen(HIP): Warning [IsEnoughWorkspace] [GetSolutionsFallback AI] Solver <ConvHipImplicitGemmGroupFwdXdlops>, workspace required: 54738944, provided ptr: 0x752f43648000 size: 54722560
MIOpen(HIP): Warning [IsEnoughWorkspace] [GetSolutionsFallback AI] Solver <GemmFwdRest>, workspace required: 287293440, provided ptr: 0x752f43648000 size: 82112512
MIOpen(HIP): Warning [IsEnoughWorkspace] [GetSolutionsFallback AI] Solver <ConvHipImplicitGemmGroupFwdXdlops>, workspace required: 82087936, provided ptr: 0x752f45d6c000 size: 82083840
MIOpen(HIP): Warning [IsEnoughWorkspace] [GetSolutionsFallback AI] Solver <ConvHipImplicitGemmGroupFwdXdlops>, workspace required: 42325504, provided ptr: 0x752f37c00000 size: 41042944
MIOpen(HIP): Warning [IsEnoughWorkspace] [GetSolutionsFallback AI] Solver <GemmFwdRest>, workspace required: 287293440, provided ptr: 0x752f37c00000 size: 41042944
MIOpen(HIP): Warning [IsEnoughWorkspace] [GetSolutionsFallback AI] Solver <ConvHipImplicitGemmGroupFwdXdlops>, workspace required: 9172992, provided ptr: 0x752e4e2c0000 size: 2566144
MIOpen(HIP): Warning [IsEnoughWorkspace] [GetSolutionsFallback AI] Solver <ConvAsmImplicitGemmGTCDynamicFwdXdlopsNHWC>, workspace required: 9172992, provided ptr: 0x752e4e2c0000 size: 2566144
MIOpen(HIP): Warning [IsEnoughWorkspace] [GetSolutionsFallback WTI] Solver <ConvAsmImplicitGemmGTCDynamicBwdXdlopsNHWC>, workspace required: 40886272, provided ptr: 0x752fe0ec0000 size: 11730944
MIOpen(HIP): Warning [IsEnoughWorkspace] [GetSolutionsFallback WTI] Solver <ConvHipImplicitGemmGroupBwdXdlops>, workspace required: 40886272, provided ptr: 0x752fe0ec0000 size: 11730944
MIOpen(HIP): Warning [IsEnoughWorkspace] [GetSolutionsFallback AI] Solver <GemmFwdRest>, workspace required: 41058304, provided ptr: 0x752f37c00000 size: 19070976
MIOpen(HIP): Warning [IsEnoughWorkspace] [GetSolutionsFallback AI] Solver <GemmFwdRest>, workspace required: 102645760, provided ptr: 0x752f397f8000 size: 31162368
MIOpen(HIP): Warning [IsEnoughWorkspace] [GetSolutionsFallback AI] Solver <ConvHipImplicitGemmGroupFwdXdlops>, workspace required: 29589504, provided ptr: 0x752f3a5f4000 size: 29327360
MIOpen(HIP): Warning [IsEnoughWorkspace] [GetSolutionsFallback AI] Solver <GemmFwdRest>, workspace required: 205291520, provided ptr: 0x752f403f8000 size: 59113472
MIOpen(HIP): Warning [IsEnoughWorkspace] [GetSolutionsFallback AI] Solver <ConvHipImplicitGemmGroupFwdXdlops>, workspace required: 58720256, provided ptr: 0x752f41ff0000 size: 58654720
MIOpen(HIP): Warning [IsEnoughWorkspace] [GetSolutionsFallback WTI] Solver <ConvAsmImplicitGemmGTCDynamicBwdXdlopsNHWC>, workspace required: 58785792, provided ptr: 0x752f403f8000 size: 58654720
MIOpen(HIP): Warning [IsEnoughWorkspace] [GetSolutionsFallback WTI] Solver <ConvHipImplicitGemmGroupBwdXdlops>, workspace required: 58785792, provided ptr: 0x752f403f8000 size: 58654720
MIOpen(HIP): Warning [IsEnoughWorkspace] [GetSolutionsFallback AI] Solver <GemmFwdRest>, workspace required: 205291520, provided ptr: 0x752f41ff0000 size: 58769408
MIOpen(HIP): Warning [IsEnoughWorkspace] [GetSolutionsFallback AI] Solver <ConvHipImplicitGemmGroupFwdXdlops>, workspace required: 58671104, provided ptr: 0x752f43be8000 size: 58654720
MIOpen(HIP): Warning [IsEnoughWorkspace] [GetSolutionsFallback AI] Solver <GemmFwdRest>, workspace required: 307937280, provided ptr: 0x752f43be8000 size: 88010752
MIOpen(HIP): Warning [IsEnoughWorkspace] [GetSolutionsFallback AI] Solver <ConvHipImplicitGemmGroupFwdXdlops>, workspace required: 87986176, provided ptr: 0x752f465dc000 size: 87982080
MIOpen(HIP): Warning [IsEnoughWorkspace] [GetSolutionsFallback AI] Solver <ConvHipImplicitGemmGroupFwdXdlops>, workspace required: 45366784, provided ptr: 0x752f37c00000 size: 43992064
MIOpen(HIP): Warning [IsEnoughWorkspace] [GetSolutionsFallback AI] Solver <GemmFwdRest>, workspace required: 307937280, provided ptr: 0x752f37c00000 size: 43992064
MIOpen(HIP): Warning [IsEnoughWorkspace] [GetSolutionsFallback AI] Solver <ConvHipImplicitGemmGroupFwdXdlops>, workspace required: 9152512, provided ptr: 0x752e4e2c0000 size: 2537472
MIOpen(HIP): Warning [IsEnoughWorkspace] [GetSolutionsFallback AI] Solver <ConvAsmImplicitGemmGTCDynamicFwdXdlopsNHWC>, workspace required: 9152512, provided ptr: 0x752e4e2c0000 size: 2537472
MIOpen(HIP): Warning [IsEnoughWorkspace] [GetSolutionsFallback WTI] Solver <ConvAsmImplicitGemmGTCDynamicBwdXdlopsNHWC>, workspace required: 40804352, provided ptr: 0x752fe0ec0000 size: 11599872
MIOpen(HIP): Warning [IsEnoughWorkspace] [GetSolutionsFallback WTI] Solver <ConvHipImplicitGemmGroupBwdXdlops>, workspace required: 40804352, provided ptr: 0x752fe0ec0000 size: 11599872
MIOpen(HIP): Warning [IsEnoughWorkspace] [GetSolutionsFallback AI] Solver <GemmFwdRest>, workspace required: 40599552, provided ptr: 0x752f37c00000 size: 18939904
MIOpen(HIP): Warning [IsEnoughWorkspace] [GetSolutionsFallback AI] Solver <GemmFwdRest>, workspace required: 101498880, provided ptr: 0x752f397a8000 size: 30834688
MIOpen(HIP): Warning [IsEnoughWorkspace] [GetSolutionsFallback AI] Solver <ConvHipImplicitGemmGroupFwdXdlops>, workspace required: 29261824, provided ptr: 0x752f3a57c000 size: 28999680
MIOpen(HIP): Warning [IsEnoughWorkspace] [GetSolutionsFallback AI] Solver <GemmFwdRest>, workspace required: 202997760, provided ptr: 0x752f403a8000 size: 58458112
MIOpen(HIP): Warning [IsEnoughWorkspace] [GetSolutionsFallback AI] Solver <ConvHipImplicitGemmGroupFwdXdlops>, workspace required: 58064896, provided ptr: 0x752f41f50000 size: 57999360
MIOpen(HIP): Warning [IsEnoughWorkspace] [GetSolutionsFallback WTI] Solver <ConvAsmImplicitGemmGTCDynamicBwdXdlopsNHWC>, workspace required: 58130432, provided ptr: 0x752f403a8000 size: 57999360
MIOpen(HIP): Warning [IsEnoughWorkspace] [GetSolutionsFallback WTI] Solver <ConvHipImplicitGemmGroupBwdXdlops>, workspace required: 58130432, provided ptr: 0x752f403a8000 size: 57999360
MIOpen(HIP): Warning [IsEnoughWorkspace] [GetSolutionsFallback AI] Solver <GemmFwdRest>, workspace required: 202997760, provided ptr: 0x752f41f50000 size: 58114048
MIOpen(HIP): Warning [IsEnoughWorkspace] [GetSolutionsFallback AI] Solver <ConvHipImplicitGemmGroupFwdXdlops>, workspace required: 58015744, provided ptr: 0x752f43af8000 size: 57999360
MIOpen(HIP): Warning [IsEnoughWorkspace] [GetSolutionsFallback AI] Solver <GemmFwdRest>, workspace required: 304496640, provided ptr: 0x752f43af8000 size: 87027712
MIOpen(HIP): Warning [IsEnoughWorkspace] [GetSolutionsFallback AI] Solver <ConvHipImplicitGemmGroupFwdXdlops>, workspace required: 87003136, provided ptr: 0x752f46474000 size: 86999040
MIOpen(HIP): Warning [IsEnoughWorkspace] [GetSolutionsFallback AI] Solver <ConvHipImplicitGemmGroupFwdXdlops>, workspace required: 44859904, provided ptr: 0x752f37c00000 size: 43500544
MIOpen(HIP): Warning [IsEnoughWorkspace] [GetSolutionsFallback AI] Solver <GemmFwdRest>, workspace required: 304496640, provided ptr: 0x752f37c00000 size: 43500544
MIOpen(HIP): Warning [IsEnoughWorkspace] [GetSolutionsFallback AI] Solver <ConvHipImplicitGemmGroupFwdXdlops>, workspace required: 8865792, provided ptr: 0x752e4e2c0000 size: 2136064
MIOpen(HIP): Warning [IsEnoughWorkspace] [GetSolutionsFallback AI] Solver <ConvAsmImplicitGemmGTCDynamicFwdXdlopsNHWC>, workspace required: 8865792, provided ptr: 0x752e4e2c0000 size: 2136064
MIOpen(HIP): Warning [IsEnoughWorkspace] [GetSolutionsFallback WTI] Solver <ConvAsmImplicitGemmGTCDynamicBwdXdlopsNHWC>, workspace required: 39657472, provided ptr: 0x752f13200000 size: 9764864
MIOpen(HIP): Warning [IsEnoughWorkspace] [GetSolutionsFallback WTI] Solver <ConvHipImplicitGemmGroupBwdXdlops>, workspace required: 39657472, provided ptr: 0x752f13200000 size: 9764864
MIOpen(HIP): Warning [IsEnoughWorkspace] [GetSolutionsFallback AI] Solver <GemmFwdRest>, workspace required: 34177024, provided ptr: 0x752fe0ec0000 size: 17104896
MIOpen(HIP): Warning [IsEnoughWorkspace] [GetSolutionsFallback AI] Solver <GemmFwdRest>, workspace required: 85442560, provided ptr: 0x752f39348000 size: 26247168
MIOpen(HIP): Warning [IsEnoughWorkspace] [GetSolutionsFallback AI] Solver <ConvHipImplicitGemmGroupFwdXdlops>, workspace required: 24674304, provided ptr: 0x752f39eec000 size: 24412160
MIOpen(HIP): Warning [IsEnoughWorkspace] [GetSolutionsFallback AI] Solver <GemmFwdRest>, workspace required: 170885120, provided ptr: 0x752f3ff48000 size: 49283072
MIOpen(HIP): Warning [IsEnoughWorkspace] [GetSolutionsFallback AI] Solver <ConvHipImplicitGemmGroupFwdXdlops>, workspace required: 48889856, provided ptr: 0x752f41690000 size: 48824320
MIOpen(HIP): Warning [IsEnoughWorkspace] [GetSolutionsFallback WTI] Solver <ConvAsmImplicitGemmGTCDynamicBwdXdlopsNHWC>, workspace required: 48955392, provided ptr: 0x752f3ff48000 size: 48824320
MIOpen(HIP): Warning [IsEnoughWorkspace] [GetSolutionsFallback WTI] Solver <ConvHipImplicitGemmGroupBwdXdlops>, workspace required: 48955392, provided ptr: 0x752f3ff48000 size: 48824320
MIOpen(HIP): Warning [IsEnoughWorkspace] [GetSolutionsFallback AI] Solver <GemmFwdRest>, workspace required: 170885120, provided ptr: 0x752f3ff48000 size: 48939008
MIOpen(HIP): Warning [IsEnoughWorkspace] [GetSolutionsFallback AI] Solver <ConvHipImplicitGemmGroupFwdXdlops>, workspace required: 48840704, provided ptr: 0x752f41690000 size: 48824320
MIOpen(HIP): Warning [IsEnoughWorkspace] [GetSolutionsFallback AI] Solver <GemmFwdRest>, workspace required: 256327680, provided ptr: 0x752f42dd8000 size: 73265152
MIOpen(HIP): Warning [IsEnoughWorkspace] [GetSolutionsFallback AI] Solver <ConvHipImplicitGemmGroupFwdXdlops>, workspace required: 73240576, provided ptr: 0x752f450c4000 size: 73236480
MIOpen(HIP): Warning [IsEnoughWorkspace] [GetSolutionsFallback AI] Solver <ConvHipImplicitGemmGroupFwdXdlops>, workspace required: 37763584, provided ptr: 0x752f37c00000 size: 36619264
MIOpen(HIP): Warning [IsEnoughWorkspace] [GetSolutionsFallback AI] Solver <GemmFwdRest>, workspace required: 256327680, provided ptr: 0x752f37c00000 size: 36619264
MIOpen(HIP): Warning [IsEnoughWorkspace] [GetSolutionsFallback AI] Solver <ConvHipImplicitGemmGroupFwdXdlops>, workspace required: 8993792, provided ptr: 0x752e4e2c0000 size: 2315264
MIOpen(HIP): Warning [IsEnoughWorkspace] [GetSolutionsFallback AI] Solver <ConvAsmImplicitGemmGTCDynamicFwdXdlopsNHWC>, workspace required: 8993792, provided ptr: 0x752e4e2c0000 size: 2315264
MIOpen(HIP): Warning [IsEnoughWorkspace] [GetSolutionsFallback WTI] Solver <ConvAsmImplicitGemmGTCDynamicBwdXdlopsNHWC>, workspace required: 40169472, provided ptr: 0x752fe0ec0000 size: 10584064
MIOpen(HIP): Warning [IsEnoughWorkspace] [GetSolutionsFallback WTI] Solver <ConvHipImplicitGemmGroupBwdXdlops>, workspace required: 40169472, provided ptr: 0x752fe0ec0000 size: 10584064
MIOpen(HIP): Warning [IsEnoughWorkspace] [GetSolutionsFallback AI] Solver <GemmFwdRest>, workspace required: 37044224, provided ptr: 0x752f37c00000 size: 17924096
MIOpen(HIP): Warning [IsEnoughWorkspace] [GetSolutionsFallback AI] Solver <GemmFwdRest>, workspace required: 92610560, provided ptr: 0x752f3889e000 size: 28295168
MIOpen(HIP): Warning [IsEnoughWorkspace] [GetSolutionsFallback AI] Solver <ConvHipImplicitGemmGroupFwdXdlops>, workspace required: 26722304, provided ptr: 0x752f3953c000 size: 26460160
MIOpen(HIP): Warning [IsEnoughWorkspace] [GetSolutionsFallback AI] Solver <GemmFwdRest>, workspace required: 185221120, provided ptr: 0x752f4013c000 size: 53379072
MIOpen(HIP): Warning [IsEnoughWorkspace] [GetSolutionsFallback AI] Solver <ConvHipImplicitGemmGroupFwdXdlops>, workspace required: 52985856, provided ptr: 0x752f41a78000 size: 52920320
MIOpen(HIP): Warning [IsEnoughWorkspace] [GetSolutionsFallback WTI] Solver <ConvAsmImplicitGemmGTCDynamicBwdXdlopsNHWC>, workspace required: 53051392, provided ptr: 0x752f4013c000 size: 52920320
MIOpen(HIP): Warning [IsEnoughWorkspace] [GetSolutionsFallback WTI] Solver <ConvHipImplicitGemmGroupBwdXdlops>, workspace required: 53051392, provided ptr: 0x752f4013c000 size: 52920320
MIOpen(HIP): Warning [IsEnoughWorkspace] [GetSolutionsFallback AI] Solver <GemmFwdRest>, workspace required: 185221120, provided ptr: 0x752f4013c000 size: 53035008
MIOpen(HIP): Warning [IsEnoughWorkspace] [GetSolutionsFallback AI] Solver <ConvHipImplicitGemmGroupFwdXdlops>, workspace required: 52936704, provided ptr: 0x752f41a78000 size: 52920320
MIOpen(HIP): Warning [IsEnoughWorkspace] [GetSolutionsFallback AI] Solver <GemmFwdRest>, workspace required: 277831680, provided ptr: 0x752f433b4000 size: 79409152
MIOpen(HIP): Warning [IsEnoughWorkspace] [GetSolutionsFallback AI] Solver <ConvHipImplicitGemmGroupFwdXdlops>, workspace required: 79384576, provided ptr: 0x752f4598e000 size: 79380480
MIOpen(HIP): Warning [IsEnoughWorkspace] [GetSolutionsFallback AI] Solver <ConvHipImplicitGemmGroupFwdXdlops>, workspace required: 40931584, provided ptr: 0x752f37c00000 size: 39691264
MIOpen(HIP): Warning [IsEnoughWorkspace] [GetSolutionsFallback AI] Solver <GemmFwdRest>, workspace required: 277831680, provided ptr: 0x752f37c00000 size: 39691264
MIOpen(HIP): Warning [IsEnoughWorkspace] [GetSolutionsFallback AI] Solver <ConvHipImplicitGemmGroupFwdXdlops>, workspace required: 8251392, provided ptr: 0x752e4f280000 size: 1275904
MIOpen(HIP): Warning [IsEnoughWorkspace] [GetSolutionsFallback AI] Solver <ConvAsmImplicitGemmGTCDynamicFwdXdlopsNHWC>, workspace required: 8251392, provided ptr: 0x752e4f280000 size: 1275904
MIOpen(HIP): Warning [IsEnoughWorkspace] [GetSolutionsFallback WTI] Solver <ConvAsmImplicitGemmGTCDynamicBwdXdlopsNHWC>, workspace required: 37199872, provided ptr: 0x752f13200000 size: 5832704
MIOpen(HIP): Warning [IsEnoughWorkspace] [GetSolutionsFallback WTI] Solver <ConvHipImplicitGemmGroupBwdXdlops>, workspace required: 37199872, provided ptr: 0x752f13200000 size: 5832704
MIOpen(HIP): Warning [IsEnoughWorkspace] [GetSolutionsFallback AI] Solver <GemmFwdRest>, workspace required: 20414464, provided ptr: 0x752fe0ec0000 size: 13172736
MIOpen(HIP): Warning [IsEnoughWorkspace] [GetSolutionsFallback WTI] Solver <ConvAsmImplicitGemmGTCDynamicBwdXdlopsNHWC>, workspace required: 15450112, provided ptr: 0x752fe0ec0000 size: 14581760
MIOpen(HIP): Warning [IsEnoughWorkspace] [GetSolutionsFallback WTI] Solver <ConvHipImplicitGemmGroupBwdXdlops>, workspace required: 15450112, provided ptr: 0x752fe0ec0000 size: 14581760
MIOpen(HIP): Warning [IsEnoughWorkspace] [GetSolutionsFallback AI] Solver <GemmFwdRest>, workspace required: 51036160, provided ptr: 0x752f37c00000 size: 16416768
MIOpen(HIP): Warning [IsEnoughWorkspace] [GetSolutionsFallback AI] Solver <ConvAsmImplicitGemmGTCDynamicFwdXdlopsNHWC>, workspace required: 14581760, provided ptr: 0 size: 0
MIOpen(HIP): Warning [IsEnoughWorkspace] [GetSolutionsFallback AI] Solver <ConvHipImplicitGemmGroupFwdXdlops>, workspace required: 14843904, provided ptr: 0 size: 0
MIOpen(HIP): Warning [IsEnoughWorkspace] [GetSolutionsFallback AI] Solver <GemmFwdRest>, workspace required: 102072320, provided ptr: 0x752f389e8000 size: 29622272
MIOpen(HIP): Warning [IsEnoughWorkspace] [GetSolutionsFallback AI] Solver <ConvHipImplicitGemmGroupFwdXdlops>, workspace required: 29229056, provided ptr: 0x752f397d0000 size: 29163520
MIOpen(HIP): Warning [IsEnoughWorkspace] [GetSolutionsFallback WTI] Solver <ConvAsmImplicitGemmGTCDynamicBwdXdlopsNHWC>, workspace required: 29294592, provided ptr: 0x752f389e8000 size: 29163520
MIOpen(HIP): Warning [IsEnoughWorkspace] [GetSolutionsFallback WTI] Solver <ConvHipImplicitGemmGroupBwdXdlops>, workspace required: 29294592, provided ptr: 0x752f389e8000 size: 29163520
MIOpen(HIP): Warning [IsEnoughWorkspace] [GetSolutionsFallback AI] Solver <GemmFwdRest>, workspace required: 102072320, provided ptr: 0x752f397d0000 size: 29278208
MIOpen(HIP): Warning [IsEnoughWorkspace] [GetSolutionsFallback AI] Solver <ConvHipImplicitGemmGroupFwdXdlops>, workspace required: 29179904, provided ptr: 0x752f3a5b8000 size: 29163520
MIOpen(HIP): Warning [IsEnoughWorkspace] [GetSolutionsFallback AI] Solver <GemmFwdRest>, workspace required: 153108480, provided ptr: 0x752f3e800000 size: 43773952
MIOpen(HIP): Warning [IsEnoughWorkspace] [GetSolutionsFallback AI] Solver <ConvHipImplicitGemmGroupFwdXdlops>, workspace required: 43749376, provided ptr: 0x752f3fcdc000 size: 43745280
MIOpen(HIP): Warning [IsEnoughWorkspace] [GetSolutionsFallback AI] Solver <ConvHipImplicitGemmGroupFwdXdlops>, workspace required: 22557184, provided ptr: 0x752f37c00000 size: 21873664
MIOpen(HIP): Warning [IsEnoughWorkspace] [GetSolutionsFallback AI] Solver <GemmFwdRest>, workspace required: 153108480, provided ptr: 0x752f37c00000 size: 21873664
MIOpen(HIP): Warning [IsEnoughWorkspace] [GetSolutionsFallback AI] Solver <ConvHipImplicitGemmGroupFwdXdlops>, workspace required: 8635392, provided ptr: 0x752e4e2c0000 size: 1813504
MIOpen(HIP): Warning [IsEnoughWorkspace] [GetSolutionsFallback AI] Solver <ConvAsmImplicitGemmGTCDynamicFwdXdlopsNHWC>, workspace required: 8635392, provided ptr: 0x752e4e2c0000 size: 1813504
MIOpen(HIP): Warning [IsEnoughWorkspace] [GetSolutionsFallback WTI] Solver <ConvAsmImplicitGemmGTCDynamicBwdXdlopsNHWC>, workspace required: 38735872, provided ptr: 0x752f13200000 size: 8290304
MIOpen(HIP): Warning [IsEnoughWorkspace] [GetSolutionsFallback WTI] Solver <ConvHipImplicitGemmGroupBwdXdlops>, workspace required: 38735872, provided ptr: 0x752f13200000 size: 8290304
MIOpen(HIP): Warning [IsEnoughWorkspace] [GetSolutionsFallback AI] Solver <GemmFwdRest>, workspace required: 29016064, provided ptr: 0x752fe0ec0000 size: 15630336
MIOpen(HIP): Warning [IsEnoughWorkspace] [GetSolutionsFallback AI] Solver <GemmFwdRest>, workspace required: 72540160, provided ptr: 0x752f37c00000 size: 22560768
MIOpen(HIP): Warning [IsEnoughWorkspace] [GetSolutionsFallback AI] Solver <ConvHipImplicitGemmGroupFwdXdlops>, workspace required: 20987904, provided ptr: 0x752f385e2000 size: 20725760
MIOpen(HIP): Warning [IsEnoughWorkspace] [GetSolutionsFallback AI] Solver <GemmFwdRest>, workspace required: 145080320, provided ptr: 0x752f3e800000 size: 41910272
MIOpen(HIP): Warning [IsEnoughWorkspace] [GetSolutionsFallback AI] Solver <ConvHipImplicitGemmGroupFwdXdlops>, workspace required: 41517056, provided ptr: 0x752f3fbc4000 size: 41451520
MIOpen(HIP): Warning [IsEnoughWorkspace] [GetSolutionsFallback WTI] Solver <ConvAsmImplicitGemmGTCDynamicBwdXdlopsNHWC>, workspace required: 41582592, provided ptr: 0x752f3e800000 size: 41451520
MIOpen(HIP): Warning [IsEnoughWorkspace] [GetSolutionsFallback WTI] Solver <ConvHipImplicitGemmGroupBwdXdlops>, workspace required: 41582592, provided ptr: 0x752f3e800000 size: 41451520
MIOpen(HIP): Warning [IsEnoughWorkspace] [GetSolutionsFallback AI] Solver <GemmFwdRest>, workspace required: 145080320, provided ptr: 0x752f3e800000 size: 41566208
MIOpen(HIP): Warning [IsEnoughWorkspace] [GetSolutionsFallback AI] Solver <ConvHipImplicitGemmGroupFwdXdlops>, workspace required: 41467904, provided ptr: 0x752f3fbc4000 size: 41451520
MIOpen(HIP): Warning [IsEnoughWorkspace] [GetSolutionsFallback AI] Solver <GemmFwdRest>, workspace required: 217620480, provided ptr: 0x752f4234c000 size: 62205952
MIOpen(HIP): Warning [IsEnoughWorkspace] [GetSolutionsFallback AI] Solver <ConvHipImplicitGemmGroupFwdXdlops>, workspace required: 62181376, provided ptr: 0x752f440f2000 size: 62177280
MIOpen(HIP): Warning [IsEnoughWorkspace] [GetSolutionsFallback AI] Solver <ConvHipImplicitGemmGroupFwdXdlops>, workspace required: 32061184, provided ptr: 0x752f399a6000 size: 31089664
MIOpen(HIP): Warning [IsEnoughWorkspace] [GetSolutionsFallback AI] Solver <GemmFwdRest>, workspace required: 217620480, provided ptr: 0x752f399a6000 size: 31089664
[0;36m(APIServer pid=47055)[0;0m [32mINFO[0m [90m10-07 15:23:47[0m [90m[stats.py:902][0m [OmniTiming] req=speech-9c242853d57295b9-8448c955 total=7.38s engine=7.38s stages=[0:7.38s]
INFO:     127.0.0.1:52128 - "POST /v1/audio/speech HTTP/1.1" 200 OK
[0;36m(APIServer pid=47055)[0;0m [32mINFO[0m [90m10-07 15:23:48[0m [90m[serving_speech.py:2423][0m Diffusion TTS speech request speech-bd0298008f37315b: voice_clone=False
[0;36m(APIServer pid=47055)[0;0m [32mINFO[0m [90m10-07 15:23:48[0m [90m[serving_speech.py:2471][0m Applied diffusion speech params: seed=42 extra_params={}
[0;36m(APIServer pid=47055)[0;0m [32mINFO[0m [90m10-07 15:23:48[0m [90m[diffusion_engine.py:764][0m [RequestBatch] admission wait done waiting=1 max_batch=8 waited_ms=2.1
MIOpen(HIP): Warning [IsEnoughWorkspace] [GetSolutionsFallback AI] Solver <ConvAsmImplicitGemmGTCDynamicFwdXdlopsNHWC>, workspace required: 7724032, provided ptr: 0x752f6f50a000 size: 537600
MIOpen(HIP): Warning [IsEnoughWorkspace] [GetSolutionsFallback AI] Solver <ConvHipImplicitGemmGroupFwdXdlops>, workspace required: 7724032, provided ptr: 0x752f6f50a000 size: 537600
MIOpen(HIP): Warning [IsEnoughWorkspace] [GetSolutionsFallback WTI] Solver <ConvAsmImplicitGemmGTCDynamicBwdXdlopsNHWC>, workspace required: 35090432, provided ptr: 0x752e4e2c0000 size: 2457600
MIOpen(HIP): Warning [IsEnoughWorkspace] [GetSolutionsFallback WTI] Solver <ConvHipImplicitGemmGroupBwdXdlops>, workspace required: 35090432, provided ptr: 0x752e4e2c0000 size: 2457600
MIOpen(HIP): Warning [IsEnoughWorkspace] [GetSolutionsFallback AI] Solver <ConvAsmImplicitGemmGTCDynamicFwdXdlopsNHWC>, workspace required: 9797632, provided ptr: 0x752f13200000 size: 8601600
MIOpen(HIP): Warning [IsEnoughWorkspace] [GetSolutionsFallback AI] Solver <ConvHipImplicitGemmGroupFwdXdlops>, workspace required: 9797632, provided ptr: 0x752f13200000 size: 8601600
MIOpen(HIP): Warning [IsEnoughWorkspace] [GetSolutionsFallback AI] Solver <ConvHipImplicitGemmGroupFwdXdlops>, workspace required: 3506176, provided ptr: 0 size: 0
MIOpen(HIP): Warning [IsEnoughWorkspace] [GetSolutionsFallback AI] Solver <ConvAsmImplicitGemmGTCDynamicFwdXdlopsNHWC>, workspace required: 2457600, provided ptr: 0 size: 0
MIOpen(HIP): Warning [IsEnoughWorkspace] [GetSolutionsFallback WTI] Solver <ConvAsmImplicitGemmGTCDynamicFwdXdlopsNHWC>, workspace required: 9797632, provided ptr: 0x752f13200000 size: 8601600
MIOpen(HIP): Warning [IsEnoughWorkspace] [GetSolutionsFallback WTI] Solver <ConvHipImplicitGemmGroupFwdXdlops>, workspace required: 9797632, provided ptr: 0x752f13200000 size: 8601600
MIOpen(HIP): Warning [IsEnoughWorkspace] [GetSolutionsFallback WTI] Solver <ConvAsmImplicitGemmGTCDynamicFwdXdlopsNHWC>, workspace required: 9797632, provided ptr: 0x752f13200000 size: 8601600
MIOpen(HIP): Warning [IsEnoughWorkspace] [GetSolutionsFallback WTI] Solver <ConvHipImplicitGemmGroupFwdXdlops>, workspace required: 9797632, provided ptr: 0x752f13200000 size: 8601600
MIOpen(HIP): Warning [IsEnoughWorkspace] [GetSolutionsFallback WTI] Solver <ConvAsmImplicitGemmGTCDynamicBwdXdlopsNHWC>, workspace required: 9543680, provided ptr: 0x752f13200000 size: 6144000
MIOpen(HIP): Warning [IsEnoughWorkspace] [GetSolutionsFallback WTI] Solver <ConvHipImplicitGemmGroupBwdXdlops>, workspace required: 9543680, provided ptr: 0x752f13200000 size: 6144000
MIOpen(HIP): Warning [IsEnoughWorkspace] [GetSolutionsFallback AI] Solver <GemmFwdRest>, workspace required: 21504000, provided ptr: 0x752f137dc000 size: 7979008
MIOpen(HIP): Warning [IsEnoughWorkspace] [GetSolutionsFallback AI] Solver <GemmFwdRest>, workspace required: 43008000, provided ptr: 0x752f37c00000 size: 12746752
MIOpen(HIP): Warning [IsEnoughWorkspace] [GetSolutionsFallback AI] Solver <ConvHipImplicitGemmGroupFwdXdlops>, workspace required: 12353536, provided ptr: 0x752f37c00000 size: 12288000
MIOpen(HIP): Warning [IsEnoughWorkspace] [GetSolutionsFallback WTI] Solver <ConvAsmImplicitGemmGTCDynamicBwdXdlopsNHWC>, workspace required: 12419072, provided ptr: 0x752fe149c000 size: 12288000
MIOpen(HIP): Warning [IsEnoughWorkspace] [GetSolutionsFallback WTI] Solver <ConvHipImplicitGemmGroupBwdXdlops>, workspace required: 12419072, provided ptr: 0x752fe149c000 size: 12288000
MIOpen(HIP): Warning [IsEnoughWorkspace] [GetSolutionsFallback AI] Solver <GemmFwdRest>, workspace required: 43008000, provided ptr: 0x752f37c00000 size: 12402688
MIOpen(HIP): Warning [IsEnoughWorkspace] [GetSolutionsFallback AI] Solver <ConvHipImplicitGemmGroupFwdXdlops>, workspace required: 12304384, provided ptr: 0x752f37c00000 size: 12288000
MIOpen(HIP): Warning [IsEnoughWorkspace] [GetSolutionsFallback AI] Solver <GemmFwdRest>, workspace required: 64512000, provided ptr: 0x752f384ca000 size: 18460672
MIOpen(HIP): Warning [IsEnoughWorkspace] [GetSolutionsFallback AI] Solver <ConvHipImplicitGemmGroupFwdXdlops>, workspace required: 18436096, provided ptr: 0x752f38d94000 size: 18432000
MIOpen(HIP): Warning [IsEnoughWorkspace] [GetSolutionsFallback AI] Solver <ConvHipImplicitGemmGroupFwdXdlops>, workspace required: 9505024, provided ptr: 0x752f13200000 size: 9217024
MIOpen(HIP): Warning [IsEnoughWorkspace] [GetSolutionsFallback AI] Solver <GemmFwdRest>, workspace required: 64512000, provided ptr: 0x752f13200000 size: 9217024
MIOpen(HIP): Warning [IsEnoughWorkspace] [GetSolutionsFallback AI] Solver <ConvHipImplicitGemmGroupFwdXdlops>, workspace required: 9004032, provided ptr: 0x752e4e2c0000 size: 2329600
MIOpen(HIP): Warning [IsEnoughWorkspace] [GetSolutionsFallback AI] Solver <ConvAsmImplicitGemmGTCDynamicFwdXdlopsNHWC>, workspace required: 9004032, provided ptr: 0x752e4e2c0000 size: 2329600
MIOpen(HIP): Warning [IsEnoughWorkspace] [GetSolutionsFallback WTI] Solver <ConvAsmImplicitGemmGTCDynamicBwdXdlopsNHWC>, workspace required: 40210432, provided ptr: 0x752fe0ec0000 size: 10649600
MIOpen(HIP): Warning [IsEnoughWorkspace] [GetSolutionsFallback WTI] Solver <ConvHipImplicitGemmGroupBwdXdlops>, workspace required: 40210432, provided ptr: 0x752fe0ec0000 size: 10649600
MIOpen(HIP): Warning [IsEnoughWorkspace] [GetSolutionsFallback AI] Solver <GemmFwdRest>, workspace required: 37273600, provided ptr: 0x752f37c00000 size: 17989632
MIOpen(HIP): Warning [IsEnoughWorkspace] [GetSolutionsFallback AI] Solver <GemmFwdRest>, workspace required: 93184000, provided ptr: 0x752f388b2000 size: 28459008
MIOpen(HIP): Warning [IsEnoughWorkspace] [GetSolutionsFallback AI] Solver <ConvHipImplicitGemmGroupFwdXdlops>, workspace required: 26886144, provided ptr: 0x752f39564000 size: 26624000
MIOpen(HIP): Warning [IsEnoughWorkspace] [GetSolutionsFallback AI] Solver <GemmFwdRest>, workspace required: 186368000, provided ptr: 0x752f40164000 size: 53706752
MIOpen(HIP): Warning [IsEnoughWorkspace] [GetSolutionsFallback AI] Solver <ConvHipImplicitGemmGroupFwdXdlops>, workspace required: 53313536, provided ptr: 0x752f41ac8000 size: 53248000
MIOpen(HIP): Warning [IsEnoughWorkspace] [GetSolutionsFallback WTI] Solver <ConvAsmImplicitGemmGTCDynamicBwdXdlopsNHWC>, workspace required: 53379072, provided ptr: 0x752f40164000 size: 53248000
MIOpen(HIP): Warning [IsEnoughWorkspace] [GetSolutionsFallback WTI] Solver <ConvHipImplicitGemmGroupBwdXdlops>, workspace required: 53379072, provided ptr: 0x752f40164000 size: 53248000
MIOpen(HIP): Warning [IsEnoughWorkspace] [GetSolutionsFallback AI] Solver <GemmFwdRest>, workspace required: 186368000, provided ptr: 0x752f41ac8000 size: 53362688
MIOpen(HIP): Warning [IsEnoughWorkspace] [GetSolutionsFallback AI] Solver <ConvHipImplicitGemmGroupFwdXdlops>, workspace required: 53264384, provided ptr: 0x752f4342c000 size: 53248000
MIOpen(HIP): Warning [IsEnoughWorkspace] [GetSolutionsFallback AI] Solver <GemmFwdRest>, workspace required: 279552000, provided ptr: 0x752f4342c000 size: 79900672
MIOpen(HIP): Warning [IsEnoughWorkspace] [GetSolutionsFallback AI] Solver <ConvHipImplicitGemmGroupFwdXdlops>, workspace required: 79876096, provided ptr: 0x752f45a42000 size: 79872000
MIOpen(HIP): Warning [IsEnoughWorkspace] [GetSolutionsFallback AI] Solver <ConvHipImplicitGemmGroupFwdXdlops>, workspace required: 41185024, provided ptr: 0x752f37c00000 size: 39937024
MIOpen(HIP): Warning [IsEnoughWorkspace] [GetSolutionsFallback AI] Solver <GemmFwdRest>, workspace required: 279552000, provided ptr: 0x752f37c00000 size: 39937024
MIOpen(HIP): Warning [IsEnoughWorkspace] [GetSolutionsFallback AI] Solver <ConvHipImplicitGemmGroupFwdXdlops>, workspace required: 9362432, provided ptr: 0x752e51a00000 size: 2831360
MIOpen(HIP): Warning [IsEnoughWorkspace] [GetSolutionsFallback AI] Solver <ConvAsmImplicitGemmGTCDynamicFwdXdlopsNHWC>, workspace required: 9362432, provided ptr: 0x752e51a00000 size: 2831360
MIOpen(HIP): Warning [IsEnoughWorkspace] [GetSolutionsFallback WTI] Solver <ConvAsmImplicitGemmGTCDynamicBwdXdlopsNHWC>, workspace required: 41644032, provided ptr: 0x752fe0ec0000 size: 12943360
MIOpen(HIP): Warning [IsEnoughWorkspace] [GetSolutionsFallback WTI] Solver <ConvHipImplicitGemmGroupBwdXdlops>, workspace required: 41644032, provided ptr: 0x752fe0ec0000 size: 12943360
MIOpen(HIP): Warning [IsEnoughWorkspace] [GetSolutionsFallback AI] Solver <GemmFwdRest>, workspace required: 45301760, provided ptr: 0x752f37c00000 size: 20283392
MIOpen(HIP): Warning [IsEnoughWorkspace] [GetSolutionsFallback AI] Solver <GemmFwdRest>, workspace required: 113254400, provided ptr: 0x752f39adc000 size: 34193408
MIOpen(HIP): Warning [IsEnoughWorkspace] [GetSolutionsFallback AI] Solver <ConvHipImplicitGemmGroupFwdXdlops>, workspace required: 32620544, provided ptr: 0x752f3e800000 size: 32358400
MIOpen(HIP): Warning [IsEnoughWorkspace] [GetSolutionsFallback AI] Solver <GemmFwdRest>, workspace required: 226508800, provided ptr: 0x752f425b8000 size: 65175552
MIOpen(HIP): Warning [IsEnoughWorkspace] [GetSolutionsFallback AI] Solver <ConvHipImplicitGemmGroupFwdXdlops>, workspace required: 64782336, provided ptr: 0x752f44494000 size: 64716800
MIOpen(HIP): Warning [IsEnoughWorkspace] [GetSolutionsFallback WTI] Solver <ConvAsmImplicitGemmGTCDynamicBwdXdlopsNHWC>, workspace required: 64847872, provided ptr: 0x752f406dc000 size: 64716800
MIOpen(HIP): Warning [IsEnoughWorkspace] [GetSolutionsFallback WTI] Solver <ConvHipImplicitGemmGroupBwdXdlops>, workspace required: 64847872, provided ptr: 0x752f406dc000 size: 64716800
MIOpen(HIP): Warning [IsEnoughWorkspace] [GetSolutionsFallback AI] Solver <GemmFwdRest>, workspace required: 226508800, provided ptr: 0x752f425b8000 size: 64831488
MIOpen(HIP): Warning [IsEnoughWorkspace] [GetSolutionsFallback AI] Solver <ConvHipImplicitGemmGroupFwdXdlops>, workspace required: 64733184, provided ptr: 0x752f44494000 size: 64716800
MIOpen(HIP): Warning [IsEnoughWorkspace] [GetSolutionsFallback AI] Solver <GemmFwdRest>, workspace required: 339763200, provided ptr: 0x752f472de000 size: 97103872
MIOpen(HIP): Warning [IsEnoughWorkspace] [GetSolutionsFallback AI] Solver <ConvHipImplicitGemmGroupFwdXdlops>, workspace required: 97079296, provided ptr: 0x752f4a128000 size: 97075200
MIOpen(HIP): Warning [IsEnoughWorkspace] [GetSolutionsFallback AI] Solver <ConvHipImplicitGemmGroupFwdXdlops>, workspace required: 50055424, provided ptr: 0x752f37c00000 size: 48538624
MIOpen(HIP): Warning [IsEnoughWorkspace] [GetSolutionsFallback AI] Solver <GemmFwdRest>, workspace required: 339763200, provided ptr: 0x752f37c00000 size: 48538624
MIOpen(HIP): Warning [IsEnoughWorkspace] [GetSolutionsFallback AI] Solver <ConvAsmImplicitGemmGTCDynamicFwdXdlopsNHWC>, workspace required: 7519232, provided ptr: 0x752eacb83000 size: 250880
MIOpen(HIP): Warning [IsEnoughWorkspace] [GetSolutionsFallback AI] Solver <ConvHipImplicitGemmGroupFwdXdlops>, workspace required: 7519232, provided ptr: 0x752eacb83000 size: 250880
MIOpen(HIP): Warning [IsEnoughWorkspace] [GetSolutionsFallback WTI] Solver <ConvAsmImplicitGemmGTCDynamicBwdXdlopsNHWC>, workspace required: 34271232, provided ptr: 0x752e4f280000 size: 1146880
MIOpen(HIP): Warning [IsEnoughWorkspace] [GetSolutionsFallback WTI] Solver <ConvHipImplicitGemmGroupBwdXdlops>, workspace required: 34271232, provided ptr: 0x752e4f280000 size: 1146880
MIOpen(HIP): Warning [IsEnoughWorkspace] [GetSolutionsFallback AI] Solver <ConvHipImplicitGemmGroupFwdXdlops>, workspace required: 2195456, provided ptr: 0 size: 0
MIOpen(HIP): Warning [IsEnoughWorkspace] [GetSolutionsFallback AI] Solver <ConvAsmImplicitGemmGTCDynamicFwdXdlopsNHWC>, workspace required: 1146880, provided ptr: 0 size: 0
MIOpen(HIP): Warning [IsEnoughWorkspace] [GetSolutionsFallback WTI] Solver <ConvAsmImplicitGemmGTCDynamicFwdXdlopsNHWC>, workspace required: 8486912, provided ptr: 0x752e51a00000 size: 4014080
MIOpen(HIP): Warning [IsEnoughWorkspace] [GetSolutionsFallback WTI] Solver <ConvHipImplicitGemmGroupFwdXdlops>, workspace required: 8486912, provided ptr: 0x752e51a00000 size: 4014080
MIOpen(HIP): Warning [IsEnoughWorkspace] [GetSolutionsFallback WTI] Solver <ConvAsmImplicitGemmGTCDynamicFwdXdlopsNHWC>, workspace required: 8486912, provided ptr: 0x752e51a00000 size: 4014080
MIOpen(HIP): Warning [IsEnoughWorkspace] [GetSolutionsFallback WTI] Solver <ConvHipImplicitGemmGroupFwdXdlops>, workspace required: 8486912, provided ptr: 0x752e51a00000 size: 4014080
MIOpen(HIP): Warning [IsEnoughWorkspace] [GetSolutionsFallback WTI] Solver <ConvAsmImplicitGemmGTCDynamicBwdXdlopsNHWC>, workspace required: 7249920, provided ptr: 0x752e4e2c0000 size: 2867200
MIOpen(HIP): Warning [IsEnoughWorkspace] [GetSolutionsFallback WTI] Solver <ConvHipImplicitGemmGroupBwdXdlops>, workspace required: 7249920, provided ptr: 0x752e4e2c0000 size: 2867200
MIOpen(HIP): Warning [IsEnoughWorkspace] [GetSolutionsFallback AI] Solver <GemmFwdRest>, workspace required: 10035200, provided ptr: 0x752e51a00000 size: 4702208
MIOpen(HIP): Warning [IsEnoughWorkspace] [GetSolutionsFallback AI] Solver <GemmFwdRest>, workspace required: 20070400, provided ptr: 0x752f13778000 size: 6193152
MIOpen(HIP): Warning [IsEnoughWorkspace] [GetSolutionsFallback AI] Solver <ConvAsmImplicitGemmGTCDynamicFwdXdlopsNHWC>, workspace required: 5734400, provided ptr: 0 size: 0
MIOpen(HIP): Warning [IsEnoughWorkspace] [GetSolutionsFallback AI] Solver <ConvHipImplicitGemmGroupFwdXdlops>, workspace required: 5799936, provided ptr: 0 size: 0
MIOpen(HIP): Warning [IsEnoughWorkspace] [GetSolutionsFallback WTI] Solver <ConvAsmImplicitGemmGTCDynamicBwdXdlopsNHWC>, workspace required: 5865472, provided ptr: 0x752f134bc000 size: 5734400
MIOpen(HIP): Warning [IsEnoughWorkspace] [GetSolutionsFallback WTI] Solver <ConvHipImplicitGemmGroupBwdXdlops>, workspace required: 5865472, provided ptr: 0x752f134bc000 size: 5734400
MIOpen(HIP): Warning [IsEnoughWorkspace] [GetSolutionsFallback AI] Solver <GemmFwdRest>, workspace required: 20070400, provided ptr: 0x752f13778000 size: 5849088
MIOpen(HIP): Warning [IsEnoughWorkspace] [GetSolutionsFallback AI] Solver <ConvHipImplicitGemmGroupFwdXdlops>, workspace required: 5750784, provided ptr: 0x752f13a34000 size: 5734400
MIOpen(HIP): Warning [IsEnoughWorkspace] [GetSolutionsFallback AI] Solver <GemmFwdRest>, workspace required: 30105600, provided ptr: 0x752fe0ec0000 size: 8630272
MIOpen(HIP): Warning [IsEnoughWorkspace] [GetSolutionsFallback AI] Solver <ConvHipImplicitGemmGroupFwdXdlops>, workspace required: 8605696, provided ptr: 0x752fe12da000 size: 8601600
MIOpen(HIP): Warning [IsEnoughWorkspace] [GetSolutionsFallback AI] Solver <ConvHipImplicitGemmGroupFwdXdlops>, workspace required: 4436224, provided ptr: 0x752e51a00000 size: 4301824
MIOpen(HIP): Warning [IsEnoughWorkspace] [GetSolutionsFallback AI] Solver <GemmFwdRest>, workspace required: 30105600, provided ptr: 0x752e51a00000 size: 4301824
MIOpen(HIP): Warning [IsEnoughWorkspace] [GetSolutionsFallback AI] Solver <ConvHipImplicitGemmGroupFwdXdlops>, workspace required: 8461312, provided ptr: 0x752e4f280000 size: 1569792
MIOpen(HIP): Warning [IsEnoughWorkspace] [GetSolutionsFallback AI] Solver <ConvAsmImplicitGemmGTCDynamicFwdXdlopsNHWC>, workspace required: 8461312, provided ptr: 0x752e4f280000 size: 1569792
MIOpen(HIP): Warning [IsEnoughWorkspace] [GetSolutionsFallback WTI] Solver <ConvAsmImplicitGemmGTCDynamicBwdXdlopsNHWC>, workspace required: 38039552, provided ptr: 0x752f13200000 size: 7176192
MIOpen(HIP): Warning [IsEnoughWorkspace] [GetSolutionsFallback WTI] Solver <ConvHipImplicitGemmGroupBwdXdlops>, workspace required: 38039552, provided ptr: 0x752f13200000 size: 7176192
MIOpen(HIP): Warning [IsEnoughWorkspace] [GetSolutionsFallback AI] Solver <GemmFwdRest>, workspace required: 25116672, provided ptr: 0x752fe0ec0000 size: 14516224
MIOpen(HIP): Warning [IsEnoughWorkspace] [GetSolutionsFallback AI] Solver <GemmFwdRest>, workspace required: 62791680, provided ptr: 0x752f3848e000 size: 19775488
MIOpen(HIP): Warning [IsEnoughWorkspace] [GetSolutionsFallback AI] Solver <ConvHipImplicitGemmGroupFwdXdlops>, workspace required: 18202624, provided ptr: 0x752f38d1c000 size: 17940480
MIOpen(HIP): Warning [IsEnoughWorkspace] [GetSolutionsFallback AI] Solver <GemmFwdRest>, workspace required: 125583360, provided ptr: 0x752f3e800000 size: 36339712
MIOpen(HIP): Warning [IsEnoughWorkspace] [GetSolutionsFallback AI] Solver <ConvHipImplicitGemmGroupFwdXdlops>, workspace required: 35946496, provided ptr: 0x752f3e800000 size: 35880960
MIOpen(HIP): Warning [IsEnoughWorkspace] [GetSolutionsFallback WTI] Solver <ConvAsmImplicitGemmGTCDynamicBwdXdlopsNHWC>, workspace required: 36012032, provided ptr: 0x752f3e800000 size: 35880960
MIOpen(HIP): Warning [IsEnoughWorkspace] [GetSolutionsFallback WTI] Solver <ConvHipImplicitGemmGroupBwdXdlops>, workspace required: 36012032, provided ptr: 0x752f3e800000 size: 35880960
MIOpen(HIP): Warning [IsEnoughWorkspace] [GetSolutionsFallback AI] Solver <GemmFwdRest>, workspace required: 125583360, provided ptr: 0x752f3e800000 size: 35995648
MIOpen(HIP): Warning [IsEnoughWorkspace] [GetSolutionsFallback AI] Solver <ConvHipImplicitGemmGroupFwdXdlops>, workspace required: 35897344, provided ptr: 0x752f3f91c000 size: 35880960
MIOpen(HIP): Warning [IsEnoughWorkspace] [GetSolutionsFallback AI] Solver <GemmFwdRest>, workspace required: 188375040, provided ptr: 0x752f401aa000 size: 53850112
MIOpen(HIP): Warning [IsEnoughWorkspace] [GetSolutionsFallback AI] Solver <ConvHipImplicitGemmGroupFwdXdlops>, workspace required: 53825536, provided ptr: 0x752f41b54000 size: 53821440
MIOpen(HIP): Warning [IsEnoughWorkspace] [GetSolutionsFallback AI] Solver <ConvHipImplicitGemmGroupFwdXdlops>, workspace required: 27752704, provided ptr: 0x752f395aa000 size: 26911744
MIOpen(HIP): Warning [IsEnoughWorkspace] [GetSolutionsFallback AI] Solver <GemmFwdRest>, workspace required: 188375040, provided ptr: 0x752f395aa000 size: 26911744
MIOpen(HIP): Warning [IsEnoughWorkspace] [GetSolutionsFallback AI] Solver <ConvHipImplicitGemmGroupFwdXdlops>, workspace required: 8399872, provided ptr: 0x752e4f280000 size: 1483776
MIOpen(HIP): Warning [IsEnoughWorkspace] [GetSolutionsFallback AI] Solver <ConvAsmImplicitGemmGTCDynamicFwdXdlopsNHWC>, workspace required: 8399872, provided ptr: 0x752e4f280000 size: 1483776
MIOpen(HIP): Warning [IsEnoughWorkspace] [GetSolutionsFallback WTI] Solver <ConvAsmImplicitGemmGTCDynamicBwdXdlopsNHWC>, workspace required: 37793792, provided ptr: 0x752f13200000 size: 6782976
MIOpen(HIP): Warning [IsEnoughWorkspace] [GetSolutionsFallback WTI] Solver <ConvHipImplicitGemmGroupBwdXdlops>, workspace required: 37793792, provided ptr: 0x752f13200000 size: 6782976
MIOpen(HIP): Warning [IsEnoughWorkspace] [GetSolutionsFallback AI] Solver <GemmFwdRest>, workspace required: 23740416, provided ptr: 0x752fe0ec0000 size: 14123008
MIOpen(HIP): Warning [IsEnoughWorkspace] [GetSolutionsFallback WTI] Solver <ConvAsmImplicitGemmGTCDynamicBwdXdlopsNHWC>, workspace required: 17113088, provided ptr: 0x752fe0ec0000 size: 16957440
MIOpen(HIP): Warning [IsEnoughWorkspace] [GetSolutionsFallback WTI] Solver <ConvHipImplicitGemmGroupBwdXdlops>, workspace required: 17113088, provided ptr: 0x752fe0ec0000 size: 16957440
MIOpen(HIP): Warning [IsEnoughWorkspace] [GetSolutionsFallback AI] Solver <GemmFwdRest>, workspace required: 59351040, provided ptr: 0x752f37c00000 size: 18792448
MIOpen(HIP): Warning [IsEnoughWorkspace] [GetSolutionsFallback AI] Solver <ConvAsmImplicitGemmGTCDynamicFwdXdlopsNHWC>, workspace required: 16957440, provided ptr: 0 size: 0
MIOpen(HIP): Warning [IsEnoughWorkspace] [GetSolutionsFallback AI] Solver <ConvHipImplicitGemmGroupFwdXdlops>, workspace required: 17219584, provided ptr: 0 size: 0
MIOpen(HIP): Warning [IsEnoughWorkspace] [GetSolutionsFallback AI] Solver <GemmFwdRest>, workspace required: 118702080, provided ptr: 0x752f3e800000 size: 34373632
MIOpen(HIP): Warning [IsEnoughWorkspace] [GetSolutionsFallback AI] Solver <ConvHipImplicitGemmGroupFwdXdlops>, workspace required: 33980416, provided ptr: 0x752f3e800000 size: 33914880
MIOpen(HIP): Warning [IsEnoughWorkspace] [GetSolutionsFallback WTI] Solver <ConvAsmImplicitGemmGTCDynamicBwdXdlopsNHWC>, workspace required: 34045952, provided ptr: 0x752f39c58000 size: 33914880
MIOpen(HIP): Warning [IsEnoughWorkspace] [GetSolutionsFallback WTI] Solver <ConvHipImplicitGemmGroupBwdXdlops>, workspace required: 34045952, provided ptr: 0x752f39c58000 size: 33914880
MIOpen(HIP): Warning [IsEnoughWorkspace] [GetSolutionsFallback AI] Solver <GemmFwdRest>, workspace required: 118702080, provided ptr: 0x752f3e800000 size: 34029568
MIOpen(HIP): Warning [IsEnoughWorkspace] [GetSolutionsFallback AI] Solver <ConvHipImplicitGemmGroupFwdXdlops>, workspace required: 33931264, provided ptr: 0x752f3e800000 size: 33914880
MIOpen(HIP): Warning [IsEnoughWorkspace] [GetSolutionsFallback AI] Solver <GemmFwdRest>, workspace required: 178053120, provided ptr: 0x752f40042000 size: 50900992
MIOpen(HIP): Warning [IsEnoughWorkspace] [GetSolutionsFallback AI] Solver <ConvHipImplicitGemmGroupFwdXdlops>, workspace required: 50876416, provided ptr: 0x752f41884000 size: 50872320
MIOpen(HIP): Warning [IsEnoughWorkspace] [GetSolutionsFallback AI] Solver <ConvHipImplicitGemmGroupFwdXdlops>, workspace required: 26232064, provided ptr: 0x752f39442000 size: 25437184
MIOpen(HIP): Warning [IsEnoughWorkspace] [GetSolutionsFallback AI] Solver <GemmFwdRest>, workspace required: 178053120, provided ptr: 0x752f39442000 size: 25437184
MIOpen(HIP): Warning [IsEnoughWorkspace] [GetSolutionsFallback AI] Solver <ConvHipImplicitGemmGroupFwdXdlops>, workspace required: 8205312, provided ptr: 0x752e4f280000 size: 1211392
MIOpen(HIP): Warning [IsEnoughWorkspace] [GetSolutionsFallback AI] Solver <ConvAsmImplicitGemmGTCDynamicFwdXdlopsNHWC>, workspace required: 8205312, provided ptr: 0x752e4f280000 size: 1211392
MIOpen(HIP): Warning [IsEnoughWorkspace] [GetSolutionsFallback WTI] Solver <ConvAsmImplicitGemmGTCDynamicBwdXdlopsNHWC>, workspace required: 37015552, provided ptr: 0x752f13200000 size: 5537792
MIOpen(HIP): Warning [IsEnoughWorkspace] [GetSolutionsFallback WTI] Solver <ConvHipImplicitGemmGroupBwdXdlops>, workspace required: 37015552, provided ptr: 0x752f13200000 size: 5537792
MIOpen(HIP): Warning [IsEnoughWorkspace] [GetSolutionsFallback AI] Solver <GemmFwdRest>, workspace required: 19382272, provided ptr: 0x752fe0ec0000 size: 12877824
MIOpen(HIP): Warning [IsEnoughWorkspace] [GetSolutionsFallback WTI] Solver <ConvAsmImplicitGemmGTCDynamicBwdXdlopsNHWC>, workspace required: 14934016, provided ptr: 0x752fe0ec0000 size: 13844480
MIOpen(HIP): Warning [IsEnoughWorkspace] [GetSolutionsFallback WTI] Solver <ConvHipImplicitGemmGroupBwdXdlops>, workspace required: 14934016, provided ptr: 0x752fe0ec0000 size: 13844480
MIOpen(HIP): Warning [IsEnoughWorkspace] [GetSolutionsFallback AI] Solver <GemmFwdRest>, workspace required: 48455680, provided ptr: 0x752f37c00000 size: 15679488
MIOpen(HIP): Warning [IsEnoughWorkspace] [GetSolutionsFallback AI] Solver <ConvAsmImplicitGemmGTCDynamicFwdXdlopsNHWC>, workspace required: 13844480, provided ptr: 0 size: 0
MIOpen(HIP): Warning [IsEnoughWorkspace] [GetSolutionsFallback AI] Solver <ConvHipImplicitGemmGroupFwdXdlops>, workspace required: 14106624, provided ptr: 0 size: 0
MIOpen(HIP): Warning [IsEnoughWorkspace] [GetSolutionsFallback AI] Solver <GemmFwdRest>, workspace required: 96911360, provided ptr: 0x752f38934000 size: 28147712
MIOpen(HIP): Warning [IsEnoughWorkspace] [GetSolutionsFallback AI] Solver <ConvHipImplicitGemmGroupFwdXdlops>, workspace required: 27754496, provided ptr: 0x752f39668000 size: 27688960
MIOpen(HIP): Warning [IsEnoughWorkspace] [GetSolutionsFallback WTI] Solver <ConvAsmImplicitGemmGTCDynamicBwdXdlopsNHWC>, workspace required: 27820032, provided ptr: 0x752f38934000 size: 27688960
MIOpen(HIP): Warning [IsEnoughWorkspace] [GetSolutionsFallback WTI] Solver <ConvHipImplicitGemmGroupBwdXdlops>, workspace required: 27820032, provided ptr: 0x752f38934000 size: 27688960
MIOpen(HIP): Warning [IsEnoughWorkspace] [GetSolutionsFallback AI] Solver <GemmFwdRest>, workspace required: 96911360, provided ptr: 0x752f39668000 size: 27803648
MIOpen(HIP): Warning [IsEnoughWorkspace] [GetSolutionsFallback AI] Solver <ConvHipImplicitGemmGroupFwdXdlops>, workspace required: 27705344, provided ptr: 0x752f3a39c000 size: 27688960
MIOpen(HIP): Warning [IsEnoughWorkspace] [GetSolutionsFallback AI] Solver <GemmFwdRest>, workspace required: 145367040, provided ptr: 0x752f3e800000 size: 41562112
MIOpen(HIP): Warning [IsEnoughWorkspace] [GetSolutionsFallback AI] Solver <ConvHipImplicitGemmGroupFwdXdlops>, workspace required: 41537536, provided ptr: 0x752f3fbce000 size: 41533440
MIOpen(HIP): Warning [IsEnoughWorkspace] [GetSolutionsFallback AI] Solver <ConvHipImplicitGemmGroupFwdXdlops>, workspace required: 21416704, provided ptr: 0x752f37c00000 size: 20767744
MIOpen(HIP): Warning [IsEnoughWorkspace] [GetSolutionsFallback AI] Solver <GemmFwdRest>, workspace required: 145367040, provided ptr: 0x752f37c00000 size: 20767744
MIOpen(HIP): Warning [IsEnoughWorkspace] [GetSolutionsFallback AI] Solver <ConvHipImplicitGemmGroupFwdXdlops>, workspace required: 8763392, provided ptr: 0x752e4e2c0000 size: 1992704
MIOpen(HIP): Warning [IsEnoughWorkspace] [GetSolutionsFallback AI] Solver <ConvAsmImplicitGemmGTCDynamicFwdXdlopsNHWC>, workspace required: 8763392, provided ptr: 0x752e4e2c0000 size: 1992704
MIOpen(HIP): Warning [IsEnoughWorkspace] [GetSolutionsFallback WTI] Solver <ConvAsmImplicitGemmGTCDynamicBwdXdlopsNHWC>, workspace required: 39247872, provided ptr: 0x752f13200000 size: 9109504
MIOpen(HIP): Warning [IsEnoughWorkspace] [GetSolutionsFallback WTI] Solver <ConvHipImplicitGemmGroupBwdXdlops>, workspace required: 39247872, provided ptr: 0x752f13200000 size: 9109504
MIOpen(HIP): Warning [IsEnoughWorkspace] [GetSolutionsFallback AI] Solver <GemmFwdRest>, workspace required: 31883264, provided ptr: 0x752fe0ec0000 size: 16449536
MIOpen(HIP): Warning [IsEnoughWorkspace] [GetSolutionsFallback AI] Solver <GemmFwdRest>, workspace required: 79708160, provided ptr: 0x752f391b8000 size: 24608768
MIOpen(HIP): Warning [IsEnoughWorkspace] [GetSolutionsFallback AI] Solver <ConvHipImplicitGemmGroupFwdXdlops>, workspace required: 23035904, provided ptr: 0x752f39c94000 size: 22773760
MIOpen(HIP): Warning [IsEnoughWorkspace] [GetSolutionsFallback AI] Solver <GemmFwdRest>, workspace required: 159416320, provided ptr: 0x752f3fdb8000 size: 46006272
MIOpen(HIP): Warning [IsEnoughWorkspace] [GetSolutionsFallback AI] Solver <ConvHipImplicitGemmGroupFwdXdlops>, workspace required: 45613056, provided ptr: 0x752f41370000 size: 45547520
MIOpen(HIP): Warning [IsEnoughWorkspace] [GetSolutionsFallback WTI] Solver <ConvAsmImplicitGemmGTCDynamicBwdXdlopsNHWC>, workspace required: 45678592, provided ptr: 0x752f3fdb8000 size: 45547520
MIOpen(HIP): Warning [IsEnoughWorkspace] [GetSolutionsFallback WTI] Solver <ConvHipImplicitGemmGroupBwdXdlops>, workspace required: 45678592, provided ptr: 0x752f3fdb8000 size: 45547520
MIOpen(HIP): Warning [IsEnoughWorkspace] [GetSolutionsFallback AI] Solver <GemmFwdRest>, workspace required: 159416320, provided ptr: 0x752f3fdb8000 size: 45662208
MIOpen(HIP): Warning [IsEnoughWorkspace] [GetSolutionsFallback AI] Solver <ConvHipImplicitGemmGroupFwdXdlops>, workspace required: 45563904, provided ptr: 0x752f41370000 size: 45547520
MIOpen(HIP): Warning [IsEnoughWorkspace] [GetSolutionsFallback AI] Solver <GemmFwdRest>, workspace required: 239124480, provided ptr: 0x752f42928000 size: 68349952
MIOpen(HIP): Warning [IsEnoughWorkspace] [GetSolutionsFallback AI] Solver <ConvHipImplicitGemmGroupFwdXdlops>, workspace required: 68325376, provided ptr: 0x752f449bc000 size: 68321280
MIOpen(HIP): Warning [IsEnoughWorkspace] [GetSolutionsFallback AI] Solver <ConvHipImplicitGemmGroupFwdXdlops>, workspace required: 35229184, provided ptr: 0x752f37c00000 size: 34161664
MIOpen(HIP): Warning [IsEnoughWorkspace] [GetSolutionsFallback AI] Solver <GemmFwdRest>, workspace required: 239124480, provided ptr: 0x752f37c00000 size: 34161664
MIOpen(HIP): Warning [IsEnoughWorkspace] [GetSolutionsFallback AI] Solver <ConvHipImplicitGemmGroupFwdXdlops>, workspace required: 8358912, provided ptr: 0x752e4f280000 size: 1426432
MIOpen(HIP): Warning [IsEnoughWorkspace] [GetSolutionsFallback AI] Solver <ConvAsmImplicitGemmGTCDynamicFwdXdlopsNHWC>, workspace required: 8358912, provided ptr: 0x752e4f280000 size: 1426432
MIOpen(HIP): Warning [IsEnoughWorkspace] [GetSolutionsFallback WTI] Solver <ConvAsmImplicitGemmGTCDynamicBwdXdlopsNHWC>, workspace required: 37629952, provided ptr: 0x752f13200000 size: 6520832
MIOpen(HIP): Warning [IsEnoughWorkspace] [GetSolutionsFallback WTI] Solver <ConvHipImplicitGemmGroupBwdXdlops>, workspace required: 37629952, provided ptr: 0x752f13200000 size: 6520832
MIOpen(HIP): Warning [IsEnoughWorkspace] [GetSolutionsFallback AI] Solver <GemmFwdRest>, workspace required: 22822912, provided ptr: 0x752fe0ec0000 size: 13860864
MIOpen(HIP): Warning [IsEnoughWorkspace] [GetSolutionsFallback WTI] Solver <ConvAsmImplicitGemmGTCDynamicBwdXdlopsNHWC>, workspace required: 16654336, provided ptr: 0x752fe0ec0000 size: 16302080
MIOpen(HIP): Warning [IsEnoughWorkspace] [GetSolutionsFallback WTI] Solver <ConvHipImplicitGemmGroupBwdXdlops>, workspace required: 16654336, provided ptr: 0x752fe0ec0000 size: 16302080
MIOpen(HIP): Warning [IsEnoughWorkspace] [GetSolutionsFallback AI] Solver <GemmFwdRest>, workspace required: 57057280, provided ptr: 0x752f37c00000 size: 18137088
MIOpen(HIP): Warning [IsEnoughWorkspace] [GetSolutionsFallback AI] Solver <ConvHipImplicitGemmGroupFwdXdlops>, workspace required: 16564224, provided ptr: 0x752f383c6000 size: 16302080
MIOpen(HIP): Warning [IsEnoughWorkspace] [GetSolutionsFallback AI] Solver <GemmFwdRest>, workspace required: 114114560, provided ptr: 0x752f3e800000 size: 33062912
MIOpen(HIP): Warning [IsEnoughWorkspace] [GetSolutionsFallback AI] Solver <ConvHipImplicitGemmGroupFwdXdlops>, workspace required: 32669696, provided ptr: 0x752f3e800000 size: 32604160
MIOpen(HIP): Warning [IsEnoughWorkspace] [GetSolutionsFallback WTI] Solver <ConvAsmImplicitGemmGTCDynamicBwdXdlopsNHWC>, workspace required: 32735232, provided ptr: 0x752f39b18000 size: 32604160
MIOpen(HIP): Warning [IsEnoughWorkspace] [GetSolutionsFallback WTI] Solver <ConvHipImplicitGemmGroupBwdXdlops>, workspace required: 32735232, provided ptr: 0x752f39b18000 size: 32604160
MIOpen(HIP): Warning [IsEnoughWorkspace] [GetSolutionsFallback AI] Solver <GemmFwdRest>, workspace required: 114114560, provided ptr: 0x752f3e800000 size: 32718848
MIOpen(HIP): Warning [IsEnoughWorkspace] [GetSolutionsFallback AI] Solver <ConvHipImplicitGemmGroupFwdXdlops>, workspace required: 32620544, provided ptr: 0x752f3e800000 size: 32604160
MIOpen(HIP): Warning [IsEnoughWorkspace] [GetSolutionsFallback AI] Solver <GemmFwdRest>, workspace required: 171171840, provided ptr: 0x752f3ff52000 size: 48934912
MIOpen(HIP): Warning [IsEnoughWorkspace] [GetSolutionsFallback AI] Solver <ConvHipImplicitGemmGroupFwdXdlops>, workspace required: 48910336, provided ptr: 0x752f416a4000 size: 48906240
MIOpen(HIP): Warning [IsEnoughWorkspace] [GetSolutionsFallback AI] Solver <ConvHipImplicitGemmGroupFwdXdlops>, workspace required: 25218304, provided ptr: 0x752f39352000 size: 24454144
MIOpen(HIP): Warning [IsEnoughWorkspace] [GetSolutionsFallback AI] Solver <GemmFwdRest>, workspace required: 171171840, provided ptr: 0x752f39352000 size: 24454144
MIOpen(HIP): Warning [IsEnoughWorkspace] [GetSolutionsFallback AI] Solver <ConvAsmImplicitGemmGTCDynamicFwdXdlopsNHWC>, workspace required: 7590912, provided ptr: 0x752f6f50a000 size: 351232
MIOpen(HIP): Warning [IsEnoughWorkspace] [GetSolutionsFallback AI] Solver <ConvHipImplicitGemmGroupFwdXdlops>, workspace required: 7590912, provided ptr: 0x752f6f50a000 size: 351232
MIOpen(HIP): Warning [IsEnoughWorkspace] [GetSolutionsFallback WTI] Solver <ConvAsmImplicitGemmGTCDynamicBwdXdlopsNHWC>, workspace required: 34557952, provided ptr: 0x752e4e2c0000 size: 1605632
MIOpen(HIP): Warning [IsEnoughWorkspace] [GetSolutionsFallback WTI] Solver <ConvHipImplicitGemmGroupBwdXdlops>, workspace required: 34557952, provided ptr: 0x752e4e2c0000 size: 1605632
MIOpen(HIP): Warning [IsEnoughWorkspace] [GetSolutionsFallback AI] Solver <ConvAsmImplicitGemmGTCDynamicFwdXdlopsNHWC>, workspace required: 8945664, provided ptr: 0x752f13200000 size: 5619712
MIOpen(HIP): Warning [IsEnoughWorkspace] [GetSolutionsFallback AI] Solver <ConvHipImplicitGemmGroupFwdXdlops>, workspace required: 8945664, provided ptr: 0x752f13200000 size: 5619712
MIOpen(HIP): Warning [IsEnoughWorkspace] [GetSolutionsFallback AI] Solver <ConvHipImplicitGemmGroupFwdXdlops>, workspace required: 2654208, provided ptr: 0 size: 0
MIOpen(HIP): Warning [IsEnoughWorkspace] [GetSolutionsFallback AI] Solver <ConvAsmImplicitGemmGTCDynamicFwdXdlopsNHWC>, workspace required: 1605632, provided ptr: 0 size: 0
MIOpen(HIP): Warning [IsEnoughWorkspace] [GetSolutionsFallback WTI] Solver <ConvAsmImplicitGemmGTCDynamicFwdXdlopsNHWC>, workspace required: 8945664, provided ptr: 0x752f13200000 size: 5619712
MIOpen(HIP): Warning [IsEnoughWorkspace] [GetSolutionsFallback WTI] Solver <ConvHipImplicitGemmGroupFwdXdlops>, workspace required: 8945664, provided ptr: 0x752f13200000 size: 5619712
MIOpen(HIP): Warning [IsEnoughWorkspace] [GetSolutionsFallback WTI] Solver <ConvAsmImplicitGemmGTCDynamicFwdXdlopsNHWC>, workspace required: 8945664, provided ptr: 0x752f13200000 size: 5619712
MIOpen(HIP): Warning [IsEnoughWorkspace] [GetSolutionsFallback WTI] Solver <ConvHipImplicitGemmGroupFwdXdlops>, workspace required: 8945664, provided ptr: 0x752f13200000 size: 5619712
MIOpen(HIP): Warning [IsEnoughWorkspace] [GetSolutionsFallback WTI] Solver <ConvAsmImplicitGemmGTCDynamicBwdXdlopsNHWC>, workspace required: 8052736, provided ptr: 0x752e51a00000 size: 4014080
MIOpen(HIP): Warning [IsEnoughWorkspace] [GetSolutionsFallback WTI] Solver <ConvHipImplicitGemmGroupBwdXdlops>, workspace required: 8052736, provided ptr: 0x752e51a00000 size: 4014080
MIOpen(HIP): Warning [IsEnoughWorkspace] [GetSolutionsFallback AI] Solver <GemmFwdRest>, workspace required: 14049280, provided ptr: 0x752f13200000 size: 5849088
MIOpen(HIP): Warning [IsEnoughWorkspace] [GetSolutionsFallback AI] Solver <ConvAsmImplicitGemmGTCDynamicFwdXdlopsNHWC>, workspace required: 8486912, provided ptr: 0 size: 0
MIOpen(HIP): Warning [IsEnoughWorkspace] [GetSolutionsFallback AI] Solver <ConvHipImplicitGemmGroupFwdXdlops>, workspace required: 8486912, provided ptr: 0 size: 0
MIOpen(HIP): Warning [IsEnoughWorkspace] [GetSolutionsFallback AI] Solver <GemmFwdRest>, workspace required: 28098560, provided ptr: 0 size: 0
MIOpen(HIP): Warning [IsEnoughWorkspace] [GetSolutionsFallback AI] Solver <ConvAsmImplicitGemmGTCDynamicFwdXdlopsNHWC>, workspace required: 8028160, provided ptr: 0 size: 0
MIOpen(HIP): Warning [IsEnoughWorkspace] [GetSolutionsFallback AI] Solver <ConvHipImplicitGemmGroupFwdXdlops>, workspace required: 8093696, provided ptr: 0 size: 0
MIOpen(HIP): Warning [IsEnoughWorkspace] [GetSolutionsFallback WTI] Solver <ConvAsmImplicitGemmGTCDynamicBwdXdlopsNHWC>, workspace required: 8159232, provided ptr: 0x752fe0ec0000 size: 8028160
MIOpen(HIP): Warning [IsEnoughWorkspace] [GetSolutionsFallback WTI] Solver <ConvHipImplicitGemmGroupBwdXdlops>, workspace required: 8159232, provided ptr: 0x752fe0ec0000 size: 8028160
MIOpen(HIP): Warning [IsEnoughWorkspace] [GetSolutionsFallback AI] Solver <GemmFwdRest>, workspace required: 28098560, provided ptr: 0x752fe0ec0000 size: 8142848
MIOpen(HIP): Warning [IsEnoughWorkspace] [GetSolutionsFallback AI] Solver <ConvHipImplicitGemmGroupFwdXdlops>, workspace required: 8044544, provided ptr: 0x752fe1294000 size: 8028160
MIOpen(HIP): Warning [IsEnoughWorkspace] [GetSolutionsFallback AI] Solver <GemmFwdRest>, workspace required: 42147840, provided ptr: 0x752f37c00000 size: 12070912
MIOpen(HIP): Warning [IsEnoughWorkspace] [GetSolutionsFallback AI] Solver <ConvHipImplicitGemmGroupFwdXdlops>, workspace required: 12046336, provided ptr: 0x752f37c00000 size: 12042240
MIOpen(HIP): Warning [IsEnoughWorkspace] [GetSolutionsFallback AI] Solver <ConvHipImplicitGemmGroupFwdXdlops>, workspace required: 6210304, provided ptr: 0x752f137be000 size: 6022144
MIOpen(HIP): Warning [IsEnoughWorkspace] [GetSolutionsFallback AI] Solver <GemmFwdRest>, workspace required: 42147840, provided ptr: 0x752f137be000 size: 6022144
[0;36m(APIServer pid=47055)[0;0m [32mINFO[0m [90m10-07 15:23:54[0m [90m[stats.py:902][0m [OmniTiming] req=speech-bd0298008f37315b-bb9bbca1 total=6.92s engine=6.92s stages=[0:6.92s]
INFO:     127.0.0.1:52128 - "POST /v1/audio/speech HTTP/1.1" 200 OK
[0;36m(APIServer pid=47055)[0;0m [32mINFO[0m [90m10-07 15:23:54[0m [90m[serving_speech.py:2423][0m Diffusion TTS speech request speech-8bb4873f570dfd27: voice_clone=False
[0;36m(APIServer pid=47055)[0;0m [32mINFO[0m [90m10-07 15:23:54[0m [90m[serving_speech.py:2471][0m Applied diffusion speech params: seed=42 extra_params={}
[0;36m(APIServer pid=47055)[0;0m [32mINFO[0m [90m10-07 15:23:54[0m [90m[diffusion_engine.py:764][0m [RequestBatch] admission wait done waiting=1 max_batch=8 waited_ms=2.1
MIOpen(HIP): Warning [IsEnoughWorkspace] [GetSolutionsFallback AI] Solver <ConvHipImplicitGemmGroupFwdXdlops>, workspace required: 9065472, provided ptr: 0x752e4e2c0000 size: 2415616
MIOpen(HIP): Warning [IsEnoughWorkspace] [GetSolutionsFallback AI] Solver <ConvAsmImplicitGemmGTCDynamicFwdXdlopsNHWC>, workspace required: 9065472, provided ptr: 0x752e4e2c0000 size: 2415616
MIOpen(HIP): Warning [IsEnoughWorkspace] [GetSolutionsFallback WTI] Solver <ConvAsmImplicitGemmGTCDynamicBwdXdlopsNHWC>, workspace required: 40456192, provided ptr: 0x752fe0ec0000 size: 11042816
MIOpen(HIP): Warning [IsEnoughWorkspace] [GetSolutionsFallback WTI] Solver <ConvHipImplicitGemmGroupBwdXdlops>, workspace required: 40456192, provided ptr: 0x752fe0ec0000 size: 11042816
MIOpen(HIP): Warning [IsEnoughWorkspace] [GetSolutionsFallback AI] Solver <GemmFwdRest>, workspace required: 38649856, provided ptr: 0x752f37c00000 size: 18382848
MIOpen(HIP): Warning [IsEnoughWorkspace] [GetSolutionsFallback AI] Solver <GemmFwdRest>, workspace required: 96624640, provided ptr: 0x752f3892a000 size: 29442048
MIOpen(HIP): Warning [IsEnoughWorkspace] [GetSolutionsFallback AI] Solver <ConvHipImplicitGemmGroupFwdXdlops>, workspace required: 27869184, provided ptr: 0x752f39654000 size: 27607040
MIOpen(HIP): Warning [IsEnoughWorkspace] [GetSolutionsFallback AI] Solver <GemmFwdRest>, workspace required: 193249280, provided ptr: 0x752f40254000 size: 55672832
MIOpen(HIP): Warning [IsEnoughWorkspace] [GetSolutionsFallback AI] Solver <ConvHipImplicitGemmGroupFwdXdlops>, workspace required: 55279616, provided ptr: 0x752f41ca8000 size: 55214080
MIOpen(HIP): Warning [IsEnoughWorkspace] [GetSolutionsFallback WTI] Solver <ConvAsmImplicitGemmGTCDynamicBwdXdlopsNHWC>, workspace required: 55345152, provided ptr: 0x752f40254000 size: 55214080
MIOpen(HIP): Warning [IsEnoughWorkspace] [GetSolutionsFallback WTI] Solver <ConvHipImplicitGemmGroupBwdXdlops>, workspace required: 55345152, provided ptr: 0x752f40254000 size: 55214080
MIOpen(HIP): Warning [IsEnoughWorkspace] [GetSolutionsFallback AI] Solver <GemmFwdRest>, workspace required: 193249280, provided ptr: 0x752f41ca8000 size: 55328768
MIOpen(HIP): Warning [IsEnoughWorkspace] [GetSolutionsFallback AI] Solver <ConvHipImplicitGemmGroupFwdXdlops>, workspace required: 55230464, provided ptr: 0x752f436fc000 size: 55214080
MIOpen(HIP): Warning [IsEnoughWorkspace] [GetSolutionsFallback AI] Solver <GemmFwdRest>, workspace required: 289873920, provided ptr: 0x752f436fc000 size: 82849792
MIOpen(HIP): Warning [IsEnoughWorkspace] [GetSolutionsFallback AI] Solver <ConvHipImplicitGemmGroupFwdXdlops>, workspace required: 82825216, provided ptr: 0x752f45e7a000 size: 82821120
MIOpen(HIP): Warning [IsEnoughWorkspace] [GetSolutionsFallback AI] Solver <ConvHipImplicitGemmGroupFwdXdlops>, workspace required: 42705664, provided ptr: 0x752f37c00000 size: 41411584
MIOpen(HIP): Warning [IsEnoughWorkspace] [GetSolutionsFallback AI] Solver <GemmFwdRest>, workspace required: 289873920, provided ptr: 0x752f37c00000 size: 41411584
MIOpen(HIP): Warning [IsEnoughWorkspace] [GetSolutionsFallback AI] Solver <ConvHipImplicitGemmGroupFwdXdlops>, workspace required: 9060352, provided ptr: 0x752e4e2c0000 size: 2408448
MIOpen(HIP): Warning [IsEnoughWorkspace] [GetSolutionsFallback AI] Solver <ConvAsmImplicitGemmGTCDynamicFwdXdlopsNHWC>, workspace required: 9060352, provided ptr: 0x752e4e2c0000 size: 2408448
MIOpen(HIP): Warning [IsEnoughWorkspace] [GetSolutionsFallback WTI] Solver <ConvAsmImplicitGemmGTCDynamicBwdXdlopsNHWC>, workspace required: 40435712, provided ptr: 0x752fe0ec0000 size: 11010048
MIOpen(HIP): Warning [IsEnoughWorkspace] [GetSolutionsFallback WTI] Solver <ConvHipImplicitGemmGroupBwdXdlops>, workspace required: 40435712, provided ptr: 0x752fe0ec0000 size: 11010048
MIOpen(HIP): Warning [IsEnoughWorkspace] [GetSolutionsFallback AI] Solver <GemmFwdRest>, workspace required: 38535168, provided ptr: 0x752f37c00000 size: 18350080
MIOpen(HIP): Warning [IsEnoughWorkspace] [GetSolutionsFallback AI] Solver <GemmFwdRest>, workspace required: 96337920, provided ptr: 0x752f38920000 size: 29360128
MIOpen(HIP): Warning [IsEnoughWorkspace] [GetSolutionsFallback AI] Solver <ConvHipImplicitGemmGroupFwdXdlops>, workspace required: 27787264, provided ptr: 0x752f39640000 size: 27525120
MIOpen(HIP): Warning [IsEnoughWorkspace] [GetSolutionsFallback AI] Solver <GemmFwdRest>, workspace required: 192675840, provided ptr: 0x752f40240000 size: 55508992
MIOpen(HIP): Warning [IsEnoughWorkspace] [GetSolutionsFallback AI] Solver <ConvHipImplicitGemmGroupFwdXdlops>, workspace required: 55115776, provided ptr: 0x752f41c80000 size: 55050240
MIOpen(HIP): Warning [IsEnoughWorkspace] [GetSolutionsFallback WTI] Solver <ConvAsmImplicitGemmGTCDynamicBwdXdlopsNHWC>, workspace required: 55181312, provided ptr: 0x752f40240000 size: 55050240
MIOpen(HIP): Warning [IsEnoughWorkspace] [GetSolutionsFallback WTI] Solver <ConvHipImplicitGemmGroupBwdXdlops>, workspace required: 55181312, provided ptr: 0x752f40240000 size: 55050240
MIOpen(HIP): Warning [IsEnoughWorkspace] [GetSolutionsFallback AI] Solver <GemmFwdRest>, workspace required: 192675840, provided ptr: 0x752f41c80000 size: 55164928
MIOpen(HIP): Warning [IsEnoughWorkspace] [GetSolutionsFallback AI] Solver <ConvHipImplicitGemmGroupFwdXdlops>, workspace required: 55066624, provided ptr: 0x752f436c0000 size: 55050240
MIOpen(HIP): Warning [IsEnoughWorkspace] [GetSolutionsFallback AI] Solver <GemmFwdRest>, workspace required: 289013760, provided ptr: 0x752f436c0000 size: 82604032
MIOpen(HIP): Warning [IsEnoughWorkspace] [GetSolutionsFallback AI] Solver <ConvHipImplicitGemmGroupFwdXdlops>, workspace required: 82579456, provided ptr: 0x752f45e20000 size: 82575360
MIOpen(HIP): Warning [IsEnoughWorkspace] [GetSolutionsFallback AI] Solver <ConvHipImplicitGemmGroupFwdXdlops>, workspace required: 42578944, provided ptr: 0x752f37c00000 size: 41288704
MIOpen(HIP): Warning [IsEnoughWorkspace] [GetSolutionsFallback AI] Solver <GemmFwdRest>, workspace required: 289013760, provided ptr: 0x752f37c00000 size: 41288704
MIOpen(HIP): Warning [IsEnoughWorkspace] [GetSolutionsFallback AI] Solver <ConvHipImplicitGemmGroupFwdXdlops>, workspace required: 9034752, provided ptr: 0x752e4e2c0000 size: 2372608
MIOpen(HIP): Warning [IsEnoughWorkspace] [GetSolutionsFallback AI] Solver <ConvAsmImplicitGemmGTCDynamicFwdXdlopsNHWC>, workspace required: 9034752, provided ptr: 0x752e4e2c0000 size: 2372608
MIOpen(HIP): Warning [IsEnoughWorkspace] [GetSolutionsFallback WTI] Solver <ConvAsmImplicitGemmGTCDynamicBwdXdlopsNHWC>, workspace required: 40333312, provided ptr: 0x752fe0ec0000 size: 10846208
MIOpen(HIP): Warning [IsEnoughWorkspace] [GetSolutionsFallback WTI] Solver <ConvHipImplicitGemmGroupBwdXdlops>, workspace required: 40333312, provided ptr: 0x752fe0ec0000 size: 10846208
MIOpen(HIP): Warning [IsEnoughWorkspace] [GetSolutionsFallback AI] Solver <GemmFwdRest>, workspace required: 37961728, provided ptr: 0x752f37c00000 size: 18186240
MIOpen(HIP): Warning [IsEnoughWorkspace] [GetSolutionsFallback AI] Solver <GemmFwdRest>, workspace required: 94904320, provided ptr: 0x752f388ee000 size: 28950528
MIOpen(HIP): Warning [IsEnoughWorkspace] [GetSolutionsFallback AI] Solver <ConvHipImplicitGemmGroupFwdXdlops>, workspace required: 27377664, provided ptr: 0x752f395dc000 size: 27115520
MIOpen(HIP): Warning [IsEnoughWorkspace] [GetSolutionsFallback AI] Solver <GemmFwdRest>, workspace required: 189808640, provided ptr: 0x752f401dc000 size: 54689792
MIOpen(HIP): Warning [IsEnoughWorkspace] [GetSolutionsFallback AI] Solver <ConvHipImplicitGemmGroupFwdXdlops>, workspace required: 54296576, provided ptr: 0x752f41bb8000 size: 54231040
MIOpen(HIP): Warning [IsEnoughWorkspace] [GetSolutionsFallback WTI] Solver <ConvAsmImplicitGemmGTCDynamicBwdXdlopsNHWC>, workspace required: 54362112, provided ptr: 0x752f401dc000 size: 54231040
MIOpen(HIP): Warning [IsEnoughWorkspace] [GetSolutionsFallback WTI] Solver <ConvHipImplicitGemmGroupBwdXdlops>, workspace required: 54362112, provided ptr: 0x752f401dc000 size: 54231040
MIOpen(HIP): Warning [IsEnoughWorkspace] [GetSolutionsFallback AI] Solver <GemmFwdRest>, workspace required: 189808640, provided ptr: 0x752f41bb8000 size: 54345728
MIOpen(HIP): Warning [IsEnoughWorkspace] [GetSolutionsFallback AI] Solver <ConvHipImplicitGemmGroupFwdXdlops>, workspace required: 54247424, provided ptr: 0x752f43594000 size: 54231040
MIOpen(HIP): Warning [IsEnoughWorkspace] [GetSolutionsFallback AI] Solver <GemmFwdRest>, workspace required: 284712960, provided ptr: 0x752f43594000 size: 81375232
MIOpen(HIP): Warning [IsEnoughWorkspace] [GetSolutionsFallback AI] Solver <ConvHipImplicitGemmGroupFwdXdlops>, workspace required: 81350656, provided ptr: 0x752f45c5e000 size: 81346560
MIOpen(HIP): Warning [IsEnoughWorkspace] [GetSolutionsFallback AI] Solver <ConvHipImplicitGemmGroupFwdXdlops>, workspace required: 41945344, provided ptr: 0x752f37c00000 size: 40674304
MIOpen(HIP): Warning [IsEnoughWorkspace] [GetSolutionsFallback AI] Solver <GemmFwdRest>, workspace required: 284712960, provided ptr: 0x752f37c00000 size: 40674304
MIOpen(HIP): Warning [IsEnoughWorkspace] [GetSolutionsFallback AI] Solver <ConvHipImplicitGemmGroupFwdXdlops>, workspace required: 8102912, provided ptr: 0x752e4f280000 size: 1068032
MIOpen(HIP): Warning [IsEnoughWorkspace] [GetSolutionsFallback AI] Solver <ConvAsmImplicitGemmGTCDynamicFwdXdlopsNHWC>, workspace required: 8102912, provided ptr: 0x752e4f280000 size: 1068032
MIOpen(HIP): Warning [IsEnoughWorkspace] [GetSolutionsFallback WTI] Solver <ConvAsmImplicitGemmGTCDynamicBwdXdlopsNHWC>, workspace required: 36605952, provided ptr: 0x752e51a00000 size: 4882432
MIOpen(HIP): Warning [IsEnoughWorkspace] [GetSolutionsFallback WTI] Solver <ConvHipImplicitGemmGroupBwdXdlops>, workspace required: 36605952, provided ptr: 0x752e51a00000 size: 4882432
MIOpen(HIP): Warning [IsEnoughWorkspace] [GetSolutionsFallback AI] Solver <GemmFwdRest>, workspace required: 17088512, provided ptr: 0x752f13200000 size: 12222464
MIOpen(HIP): Warning [IsEnoughWorkspace] [GetSolutionsFallback WTI] Solver <ConvAsmImplicitGemmGTCDynamicBwdXdlopsNHWC>, workspace required: 13787136, provided ptr: 0x752fe0ec0000 size: 12206080
MIOpen(HIP): Warning [IsEnoughWorkspace] [GetSolutionsFallback WTI] Solver <ConvHipImplicitGemmGroupBwdXdlops>, workspace required: 13787136, provided ptr: 0x752fe0ec0000 size: 12206080
MIOpen(HIP): Warning [IsEnoughWorkspace] [GetSolutionsFallback AI] Solver <GemmFwdRest>, workspace required: 42721280, provided ptr: 0x752fe1492000 size: 14041088
MIOpen(HIP): Warning [IsEnoughWorkspace] [GetSolutionsFallback AI] Solver <ConvHipImplicitGemmGroupFwdXdlops>, workspace required: 12468224, provided ptr: 0x752f37c00000 size: 12206080
MIOpen(HIP): Warning [IsEnoughWorkspace] [GetSolutionsFallback AI] Solver <GemmFwdRest>, workspace required: 85442560, provided ptr: 0x752f39348000 size: 24870912
MIOpen(HIP): Warning [IsEnoughWorkspace] [GetSolutionsFallback AI] Solver <ConvHipImplicitGemmGroupFwdXdlops>, workspace required: 24477696, provided ptr: 0x752f39eec000 size: 24412160
MIOpen(HIP): Warning [IsEnoughWorkspace] [GetSolutionsFallback WTI] Solver <ConvAsmImplicitGemmGTCDynamicBwdXdlopsNHWC>, workspace required: 24543232, provided ptr: 0x752f387a4000 size: 24412160
MIOpen(HIP): Warning [IsEnoughWorkspace] [GetSolutionsFallback WTI] Solver <ConvHipImplicitGemmGroupBwdXdlops>, workspace required: 24543232, provided ptr: 0x752f387a4000 size: 24412160
MIOpen(HIP): Warning [IsEnoughWorkspace] [GetSolutionsFallback AI] Solver <GemmFwdRest>, workspace required: 85442560, provided ptr: 0x752f39348000 size: 24526848
MIOpen(HIP): Warning [IsEnoughWorkspace] [GetSolutionsFallback AI] Solver <ConvHipImplicitGemmGroupFwdXdlops>, workspace required: 24428544, provided ptr: 0x752f39eec000 size: 24412160
MIOpen(HIP): Warning [IsEnoughWorkspace] [GetSolutionsFallback AI] Solver <GemmFwdRest>, workspace required: 128163840, provided ptr: 0x752f3e800000 size: 36646912
MIOpen(HIP): Warning [IsEnoughWorkspace] [GetSolutionsFallback AI] Solver <ConvHipImplicitGemmGroupFwdXdlops>, workspace required: 36622336, provided ptr: 0x752f3e800000 size: 36618240
MIOpen(HIP): Warning [IsEnoughWorkspace] [GetSolutionsFallback AI] Solver <ConvHipImplicitGemmGroupFwdXdlops>, workspace required: 18882304, provided ptr: 0x752f37c00000 size: 18310144
MIOpen(HIP): Warning [IsEnoughWorkspace] [GetSolutionsFallback AI] Solver <GemmFwdRest>, workspace required: 128163840, provided ptr: 0x752f37c00000 size: 18310144
MIOpen(HIP): Warning [IsEnoughWorkspace] [GetSolutionsFallback AI] Solver <ConvHipImplicitGemmGroupFwdXdlops>, workspace required: 8686592, provided ptr: 0x752e4e2c0000 size: 1885184
MIOpen(HIP): Warning [IsEnoughWorkspace] [GetSolutionsFallback AI] Solver <ConvAsmImplicitGemmGTCDynamicFwdXdlopsNHWC>, workspace required: 8686592, provided ptr: 0x752e4e2c0000 size: 1885184
MIOpen(HIP): Warning [IsEnoughWorkspace] [GetSolutionsFallback WTI] Solver <ConvAsmImplicitGemmGTCDynamicBwdXdlopsNHWC>, workspace required: 38940672, provided ptr: 0x752f13200000 size: 8617984
MIOpen(HIP): Warning [IsEnoughWorkspace] [GetSolutionsFallback WTI] Solver <ConvHipImplicitGemmGroupBwdXdlops>, workspace required: 38940672, provided ptr: 0x752f13200000 size: 8617984
MIOpen(HIP): Warning [IsEnoughWorkspace] [GetSolutionsFallback AI] Solver <GemmFwdRest>, workspace required: 30162944, provided ptr: 0x752fe0ec0000 size: 15958016
MIOpen(HIP): Warning [IsEnoughWorkspace] [GetSolutionsFallback AI] Solver <GemmFwdRest>, workspace required: 75407360, provided ptr: 0x752f38646000 size: 23379968
MIOpen(HIP): Warning [IsEnoughWorkspace] [GetSolutionsFallback AI] Solver <ConvHipImplicitGemmGroupFwdXdlops>, workspace required: 21807104, provided ptr: 0x752f3908c000 size: 21544960
MIOpen(HIP): Warning [IsEnoughWorkspace] [GetSolutionsFallback AI] Solver <GemmFwdRest>, workspace required: 150814720, provided ptr: 0x752f3e800000 size: 43548672
MIOpen(HIP): Warning [IsEnoughWorkspace] [GetSolutionsFallback AI] Solver <ConvHipImplicitGemmGroupFwdXdlops>, workspace required: 43155456, provided ptr: 0x752f3e800000 size: 43089920
MIOpen(HIP): Warning [IsEnoughWorkspace] [GetSolutionsFallback WTI] Solver <ConvAsmImplicitGemmGTCDynamicBwdXdlopsNHWC>, workspace required: 43220992, provided ptr: 0x752f3e800000 size: 43089920
MIOpen(HIP): Warning [IsEnoughWorkspace] [GetSolutionsFallback WTI] Solver <ConvHipImplicitGemmGroupBwdXdlops>, workspace required: 43220992, provided ptr: 0x752f3e800000 size: 43089920
MIOpen(HIP): Warning [IsEnoughWorkspace] [GetSolutionsFallback AI] Solver <GemmFwdRest>, workspace required: 150814720, provided ptr: 0x752f3e800000 size: 43204608
MIOpen(HIP): Warning [IsEnoughWorkspace] [GetSolutionsFallback AI] Solver <ConvHipImplicitGemmGroupFwdXdlops>, workspace required: 43106304, provided ptr: 0x752f3fc8c000 size: 43089920
MIOpen(HIP): Warning [IsEnoughWorkspace] [GetSolutionsFallback AI] Solver <GemmFwdRest>, workspace required: 226222080, provided ptr: 0x752f425a4000 size: 64663552
MIOpen(HIP): Warning [IsEnoughWorkspace] [GetSolutionsFallback AI] Solver <ConvHipImplicitGemmGroupFwdXdlops>, workspace required: 64638976, provided ptr: 0x752f44476000 size: 64634880
MIOpen(HIP): Warning [IsEnoughWorkspace] [GetSolutionsFallback AI] Solver <ConvHipImplicitGemmGroupFwdXdlops>, workspace required: 33328384, provided ptr: 0x752f39ad2000 size: 32318464
MIOpen(HIP): Warning [IsEnoughWorkspace] [GetSolutionsFallback AI] Solver <GemmFwdRest>, workspace required: 226222080, provided ptr: 0x752f39ad2000 size: 32318464
MIOpen(HIP): Warning [IsEnoughWorkspace] [GetSolutionsFallback AI] Solver <ConvHipImplicitGemmGroupFwdXdlops>, workspace required: 9075712, provided ptr: 0x752e4e2c0000 size: 2429952
MIOpen(HIP): Warning [IsEnoughWorkspace] [GetSolutionsFallback AI] Solver <ConvAsmImplicitGemmGTCDynamicFwdXdlopsNHWC>, workspace required: 9075712, provided ptr: 0x752e4e2c0000 size: 2429952
MIOpen(HIP): Warning [IsEnoughWorkspace] [GetSolutionsFallback WTI] Solver <ConvAsmImplicitGemmGTCDynamicBwdXdlopsNHWC>, workspace required: 40497152, provided ptr: 0x752fe0ec0000 size: 11108352
MIOpen(HIP): Warning [IsEnoughWorkspace] [GetSolutionsFallback WTI] Solver <ConvHipImplicitGemmGroupBwdXdlops>, workspace required: 40497152, provided ptr: 0x752fe0ec0000 size: 11108352
MIOpen(HIP): Warning [IsEnoughWorkspace] [GetSolutionsFallback AI] Solver <GemmFwdRest>, workspace required: 38879232, provided ptr: 0x752f37c00000 size: 18448384
MIOpen(HIP): Warning [IsEnoughWorkspace] [GetSolutionsFallback AI] Solver <GemmFwdRest>, workspace required: 97198080, provided ptr: 0x752f3893e000 size: 29605888
MIOpen(HIP): Warning [IsEnoughWorkspace] [GetSolutionsFallback AI] Solver <ConvHipImplicitGemmGroupFwdXdlops>, workspace required: 28033024, provided ptr: 0x752f3967c000 size: 27770880
MIOpen(HIP): Warning [IsEnoughWorkspace] [GetSolutionsFallback AI] Solver <GemmFwdRest>, workspace required: 194396160, provided ptr: 0x752f4027c000 size: 56000512
MIOpen(HIP): Warning [IsEnoughWorkspace] [GetSolutionsFallback AI] Solver <ConvHipImplicitGemmGroupFwdXdlops>, workspace required: 55607296, provided ptr: 0x752f41cf8000 size: 55541760
MIOpen(HIP): Warning [IsEnoughWorkspace] [GetSolutionsFallback WTI] Solver <ConvAsmImplicitGemmGTCDynamicBwdXdlopsNHWC>, workspace required: 55672832, provided ptr: 0x752f4027c000 size: 55541760
MIOpen(HIP): Warning [IsEnoughWorkspace] [GetSolutionsFallback WTI] Solver <ConvHipImplicitGemmGroupBwdXdlops>, workspace required: 55672832, provided ptr: 0x752f4027c000 size: 55541760
MIOpen(HIP): Warning [IsEnoughWorkspace] [GetSolutionsFallback AI] Solver <GemmFwdRest>, workspace required: 194396160, provided ptr: 0x752f41cf8000 size: 55656448
MIOpen(HIP): Warning [IsEnoughWorkspace] [GetSolutionsFallback AI] Solver <ConvHipImplicitGemmGroupFwdXdlops>, workspace required: 55558144, provided ptr: 0x752f43774000 size: 55541760
MIOpen(HIP): Warning [IsEnoughWorkspace] [GetSolutionsFallback AI] Solver <GemmFwdRest>, workspace required: 291594240, provided ptr: 0x752f43774000 size: 83341312
MIOpen(HIP): Warning [IsEnoughWorkspace] [GetSolutionsFallback AI] Solver <ConvHipImplicitGemmGroupFwdXdlops>, workspace required: 83316736, provided ptr: 0x752f45f2e000 size: 83312640
MIOpen(HIP): Warning [IsEnoughWorkspace] [GetSolutionsFallback AI] Solver <ConvHipImplicitGemmGroupFwdXdlops>, workspace required: 42959104, provided ptr: 0x752f37c00000 size: 41657344
MIOpen(HIP): Warning [IsEnoughWorkspace] [GetSolutionsFallback AI] Solver <GemmFwdRest>, workspace required: 291594240, provided ptr: 0x752f37c00000 size: 41657344
MIOpen(HIP): Warning [IsEnoughWorkspace] [GetSolutionsFallback AI] Solver <ConvHipImplicitGemmGroupFwdXdlops>, workspace required: 8850432, provided ptr: 0x752e4e2c0000 size: 2114560
MIOpen(HIP): Warning [IsEnoughWorkspace] [GetSolutionsFallback AI] Solver <ConvAsmImplicitGemmGTCDynamicFwdXdlopsNHWC>, workspace required: 8850432, provided ptr: 0x752e4e2c0000 size: 2114560
MIOpen(HIP): Warning [IsEnoughWorkspace] [GetSolutionsFallback WTI] Solver <ConvAsmImplicitGemmGTCDynamicBwdXdlopsNHWC>, workspace required: 39596032, provided ptr: 0x752f13200000 size: 9666560
MIOpen(HIP): Warning [IsEnoughWorkspace] [GetSolutionsFallback WTI] Solver <ConvHipImplicitGemmGroupBwdXdlops>, workspace required: 39596032, provided ptr: 0x752f13200000 size: 9666560
MIOpen(HIP): Warning [IsEnoughWorkspace] [GetSolutionsFallback AI] Solver <GemmFwdRest>, workspace required: 33832960, provided ptr: 0x752fe0ec0000 size: 17006592
MIOpen(HIP): Warning [IsEnoughWorkspace] [GetSolutionsFallback AI] Solver <GemmFwdRest>, workspace required: 84582400, provided ptr: 0x752f3930c000 size: 26001408
MIOpen(HIP): Warning [IsEnoughWorkspace] [GetSolutionsFallback AI] Solver <ConvHipImplicitGemmGroupFwdXdlops>, workspace required: 24428544, provided ptr: 0x752f39e92000 size: 24166400
MIOpen(HIP): Warning [IsEnoughWorkspace] [GetSolutionsFallback AI] Solver <GemmFwdRest>, workspace required: 169164800, provided ptr: 0x752f3ff0c000 size: 48791552
MIOpen(HIP): Warning [IsEnoughWorkspace] [GetSolutionsFallback AI] Solver <ConvHipImplicitGemmGroupFwdXdlops>, workspace required: 48398336, provided ptr: 0x752f41618000 size: 48332800
MIOpen(HIP): Warning [IsEnoughWorkspace] [GetSolutionsFallback WTI] Solver <ConvAsmImplicitGemmGTCDynamicBwdXdlopsNHWC>, workspace required: 48463872, provided ptr: 0x752f3ff0c000 size: 48332800
MIOpen(HIP): Warning [IsEnoughWorkspace] [GetSolutionsFallback WTI] Solver <ConvHipImplicitGemmGroupBwdXdlops>, workspace required: 48463872, provided ptr: 0x752f3ff0c000 size: 48332800
MIOpen(HIP): Warning [IsEnoughWorkspace] [GetSolutionsFallback AI] Solver <GemmFwdRest>, workspace required: 169164800, provided ptr: 0x752f3ff0c000 size: 48447488
MIOpen(HIP): Warning [IsEnoughWorkspace] [GetSolutionsFallback AI] Solver <ConvHipImplicitGemmGroupFwdXdlops>, workspace required: 48349184, provided ptr: 0x752f41618000 size: 48332800
MIOpen(HIP): Warning [IsEnoughWorkspace] [GetSolutionsFallback AI] Solver <GemmFwdRest>, workspace required: 253747200, provided ptr: 0x752f42d24000 size: 72527872
MIOpen(HIP): Warning [IsEnoughWorkspace] [GetSolutionsFallback AI] Solver <ConvHipImplicitGemmGroupFwdXdlops>, workspace required: 72503296, provided ptr: 0x752f44fb6000 size: 72499200
MIOpen(HIP): Warning [IsEnoughWorkspace] [GetSolutionsFallback AI] Solver <ConvHipImplicitGemmGroupFwdXdlops>, workspace required: 37383424, provided ptr: 0x752f37c00000 size: 36250624
MIOpen(HIP): Warning [IsEnoughWorkspace] [GetSolutionsFallback AI] Solver <GemmFwdRest>, workspace required: 253747200, provided ptr: 0x752f37c00000 size: 36250624
MIOpen(HIP): Warning [IsEnoughWorkspace] [GetSolutionsFallback AI] Solver <ConvHipImplicitGemmGroupFwdXdlops>, workspace required: 8845312, provided ptr: 0x752e4e2c0000 size: 2107392
MIOpen(HIP): Warning [IsEnoughWorkspace] [GetSolutionsFallback AI] Solver <ConvAsmImplicitGemmGTCDynamicFwdXdlopsNHWC>, workspace required: 8845312, provided ptr: 0x752e4e2c0000 size: 2107392
MIOpen(HIP): Warning [IsEnoughWorkspace] [GetSolutionsFallback WTI] Solver <ConvAsmImplicitGemmGTCDynamicBwdXdlopsNHWC>, workspace required: 39575552, provided ptr: 0x752f13200000 size: 9633792
MIOpen(HIP): Warning [IsEnoughWorkspace] [GetSolutionsFallback WTI] Solver <ConvHipImplicitGemmGroupBwdXdlops>, workspace required: 39575552, provided ptr: 0x752f13200000 size: 9633792
MIOpen(HIP): Warning [IsEnoughWorkspace] [GetSolutionsFallback AI] Solver <GemmFwdRest>, workspace required: 33718272, provided ptr: 0x752fe0ec0000 size: 16973824
MIOpen(HIP): Warning [IsEnoughWorkspace] [GetSolutionsFallback AI] Solver <GemmFwdRest>, workspace required: 84295680, provided ptr: 0x752f392f8000 size: 25919488
MIOpen(HIP): Warning [IsEnoughWorkspace] [GetSolutionsFallback AI] Solver <ConvHipImplicitGemmGroupFwdXdlops>, workspace required: 24346624, provided ptr: 0x752f39e74000 size: 24084480
MIOpen(HIP): Warning [IsEnoughWorkspace] [GetSolutionsFallback AI] Solver <GemmFwdRest>, workspace required: 168591360, provided ptr: 0x752f3fef8000 size: 48627712
MIOpen(HIP): Warning [IsEnoughWorkspace] [GetSolutionsFallback AI] Solver <ConvHipImplicitGemmGroupFwdXdlops>, workspace required: 48234496, provided ptr: 0x752f415f0000 size: 48168960
MIOpen(HIP): Warning [IsEnoughWorkspace] [GetSolutionsFallback WTI] Solver <ConvAsmImplicitGemmGTCDynamicBwdXdlopsNHWC>, workspace required: 48300032, provided ptr: 0x752f3fef8000 size: 48168960
MIOpen(HIP): Warning [IsEnoughWorkspace] [GetSolutionsFallback WTI] Solver <ConvHipImplicitGemmGroupBwdXdlops>, workspace required: 48300032, provided ptr: 0x752f3fef8000 size: 48168960
MIOpen(HIP): Warning [IsEnoughWorkspace] [GetSolutionsFallback AI] Solver <GemmFwdRest>, workspace required: 168591360, provided ptr: 0x752f3fef8000 size: 48283648
MIOpen(HIP): Warning [IsEnoughWorkspace] [GetSolutionsFallback AI] Solver <ConvHipImplicitGemmGroupFwdXdlops>, workspace required: 48185344, provided ptr: 0x752f415f0000 size: 48168960
MIOpen(HIP): Warning [IsEnoughWorkspace] [GetSolutionsFallback AI] Solver <GemmFwdRest>, workspace required: 252887040, provided ptr: 0x752f42ce8000 size: 72282112
MIOpen(HIP): Warning [IsEnoughWorkspace] [GetSolutionsFallback AI] Solver <ConvHipImplicitGemmGroupFwdXdlops>, workspace required: 72257536, provided ptr: 0x752f44f5c000 size: 72253440
MIOpen(HIP): Warning [IsEnoughWorkspace] [GetSolutionsFallback AI] Solver <ConvHipImplicitGemmGroupFwdXdlops>, workspace required: 37256704, provided ptr: 0x752f37c00000 size: 36127744
MIOpen(HIP): Warning [IsEnoughWorkspace] [GetSolutionsFallback AI] Solver <GemmFwdRest>, workspace required: 252887040, provided ptr: 0x752f37c00000 size: 36127744
[0;36m(APIServer pid=47055)[0;0m [32mINFO[0m [90m10-07 15:24:01[0m [90m[stats.py:902][0m [OmniTiming] req=speech-8bb4873f570dfd27-9078e42b total=6.62s engine=6.62s stages=[0:6.62s]
INFO:     127.0.0.1:52128 - "POST /v1/audio/speech HTTP/1.1" 200 OK
[0;36m(APIServer pid=47055)[0;0m [32mINFO[0m [90m10-07 15:24:01[0m [90m[serving_speech.py:2423][0m Diffusion TTS speech request speech-a1df0f901adc2d60: voice_clone=False
[0;36m(APIServer pid=47055)[0;0m [32mINFO[0m [90m10-07 15:24:01[0m [90m[serving_speech.py:2471][0m Applied diffusion speech params: seed=42 extra_params={}
[0;36m(APIServer pid=47055)[0;0m [32mINFO[0m [90m10-07 15:24:01[0m [90m[diffusion_engine.py:764][0m [RequestBatch] admission wait done waiting=1 max_batch=8 waited_ms=2.1
MIOpen(HIP): Warning [IsEnoughWorkspace] [GetSolutionsFallback AI] Solver <ConvHipImplicitGemmGroupFwdXdlops>, workspace required: 7928832, provided ptr: 0x752eb7800000 size: 824320
MIOpen(HIP): Warning [IsEnoughWorkspace] [GetSolutionsFallback AI] Solver <ConvAsmImplicitGemmGTCDynamicFwdXdlopsNHWC>, workspace required: 7928832, provided ptr: 0x752eb7800000 size: 824320
MIOpen(HIP): Warning [IsEnoughWorkspace] [GetSolutionsFallback WTI] Solver <ConvAsmImplicitGemmGTCDynamicBwdXdlopsNHWC>, workspace required: 35909632, provided ptr: 0x752e51a00000 size: 3768320
MIOpen(HIP): Warning [IsEnoughWorkspace] [GetSolutionsFallback WTI] Solver <ConvHipImplicitGemmGroupBwdXdlops>, workspace required: 35909632, provided ptr: 0x752e51a00000 size: 3768320
MIOpen(HIP): Warning [IsEnoughWorkspace] [GetSolutionsFallback WTI] Solver <ConvAsmImplicitGemmGTCDynamicBwdXdlopsNHWC>, workspace required: 11837440, provided ptr: 0x752f1367e000 size: 9420800
MIOpen(HIP): Warning [IsEnoughWorkspace] [GetSolutionsFallback WTI] Solver <ConvHipImplicitGemmGroupBwdXdlops>, workspace required: 11837440, provided ptr: 0x752f1367e000 size: 9420800
MIOpen(HIP): Warning [IsEnoughWorkspace] [GetSolutionsFallback AI] Solver <GemmFwdRest>, workspace required: 32972800, provided ptr: 0x752fe0ec0000 size: 11255808
MIOpen(HIP): Warning [IsEnoughWorkspace] [GetSolutionsFallback AI] Solver <ConvHipImplicitGemmGroupFwdXdlops>, workspace required: 9682944, provided ptr: 0x752fe133e000 size: 9420800
MIOpen(HIP): Warning [IsEnoughWorkspace] [GetSolutionsFallback AI] Solver <GemmFwdRest>, workspace required: 65945600, provided ptr: 0x752f384fc000 size: 19300352
MIOpen(HIP): Warning [IsEnoughWorkspace] [GetSolutionsFallback AI] Solver <ConvHipImplicitGemmGroupFwdXdlops>, workspace required: 18907136, provided ptr: 0x752f38df8000 size: 18841600
MIOpen(HIP): Warning [IsEnoughWorkspace] [GetSolutionsFallback WTI] Solver <ConvAsmImplicitGemmGTCDynamicBwdXdlopsNHWC>, workspace required: 18972672, provided ptr: 0x752f384fc000 size: 18841600
MIOpen(HIP): Warning [IsEnoughWorkspace] [GetSolutionsFallback WTI] Solver <ConvHipImplicitGemmGroupBwdXdlops>, workspace required: 18972672, provided ptr: 0x752f384fc000 size: 18841600
MIOpen(HIP): Warning [IsEnoughWorkspace] [GetSolutionsFallback AI] Solver <GemmFwdRest>, workspace required: 65945600, provided ptr: 0x752f384fc000 size: 18956288
MIOpen(HIP): Warning [IsEnoughWorkspace] [GetSolutionsFallback AI] Solver <ConvHipImplicitGemmGroupFwdXdlops>, workspace required: 18857984, provided ptr: 0x752f38df8000 size: 18841600
MIOpen(HIP): Warning [IsEnoughWorkspace] [GetSolutionsFallback AI] Solver <GemmFwdRest>, workspace required: 98918400, provided ptr: 0x752f396f4000 size: 28291072
MIOpen(HIP): Warning [IsEnoughWorkspace] [GetSolutionsFallback AI] Solver <ConvHipImplicitGemmGroupFwdXdlops>, workspace required: 28266496, provided ptr: 0x752f3a46e000 size: 28262400
MIOpen(HIP): Warning [IsEnoughWorkspace] [GetSolutionsFallback AI] Solver <ConvHipImplicitGemmGroupFwdXdlops>, workspace required: 14573824, provided ptr: 0x752fe0ec0000 size: 14132224
MIOpen(HIP): Warning [IsEnoughWorkspace] [GetSolutionsFallback AI] Solver <GemmFwdRest>, workspace required: 98918400, provided ptr: 0x752fe0ec0000 size: 14132224
MIOpen(HIP): Warning [IsEnoughWorkspace] [GetSolutionsFallback AI] Solver <ConvHipImplicitGemmGroupFwdXdlops>, workspace required: 8338432, provided ptr: 0x752e4f280000 size: 1397760
MIOpen(HIP): Warning [IsEnoughWorkspace] [GetSolutionsFallback AI] Solver <ConvAsmImplicitGemmGTCDynamicFwdXdlopsNHWC>, workspace required: 8338432, provided ptr: 0x752e4f280000 size: 1397760
MIOpen(HIP): Warning [IsEnoughWorkspace] [GetSolutionsFallback WTI] Solver <ConvAsmImplicitGemmGTCDynamicBwdXdlopsNHWC>, workspace required: 37548032, provided ptr: 0x752f13200000 size: 6389760
MIOpen(HIP): Warning [IsEnoughWorkspace] [GetSolutionsFallback WTI] Solver <ConvHipImplicitGemmGroupBwdXdlops>, workspace required: 37548032, provided ptr: 0x752f13200000 size: 6389760
MIOpen(HIP): Warning [IsEnoughWorkspace] [GetSolutionsFallback AI] Solver <GemmFwdRest>, workspace required: 22364160, provided ptr: 0x752fe0ec0000 size: 13729792
MIOpen(HIP): Warning [IsEnoughWorkspace] [GetSolutionsFallback WTI] Solver <ConvAsmImplicitGemmGTCDynamicBwdXdlopsNHWC>, workspace required: 16424960, provided ptr: 0x752fe0ec0000 size: 15974400
MIOpen(HIP): Warning [IsEnoughWorkspace] [GetSolutionsFallback WTI] Solver <ConvHipImplicitGemmGroupBwdXdlops>, workspace required: 16424960, provided ptr: 0x752fe0ec0000 size: 15974400
MIOpen(HIP): Warning [IsEnoughWorkspace] [GetSolutionsFallback AI] Solver <GemmFwdRest>, workspace required: 55910400, provided ptr: 0x752f37c00000 size: 17809408
MIOpen(HIP): Warning [IsEnoughWorkspace] [GetSolutionsFallback AI] Solver <ConvAsmImplicitGemmGTCDynamicFwdXdlopsNHWC>, workspace required: 15974400, provided ptr: 0 size: 0
MIOpen(HIP): Warning [IsEnoughWorkspace] [GetSolutionsFallback AI] Solver <ConvHipImplicitGemmGroupFwdXdlops>, workspace required: 16236544, provided ptr: 0 size: 0
MIOpen(HIP): Warning [IsEnoughWorkspace] [GetSolutionsFallback AI] Solver <GemmFwdRest>, workspace required: 111820800, provided ptr: 0x752f3e800000 size: 32407552
MIOpen(HIP): Warning [IsEnoughWorkspace] [GetSolutionsFallback AI] Solver <ConvHipImplicitGemmGroupFwdXdlops>, workspace required: 32014336, provided ptr: 0x752f3e800000 size: 31948800
MIOpen(HIP): Warning [IsEnoughWorkspace] [GetSolutionsFallback WTI] Solver <ConvAsmImplicitGemmGTCDynamicBwdXdlopsNHWC>, workspace required: 32079872, provided ptr: 0x752f39a78000 size: 31948800
MIOpen(HIP): Warning [IsEnoughWorkspace] [GetSolutionsFallback WTI] Solver <ConvHipImplicitGemmGroupBwdXdlops>, workspace required: 32079872, provided ptr: 0x752f39a78000 size: 31948800
MIOpen(HIP): Warning [IsEnoughWorkspace] [GetSolutionsFallback AI] Solver <GemmFwdRest>, workspace required: 111820800, provided ptr: 0x752f3e800000 size: 32063488
MIOpen(HIP): Warning [IsEnoughWorkspace] [GetSolutionsFallback AI] Solver <ConvHipImplicitGemmGroupFwdXdlops>, workspace required: 31965184, provided ptr: 0x752f3e800000 size: 31948800
MIOpen(HIP): Warning [IsEnoughWorkspace] [GetSolutionsFallback AI] Solver <GemmFwdRest>, workspace required: 167731200, provided ptr: 0x752f3feda000 size: 47951872
MIOpen(HIP): Warning [IsEnoughWorkspace] [GetSolutionsFallback AI] Solver <ConvHipImplicitGemmGroupFwdXdlops>, workspace required: 47927296, provided ptr: 0x752f415b4000 size: 47923200
MIOpen(HIP): Warning [IsEnoughWorkspace] [GetSolutionsFallback AI] Solver <ConvHipImplicitGemmGroupFwdXdlops>, workspace required: 24711424, provided ptr: 0x752f392da000 size: 23962624
MIOpen(HIP): Warning [IsEnoughWorkspace] [GetSolutionsFallback AI] Solver <GemmFwdRest>, workspace required: 167731200, provided ptr: 0x752f392da000 size: 23962624
MIOpen(HIP): Warning [IsEnoughWorkspace] [GetSolutionsFallback AI] Solver <ConvHipImplicitGemmGroupFwdXdlops>, workspace required: 8256512, provided ptr: 0x752e4f280000 size: 1283072
MIOpen(HIP): Warning [IsEnoughWorkspace] [GetSolutionsFallback AI] Solver <ConvAsmImplicitGemmGTCDynamicFwdXdlopsNHWC>, workspace required: 8256512, provided ptr: 0x752e4f280000 size: 1283072
MIOpen(HIP): Warning [IsEnoughWorkspace] [GetSolutionsFallback WTI] Solver <ConvAsmImplicitGemmGTCDynamicBwdXdlopsNHWC>, workspace required: 37220352, provided ptr: 0x752f13200000 size: 5865472
MIOpen(HIP): Warning [IsEnoughWorkspace] [GetSolutionsFallback WTI] Solver <ConvHipImplicitGemmGroupBwdXdlops>, workspace required: 37220352, provided ptr: 0x752f13200000 size: 5865472
MIOpen(HIP): Warning [IsEnoughWorkspace] [GetSolutionsFallback AI] Solver <GemmFwdRest>, workspace required: 20529152, provided ptr: 0x752fe0ec0000 size: 13205504
MIOpen(HIP): Warning [IsEnoughWorkspace] [GetSolutionsFallback WTI] Solver <ConvAsmImplicitGemmGTCDynamicBwdXdlopsNHWC>, workspace required: 15507456, provided ptr: 0x752fe0ec0000 size: 14663680
MIOpen(HIP): Warning [IsEnoughWorkspace] [GetSolutionsFallback WTI] Solver <ConvHipImplicitGemmGroupBwdXdlops>, workspace required: 15507456, provided ptr: 0x752fe0ec0000 size: 14663680
MIOpen(HIP): Warning [IsEnoughWorkspace] [GetSolutionsFallback AI] Solver <GemmFwdRest>, workspace required: 51322880, provided ptr: 0x752f37c00000 size: 16498688
MIOpen(HIP): Warning [IsEnoughWorkspace] [GetSolutionsFallback AI] Solver <ConvAsmImplicitGemmGTCDynamicFwdXdlopsNHWC>, workspace required: 14663680, provided ptr: 0 size: 0
MIOpen(HIP): Warning [IsEnoughWorkspace] [GetSolutionsFallback AI] Solver <ConvHipImplicitGemmGroupFwdXdlops>, workspace required: 14925824, provided ptr: 0 size: 0
MIOpen(HIP): Warning [IsEnoughWorkspace] [GetSolutionsFallback AI] Solver <GemmFwdRest>, workspace required: 102645760, provided ptr: 0x752f389fc000 size: 29786112
MIOpen(HIP): Warning [IsEnoughWorkspace] [GetSolutionsFallback AI] Solver <ConvHipImplicitGemmGroupFwdXdlops>, workspace required: 29392896, provided ptr: 0x752f397f8000 size: 29327360
MIOpen(HIP): Warning [IsEnoughWorkspace] [GetSolutionsFallback WTI] Solver <ConvAsmImplicitGemmGTCDynamicBwdXdlopsNHWC>, workspace required: 29458432, provided ptr: 0x752f389fc000 size: 29327360
MIOpen(HIP): Warning [IsEnoughWorkspace] [GetSolutionsFallback WTI] Solver <ConvHipImplicitGemmGroupBwdXdlops>, workspace required: 29458432, provided ptr: 0x752f389fc000 size: 29327360
MIOpen(HIP): Warning [IsEnoughWorkspace] [GetSolutionsFallback AI] Solver <GemmFwdRest>, workspace required: 102645760, provided ptr: 0x752f397f8000 size: 29442048
MIOpen(HIP): Warning [IsEnoughWorkspace] [GetSolutionsFallback AI] Solver <ConvHipImplicitGemmGroupFwdXdlops>, workspace required: 29343744, provided ptr: 0x752f3a5f4000 size: 29327360
MIOpen(HIP): Warning [IsEnoughWorkspace] [GetSolutionsFallback AI] Solver <GemmFwdRest>, workspace required: 153968640, provided ptr: 0x752f3e800000 size: 44019712
MIOpen(HIP): Warning [IsEnoughWorkspace] [GetSolutionsFallback AI] Solver <ConvHipImplicitGemmGroupFwdXdlops>, workspace required: 43995136, provided ptr: 0x752f3fcfa000 size: 43991040
MIOpen(HIP): Warning [IsEnoughWorkspace] [GetSolutionsFallback AI] Solver <ConvHipImplicitGemmGroupFwdXdlops>, workspace required: 22683904, provided ptr: 0x752f37c00000 size: 21996544
MIOpen(HIP): Warning [IsEnoughWorkspace] [GetSolutionsFallback AI] Solver <GemmFwdRest>, workspace required: 153968640, provided ptr: 0x752f37c00000 size: 21996544
MIOpen(HIP): Warning [IsEnoughWorkspace] [GetSolutionsFallback AI] Solver <ConvHipImplicitGemmGroupFwdXdlops>, workspace required: 8507392, provided ptr: 0x752e4e2c0000 size: 1634304
MIOpen(HIP): Warning [IsEnoughWorkspace] [GetSolutionsFallback AI] Solver <ConvAsmImplicitGemmGTCDynamicFwdXdlopsNHWC>, workspace required: 8507392, provided ptr: 0x752e4e2c0000 size: 1634304
MIOpen(HIP): Warning [IsEnoughWorkspace] [GetSolutionsFallback WTI] Solver <ConvAsmImplicitGemmGTCDynamicBwdXdlopsNHWC>, workspace required: 38223872, provided ptr: 0x752f13200000 size: 7471104
MIOpen(HIP): Warning [IsEnoughWorkspace] [GetSolutionsFallback WTI] Solver <ConvHipImplicitGemmGroupBwdXdlops>, workspace required: 38223872, provided ptr: 0x752f13200000 size: 7471104
MIOpen(HIP): Warning [IsEnoughWorkspace] [GetSolutionsFallback AI] Solver <GemmFwdRest>, workspace required: 26148864, provided ptr: 0x752fe0ec0000 size: 14811136
MIOpen(HIP): Warning [IsEnoughWorkspace] [GetSolutionsFallback AI] Solver <GemmFwdRest>, workspace required: 65372160, provided ptr: 0x752f37c00000 size: 20512768
MIOpen(HIP): Warning [IsEnoughWorkspace] [GetSolutionsFallback AI] Solver <ConvHipImplicitGemmGroupFwdXdlops>, workspace required: 18939904, provided ptr: 0x752f384e8000 size: 18677760
MIOpen(HIP): Warning [IsEnoughWorkspace] [GetSolutionsFallback AI] Solver <GemmFwdRest>, workspace required: 130744320, provided ptr: 0x752f3e800000 size: 37814272
MIOpen(HIP): Warning [IsEnoughWorkspace] [GetSolutionsFallback AI] Solver <ConvHipImplicitGemmGroupFwdXdlops>, workspace required: 37421056, provided ptr: 0x752f3e800000 size: 37355520
MIOpen(HIP): Warning [IsEnoughWorkspace] [GetSolutionsFallback WTI] Solver <ConvAsmImplicitGemmGTCDynamicBwdXdlopsNHWC>, workspace required: 37486592, provided ptr: 0x752f39fa0000 size: 37355520
MIOpen(HIP): Warning [IsEnoughWorkspace] [GetSolutionsFallback WTI] Solver <ConvHipImplicitGemmGroupBwdXdlops>, workspace required: 37486592, provided ptr: 0x752f39fa0000 size: 37355520
MIOpen(HIP): Warning [IsEnoughWorkspace] [GetSolutionsFallback AI] Solver <GemmFwdRest>, workspace required: 130744320, provided ptr: 0x752f3e800000 size: 37470208
MIOpen(HIP): Warning [IsEnoughWorkspace] [GetSolutionsFallback AI] Solver <ConvHipImplicitGemmGroupFwdXdlops>, workspace required: 37371904, provided ptr: 0x752f3e800000 size: 37355520
MIOpen(HIP): Warning [IsEnoughWorkspace] [GetSolutionsFallback AI] Solver <GemmFwdRest>, workspace required: 196116480, provided ptr: 0x752f402b8000 size: 56061952
MIOpen(HIP): Warning [IsEnoughWorkspace] [GetSolutionsFallback AI] Solver <ConvHipImplicitGemmGroupFwdXdlops>, workspace required: 56037376, provided ptr: 0x752f41d70000 size: 56033280
MIOpen(HIP): Warning [IsEnoughWorkspace] [GetSolutionsFallback AI] Solver <ConvHipImplicitGemmGroupFwdXdlops>, workspace required: 28893184, provided ptr: 0x752f396b8000 size: 28017664
MIOpen(HIP): Warning [IsEnoughWorkspace] [GetSolutionsFallback AI] Solver <GemmFwdRest>, workspace required: 196116480, provided ptr: 0x752f396b8000 size: 28017664
MIOpen(HIP): Warning [IsEnoughWorkspace] [GetSolutionsFallback AI] Solver <ConvHipImplicitGemmGroupFwdXdlops>, workspace required: 8123392, provided ptr: 0x752e4f280000 size: 1096704
MIOpen(HIP): Warning [IsEnoughWorkspace] [GetSolutionsFallback AI] Solver <ConvAsmImplicitGemmGTCDynamicFwdXdlopsNHWC>, workspace required: 8123392, provided ptr: 0x752e4f280000 size: 1096704
MIOpen(HIP): Warning [IsEnoughWorkspace] [GetSolutionsFallback WTI] Solver <ConvAsmImplicitGemmGTCDynamicBwdXdlopsNHWC>, workspace required: 36687872, provided ptr: 0x752e51a00000 size: 5013504
MIOpen(HIP): Warning [IsEnoughWorkspace] [GetSolutionsFallback WTI] Solver <ConvHipImplicitGemmGroupBwdXdlops>, workspace required: 36687872, provided ptr: 0x752e51a00000 size: 5013504
MIOpen(HIP): Warning [IsEnoughWorkspace] [GetSolutionsFallback AI] Solver <GemmFwdRest>, workspace required: 17547264, provided ptr: 0x752f13200000 size: 12353536
MIOpen(HIP): Warning [IsEnoughWorkspace] [GetSolutionsFallback WTI] Solver <ConvAsmImplicitGemmGTCDynamicBwdXdlopsNHWC>, workspace required: 14016512, provided ptr: 0x752fe0ec0000 size: 12533760
MIOpen(HIP): Warning [IsEnoughWorkspace] [GetSolutionsFallback WTI] Solver <ConvHipImplicitGemmGroupBwdXdlops>, workspace required: 14016512, provided ptr: 0x752fe0ec0000 size: 12533760
MIOpen(HIP): Warning [IsEnoughWorkspace] [GetSolutionsFallback AI] Solver <GemmFwdRest>, workspace required: 43868160, provided ptr: 0x752fe14ba000 size: 14368768
MIOpen(HIP): Warning [IsEnoughWorkspace] [GetSolutionsFallback AI] Solver <ConvHipImplicitGemmGroupFwdXdlops>, workspace required: 12795904, provided ptr: 0x752f37c00000 size: 12533760
MIOpen(HIP): Warning [IsEnoughWorkspace] [GetSolutionsFallback AI] Solver <GemmFwdRest>, workspace required: 87736320, provided ptr: 0x752f393e8000 size: 25526272
MIOpen(HIP): Warning [IsEnoughWorkspace] [GetSolutionsFallback AI] Solver <ConvHipImplicitGemmGroupFwdXdlops>, workspace required: 25133056, provided ptr: 0x752f39fdc000 size: 25067520
MIOpen(HIP): Warning [IsEnoughWorkspace] [GetSolutionsFallback WTI] Solver <ConvAsmImplicitGemmGTCDynamicBwdXdlopsNHWC>, workspace required: 25198592, provided ptr: 0x752f387f4000 size: 25067520
MIOpen(HIP): Warning [IsEnoughWorkspace] [GetSolutionsFallback WTI] Solver <ConvHipImplicitGemmGroupBwdXdlops>, workspace required: 25198592, provided ptr: 0x752f387f4000 size: 25067520
MIOpen(HIP): Warning [IsEnoughWorkspace] [GetSolutionsFallback AI] Solver <GemmFwdRest>, workspace required: 87736320, provided ptr: 0x752f393e8000 size: 25182208
MIOpen(HIP): Warning [IsEnoughWorkspace] [GetSolutionsFallback AI] Solver <ConvHipImplicitGemmGroupFwdXdlops>, workspace required: 25083904, provided ptr: 0x752f39fdc000 size: 25067520
MIOpen(HIP): Warning [IsEnoughWorkspace] [GetSolutionsFallback AI] Solver <GemmFwdRest>, workspace required: 131604480, provided ptr: 0x752f3e800000 size: 37629952
MIOpen(HIP): Warning [IsEnoughWorkspace] [GetSolutionsFallback AI] Solver <ConvHipImplicitGemmGroupFwdXdlops>, workspace required: 37605376, provided ptr: 0x752f3f9ee000 size: 37601280
MIOpen(HIP): Warning [IsEnoughWorkspace] [GetSolutionsFallback AI] Solver <ConvHipImplicitGemmGroupFwdXdlops>, workspace required: 19389184, provided ptr: 0x752f37c00000 size: 18801664
MIOpen(HIP): Warning [IsEnoughWorkspace] [GetSolutionsFallback AI] Solver <GemmFwdRest>, workspace required: 131604480, provided ptr: 0x752f37c00000 size: 18801664
MIOpen(HIP): Warning [IsEnoughWorkspace] [GetSolutionsFallback AI] Solver <ConvHipImplicitGemmGroupFwdXdlops>, workspace required: 8000512, provided ptr: 0x752eb7800000 size: 924672
MIOpen(HIP): Warning [IsEnoughWorkspace] [GetSolutionsFallback AI] Solver <ConvAsmImplicitGemmGTCDynamicFwdXdlopsNHWC>, workspace required: 8000512, provided ptr: 0x752eb7800000 size: 924672
MIOpen(HIP): Warning [IsEnoughWorkspace] [GetSolutionsFallback WTI] Solver <ConvAsmImplicitGemmGTCDynamicBwdXdlopsNHWC>, workspace required: 36196352, provided ptr: 0x752e51a00000 size: 4227072
MIOpen(HIP): Warning [IsEnoughWorkspace] [GetSolutionsFallback WTI] Solver <ConvHipImplicitGemmGroupBwdXdlops>, workspace required: 36196352, provided ptr: 0x752e51a00000 size: 4227072
MIOpen(HIP): Warning [IsEnoughWorkspace] [GetSolutionsFallback AI] Solver <GemmFwdRest>, workspace required: 14794752, provided ptr: 0x752f13200000 size: 11567104
MIOpen(HIP): Warning [IsEnoughWorkspace] [GetSolutionsFallback WTI] Solver <ConvAsmImplicitGemmGTCDynamicBwdXdlopsNHWC>, workspace required: 12640256, provided ptr: 0x752fe0ec0000 size: 10567680
MIOpen(HIP): Warning [IsEnoughWorkspace] [GetSolutionsFallback WTI] Solver <ConvHipImplicitGemmGroupBwdXdlops>, workspace required: 12640256, provided ptr: 0x752fe0ec0000 size: 10567680
MIOpen(HIP): Warning [IsEnoughWorkspace] [GetSolutionsFallback AI] Solver <GemmFwdRest>, workspace required: 36986880, provided ptr: 0x752fe13ca000 size: 12402688
MIOpen(HIP): Warning [IsEnoughWorkspace] [GetSolutionsFallback AI] Solver <ConvHipImplicitGemmGroupFwdXdlops>, workspace required: 10829824, provided ptr: 0x752fe18d4000 size: 10567680
MIOpen(HIP): Warning [IsEnoughWorkspace] [GetSolutionsFallback AI] Solver <GemmFwdRest>, workspace required: 73973760, provided ptr: 0x752f38614000 size: 21594112
MIOpen(HIP): Warning [IsEnoughWorkspace] [GetSolutionsFallback AI] Solver <ConvHipImplicitGemmGroupFwdXdlops>, workspace required: 21200896, provided ptr: 0x752f39028000 size: 21135360
MIOpen(HIP): Warning [IsEnoughWorkspace] [GetSolutionsFallback WTI] Solver <ConvAsmImplicitGemmGTCDynamicBwdXdlopsNHWC>, workspace required: 21266432, provided ptr: 0x752f38614000 size: 21135360
MIOpen(HIP): Warning [IsEnoughWorkspace] [GetSolutionsFallback WTI] Solver <ConvHipImplicitGemmGroupBwdXdlops>, workspace required: 21266432, provided ptr: 0x752f38614000 size: 21135360
MIOpen(HIP): Warning [IsEnoughWorkspace] [GetSolutionsFallback AI] Solver <GemmFwdRest>, workspace required: 73973760, provided ptr: 0x752f38614000 size: 21250048
MIOpen(HIP): Warning [IsEnoughWorkspace] [GetSolutionsFallback AI] Solver <ConvHipImplicitGemmGroupFwdXdlops>, workspace required: 21151744, provided ptr: 0x752f39028000 size: 21135360
MIOpen(HIP): Warning [IsEnoughWorkspace] [GetSolutionsFallback AI] Solver <GemmFwdRest>, workspace required: 110960640, provided ptr: 0x752f3a95a000 size: 31731712
MIOpen(HIP): Warning [IsEnoughWorkspace] [GetSolutionsFallback AI] Solver <ConvHipImplicitGemmGroupFwdXdlops>, workspace required: 31707136, provided ptr: 0x752f3e800000 size: 31703040
MIOpen(HIP): Warning [IsEnoughWorkspace] [GetSolutionsFallback AI] Solver <ConvHipImplicitGemmGroupFwdXdlops>, workspace required: 16347904, provided ptr: 0x752f37c00000 size: 15852544
MIOpen(HIP): Warning [IsEnoughWorkspace] [GetSolutionsFallback AI] Solver <GemmFwdRest>, workspace required: 110960640, provided ptr: 0x752f37c00000 size: 15852544
MIOpen(HIP): Warning [IsEnoughWorkspace] [GetSolutionsFallback AI] Solver <ConvHipImplicitGemmGroupFwdXdlops>, workspace required: 8753152, provided ptr: 0x752e4e2c0000 size: 1978368
MIOpen(HIP): Warning [IsEnoughWorkspace] [GetSolutionsFallback AI] Solver <ConvAsmImplicitGemmGTCDynamicFwdXdlopsNHWC>, workspace required: 8753152, provided ptr: 0x752e4e2c0000 size: 1978368
MIOpen(HIP): Warning [IsEnoughWorkspace] [GetSolutionsFallback WTI] Solver <ConvAsmImplicitGemmGTCDynamicBwdXdlopsNHWC>, workspace required: 39206912, provided ptr: 0x752f13200000 size: 9043968
MIOpen(HIP): Warning [IsEnoughWorkspace] [GetSolutionsFallback WTI] Solver <ConvHipImplicitGemmGroupBwdXdlops>, workspace required: 39206912, provided ptr: 0x752f13200000 size: 9043968
MIOpen(HIP): Warning [IsEnoughWorkspace] [GetSolutionsFallback AI] Solver <GemmFwdRest>, workspace required: 31653888, provided ptr: 0x752fe0ec0000 size: 16384000
MIOpen(HIP): Warning [IsEnoughWorkspace] [GetSolutionsFallback AI] Solver <GemmFwdRest>, workspace required: 79134720, provided ptr: 0x752f39190000 size: 24444928
MIOpen(HIP): Warning [IsEnoughWorkspace] [GetSolutionsFallback AI] Solver <ConvHipImplicitGemmGroupFwdXdlops>, workspace required: 22872064, provided ptr: 0x752f39c58000 size: 22609920
MIOpen(HIP): Warning [IsEnoughWorkspace] [GetSolutionsFallback AI] Solver <GemmFwdRest>, workspace required: 158269440, provided ptr: 0x752f3e800000 size: 45678592
MIOpen(HIP): Warning [IsEnoughWorkspace] [GetSolutionsFallback AI] Solver <ConvHipImplicitGemmGroupFwdXdlops>, workspace required: 45285376, provided ptr: 0x752f3fd90000 size: 45219840
MIOpen(HIP): Warning [IsEnoughWorkspace] [GetSolutionsFallback WTI] Solver <ConvAsmImplicitGemmGTCDynamicBwdXdlopsNHWC>, workspace required: 45350912, provided ptr: 0x752f3e800000 size: 45219840
MIOpen(HIP): Warning [IsEnoughWorkspace] [GetSolutionsFallback WTI] Solver <ConvHipImplicitGemmGroupBwdXdlops>, workspace required: 45350912, provided ptr: 0x752f3e800000 size: 45219840
MIOpen(HIP): Warning [IsEnoughWorkspace] [GetSolutionsFallback AI] Solver <GemmFwdRest>, workspace required: 158269440, provided ptr: 0x752f3fd90000 size: 45334528
MIOpen(HIP): Warning [IsEnoughWorkspace] [GetSolutionsFallback AI] Solver <ConvHipImplicitGemmGroupFwdXdlops>, workspace required: 45236224, provided ptr: 0x752f41320000 size: 45219840
MIOpen(HIP): Warning [IsEnoughWorkspace] [GetSolutionsFallback AI] Solver <GemmFwdRest>, workspace required: 237404160, provided ptr: 0x752f43e40000 size: 67858432
MIOpen(HIP): Warning [IsEnoughWorkspace] [GetSolutionsFallback AI] Solver <ConvHipImplicitGemmGroupFwdXdlops>, workspace required: 67833856, provided ptr: 0x752f45e98000 size: 67829760
MIOpen(HIP): Warning [IsEnoughWorkspace] [GetSolutionsFallback AI] Solver <ConvHipImplicitGemmGroupFwdXdlops>, workspace required: 34975744, provided ptr: 0x752f39c58000 size: 33915904
MIOpen(HIP): Warning [IsEnoughWorkspace] [GetSolutionsFallback AI] Solver <GemmFwdRest>, workspace required: 237404160, provided ptr: 0x752f39c58000 size: 33915904
MIOpen(HIP): Warning [IsEnoughWorkspace] [GetSolutionsFallback AI] Solver <ConvHipImplicitGemmGroupFwdXdlops>, workspace required: 8717312, provided ptr: 0x752e4e2c0000 size: 1928192
MIOpen(HIP): Warning [IsEnoughWorkspace] [GetSolutionsFallback AI] Solver <ConvAsmImplicitGemmGTCDynamicFwdXdlopsNHWC>, workspace required: 8717312, provided ptr: 0x752e4e2c0000 size: 1928192
MIOpen(HIP): Warning [IsEnoughWorkspace] [GetSolutionsFallback WTI] Solver <ConvAsmImplicitGemmGTCDynamicBwdXdlopsNHWC>, workspace required: 39063552, provided ptr: 0x752f13200000 size: 8814592
MIOpen(HIP): Warning [IsEnoughWorkspace] [GetSolutionsFallback WTI] Solver <ConvHipImplicitGemmGroupBwdXdlops>, workspace required: 39063552, provided ptr: 0x752f13200000 size: 8814592
MIOpen(HIP): Warning [IsEnoughWorkspace] [GetSolutionsFallback AI] Solver <GemmFwdRest>, workspace required: 30851072, provided ptr: 0x752fe0ec0000 size: 16154624
MIOpen(HIP): Warning [IsEnoughWorkspace] [GetSolutionsFallback AI] Solver <GemmFwdRest>, workspace required: 77127680, provided ptr: 0x752f38682000 size: 23871488
MIOpen(HIP): Warning [IsEnoughWorkspace] [GetSolutionsFallback AI] Solver <ConvHipImplicitGemmGroupFwdXdlops>, workspace required: 22298624, provided ptr: 0x752f39104000 size: 22036480
MIOpen(HIP): Warning [IsEnoughWorkspace] [GetSolutionsFallback AI] Solver <GemmFwdRest>, workspace required: 154255360, provided ptr: 0x752f3e800000 size: 44531712
MIOpen(HIP): Warning [IsEnoughWorkspace] [GetSolutionsFallback AI] Solver <ConvHipImplicitGemmGroupFwdXdlops>, workspace required: 44138496, provided ptr: 0x752f3e800000 size: 44072960
MIOpen(HIP): Warning [IsEnoughWorkspace] [GetSolutionsFallback WTI] Solver <ConvAsmImplicitGemmGTCDynamicBwdXdlopsNHWC>, workspace required: 44204032, provided ptr: 0x752f3e800000 size: 44072960
MIOpen(HIP): Warning [IsEnoughWorkspace] [GetSolutionsFallback WTI] Solver <ConvHipImplicitGemmGroupBwdXdlops>, workspace required: 44204032, provided ptr: 0x752f3e800000 size: 44072960
MIOpen(HIP): Warning [IsEnoughWorkspace] [GetSolutionsFallback AI] Solver <GemmFwdRest>, workspace required: 154255360, provided ptr: 0x752f3e800000 size: 44187648
MIOpen(HIP): Warning [IsEnoughWorkspace] [GetSolutionsFallback AI] Solver <ConvHipImplicitGemmGroupFwdXdlops>, workspace required: 44089344, provided ptr: 0x752f3fd04000 size: 44072960
MIOpen(HIP): Warning [IsEnoughWorkspace] [GetSolutionsFallback AI] Solver <GemmFwdRest>, workspace required: 231383040, provided ptr: 0x752f4270c000 size: 66138112
MIOpen(HIP): Warning [IsEnoughWorkspace] [GetSolutionsFallback AI] Solver <ConvHipImplicitGemmGroupFwdXdlops>, workspace required: 66113536, provided ptr: 0x752f44692000 size: 66109440
MIOpen(HIP): Warning [IsEnoughWorkspace] [GetSolutionsFallback AI] Solver <ConvHipImplicitGemmGroupFwdXdlops>, workspace required: 34088704, provided ptr: 0x752f39b86000 size: 33055744
MIOpen(HIP): Warning [IsEnoughWorkspace] [GetSolutionsFallback AI] Solver <GemmFwdRest>, workspace required: 231383040, provided ptr: 0x752f39b86000 size: 33055744
MIOpen(HIP): Warning [IsEnoughWorkspace] [GetSolutionsFallback AI] Solver <ConvHipImplicitGemmGroupFwdXdlops>, workspace required: 8492032, provided ptr: 0x752e4e2c0000 size: 1612800
MIOpen(HIP): Warning [IsEnoughWorkspace] [GetSolutionsFallback AI] Solver <ConvAsmImplicitGemmGTCDynamicFwdXdlopsNHWC>, workspace required: 8492032, provided ptr: 0x752e4e2c0000 size: 1612800
MIOpen(HIP): Warning [IsEnoughWorkspace] [GetSolutionsFallback WTI] Solver <ConvAsmImplicitGemmGTCDynamicBwdXdlopsNHWC>, workspace required: 38162432, provided ptr: 0x752f13200000 size: 7372800
MIOpen(HIP): Warning [IsEnoughWorkspace] [GetSolutionsFallback WTI] Solver <ConvHipImplicitGemmGroupBwdXdlops>, workspace required: 38162432, provided ptr: 0x752f13200000 size: 7372800
MIOpen(HIP): Warning [IsEnoughWorkspace] [GetSolutionsFallback AI] Solver <GemmFwdRest>, workspace required: 25804800, provided ptr: 0x752fe0ec0000 size: 14712832
MIOpen(HIP): Warning [IsEnoughWorkspace] [GetSolutionsFallback AI] Solver <GemmFwdRest>, workspace required: 64512000, provided ptr: 0x752f37c00000 size: 20267008
MIOpen(HIP): Warning [IsEnoughWorkspace] [GetSolutionsFallback AI] Solver <ConvHipImplicitGemmGroupFwdXdlops>, workspace required: 18694144, provided ptr: 0x752f384ca000 size: 18432000
MIOpen(HIP): Warning [IsEnoughWorkspace] [GetSolutionsFallback AI] Solver <GemmFwdRest>, workspace required: 129024000, provided ptr: 0x752f3e800000 size: 37322752
MIOpen(HIP): Warning [IsEnoughWorkspace] [GetSolutionsFallback AI] Solver <ConvHipImplicitGemmGroupFwdXdlops>, workspace required: 36929536, provided ptr: 0x752f3e800000 size: 36864000
MIOpen(HIP): Warning [IsEnoughWorkspace] [GetSolutionsFallback WTI] Solver <ConvAsmImplicitGemmGTCDynamicBwdXdlopsNHWC>, workspace required: 36995072, provided ptr: 0x752f39f28000 size: 36864000
MIOpen(HIP): Warning [IsEnoughWorkspace] [GetSolutionsFallback WTI] Solver <ConvHipImplicitGemmGroupBwdXdlops>, workspace required: 36995072, provided ptr: 0x752f39f28000 size: 36864000
MIOpen(HIP): Warning [IsEnoughWorkspace] [GetSolutionsFallback AI] Solver <GemmFwdRest>, workspace required: 129024000, provided ptr: 0x752f3e800000 size: 36978688
MIOpen(HIP): Warning [IsEnoughWorkspace] [GetSolutionsFallback AI] Solver <ConvHipImplicitGemmGroupFwdXdlops>, workspace required: 36880384, provided ptr: 0x752f3e800000 size: 36864000
MIOpen(HIP): Warning [IsEnoughWorkspace] [GetSolutionsFallback AI] Solver <GemmFwdRest>, workspace required: 193536000, provided ptr: 0x752f4025e000 size: 55324672
MIOpen(HIP): Warning [IsEnoughWorkspace] [GetSolutionsFallback AI] Solver <ConvHipImplicitGemmGroupFwdXdlops>, workspace required: 55300096, provided ptr: 0x752f41cbc000 size: 55296000
MIOpen(HIP): Warning [IsEnoughWorkspace] [GetSolutionsFallback AI] Solver <ConvHipImplicitGemmGroupFwdXdlops>, workspace required: 28513024, provided ptr: 0x752f3965e000 size: 27649024
MIOpen(HIP): Warning [IsEnoughWorkspace] [GetSolutionsFallback AI] Solver <GemmFwdRest>, workspace required: 193536000, provided ptr: 0x752f3965e000 size: 27649024
MIOpen(HIP): Warning [IsEnoughWorkspace] [GetSolutionsFallback AI] Solver <ConvHipImplicitGemmGroupFwdXdlops>, workspace required: 8174592, provided ptr: 0x752e4f280000 size: 1168384
MIOpen(HIP): Warning [IsEnoughWorkspace] [GetSolutionsFallback AI] Solver <ConvAsmImplicitGemmGTCDynamicFwdXdlopsNHWC>, workspace required: 8174592, provided ptr: 0x752e4f280000 size: 1168384
MIOpen(HIP): Warning [IsEnoughWorkspace] [GetSolutionsFallback WTI] Solver <ConvAsmImplicitGemmGTCDynamicBwdXdlopsNHWC>, workspace required: 36892672, provided ptr: 0x752f13200000 size: 5341184
MIOpen(HIP): Warning [IsEnoughWorkspace] [GetSolutionsFallback WTI] Solver <ConvHipImplicitGemmGroupBwdXdlops>, workspace required: 36892672, provided ptr: 0x752f13200000 size: 5341184
MIOpen(HIP): Warning [IsEnoughWorkspace] [GetSolutionsFallback AI] Solver <GemmFwdRest>, workspace required: 18694144, provided ptr: 0x752fe0ec0000 size: 12681216
MIOpen(HIP): Warning [IsEnoughWorkspace] [GetSolutionsFallback WTI] Solver <ConvAsmImplicitGemmGTCDynamicBwdXdlopsNHWC>, workspace required: 14589952, provided ptr: 0x752fe0ec0000 size: 13352960
MIOpen(HIP): Warning [IsEnoughWorkspace] [GetSolutionsFallback WTI] Solver <ConvHipImplicitGemmGroupBwdXdlops>, workspace required: 14589952, provided ptr: 0x752fe0ec0000 size: 13352960
MIOpen(HIP): Warning [IsEnoughWorkspace] [GetSolutionsFallback AI] Solver <GemmFwdRest>, workspace required: 46735360, provided ptr: 0x752f37c00000 size: 15187968
MIOpen(HIP): Warning [IsEnoughWorkspace] [GetSolutionsFallback AI] Solver <ConvAsmImplicitGemmGTCDynamicFwdXdlopsNHWC>, workspace required: 13352960, provided ptr: 0 size: 0
MIOpen(HIP): Warning [IsEnoughWorkspace] [GetSolutionsFallback AI] Solver <ConvHipImplicitGemmGroupFwdXdlops>, workspace required: 13615104, provided ptr: 0 size: 0
MIOpen(HIP): Warning [IsEnoughWorkspace] [GetSolutionsFallback AI] Solver <GemmFwdRest>, workspace required: 93470720, provided ptr: 0x752f388bc000 size: 27164672
MIOpen(HIP): Warning [IsEnoughWorkspace] [GetSolutionsFallback AI] Solver <ConvHipImplicitGemmGroupFwdXdlops>, workspace required: 26771456, provided ptr: 0x752f39578000 size: 26705920
MIOpen(HIP): Warning [IsEnoughWorkspace] [GetSolutionsFallback WTI] Solver <ConvAsmImplicitGemmGTCDynamicBwdXdlopsNHWC>, workspace required: 26836992, provided ptr: 0x752f388bc000 size: 26705920
MIOpen(HIP): Warning [IsEnoughWorkspace] [GetSolutionsFallback WTI] Solver <ConvHipImplicitGemmGroupBwdXdlops>, workspace required: 26836992, provided ptr: 0x752f388bc000 size: 26705920
MIOpen(HIP): Warning [IsEnoughWorkspace] [GetSolutionsFallback AI] Solver <GemmFwdRest>, workspace required: 93470720, provided ptr: 0x752f39578000 size: 26820608
MIOpen(HIP): Warning [IsEnoughWorkspace] [GetSolutionsFallback AI] Solver <ConvHipImplicitGemmGroupFwdXdlops>, workspace required: 26722304, provided ptr: 0x752f3a234000 size: 26705920
MIOpen(HIP): Warning [IsEnoughWorkspace] [GetSolutionsFallback AI] Solver <GemmFwdRest>, workspace required: 140206080, provided ptr: 0x752f3e800000 size: 40087552
MIOpen(HIP): Warning [IsEnoughWorkspace] [GetSolutionsFallback AI] Solver <ConvHipImplicitGemmGroupFwdXdlops>, workspace required: 40062976, provided ptr: 0x752f3fb1a000 size: 40058880
MIOpen(HIP): Warning [IsEnoughWorkspace] [GetSolutionsFallback AI] Solver <ConvHipImplicitGemmGroupFwdXdlops>, workspace required: 20656384, provided ptr: 0x752f37c00000 size: 20030464
MIOpen(HIP): Warning [IsEnoughWorkspace] [GetSolutionsFallback AI] Solver <GemmFwdRest>, workspace required: 140206080, provided ptr: 0x752f37c00000 size: 20030464
MIOpen(HIP): Warning [IsEnoughWorkspace] [GetSolutionsFallback AI] Solver <ConvHipImplicitGemmGroupFwdXdlops>, workspace required: 8829952, provided ptr: 0x752e4e2c0000 size: 2085888
MIOpen(HIP): Warning [IsEnoughWorkspace] [GetSolutionsFallback AI] Solver <ConvAsmImplicitGemmGTCDynamicFwdXdlopsNHWC>, workspace required: 8829952, provided ptr: 0x752e4e2c0000 size: 2085888
MIOpen(HIP): Warning [IsEnoughWorkspace] [GetSolutionsFallback WTI] Solver <ConvAsmImplicitGemmGTCDynamicBwdXdlopsNHWC>, workspace required: 39514112, provided ptr: 0x752f13200000 size: 9535488
MIOpen(HIP): Warning [IsEnoughWorkspace] [GetSolutionsFallback WTI] Solver <ConvHipImplicitGemmGroupBwdXdlops>, workspace required: 39514112, provided ptr: 0x752f13200000 size: 9535488
MIOpen(HIP): Warning [IsEnoughWorkspace] [GetSolutionsFallback AI] Solver <GemmFwdRest>, workspace required: 33374208, provided ptr: 0x752fe0ec0000 size: 16875520
MIOpen(HIP): Warning [IsEnoughWorkspace] [GetSolutionsFallback AI] Solver <GemmFwdRest>, workspace required: 83435520, provided ptr: 0x752f392bc000 size: 25673728
MIOpen(HIP): Warning [IsEnoughWorkspace] [GetSolutionsFallback AI] Solver <ConvHipImplicitGemmGroupFwdXdlops>, workspace required: 24100864, provided ptr: 0x752f39e1a000 size: 23838720
MIOpen(HIP): Warning [IsEnoughWorkspace] [GetSolutionsFallback AI] Solver <GemmFwdRest>, workspace required: 166871040, provided ptr: 0x752f3febc000 size: 48136192
MIOpen(HIP): Warning [IsEnoughWorkspace] [GetSolutionsFallback AI] Solver <ConvHipImplicitGemmGroupFwdXdlops>, workspace required: 47742976, provided ptr: 0x752f41578000 size: 47677440
MIOpen(HIP): Warning [IsEnoughWorkspace] [GetSolutionsFallback WTI] Solver <ConvAsmImplicitGemmGTCDynamicBwdXdlopsNHWC>, workspace required: 47808512, provided ptr: 0x752f3febc000 size: 47677440
MIOpen(HIP): Warning [IsEnoughWorkspace] [GetSolutionsFallback WTI] Solver <ConvHipImplicitGemmGroupBwdXdlops>, workspace required: 47808512, provided ptr: 0x752f3febc000 size: 47677440
MIOpen(HIP): Warning [IsEnoughWorkspace] [GetSolutionsFallback AI] Solver <GemmFwdRest>, workspace required: 166871040, provided ptr: 0x752f3febc000 size: 47792128
MIOpen(HIP): Warning [IsEnoughWorkspace] [GetSolutionsFallback AI] Solver <ConvHipImplicitGemmGroupFwdXdlops>, workspace required: 47693824, provided ptr: 0x752f41578000 size: 47677440
MIOpen(HIP): Warning [IsEnoughWorkspace] [GetSolutionsFallback AI] Solver <GemmFwdRest>, workspace required: 250306560, provided ptr: 0x752f42c34000 size: 71544832
MIOpen(HIP): Warning [IsEnoughWorkspace] [GetSolutionsFallback AI] Solver <ConvHipImplicitGemmGroupFwdXdlops>, workspace required: 71520256, provided ptr: 0x752f44e4e000 size: 71516160
MIOpen(HIP): Warning [IsEnoughWorkspace] [GetSolutionsFallback AI] Solver <ConvHipImplicitGemmGroupFwdXdlops>, workspace required: 36876544, provided ptr: 0x752f37c00000 size: 35759104
MIOpen(HIP): Warning [IsEnoughWorkspace] [GetSolutionsFallback AI] Solver <GemmFwdRest>, workspace required: 250306560, provided ptr: 0x752f37c00000 size: 35759104
MIOpen(HIP): Warning [IsEnoughWorkspace] [GetSolutionsFallback AI] Solver <ConvHipImplicitGemmGroupFwdXdlops>, workspace required: 7780352, provided ptr: 0x752f6f50a000 size: 616448
MIOpen(HIP): Warning [IsEnoughWorkspace] [GetSolutionsFallback AI] Solver <ConvAsmImplicitGemmGTCDynamicFwdXdlopsNHWC>, workspace required: 7780352, provided ptr: 0x752f6f50a000 size: 616448
MIOpen(HIP): Warning [IsEnoughWorkspace] [GetSolutionsFallback WTI] Solver <ConvAsmImplicitGemmGTCDynamicBwdXdlopsNHWC>, workspace required: 35315712, provided ptr: 0x752e4e2c0000 size: 2818048
MIOpen(HIP): Warning [IsEnoughWorkspace] [GetSolutionsFallback WTI] Solver <ConvHipImplicitGemmGroupBwdXdlops>, workspace required: 35315712, provided ptr: 0x752e4e2c0000 size: 2818048
MIOpen(HIP): Warning [IsEnoughWorkspace] [GetSolutionsFallback AI] Solver <ConvAsmImplicitGemmGTCDynamicFwdXdlopsNHWC>, workspace required: 10158080, provided ptr: 0x752f13200000 size: 9863168
MIOpen(HIP): Warning [IsEnoughWorkspace] [GetSolutionsFallback AI] Solver <ConvHipImplicitGemmGroupFwdXdlops>, workspace required: 10158080, provided ptr: 0x752f13200000 size: 9863168
MIOpen(HIP): Warning [IsEnoughWorkspace] [GetSolutionsFallback WTI] Solver <ConvAsmImplicitGemmGTCDynamicFwdXdlopsNHWC>, workspace required: 10158080, provided ptr: 0x752f13200000 size: 9863168
MIOpen(HIP): Warning [IsEnoughWorkspace] [GetSolutionsFallback WTI] Solver <ConvHipImplicitGemmGroupFwdXdlops>, workspace required: 10158080, provided ptr: 0x752f13200000 size: 9863168
MIOpen(HIP): Warning [IsEnoughWorkspace] [GetSolutionsFallback WTI] Solver <ConvAsmImplicitGemmGTCDynamicFwdXdlopsNHWC>, workspace required: 10158080, provided ptr: 0x752f13200000 size: 9863168
MIOpen(HIP): Warning [IsEnoughWorkspace] [GetSolutionsFallback WTI] Solver <ConvHipImplicitGemmGroupFwdXdlops>, workspace required: 10158080, provided ptr: 0x752f13200000 size: 9863168
MIOpen(HIP): Warning [IsEnoughWorkspace] [GetSolutionsFallback WTI] Solver <ConvAsmImplicitGemmGTCDynamicBwdXdlopsNHWC>, workspace required: 10174464, provided ptr: 0x752f13200000 size: 7045120
MIOpen(HIP): Warning [IsEnoughWorkspace] [GetSolutionsFallback WTI] Solver <ConvHipImplicitGemmGroupBwdXdlops>, workspace required: 10174464, provided ptr: 0x752f13200000 size: 7045120
MIOpen(HIP): Warning [IsEnoughWorkspace] [GetSolutionsFallback AI] Solver <GemmFwdRest>, workspace required: 24657920, provided ptr: 0x752fe0ec0000 size: 8880128
MIOpen(HIP): Warning [IsEnoughWorkspace] [GetSolutionsFallback AI] Solver <ConvHipImplicitGemmGroupFwdXdlops>, workspace required: 7307264, provided ptr: 0x752fe0ec0000 size: 7045120
MIOpen(HIP): Warning [IsEnoughWorkspace] [GetSolutionsFallback AI] Solver <GemmFwdRest>, workspace required: 49315840, provided ptr: 0x752f37c00000 size: 14548992
MIOpen(HIP): Warning [IsEnoughWorkspace] [GetSolutionsFallback AI] Solver <ConvHipImplicitGemmGroupFwdXdlops>, workspace required: 14155776, provided ptr: 0x752f37c00000 size: 14090240
MIOpen(HIP): Warning [IsEnoughWorkspace] [GetSolutionsFallback WTI] Solver <ConvAsmImplicitGemmGTCDynamicBwdXdlopsNHWC>, workspace required: 14221312, provided ptr: 0x752fe1578000 size: 14090240
MIOpen(HIP): Warning [IsEnoughWorkspace] [GetSolutionsFallback WTI] Solver <ConvHipImplicitGemmGroupBwdXdlops>, workspace required: 14221312, provided ptr: 0x752fe1578000 size: 14090240
MIOpen(HIP): Warning [IsEnoughWorkspace] [GetSolutionsFallback AI] Solver <GemmFwdRest>, workspace required: 49315840, provided ptr: 0x752f37c00000 size: 14204928
MIOpen(HIP): Warning [IsEnoughWorkspace] [GetSolutionsFallback AI] Solver <ConvHipImplicitGemmGroupFwdXdlops>, workspace required: 14106624, provided ptr: 0x752f37c00000 size: 14090240
MIOpen(HIP): Warning [IsEnoughWorkspace] [GetSolutionsFallback AI] Solver <GemmFwdRest>, workspace required: 73973760, provided ptr: 0x752f39028000 size: 21164032
MIOpen(HIP): Warning [IsEnoughWorkspace] [GetSolutionsFallback AI] Solver <ConvHipImplicitGemmGroupFwdXdlops>, workspace required: 21139456, provided ptr: 0x752f39a3c000 size: 21135360
MIOpen(HIP): Warning [IsEnoughWorkspace] [GetSolutionsFallback AI] Solver <ConvHipImplicitGemmGroupFwdXdlops>, workspace required: 10898944, provided ptr: 0x752f13200000 size: 10568704
MIOpen(HIP): Warning [IsEnoughWorkspace] [GetSolutionsFallback AI] Solver <GemmFwdRest>, workspace required: 73973760, provided ptr: 0x752f13200000 size: 10568704
[0;36m(APIServer pid=47055)[0;0m [32mINFO[0m [90m10-07 15:24:11[0m [90m[stats.py:902][0m [OmniTiming] req=speech-a1df0f901adc2d60-ab3a57fe total=9.59s engine=9.59s stages=[0:9.59s]
INFO:     127.0.0.1:52128 - "POST /v1/audio/speech HTTP/1.1" 200 OK
[0;36m(APIServer pid=47055)[0;0m [32mINFO[0m [90m10-07 15:24:11[0m [90m[serving_speech.py:2423][0m Diffusion TTS speech request speech-bf58b6b4f76644d4: voice_clone=False
[0;36m(APIServer pid=47055)[0;0m [32mINFO[0m [90m10-07 15:24:11[0m [90m[serving_speech.py:2471][0m Applied diffusion speech params: seed=42 extra_params={}
[0;36m(APIServer pid=47055)[0;0m [32mINFO[0m [90m10-07 15:24:11[0m [90m[diffusion_engine.py:764][0m [RequestBatch] admission wait done waiting=1 max_batch=8 waited_ms=2.1
MIOpen(HIP): Warning [IsEnoughWorkspace] [GetSolutionsFallback AI] Solver <ConvHipImplicitGemmGroupFwdXdlops>, workspace required: 8573952, provided ptr: 0x752e4e2c0000 size: 1727488
MIOpen(HIP): Warning [IsEnoughWorkspace] [GetSolutionsFallback AI] Solver <ConvAsmImplicitGemmGTCDynamicFwdXdlopsNHWC>, workspace required: 8573952, provided ptr: 0x752e4e2c0000 size: 1727488
MIOpen(HIP): Warning [IsEnoughWorkspace] [GetSolutionsFallback WTI] Solver <ConvAsmImplicitGemmGTCDynamicBwdXdlopsNHWC>, workspace required: 38490112, provided ptr: 0x752f13200000 size: 7897088
MIOpen(HIP): Warning [IsEnoughWorkspace] [GetSolutionsFallback WTI] Solver <ConvHipImplicitGemmGroupBwdXdlops>, workspace required: 38490112, provided ptr: 0x752f13200000 size: 7897088
MIOpen(HIP): Warning [IsEnoughWorkspace] [GetSolutionsFallback AI] Solver <GemmFwdRest>, workspace required: 27639808, provided ptr: 0x752fe0ec0000 size: 15237120
MIOpen(HIP): Warning [IsEnoughWorkspace] [GetSolutionsFallback AI] Solver <GemmFwdRest>, workspace required: 69099520, provided ptr: 0x752f37c00000 size: 21577728
MIOpen(HIP): Warning [IsEnoughWorkspace] [GetSolutionsFallback AI] Solver <ConvHipImplicitGemmGroupFwdXdlops>, workspace required: 20004864, provided ptr: 0x752f3856a000 size: 19742720
MIOpen(HIP): Warning [IsEnoughWorkspace] [GetSolutionsFallback AI] Solver <GemmFwdRest>, workspace required: 138199040, provided ptr: 0x752f3e800000 size: 39944192
MIOpen(HIP): Warning [IsEnoughWorkspace] [GetSolutionsFallback AI] Solver <ConvHipImplicitGemmGroupFwdXdlops>, workspace required: 39550976, provided ptr: 0x752f3e800000 size: 39485440
MIOpen(HIP): Warning [IsEnoughWorkspace] [GetSolutionsFallback WTI] Solver <ConvAsmImplicitGemmGTCDynamicBwdXdlopsNHWC>, workspace required: 39616512, provided ptr: 0x752f3a1a8000 size: 39485440
MIOpen(HIP): Warning [IsEnoughWorkspace] [GetSolutionsFallback WTI] Solver <ConvHipImplicitGemmGroupBwdXdlops>, workspace required: 39616512, provided ptr: 0x752f3a1a8000 size: 39485440
MIOpen(HIP): Warning [IsEnoughWorkspace] [GetSolutionsFallback AI] Solver <GemmFwdRest>, workspace required: 138199040, provided ptr: 0x752f3e800000 size: 39600128
MIOpen(HIP): Warning [IsEnoughWorkspace] [GetSolutionsFallback AI] Solver <ConvHipImplicitGemmGroupFwdXdlops>, workspace required: 39501824, provided ptr: 0x752f3e800000 size: 39485440
MIOpen(HIP): Warning [IsEnoughWorkspace] [GetSolutionsFallback AI] Solver <GemmFwdRest>, workspace required: 207298560, provided ptr: 0x752f4043e000 size: 59256832
MIOpen(HIP): Warning [IsEnoughWorkspace] [GetSolutionsFallback AI] Solver <ConvHipImplicitGemmGroupFwdXdlops>, workspace required: 59232256, provided ptr: 0x752f4207c000 size: 59228160
MIOpen(HIP): Warning [IsEnoughWorkspace] [GetSolutionsFallback AI] Solver <ConvHipImplicitGemmGroupFwdXdlops>, workspace required: 30540544, provided ptr: 0x752f3983e000 size: 29615104
MIOpen(HIP): Warning [IsEnoughWorkspace] [GetSolutionsFallback AI] Solver <GemmFwdRest>, workspace required: 207298560, provided ptr: 0x752f3983e000 size: 29615104
MIOpen(HIP): Warning [IsEnoughWorkspace] [GetSolutionsFallback AI] Solver <ConvHipImplicitGemmGroupFwdXdlops>, workspace required: 8271872, provided ptr: 0x752e4f280000 size: 1304576
MIOpen(HIP): Warning [IsEnoughWorkspace] [GetSolutionsFallback AI] Solver <ConvAsmImplicitGemmGTCDynamicFwdXdlopsNHWC>, workspace required: 8271872, provided ptr: 0x752e4f280000 size: 1304576
MIOpen(HIP): Warning [IsEnoughWorkspace] [GetSolutionsFallback WTI] Solver <ConvAsmImplicitGemmGTCDynamicBwdXdlopsNHWC>, workspace required: 37281792, provided ptr: 0x752f13200000 size: 5963776
MIOpen(HIP): Warning [IsEnoughWorkspace] [GetSolutionsFallback WTI] Solver <ConvHipImplicitGemmGroupBwdXdlops>, workspace required: 37281792, provided ptr: 0x752f13200000 size: 5963776
MIOpen(HIP): Warning [IsEnoughWorkspace] [GetSolutionsFallback AI] Solver <GemmFwdRest>, workspace required: 20873216, provided ptr: 0x752fe0ec0000 size: 13303808
MIOpen(HIP): Warning [IsEnoughWorkspace] [GetSolutionsFallback WTI] Solver <ConvAsmImplicitGemmGTCDynamicBwdXdlopsNHWC>, workspace required: 15679488, provided ptr: 0x752fe0ec0000 size: 14909440
MIOpen(HIP): Warning [IsEnoughWorkspace] [GetSolutionsFallback WTI] Solver <ConvHipImplicitGemmGroupBwdXdlops>, workspace required: 15679488, provided ptr: 0x752fe0ec0000 size: 14909440
MIOpen(HIP): Warning [IsEnoughWorkspace] [GetSolutionsFallback AI] Solver <GemmFwdRest>, workspace required: 52183040, provided ptr: 0x752f37c00000 size: 16744448
MIOpen(HIP): Warning [IsEnoughWorkspace] [GetSolutionsFallback AI] Solver <ConvAsmImplicitGemmGTCDynamicFwdXdlopsNHWC>, workspace required: 14909440, provided ptr: 0 size: 0
MIOpen(HIP): Warning [IsEnoughWorkspace] [GetSolutionsFallback AI] Solver <ConvHipImplicitGemmGroupFwdXdlops>, workspace required: 15171584, provided ptr: 0 size: 0
MIOpen(HIP): Warning [IsEnoughWorkspace] [GetSolutionsFallback AI] Solver <GemmFwdRest>, workspace required: 104366080, provided ptr: 0x752f3a6a8000 size: 30277632
MIOpen(HIP): Warning [IsEnoughWorkspace] [GetSolutionsFallback AI] Solver <ConvHipImplicitGemmGroupFwdXdlops>, workspace required: 29884416, provided ptr: 0x752f3e800000 size: 29818880
MIOpen(HIP): Warning [IsEnoughWorkspace] [GetSolutionsFallback WTI] Solver <ConvAsmImplicitGemmGTCDynamicBwdXdlopsNHWC>, workspace required: 29949952, provided ptr: 0x752f39870000 size: 29818880
MIOpen(HIP): Warning [IsEnoughWorkspace] [GetSolutionsFallback WTI] Solver <ConvHipImplicitGemmGroupBwdXdlops>, workspace required: 29949952, provided ptr: 0x752f39870000 size: 29818880
MIOpen(HIP): Warning [IsEnoughWorkspace] [GetSolutionsFallback AI] Solver <GemmFwdRest>, workspace required: 104366080, provided ptr: 0x752f3a6a8000 size: 29933568
MIOpen(HIP): Warning [IsEnoughWorkspace] [GetSolutionsFallback AI] Solver <ConvHipImplicitGemmGroupFwdXdlops>, workspace required: 29835264, provided ptr: 0x752f3e800000 size: 29818880
MIOpen(HIP): Warning [IsEnoughWorkspace] [GetSolutionsFallback AI] Solver <GemmFwdRest>, workspace required: 156549120, provided ptr: 0x752f3fd54000 size: 44756992
MIOpen(HIP): Warning [IsEnoughWorkspace] [GetSolutionsFallback AI] Solver <ConvHipImplicitGemmGroupFwdXdlops>, workspace required: 44732416, provided ptr: 0x752f412a8000 size: 44728320
MIOpen(HIP): Warning [IsEnoughWorkspace] [GetSolutionsFallback AI] Solver <ConvHipImplicitGemmGroupFwdXdlops>, workspace required: 23064064, provided ptr: 0x752f39154000 size: 22365184
MIOpen(HIP): Warning [IsEnoughWorkspace] [GetSolutionsFallback AI] Solver <GemmFwdRest>, workspace required: 156549120, provided ptr: 0x752f39154000 size: 22365184
MIOpen(HIP): Warning [IsEnoughWorkspace] [GetSolutionsFallback AI] Solver <ConvHipImplicitGemmGroupFwdXdlops>, workspace required: 8143872, provided ptr: 0x752e4f280000 size: 1125376
MIOpen(HIP): Warning [IsEnoughWorkspace] [GetSolutionsFallback AI] Solver <ConvAsmImplicitGemmGTCDynamicFwdXdlopsNHWC>, workspace required: 8143872, provided ptr: 0x752e4f280000 size: 1125376
MIOpen(HIP): Warning [IsEnoughWorkspace] [GetSolutionsFallback WTI] Solver <ConvAsmImplicitGemmGTCDynamicBwdXdlopsNHWC>, workspace required: 36769792, provided ptr: 0x752e51a00000 size: 5144576
MIOpen(HIP): Warning [IsEnoughWorkspace] [GetSolutionsFallback WTI] Solver <ConvHipImplicitGemmGroupBwdXdlops>, workspace required: 36769792, provided ptr: 0x752e51a00000 size: 5144576
MIOpen(HIP): Warning [IsEnoughWorkspace] [GetSolutionsFallback AI] Solver <GemmFwdRest>, workspace required: 18006016, provided ptr: 0x752f13200000 size: 12484608
MIOpen(HIP): Warning [IsEnoughWorkspace] [GetSolutionsFallback WTI] Solver <ConvAsmImplicitGemmGTCDynamicBwdXdlopsNHWC>, workspace required: 14245888, provided ptr: 0x752fe0ec0000 size: 12861440
MIOpen(HIP): Warning [IsEnoughWorkspace] [GetSolutionsFallback WTI] Solver <ConvHipImplicitGemmGroupBwdXdlops>, workspace required: 14245888, provided ptr: 0x752fe0ec0000 size: 12861440
MIOpen(HIP): Warning [IsEnoughWorkspace] [GetSolutionsFallback AI] Solver <GemmFwdRest>, workspace required: 45015040, provided ptr: 0x752fe14e2000 size: 14696448
MIOpen(HIP): Warning [IsEnoughWorkspace] [GetSolutionsFallback AI] Solver <ConvHipImplicitGemmGroupFwdXdlops>, workspace required: 13123584, provided ptr: 0x752f37c00000 size: 12861440
MIOpen(HIP): Warning [IsEnoughWorkspace] [GetSolutionsFallback AI] Solver <GemmFwdRest>, workspace required: 90030080, provided ptr: 0x752f39488000 size: 26181632
MIOpen(HIP): Warning [IsEnoughWorkspace] [GetSolutionsFallback AI] Solver <ConvHipImplicitGemmGroupFwdXdlops>, workspace required: 25788416, provided ptr: 0x752f3a0cc000 size: 25722880
MIOpen(HIP): Warning [IsEnoughWorkspace] [GetSolutionsFallback WTI] Solver <ConvAsmImplicitGemmGTCDynamicBwdXdlopsNHWC>, workspace required: 25853952, provided ptr: 0x752f38844000 size: 25722880
MIOpen(HIP): Warning [IsEnoughWorkspace] [GetSolutionsFallback WTI] Solver <ConvHipImplicitGemmGroupBwdXdlops>, workspace required: 25853952, provided ptr: 0x752f38844000 size: 25722880
MIOpen(HIP): Warning [IsEnoughWorkspace] [GetSolutionsFallback AI] Solver <GemmFwdRest>, workspace required: 90030080, provided ptr: 0x752f39488000 size: 25837568
MIOpen(HIP): Warning [IsEnoughWorkspace] [GetSolutionsFallback AI] Solver <ConvHipImplicitGemmGroupFwdXdlops>, workspace required: 25739264, provided ptr: 0x752f3a0cc000 size: 25722880
MIOpen(HIP): Warning [IsEnoughWorkspace] [GetSolutionsFallback AI] Solver <GemmFwdRest>, workspace required: 135045120, provided ptr: 0x752f3e800000 size: 38612992
MIOpen(HIP): Warning [IsEnoughWorkspace] [GetSolutionsFallback AI] Solver <ConvHipImplicitGemmGroupFwdXdlops>, workspace required: 38588416, provided ptr: 0x752f3fa66000 size: 38584320
MIOpen(HIP): Warning [IsEnoughWorkspace] [GetSolutionsFallback AI] Solver <ConvHipImplicitGemmGroupFwdXdlops>, workspace required: 19896064, provided ptr: 0x752f37c00000 size: 19293184
MIOpen(HIP): Warning [IsEnoughWorkspace] [GetSolutionsFallback AI] Solver <GemmFwdRest>, workspace required: 135045120, provided ptr: 0x752f37c00000 size: 19293184
MIOpen(HIP): Warning [IsEnoughWorkspace] [GetSolutionsFallback AI] Solver <ConvHipImplicitGemmGroupFwdXdlops>, workspace required: 8650752, provided ptr: 0x752e4e2c0000 size: 1835008
MIOpen(HIP): Warning [IsEnoughWorkspace] [GetSolutionsFallback AI] Solver <ConvAsmImplicitGemmGTCDynamicFwdXdlopsNHWC>, workspace required: 8650752, provided ptr: 0x752e4e2c0000 size: 1835008
MIOpen(HIP): Warning [IsEnoughWorkspace] [GetSolutionsFallback WTI] Solver <ConvAsmImplicitGemmGTCDynamicBwdXdlopsNHWC>, workspace required: 38797312, provided ptr: 0x752f13200000 size: 8388608
MIOpen(HIP): Warning [IsEnoughWorkspace] [GetSolutionsFallback WTI] Solver <ConvHipImplicitGemmGroupBwdXdlops>, workspace required: 38797312, provided ptr: 0x752f13200000 size: 8388608
MIOpen(HIP): Warning [IsEnoughWorkspace] [GetSolutionsFallback AI] Solver <GemmFwdRest>, workspace required: 29360128, provided ptr: 0x752fe0ec0000 size: 15728640
MIOpen(HIP): Warning [IsEnoughWorkspace] [GetSolutionsFallback AI] Solver <GemmFwdRest>, workspace required: 73400320, provided ptr: 0x752f37c00000 size: 22806528
MIOpen(HIP): Warning [IsEnoughWorkspace] [GetSolutionsFallback AI] Solver <ConvHipImplicitGemmGroupFwdXdlops>, workspace required: 21233664, provided ptr: 0x752f38600000 size: 20971520
MIOpen(HIP): Warning [IsEnoughWorkspace] [GetSolutionsFallback AI] Solver <GemmFwdRest>, workspace required: 146800640, provided ptr: 0x752f3e800000 size: 42401792
MIOpen(HIP): Warning [IsEnoughWorkspace] [GetSolutionsFallback AI] Solver <ConvHipImplicitGemmGroupFwdXdlops>, workspace required: 42008576, provided ptr: 0x752f3fc00000 size: 41943040
MIOpen(HIP): Warning [IsEnoughWorkspace] [GetSolutionsFallback WTI] Solver <ConvAsmImplicitGemmGTCDynamicBwdXdlopsNHWC>, workspace required: 42074112, provided ptr: 0x752f3e800000 size: 41943040
MIOpen(HIP): Warning [IsEnoughWorkspace] [GetSolutionsFallback WTI] Solver <ConvHipImplicitGemmGroupBwdXdlops>, workspace required: 42074112, provided ptr: 0x752f3e800000 size: 41943040
MIOpen(HIP): Warning [IsEnoughWorkspace] [GetSolutionsFallback AI] Solver <GemmFwdRest>, workspace required: 146800640, provided ptr: 0x752f3e800000 size: 42057728
MIOpen(HIP): Warning [IsEnoughWorkspace] [GetSolutionsFallback AI] Solver <ConvHipImplicitGemmGroupFwdXdlops>, workspace required: 41959424, provided ptr: 0x752f3fc00000 size: 41943040
MIOpen(HIP): Warning [IsEnoughWorkspace] [GetSolutionsFallback AI] Solver <GemmFwdRest>, workspace required: 220200960, provided ptr: 0x752f42400000 size: 62943232
MIOpen(HIP): Warning [IsEnoughWorkspace] [GetSolutionsFallback AI] Solver <ConvHipImplicitGemmGroupFwdXdlops>, workspace required: 62918656, provided ptr: 0x752f44200000 size: 62914560
MIOpen(HIP): Warning [IsEnoughWorkspace] [GetSolutionsFallback AI] Solver <ConvHipImplicitGemmGroupFwdXdlops>, workspace required: 32441344, provided ptr: 0x752f39a00000 size: 31458304
MIOpen(HIP): Warning [IsEnoughWorkspace] [GetSolutionsFallback AI] Solver <GemmFwdRest>, workspace required: 220200960, provided ptr: 0x752f39a00000 size: 31458304
MIOpen(HIP): Warning [IsEnoughWorkspace] [GetSolutionsFallback AI] Solver <ConvHipImplicitGemmGroupFwdXdlops>, workspace required: 8901632, provided ptr: 0x752e4e2c0000 size: 2186240
MIOpen(HIP): Warning [IsEnoughWorkspace] [GetSolutionsFallback AI] Solver <ConvAsmImplicitGemmGTCDynamicFwdXdlopsNHWC>, workspace required: 8901632, provided ptr: 0x752e4e2c0000 size: 2186240
MIOpen(HIP): Warning [IsEnoughWorkspace] [GetSolutionsFallback WTI] Solver <ConvAsmImplicitGemmGTCDynamicBwdXdlopsNHWC>, workspace required: 39800832, provided ptr: 0x752f13200000 size: 9994240
MIOpen(HIP): Warning [IsEnoughWorkspace] [GetSolutionsFallback WTI] Solver <ConvHipImplicitGemmGroupBwdXdlops>, workspace required: 39800832, provided ptr: 0x752f13200000 size: 9994240
MIOpen(HIP): Warning [IsEnoughWorkspace] [GetSolutionsFallback AI] Solver <GemmFwdRest>, workspace required: 34979840, provided ptr: 0x752fe0ec0000 size: 17334272
MIOpen(HIP): Warning [IsEnoughWorkspace] [GetSolutionsFallback AI] Solver <GemmFwdRest>, workspace required: 87449600, provided ptr: 0x752f393d4000 size: 26820608
MIOpen(HIP): Warning [IsEnoughWorkspace] [GetSolutionsFallback AI] Solver <ConvHipImplicitGemmGroupFwdXdlops>, workspace required: 25247744, provided ptr: 0x752f39fbe000 size: 24985600
MIOpen(HIP): Warning [IsEnoughWorkspace] [GetSolutionsFallback AI] Solver <GemmFwdRest>, workspace required: 174899200, provided ptr: 0x752f3ffd4000 size: 50429952
MIOpen(HIP): Warning [IsEnoughWorkspace] [GetSolutionsFallback AI] Solver <ConvHipImplicitGemmGroupFwdXdlops>, workspace required: 50036736, provided ptr: 0x752f417a8000 size: 49971200
MIOpen(HIP): Warning [IsEnoughWorkspace] [GetSolutionsFallback WTI] Solver <ConvAsmImplicitGemmGTCDynamicBwdXdlopsNHWC>, workspace required: 50102272, provided ptr: 0x752f3ffd4000 size: 49971200
MIOpen(HIP): Warning [IsEnoughWorkspace] [GetSolutionsFallback WTI] Solver <ConvHipImplicitGemmGroupBwdXdlops>, workspace required: 50102272, provided ptr: 0x752f3ffd4000 size: 49971200
MIOpen(HIP): Warning [IsEnoughWorkspace] [GetSolutionsFallback AI] Solver <GemmFwdRest>, workspace required: 174899200, provided ptr: 0x752f3ffd4000 size: 50085888
MIOpen(HIP): Warning [IsEnoughWorkspace] [GetSolutionsFallback AI] Solver <ConvHipImplicitGemmGroupFwdXdlops>, workspace required: 49987584, provided ptr: 0x752f417a8000 size: 49971200
MIOpen(HIP): Warning [IsEnoughWorkspace] [GetSolutionsFallback AI] Solver <GemmFwdRest>, workspace required: 262348800, provided ptr: 0x752f42f7c000 size: 74985472
MIOpen(HIP): Warning [IsEnoughWorkspace] [GetSolutionsFallback AI] Solver <ConvHipImplicitGemmGroupFwdXdlops>, workspace required: 74960896, provided ptr: 0x752f4533a000 size: 74956800
MIOpen(HIP): Warning [IsEnoughWorkspace] [GetSolutionsFallback AI] Solver <ConvHipImplicitGemmGroupFwdXdlops>, workspace required: 38650624, provided ptr: 0x752f37c00000 size: 37479424
MIOpen(HIP): Warning [IsEnoughWorkspace] [GetSolutionsFallback AI] Solver <GemmFwdRest>, workspace required: 262348800, provided ptr: 0x752f37c00000 size: 37479424
MIOpen(HIP): Warning [IsEnoughWorkspace] [GetSolutionsFallback AI] Solver <ConvHipImplicitGemmGroupFwdXdlops>, workspace required: 8445952, provided ptr: 0x752e4f280000 size: 1548288
MIOpen(HIP): Warning [IsEnoughWorkspace] [GetSolutionsFallback AI] Solver <ConvAsmImplicitGemmGTCDynamicFwdXdlopsNHWC>, workspace required: 8445952, provided ptr: 0x752e4f280000 size: 1548288
MIOpen(HIP): Warning [IsEnoughWorkspace] [GetSolutionsFallback WTI] Solver <ConvAsmImplicitGemmGTCDynamicBwdXdlopsNHWC>, workspace required: 37978112, provided ptr: 0x752f13200000 size: 7077888
MIOpen(HIP): Warning [IsEnoughWorkspace] [GetSolutionsFallback WTI] Solver <ConvHipImplicitGemmGroupBwdXdlops>, workspace required: 37978112, provided ptr: 0x752f13200000 size: 7077888
MIOpen(HIP): Warning [IsEnoughWorkspace] [GetSolutionsFallback AI] Solver <GemmFwdRest>, workspace required: 24772608, provided ptr: 0x752fe0ec0000 size: 14417920
MIOpen(HIP): Warning [IsEnoughWorkspace] [GetSolutionsFallback AI] Solver <GemmFwdRest>, workspace required: 61931520, provided ptr: 0x752f38470000 size: 19529728
MIOpen(HIP): Warning [IsEnoughWorkspace] [GetSolutionsFallback AI] Solver <ConvHipImplicitGemmGroupFwdXdlops>, workspace required: 17956864, provided ptr: 0x752f38ce0000 size: 17694720
MIOpen(HIP): Warning [IsEnoughWorkspace] [GetSolutionsFallback AI] Solver <GemmFwdRest>, workspace required: 123863040, provided ptr: 0x752f3e800000 size: 35848192
MIOpen(HIP): Warning [IsEnoughWorkspace] [GetSolutionsFallback AI] Solver <ConvHipImplicitGemmGroupFwdXdlops>, workspace required: 35454976, provided ptr: 0x752f3e800000 size: 35389440
MIOpen(HIP): Warning [IsEnoughWorkspace] [GetSolutionsFallback WTI] Solver <ConvAsmImplicitGemmGTCDynamicBwdXdlopsNHWC>, workspace required: 35520512, provided ptr: 0x752f3a630000 size: 35389440
MIOpen(HIP): Warning [IsEnoughWorkspace] [GetSolutionsFallback WTI] Solver <ConvHipImplicitGemmGroupBwdXdlops>, workspace required: 35520512, provided ptr: 0x752f3a630000 size: 35389440
MIOpen(HIP): Warning [IsEnoughWorkspace] [GetSolutionsFallback AI] Solver <GemmFwdRest>, workspace required: 123863040, provided ptr: 0x752f3e800000 size: 35504128
MIOpen(HIP): Warning [IsEnoughWorkspace] [GetSolutionsFallback AI] Solver <ConvHipImplicitGemmGroupFwdXdlops>, workspace required: 35405824, provided ptr: 0x752f3e800000 size: 35389440
MIOpen(HIP): Warning [IsEnoughWorkspace] [GetSolutionsFallback AI] Solver <GemmFwdRest>, workspace required: 185794560, provided ptr: 0x752f41aa0000 size: 53112832
MIOpen(HIP): Warning [IsEnoughWorkspace] [GetSolutionsFallback AI] Solver <ConvHipImplicitGemmGroupFwdXdlops>, workspace required: 53088256, provided ptr: 0x752f433f0000 size: 53084160
MIOpen(HIP): Warning [IsEnoughWorkspace] [GetSolutionsFallback AI] Solver <ConvHipImplicitGemmGroupFwdXdlops>, workspace required: 27372544, provided ptr: 0x752f39550000 size: 26543104
MIOpen(HIP): Warning [IsEnoughWorkspace] [GetSolutionsFallback AI] Solver <GemmFwdRest>, workspace required: 185794560, provided ptr: 0x752f39550000 size: 26543104
MIOpen(HIP): Warning [IsEnoughWorkspace] [GetSolutionsFallback AI] Solver <ConvHipImplicitGemmGroupFwdXdlops>, workspace required: 8005632, provided ptr: 0x752eb7800000 size: 931840
MIOpen(HIP): Warning [IsEnoughWorkspace] [GetSolutionsFallback AI] Solver <ConvAsmImplicitGemmGTCDynamicFwdXdlopsNHWC>, workspace required: 8005632, provided ptr: 0x752eb7800000 size: 931840
MIOpen(HIP): Warning [IsEnoughWorkspace] [GetSolutionsFallback WTI] Solver <ConvAsmImplicitGemmGTCDynamicBwdXdlopsNHWC>, workspace required: 36216832, provided ptr: 0x752e51a00000 size: 4259840
MIOpen(HIP): Warning [IsEnoughWorkspace] [GetSolutionsFallback WTI] Solver <ConvHipImplicitGemmGroupBwdXdlops>, workspace required: 36216832, provided ptr: 0x752e51a00000 size: 4259840
MIOpen(HIP): Warning [IsEnoughWorkspace] [GetSolutionsFallback AI] Solver <GemmFwdRest>, workspace required: 14909440, provided ptr: 0x752f13200000 size: 11599872
MIOpen(HIP): Warning [IsEnoughWorkspace] [GetSolutionsFallback WTI] Solver <ConvAsmImplicitGemmGTCDynamicBwdXdlopsNHWC>, workspace required: 12697600, provided ptr: 0x752fe0ec0000 size: 10649600
MIOpen(HIP): Warning [IsEnoughWorkspace] [GetSolutionsFallback WTI] Solver <ConvHipImplicitGemmGroupBwdXdlops>, workspace required: 12697600, provided ptr: 0x752fe0ec0000 size: 10649600
MIOpen(HIP): Warning [IsEnoughWorkspace] [GetSolutionsFallback AI] Solver <GemmFwdRest>, workspace required: 37273600, provided ptr: 0x752fe13d4000 size: 12484608
MIOpen(HIP): Warning [IsEnoughWorkspace] [GetSolutionsFallback AI] Solver <ConvHipImplicitGemmGroupFwdXdlops>, workspace required: 10911744, provided ptr: 0x752fe18e8000 size: 10649600
MIOpen(HIP): Warning [IsEnoughWorkspace] [GetSolutionsFallback AI] Solver <GemmFwdRest>, workspace required: 74547200, provided ptr: 0x752f38628000 size: 21757952
MIOpen(HIP): Warning [IsEnoughWorkspace] [GetSolutionsFallback AI] Solver <ConvHipImplicitGemmGroupFwdXdlops>, workspace required: 21364736, provided ptr: 0x752f39050000 size: 21299200
MIOpen(HIP): Warning [IsEnoughWorkspace] [GetSolutionsFallback WTI] Solver <ConvAsmImplicitGemmGTCDynamicBwdXdlopsNHWC>, workspace required: 21430272, provided ptr: 0x752f38628000 size: 21299200
MIOpen(HIP): Warning [IsEnoughWorkspace] [GetSolutionsFallback WTI] Solver <ConvHipImplicitGemmGroupBwdXdlops>, workspace required: 21430272, provided ptr: 0x752f38628000 size: 21299200
MIOpen(HIP): Warning [IsEnoughWorkspace] [GetSolutionsFallback AI] Solver <GemmFwdRest>, workspace required: 74547200, provided ptr: 0x752f38628000 size: 21413888
MIOpen(HIP): Warning [IsEnoughWorkspace] [GetSolutionsFallback AI] Solver <ConvHipImplicitGemmGroupFwdXdlops>, workspace required: 21315584, provided ptr: 0x752f39050000 size: 21299200
MIOpen(HIP): Warning [IsEnoughWorkspace] [GetSolutionsFallback AI] Solver <GemmFwdRest>, workspace required: 111820800, provided ptr: 0x752f3e800000 size: 31977472
MIOpen(HIP): Warning [IsEnoughWorkspace] [GetSolutionsFallback AI] Solver <ConvHipImplicitGemmGroupFwdXdlops>, workspace required: 31952896, provided ptr: 0x752f3e800000 size: 31948800
MIOpen(HIP): Warning [IsEnoughWorkspace] [GetSolutionsFallback AI] Solver <ConvHipImplicitGemmGroupFwdXdlops>, workspace required: 16474624, provided ptr: 0x752fe0ec0000 size: 15975424
MIOpen(HIP): Warning [IsEnoughWorkspace] [GetSolutionsFallback AI] Solver <GemmFwdRest>, workspace required: 111820800, provided ptr: 0x752fe0ec0000 size: 15975424
[0;36m(APIServer pid=47055)[0;0m [32mINFO[0m [90m10-07 15:24:17[0m [90m[stats.py:902][0m [OmniTiming] req=speech-bf58b6b4f76644d4-915e00c1 total=5.94s engine=5.94s stages=[0:5.94s]
INFO:     127.0.0.1:52128 - "POST /v1/audio/speech HTTP/1.1" 200 OK
[0;36m(APIServer pid=47055)[0;0m [32mINFO[0m [90m10-07 15:24:17[0m [90m[serving_speech.py:2423][0m Diffusion TTS speech request speech-ab67e056edb9d0aa: voice_clone=False
[0;36m(APIServer pid=47055)[0;0m [32mINFO[0m [90m10-07 15:24:17[0m [90m[serving_speech.py:2471][0m Applied diffusion speech params: seed=42 extra_params={}
[0;36m(APIServer pid=47055)[0;0m [32mINFO[0m [90m10-07 15:24:17[0m [90m[diffusion_engine.py:764][0m [RequestBatch] admission wait done waiting=1 max_batch=8 waited_ms=2.1
MIOpen(HIP): Warning [IsEnoughWorkspace] [GetSolutionsFallback AI] Solver <ConvHipImplicitGemmGroupFwdXdlops>, workspace required: 9260032, provided ptr: 0x752e4e2c0000 size: 2688000
MIOpen(HIP): Warning [IsEnoughWorkspace] [GetSolutionsFallback AI] Solver <ConvAsmImplicitGemmGTCDynamicFwdXdlopsNHWC>, workspace required: 9260032, provided ptr: 0x752e4e2c0000 size: 2688000
MIOpen(HIP): Warning [IsEnoughWorkspace] [GetSolutionsFallback WTI] Solver <ConvAsmImplicitGemmGTCDynamicBwdXdlopsNHWC>, workspace required: 41234432, provided ptr: 0x752fe0ec0000 size: 12288000
MIOpen(HIP): Warning [IsEnoughWorkspace] [GetSolutionsFallback WTI] Solver <ConvHipImplicitGemmGroupBwdXdlops>, workspace required: 41234432, provided ptr: 0x752fe0ec0000 size: 12288000
MIOpen(HIP): Warning [IsEnoughWorkspace] [GetSolutionsFallback AI] Solver <GemmFwdRest>, workspace required: 43008000, provided ptr: 0x752f37c00000 size: 19628032
MIOpen(HIP): Warning [IsEnoughWorkspace] [GetSolutionsFallback AI] Solver <GemmFwdRest>, workspace required: 107520000, provided ptr: 0x752f3994c000 size: 32555008
MIOpen(HIP): Warning [IsEnoughWorkspace] [GetSolutionsFallback AI] Solver <ConvHipImplicitGemmGroupFwdXdlops>, workspace required: 30982144, provided ptr: 0x752f3a7f2000 size: 30720000
MIOpen(HIP): Warning [IsEnoughWorkspace] [GetSolutionsFallback AI] Solver <GemmFwdRest>, workspace required: 215040000, provided ptr: 0x752f4054c000 size: 61898752
MIOpen(HIP): Warning [IsEnoughWorkspace] [GetSolutionsFallback AI] Solver <ConvHipImplicitGemmGroupFwdXdlops>, workspace required: 61505536, provided ptr: 0x752f42298000 size: 61440000
MIOpen(HIP): Warning [IsEnoughWorkspace] [GetSolutionsFallback WTI] Solver <ConvAsmImplicitGemmGTCDynamicBwdXdlopsNHWC>, workspace required: 61571072, provided ptr: 0x752f4054c000 size: 61440000
MIOpen(HIP): Warning [IsEnoughWorkspace] [GetSolutionsFallback WTI] Solver <ConvHipImplicitGemmGroupBwdXdlops>, workspace required: 61571072, provided ptr: 0x752f4054c000 size: 61440000
MIOpen(HIP): Warning [IsEnoughWorkspace] [GetSolutionsFallback AI] Solver <GemmFwdRest>, workspace required: 215040000, provided ptr: 0x752f42298000 size: 61554688
MIOpen(HIP): Warning [IsEnoughWorkspace] [GetSolutionsFallback AI] Solver <ConvHipImplicitGemmGroupFwdXdlops>, workspace required: 61456384, provided ptr: 0x752f43fe4000 size: 61440000
MIOpen(HIP): Warning [IsEnoughWorkspace] [GetSolutionsFallback AI] Solver <GemmFwdRest>, workspace required: 322560000, provided ptr: 0x752f43fe4000 size: 92188672
MIOpen(HIP): Warning [IsEnoughWorkspace] [GetSolutionsFallback AI] Solver <ConvHipImplicitGemmGroupFwdXdlops>, workspace required: 92164096, provided ptr: 0x752f46bd6000 size: 92160000
MIOpen(HIP): Warning [IsEnoughWorkspace] [GetSolutionsFallback AI] Solver <ConvHipImplicitGemmGroupFwdXdlops>, workspace required: 47521024, provided ptr: 0x752f37c00000 size: 46081024
MIOpen(HIP): Warning [IsEnoughWorkspace] [GetSolutionsFallback AI] Solver <GemmFwdRest>, workspace required: 322560000, provided ptr: 0x752f37c00000 size: 46081024
MIOpen(HIP): Warning [IsEnoughWorkspace] [GetSolutionsFallback AI] Solver <ConvHipImplicitGemmGroupFwdXdlops>, workspace required: 8128512, provided ptr: 0x752e4f280000 size: 1103872
MIOpen(HIP): Warning [IsEnoughWorkspace] [GetSolutionsFallback AI] Solver <ConvAsmImplicitGemmGTCDynamicFwdXdlopsNHWC>, workspace required: 8128512, provided ptr: 0x752e4f280000 size: 1103872
MIOpen(HIP): Warning [IsEnoughWorkspace] [GetSolutionsFallback WTI] Solver <ConvAsmImplicitGemmGTCDynamicBwdXdlopsNHWC>, workspace required: 36708352, provided ptr: 0x752e51a00000 size: 5046272
MIOpen(HIP): Warning [IsEnoughWorkspace] [GetSolutionsFallback WTI] Solver <ConvHipImplicitGemmGroupBwdXdlops>, workspace required: 36708352, provided ptr: 0x752e51a00000 size: 5046272
MIOpen(HIP): Warning [IsEnoughWorkspace] [GetSolutionsFallback AI] Solver <GemmFwdRest>, workspace required: 17661952, provided ptr: 0x752f13200000 size: 12386304
MIOpen(HIP): Warning [IsEnoughWorkspace] [GetSolutionsFallback WTI] Solver <ConvAsmImplicitGemmGTCDynamicBwdXdlopsNHWC>, workspace required: 14073856, provided ptr: 0x752fe0ec0000 size: 12615680
MIOpen(HIP): Warning [IsEnoughWorkspace] [GetSolutionsFallback WTI] Solver <ConvHipImplicitGemmGroupBwdXdlops>, workspace required: 14073856, provided ptr: 0x752fe0ec0000 size: 12615680
MIOpen(HIP): Warning [IsEnoughWorkspace] [GetSolutionsFallback AI] Solver <GemmFwdRest>, workspace required: 44154880, provided ptr: 0x752fe14c4000 size: 14450688
MIOpen(HIP): Warning [IsEnoughWorkspace] [GetSolutionsFallback AI] Solver <ConvHipImplicitGemmGroupFwdXdlops>, workspace required: 12877824, provided ptr: 0x752f37c00000 size: 12615680
MIOpen(HIP): Warning [IsEnoughWorkspace] [GetSolutionsFallback AI] Solver <GemmFwdRest>, workspace required: 88309760, provided ptr: 0x752f39410000 size: 25690112
MIOpen(HIP): Warning [IsEnoughWorkspace] [GetSolutionsFallback AI] Solver <ConvHipImplicitGemmGroupFwdXdlops>, workspace required: 25296896, provided ptr: 0x752f3a018000 size: 25231360
MIOpen(HIP): Warning [IsEnoughWorkspace] [GetSolutionsFallback WTI] Solver <ConvAsmImplicitGemmGTCDynamicBwdXdlopsNHWC>, workspace required: 25362432, provided ptr: 0x752f38808000 size: 25231360
MIOpen(HIP): Warning [IsEnoughWorkspace] [GetSolutionsFallback WTI] Solver <ConvHipImplicitGemmGroupBwdXdlops>, workspace required: 25362432, provided ptr: 0x752f38808000 size: 25231360
MIOpen(HIP): Warning [IsEnoughWorkspace] [GetSolutionsFallback AI] Solver <GemmFwdRest>, workspace required: 88309760, provided ptr: 0x752f39410000 size: 25346048
MIOpen(HIP): Warning [IsEnoughWorkspace] [GetSolutionsFallback AI] Solver <ConvHipImplicitGemmGroupFwdXdlops>, workspace required: 25247744, provided ptr: 0x752f3a018000 size: 25231360
MIOpen(HIP): Warning [IsEnoughWorkspace] [GetSolutionsFallback AI] Solver <GemmFwdRest>, workspace required: 132464640, provided ptr: 0x752f3e800000 size: 37875712
MIOpen(HIP): Warning [IsEnoughWorkspace] [GetSolutionsFallback AI] Solver <ConvHipImplicitGemmGroupFwdXdlops>, workspace required: 37851136, provided ptr: 0x752f3fa0c000 size: 37847040
MIOpen(HIP): Warning [IsEnoughWorkspace] [GetSolutionsFallback AI] Solver <ConvHipImplicitGemmGroupFwdXdlops>, workspace required: 19515904, provided ptr: 0x752f37c00000 size: 18924544
MIOpen(HIP): Warning [IsEnoughWorkspace] [GetSolutionsFallback AI] Solver <GemmFwdRest>, workspace required: 132464640, provided ptr: 0x752f37c00000 size: 18924544
MIOpen(HIP): Warning [IsEnoughWorkspace] [GetSolutionsFallback AI] Solver <ConvHipImplicitGemmGroupFwdXdlops>, workspace required: 8860672, provided ptr: 0x752e4e2c0000 size: 2128896
MIOpen(HIP): Warning [IsEnoughWorkspace] [GetSolutionsFallback AI] Solver <ConvAsmImplicitGemmGTCDynamicFwdXdlopsNHWC>, workspace required: 8860672, provided ptr: 0x752e4e2c0000 size: 2128896
MIOpen(HIP): Warning [IsEnoughWorkspace] [GetSolutionsFallback WTI] Solver <ConvAsmImplicitGemmGTCDynamicBwdXdlopsNHWC>, workspace required: 39636992, provided ptr: 0x752f13200000 size: 9732096
MIOpen(HIP): Warning [IsEnoughWorkspace] [GetSolutionsFallback WTI] Solver <ConvHipImplicitGemmGroupBwdXdlops>, workspace required: 39636992, provided ptr: 0x752f13200000 size: 9732096
MIOpen(HIP): Warning [IsEnoughWorkspace] [GetSolutionsFallback AI] Solver <GemmFwdRest>, workspace required: 34062336, provided ptr: 0x752fe0ec0000 size: 17072128
MIOpen(HIP): Warning [IsEnoughWorkspace] [GetSolutionsFallback AI] Solver <GemmFwdRest>, workspace required: 85155840, provided ptr: 0x752f39334000 size: 26165248
MIOpen(HIP): Warning [IsEnoughWorkspace] [GetSolutionsFallback AI] Solver <ConvHipImplicitGemmGroupFwdXdlops>, workspace required: 24592384, provided ptr: 0x752f39ece000 size: 24330240
MIOpen(HIP): Warning [IsEnoughWorkspace] [GetSolutionsFallback AI] Solver <GemmFwdRest>, workspace required: 170311680, provided ptr: 0x752f3ff34000 size: 49119232
MIOpen(HIP): Warning [IsEnoughWorkspace] [GetSolutionsFallback AI] Solver <ConvHipImplicitGemmGroupFwdXdlops>, workspace required: 48726016, provided ptr: 0x752f41668000 size: 48660480
MIOpen(HIP): Warning [IsEnoughWorkspace] [GetSolutionsFallback WTI] Solver <ConvAsmImplicitGemmGTCDynamicBwdXdlopsNHWC>, workspace required: 48791552, provided ptr: 0x752f3ff34000 size: 48660480
MIOpen(HIP): Warning [IsEnoughWorkspace] [GetSolutionsFallback WTI] Solver <ConvHipImplicitGemmGroupBwdXdlops>, workspace required: 48791552, provided ptr: 0x752f3ff34000 size: 48660480
MIOpen(HIP): Warning [IsEnoughWorkspace] [GetSolutionsFallback AI] Solver <GemmFwdRest>, workspace required: 170311680, provided ptr: 0x752f3ff34000 size: 48775168
MIOpen(HIP): Warning [IsEnoughWorkspace] [GetSolutionsFallback AI] Solver <ConvHipImplicitGemmGroupFwdXdlops>, workspace required: 48676864, provided ptr: 0x752f41668000 size: 48660480
MIOpen(HIP): Warning [IsEnoughWorkspace] [GetSolutionsFallback AI] Solver <GemmFwdRest>, workspace required: 255467520, provided ptr: 0x752f42d9c000 size: 73019392
MIOpen(HIP): Warning [IsEnoughWorkspace] [GetSolutionsFallback AI] Solver <ConvHipImplicitGemmGroupFwdXdlops>, workspace required: 72994816, provided ptr: 0x752f4506a000 size: 72990720
MIOpen(HIP): Warning [IsEnoughWorkspace] [GetSolutionsFallback AI] Solver <ConvHipImplicitGemmGroupFwdXdlops>, workspace required: 37636864, provided ptr: 0x752f37c00000 size: 36496384
MIOpen(HIP): Warning [IsEnoughWorkspace] [GetSolutionsFallback AI] Solver <GemmFwdRest>, workspace required: 255467520, provided ptr: 0x752f37c00000 size: 36496384
MIOpen(HIP): Warning [IsEnoughWorkspace] [GetSolutionsFallback AI] Solver <ConvHipImplicitGemmGroupFwdXdlops>, workspace required: 9101312, provided ptr: 0x752e4e2c0000 size: 2465792
MIOpen(HIP): Warning [IsEnoughWorkspace] [GetSolutionsFallback AI] Solver <ConvAsmImplicitGemmGTCDynamicFwdXdlopsNHWC>, workspace required: 9101312, provided ptr: 0x752e4e2c0000 size: 2465792
MIOpen(HIP): Warning [IsEnoughWorkspace] [GetSolutionsFallback WTI] Solver <ConvAsmImplicitGemmGTCDynamicBwdXdlopsNHWC>, workspace required: 40599552, provided ptr: 0x752fe0ec0000 size: 11272192
MIOpen(HIP): Warning [IsEnoughWorkspace] [GetSolutionsFallback WTI] Solver <ConvHipImplicitGemmGroupBwdXdlops>, workspace required: 40599552, provided ptr: 0x752fe0ec0000 size: 11272192
MIOpen(HIP): Warning [IsEnoughWorkspace] [GetSolutionsFallback AI] Solver <GemmFwdRest>, workspace required: 39452672, provided ptr: 0x752f37c00000 size: 18612224
MIOpen(HIP): Warning [IsEnoughWorkspace] [GetSolutionsFallback AI] Solver <GemmFwdRest>, workspace required: 98631680, provided ptr: 0x752f396e0000 size: 30015488
MIOpen(HIP): Warning [IsEnoughWorkspace] [GetSolutionsFallback AI] Solver <ConvHipImplicitGemmGroupFwdXdlops>, workspace required: 28442624, provided ptr: 0x752f3a450000 size: 28180480
MIOpen(HIP): Warning [IsEnoughWorkspace] [GetSolutionsFallback AI] Solver <GemmFwdRest>, workspace required: 197263360, provided ptr: 0x752f402e0000 size: 56819712
MIOpen(HIP): Warning [IsEnoughWorkspace] [GetSolutionsFallback AI] Solver <ConvHipImplicitGemmGroupFwdXdlops>, workspace required: 56426496, provided ptr: 0x752f41dc0000 size: 56360960
MIOpen(HIP): Warning [IsEnoughWorkspace] [GetSolutionsFallback WTI] Solver <ConvAsmImplicitGemmGTCDynamicBwdXdlopsNHWC>, workspace required: 56492032, provided ptr: 0x752f402e0000 size: 56360960
MIOpen(HIP): Warning [IsEnoughWorkspace] [GetSolutionsFallback WTI] Solver <ConvHipImplicitGemmGroupBwdXdlops>, workspace required: 56492032, provided ptr: 0x752f402e0000 size: 56360960
MIOpen(HIP): Warning [IsEnoughWorkspace] [GetSolutionsFallback AI] Solver <GemmFwdRest>, workspace required: 197263360, provided ptr: 0x752f41dc0000 size: 56475648
MIOpen(HIP): Warning [IsEnoughWorkspace] [GetSolutionsFallback AI] Solver <ConvHipImplicitGemmGroupFwdXdlops>, workspace required: 56377344, provided ptr: 0x752f438a0000 size: 56360960
MIOpen(HIP): Warning [IsEnoughWorkspace] [GetSolutionsFallback AI] Solver <GemmFwdRest>, workspace required: 295895040, provided ptr: 0x752f438a0000 size: 84570112
MIOpen(HIP): Warning [IsEnoughWorkspace] [GetSolutionsFallback AI] Solver <ConvHipImplicitGemmGroupFwdXdlops>, workspace required: 84545536, provided ptr: 0x752f460f0000 size: 84541440
MIOpen(HIP): Warning [IsEnoughWorkspace] [GetSolutionsFallback AI] Solver <ConvHipImplicitGemmGroupFwdXdlops>, workspace required: 43592704, provided ptr: 0x752f37c00000 size: 42271744
MIOpen(HIP): Warning [IsEnoughWorkspace] [GetSolutionsFallback AI] Solver <GemmFwdRest>, workspace required: 295895040, provided ptr: 0x752f37c00000 size: 42271744
MIOpen(HIP): Warning [IsEnoughWorkspace] [GetSolutionsFallback AI] Solver <ConvHipImplicitGemmGroupFwdXdlops>, workspace required: 7954432, provided ptr: 0x752eb7800000 size: 860160
MIOpen(HIP): Warning [IsEnoughWorkspace] [GetSolutionsFallback AI] Solver <ConvAsmImplicitGemmGTCDynamicFwdXdlopsNHWC>, workspace required: 7954432, provided ptr: 0x752eb7800000 size: 860160
MIOpen(HIP): Warning [IsEnoughWorkspace] [GetSolutionsFallback WTI] Solver <ConvAsmImplicitGemmGTCDynamicBwdXdlopsNHWC>, workspace required: 36012032, provided ptr: 0x752e51a00000 size: 3932160
MIOpen(HIP): Warning [IsEnoughWorkspace] [GetSolutionsFallback WTI] Solver <ConvHipImplicitGemmGroupBwdXdlops>, workspace required: 36012032, provided ptr: 0x752e51a00000 size: 3932160
MIOpen(HIP): Warning [IsEnoughWorkspace] [GetSolutionsFallback AI] Solver <GemmFwdRest>, workspace required: 13762560, provided ptr: 0x752f13200000 size: 11272192
MIOpen(HIP): Warning [IsEnoughWorkspace] [GetSolutionsFallback WTI] Solver <ConvAsmImplicitGemmGTCDynamicBwdXdlopsNHWC>, workspace required: 12124160, provided ptr: 0x752fe0ec0000 size: 9830400
MIOpen(HIP): Warning [IsEnoughWorkspace] [GetSolutionsFallback WTI] Solver <ConvHipImplicitGemmGroupBwdXdlops>, workspace required: 12124160, provided ptr: 0x752fe0ec0000 size: 9830400
MIOpen(HIP): Warning [IsEnoughWorkspace] [GetSolutionsFallback AI] Solver <GemmFwdRest>, workspace required: 34406400, provided ptr: 0x752fe1370000 size: 11665408
MIOpen(HIP): Warning [IsEnoughWorkspace] [GetSolutionsFallback AI] Solver <ConvHipImplicitGemmGroupFwdXdlops>, workspace required: 10092544, provided ptr: 0x752fe1820000 size: 9830400
MIOpen(HIP): Warning [IsEnoughWorkspace] [GetSolutionsFallback AI] Solver <GemmFwdRest>, workspace required: 68812800, provided ptr: 0x752f38560000 size: 20119552
MIOpen(HIP): Warning [IsEnoughWorkspace] [GetSolutionsFallback AI] Solver <ConvHipImplicitGemmGroupFwdXdlops>, workspace required: 19726336, provided ptr: 0x752f38ec0000 size: 19660800
MIOpen(HIP): Warning [IsEnoughWorkspace] [GetSolutionsFallback WTI] Solver <ConvAsmImplicitGemmGTCDynamicBwdXdlopsNHWC>, workspace required: 19791872, provided ptr: 0x752f38560000 size: 19660800
MIOpen(HIP): Warning [IsEnoughWorkspace] [GetSolutionsFallback WTI] Solver <ConvHipImplicitGemmGroupBwdXdlops>, workspace required: 19791872, provided ptr: 0x752f38560000 size: 19660800
MIOpen(HIP): Warning [IsEnoughWorkspace] [GetSolutionsFallback AI] Solver <GemmFwdRest>, workspace required: 68812800, provided ptr: 0x752f38560000 size: 19775488
MIOpen(HIP): Warning [IsEnoughWorkspace] [GetSolutionsFallback AI] Solver <ConvHipImplicitGemmGroupFwdXdlops>, workspace required: 19677184, provided ptr: 0x752f38ec0000 size: 19660800
MIOpen(HIP): Warning [IsEnoughWorkspace] [GetSolutionsFallback AI] Solver <GemmFwdRest>, workspace required: 103219200, provided ptr: 0x752f3a630000 size: 29519872
MIOpen(HIP): Warning [IsEnoughWorkspace] [GetSolutionsFallback AI] Solver <ConvHipImplicitGemmGroupFwdXdlops>, workspace required: 29495296, provided ptr: 0x752f3e800000 size: 29491200
MIOpen(HIP): Warning [IsEnoughWorkspace] [GetSolutionsFallback AI] Solver <ConvHipImplicitGemmGroupFwdXdlops>, workspace required: 15207424, provided ptr: 0x752f37c00000 size: 14746624
MIOpen(HIP): Warning [IsEnoughWorkspace] [GetSolutionsFallback AI] Solver <GemmFwdRest>, workspace required: 103219200, provided ptr: 0x752f37c00000 size: 14746624
MIOpen(HIP): Warning [IsEnoughWorkspace] [GetSolutionsFallback AI] Solver <ConvHipImplicitGemmGroupFwdXdlops>, workspace required: 9203712, provided ptr: 0x752e4e2c0000 size: 2609152
MIOpen(HIP): Warning [IsEnoughWorkspace] [GetSolutionsFallback AI] Solver <ConvAsmImplicitGemmGTCDynamicFwdXdlopsNHWC>, workspace required: 9203712, provided ptr: 0x752e4e2c0000 size: 2609152
MIOpen(HIP): Warning [IsEnoughWorkspace] [GetSolutionsFallback WTI] Solver <ConvAsmImplicitGemmGTCDynamicBwdXdlopsNHWC>, workspace required: 41009152, provided ptr: 0x752fe0ec0000 size: 11927552
MIOpen(HIP): Warning [IsEnoughWorkspace] [GetSolutionsFallback WTI] Solver <ConvHipImplicitGemmGroupBwdXdlops>, workspace required: 41009152, provided ptr: 0x752fe0ec0000 size: 11927552
MIOpen(HIP): Warning [IsEnoughWorkspace] [GetSolutionsFallback AI] Solver <GemmFwdRest>, workspace required: 41746432, provided ptr: 0x752f37c00000 size: 19267584
MIOpen(HIP): Warning [IsEnoughWorkspace] [GetSolutionsFallback AI] Solver <GemmFwdRest>, workspace required: 104366080, provided ptr: 0x752f39870000 size: 31653888
MIOpen(HIP): Warning [IsEnoughWorkspace] [GetSolutionsFallback AI] Solver <ConvHipImplicitGemmGroupFwdXdlops>, workspace required: 30081024, provided ptr: 0x752f3a6a8000 size: 29818880
MIOpen(HIP): Warning [IsEnoughWorkspace] [GetSolutionsFallback AI] Solver <GemmFwdRest>, workspace required: 208732160, provided ptr: 0x752f40470000 size: 60096512
MIOpen(HIP): Warning [IsEnoughWorkspace] [GetSolutionsFallback AI] Solver <ConvHipImplicitGemmGroupFwdXdlops>, workspace required: 59703296, provided ptr: 0x752f420e0000 size: 59637760
MIOpen(HIP): Warning [IsEnoughWorkspace] [GetSolutionsFallback WTI] Solver <ConvAsmImplicitGemmGTCDynamicBwdXdlopsNHWC>, workspace required: 59768832, provided ptr: 0x752f40470000 size: 59637760
MIOpen(HIP): Warning [IsEnoughWorkspace] [GetSolutionsFallback WTI] Solver <ConvHipImplicitGemmGroupBwdXdlops>, workspace required: 59768832, provided ptr: 0x752f40470000 size: 59637760
MIOpen(HIP): Warning [IsEnoughWorkspace] [GetSolutionsFallback AI] Solver <GemmFwdRest>, workspace required: 208732160, provided ptr: 0x752f420e0000 size: 59752448
MIOpen(HIP): Warning [IsEnoughWorkspace] [GetSolutionsFallback AI] Solver <ConvHipImplicitGemmGroupFwdXdlops>, workspace required: 59654144, provided ptr: 0x752f43d50000 size: 59637760
MIOpen(HIP): Warning [IsEnoughWorkspace] [GetSolutionsFallback AI] Solver <GemmFwdRest>, workspace required: 313098240, provided ptr: 0x752f43d50000 size: 89485312
MIOpen(HIP): Warning [IsEnoughWorkspace] [GetSolutionsFallback AI] Solver <ConvHipImplicitGemmGroupFwdXdlops>, workspace required: 89460736, provided ptr: 0x752f467f8000 size: 89456640
MIOpen(HIP): Warning [IsEnoughWorkspace] [GetSolutionsFallback AI] Solver <ConvHipImplicitGemmGroupFwdXdlops>, workspace required: 46127104, provided ptr: 0x752f37c00000 size: 44729344
MIOpen(HIP): Warning [IsEnoughWorkspace] [GetSolutionsFallback AI] Solver <GemmFwdRest>, workspace required: 313098240, provided ptr: 0x752f37c00000 size: 44729344
[0;36m(APIServer pid=47055)[0;0m [32mINFO[0m [90m10-07 15:24:24[0m [90m[stats.py:902][0m [OmniTiming] req=speech-ab67e056edb9d0aa-a36e6447 total=7.37s engine=7.37s stages=[0:7.37s]
INFO:     127.0.0.1:52128 - "POST /v1/audio/speech HTTP/1.1" 200 OK
[0;36m(APIServer pid=47055)[0;0m [32mINFO[0m [90m10-07 15:24:24[0m [90m[serving_speech.py:2423][0m Diffusion TTS speech request speech-aa68279269240b3e: voice_clone=False
[0;36m(APIServer pid=47055)[0;0m [32mINFO[0m [90m10-07 15:24:24[0m [90m[serving_speech.py:2471][0m Applied diffusion speech params: seed=42 extra_params={}
[0;36m(APIServer pid=47055)[0;0m [32mINFO[0m [90m10-07 15:24:24[0m [90m[diffusion_engine.py:764][0m [RequestBatch] admission wait done waiting=1 max_batch=8 waited_ms=2.1
MIOpen(HIP): Warning [IsEnoughWorkspace] [GetSolutionsFallback AI] Solver <ConvHipImplicitGemmGroupFwdXdlops>, workspace required: 8840192, provided ptr: 0x752e4e2c0000 size: 2100224
MIOpen(HIP): Warning [IsEnoughWorkspace] [GetSolutionsFallback AI] Solver <ConvAsmImplicitGemmGTCDynamicFwdXdlopsNHWC>, workspace required: 8840192, provided ptr: 0x752e4e2c0000 size: 2100224
MIOpen(HIP): Warning [IsEnoughWorkspace] [GetSolutionsFallback WTI] Solver <ConvAsmImplicitGemmGTCDynamicBwdXdlopsNHWC>, workspace required: 39555072, provided ptr: 0x752f13200000 size: 9601024
MIOpen(HIP): Warning [IsEnoughWorkspace] [GetSolutionsFallback WTI] Solver <ConvHipImplicitGemmGroupBwdXdlops>, workspace required: 39555072, provided ptr: 0x752f13200000 size: 9601024
MIOpen(HIP): Warning [IsEnoughWorkspace] [GetSolutionsFallback AI] Solver <GemmFwdRest>, workspace required: 33603584, provided ptr: 0x752fe0ec0000 size: 16941056
MIOpen(HIP): Warning [IsEnoughWorkspace] [GetSolutionsFallback AI] Solver <GemmFwdRest>, workspace required: 84008960, provided ptr: 0x752f392e4000 size: 25837568
MIOpen(HIP): Warning [IsEnoughWorkspace] [GetSolutionsFallback AI] Solver <ConvHipImplicitGemmGroupFwdXdlops>, workspace required: 24264704, provided ptr: 0x752f39e56000 size: 24002560
MIOpen(HIP): Warning [IsEnoughWorkspace] [GetSolutionsFallback AI] Solver <GemmFwdRest>, workspace required: 168017920, provided ptr: 0x752f3fee4000 size: 48463872
MIOpen(HIP): Warning [IsEnoughWorkspace] [GetSolutionsFallback AI] Solver <ConvHipImplicitGemmGroupFwdXdlops>, workspace required: 48070656, provided ptr: 0x752f415c8000 size: 48005120
MIOpen(HIP): Warning [IsEnoughWorkspace] [GetSolutionsFallback WTI] Solver <ConvAsmImplicitGemmGTCDynamicBwdXdlopsNHWC>, workspace required: 48136192, provided ptr: 0x752f3fee4000 size: 48005120
MIOpen(HIP): Warning [IsEnoughWorkspace] [GetSolutionsFallback WTI] Solver <ConvHipImplicitGemmGroupBwdXdlops>, workspace required: 48136192, provided ptr: 0x752f3fee4000 size: 48005120
MIOpen(HIP): Warning [IsEnoughWorkspace] [GetSolutionsFallback AI] Solver <GemmFwdRest>, workspace required: 168017920, provided ptr: 0x752f3fee4000 size: 48119808
MIOpen(HIP): Warning [IsEnoughWorkspace] [GetSolutionsFallback AI] Solver <ConvHipImplicitGemmGroupFwdXdlops>, workspace required: 48021504, provided ptr: 0x752f415c8000 size: 48005120
MIOpen(HIP): Warning [IsEnoughWorkspace] [GetSolutionsFallback AI] Solver <GemmFwdRest>, workspace required: 252026880, provided ptr: 0x752f42cac000 size: 72036352
MIOpen(HIP): Warning [IsEnoughWorkspace] [GetSolutionsFallback AI] Solver <ConvHipImplicitGemmGroupFwdXdlops>, workspace required: 72011776, provided ptr: 0x752f44f02000 size: 72007680
MIOpen(HIP): Warning [IsEnoughWorkspace] [GetSolutionsFallback AI] Solver <ConvHipImplicitGemmGroupFwdXdlops>, workspace required: 37129984, provided ptr: 0x752f37c00000 size: 36004864
MIOpen(HIP): Warning [IsEnoughWorkspace] [GetSolutionsFallback AI] Solver <GemmFwdRest>, workspace required: 252026880, provided ptr: 0x752f37c00000 size: 36004864
MIOpen(HIP): Warning [IsEnoughWorkspace] [GetSolutionsFallback AI] Solver <ConvHipImplicitGemmGroupFwdXdlops>, workspace required: 8440832, provided ptr: 0x752e4f280000 size: 1541120
MIOpen(HIP): Warning [IsEnoughWorkspace] [GetSolutionsFallback AI] Solver <ConvAsmImplicitGemmGTCDynamicFwdXdlopsNHWC>, workspace required: 8440832, provided ptr: 0x752e4f280000 size: 1541120
MIOpen(HIP): Warning [IsEnoughWorkspace] [GetSolutionsFallback WTI] Solver <ConvAsmImplicitGemmGTCDynamicBwdXdlopsNHWC>, workspace required: 37957632, provided ptr: 0x752f13200000 size: 7045120
MIOpen(HIP): Warning [IsEnoughWorkspace] [GetSolutionsFallback WTI] Solver <ConvHipImplicitGemmGroupBwdXdlops>, workspace required: 37957632, provided ptr: 0x752f13200000 size: 7045120
MIOpen(HIP): Warning [IsEnoughWorkspace] [GetSolutionsFallback AI] Solver <GemmFwdRest>, workspace required: 24657920, provided ptr: 0x752fe0ec0000 size: 14385152
MIOpen(HIP): Warning [IsEnoughWorkspace] [GetSolutionsFallback AI] Solver <GemmFwdRest>, workspace required: 61644800, provided ptr: 0x752f38466000 size: 19447808
MIOpen(HIP): Warning [IsEnoughWorkspace] [GetSolutionsFallback AI] Solver <ConvHipImplicitGemmGroupFwdXdlops>, workspace required: 17874944, provided ptr: 0x752f38ccc000 size: 17612800
MIOpen(HIP): Warning [IsEnoughWorkspace] [GetSolutionsFallback AI] Solver <GemmFwdRest>, workspace required: 123289600, provided ptr: 0x752f3e800000 size: 35684352
MIOpen(HIP): Warning [IsEnoughWorkspace] [GetSolutionsFallback AI] Solver <ConvHipImplicitGemmGroupFwdXdlops>, workspace required: 35291136, provided ptr: 0x752f3e800000 size: 35225600
MIOpen(HIP): Warning [IsEnoughWorkspace] [GetSolutionsFallback WTI] Solver <ConvAsmImplicitGemmGTCDynamicBwdXdlopsNHWC>, workspace required: 35356672, provided ptr: 0x752f3a5fe000 size: 35225600
MIOpen(HIP): Warning [IsEnoughWorkspace] [GetSolutionsFallback WTI] Solver <ConvHipImplicitGemmGroupBwdXdlops>, workspace required: 35356672, provided ptr: 0x752f3a5fe000 size: 35225600
MIOpen(HIP): Warning [IsEnoughWorkspace] [GetSolutionsFallback AI] Solver <GemmFwdRest>, workspace required: 123289600, provided ptr: 0x752f3e800000 size: 35340288
MIOpen(HIP): Warning [IsEnoughWorkspace] [GetSolutionsFallback AI] Solver <ConvHipImplicitGemmGroupFwdXdlops>, workspace required: 35241984, provided ptr: 0x752f3e800000 size: 35225600
MIOpen(HIP): Warning [IsEnoughWorkspace] [GetSolutionsFallback AI] Solver <GemmFwdRest>, workspace required: 184934400, provided ptr: 0x752f41a64000 size: 52867072
MIOpen(HIP): Warning [IsEnoughWorkspace] [GetSolutionsFallback AI] Solver <ConvHipImplicitGemmGroupFwdXdlops>, workspace required: 52842496, provided ptr: 0x752f43396000 size: 52838400
MIOpen(HIP): Warning [IsEnoughWorkspace] [GetSolutionsFallback AI] Solver <ConvHipImplicitGemmGroupFwdXdlops>, workspace required: 27245824, provided ptr: 0x752f39532000 size: 26420224
MIOpen(HIP): Warning [IsEnoughWorkspace] [GetSolutionsFallback AI] Solver <GemmFwdRest>, workspace required: 184934400, provided ptr: 0x752f39532000 size: 26420224
MIOpen(HIP): Warning [IsEnoughWorkspace] [GetSolutionsFallback AI] Solver <ConvHipImplicitGemmGroupFwdXdlops>, workspace required: 8307712, provided ptr: 0x752e4f280000 size: 1354752
MIOpen(HIP): Warning [IsEnoughWorkspace] [GetSolutionsFallback AI] Solver <ConvAsmImplicitGemmGTCDynamicFwdXdlopsNHWC>, workspace required: 8307712, provided ptr: 0x752e4f280000 size: 1354752
MIOpen(HIP): Warning [IsEnoughWorkspace] [GetSolutionsFallback WTI] Solver <ConvAsmImplicitGemmGTCDynamicBwdXdlopsNHWC>, workspace required: 37425152, provided ptr: 0x752f13200000 size: 6193152
MIOpen(HIP): Warning [IsEnoughWorkspace] [GetSolutionsFallback WTI] Solver <ConvHipImplicitGemmGroupBwdXdlops>, workspace required: 37425152, provided ptr: 0x752f13200000 size: 6193152
MIOpen(HIP): Warning [IsEnoughWorkspace] [GetSolutionsFallback AI] Solver <GemmFwdRest>, workspace required: 21676032, provided ptr: 0x752fe0ec0000 size: 13533184
MIOpen(HIP): Warning [IsEnoughWorkspace] [GetSolutionsFallback WTI] Solver <ConvAsmImplicitGemmGTCDynamicBwdXdlopsNHWC>, workspace required: 16080896, provided ptr: 0x752fe0ec0000 size: 15482880
MIOpen(HIP): Warning [IsEnoughWorkspace] [GetSolutionsFallback WTI] Solver <ConvHipImplicitGemmGroupBwdXdlops>, workspace required: 16080896, provided ptr: 0x752fe0ec0000 size: 15482880
MIOpen(HIP): Warning [IsEnoughWorkspace] [GetSolutionsFallback AI] Solver <GemmFwdRest>, workspace required: 54190080, provided ptr: 0x752f37c00000 size: 17317888
MIOpen(HIP): Warning [IsEnoughWorkspace] [GetSolutionsFallback AI] Solver <ConvAsmImplicitGemmGTCDynamicFwdXdlopsNHWC>, workspace required: 15482880, provided ptr: 0 size: 0
MIOpen(HIP): Warning [IsEnoughWorkspace] [GetSolutionsFallback AI] Solver <ConvHipImplicitGemmGroupFwdXdlops>, workspace required: 15745024, provided ptr: 0 size: 0
MIOpen(HIP): Warning [IsEnoughWorkspace] [GetSolutionsFallback AI] Solver <GemmFwdRest>, workspace required: 108380160, provided ptr: 0x752f3a84c000 size: 31424512
MIOpen(HIP): Warning [IsEnoughWorkspace] [GetSolutionsFallback AI] Solver <ConvHipImplicitGemmGroupFwdXdlops>, workspace required: 31031296, provided ptr: 0x752f3e800000 size: 30965760
MIOpen(HIP): Warning [IsEnoughWorkspace] [GetSolutionsFallback WTI] Solver <ConvAsmImplicitGemmGTCDynamicBwdXdlopsNHWC>, workspace required: 31096832, provided ptr: 0x752f39988000 size: 30965760
MIOpen(HIP): Warning [IsEnoughWorkspace] [GetSolutionsFallback WTI] Solver <ConvHipImplicitGemmGroupBwdXdlops>, workspace required: 31096832, provided ptr: 0x752f39988000 size: 30965760
MIOpen(HIP): Warning [IsEnoughWorkspace] [GetSolutionsFallback AI] Solver <GemmFwdRest>, workspace required: 108380160, provided ptr: 0x752f3a84c000 size: 31080448
MIOpen(HIP): Warning [IsEnoughWorkspace] [GetSolutionsFallback AI] Solver <ConvHipImplicitGemmGroupFwdXdlops>, workspace required: 30982144, provided ptr: 0x752f3e800000 size: 30965760
MIOpen(HIP): Warning [IsEnoughWorkspace] [GetSolutionsFallback AI] Solver <GemmFwdRest>, workspace required: 162570240, provided ptr: 0x752f3fe26000 size: 46477312
MIOpen(HIP): Warning [IsEnoughWorkspace] [GetSolutionsFallback AI] Solver <ConvHipImplicitGemmGroupFwdXdlops>, workspace required: 46452736, provided ptr: 0x752f4144c000 size: 46448640
MIOpen(HIP): Warning [IsEnoughWorkspace] [GetSolutionsFallback AI] Solver <ConvHipImplicitGemmGroupFwdXdlops>, workspace required: 23951104, provided ptr: 0x752f39226000 size: 23225344
MIOpen(HIP): Warning [IsEnoughWorkspace] [GetSolutionsFallback AI] Solver <GemmFwdRest>, workspace required: 162570240, provided ptr: 0x752f39226000 size: 23225344
MIOpen(HIP): Warning [IsEnoughWorkspace] [GetSolutionsFallback AI] Solver <ConvHipImplicitGemmGroupFwdXdlops>, workspace required: 9208832, provided ptr: 0x752e4e2c0000 size: 2616320
MIOpen(HIP): Warning [IsEnoughWorkspace] [GetSolutionsFallback AI] Solver <ConvAsmImplicitGemmGTCDynamicFwdXdlopsNHWC>, workspace required: 9208832, provided ptr: 0x752e4e2c0000 size: 2616320
MIOpen(HIP): Warning [IsEnoughWorkspace] [GetSolutionsFallback WTI] Solver <ConvAsmImplicitGemmGTCDynamicBwdXdlopsNHWC>, workspace required: 41029632, provided ptr: 0x752fe0ec0000 size: 11960320
MIOpen(HIP): Warning [IsEnoughWorkspace] [GetSolutionsFallback WTI] Solver <ConvHipImplicitGemmGroupBwdXdlops>, workspace required: 41029632, provided ptr: 0x752fe0ec0000 size: 11960320
MIOpen(HIP): Warning [IsEnoughWorkspace] [GetSolutionsFallback AI] Solver <GemmFwdRest>, workspace required: 41861120, provided ptr: 0x752f37c00000 size: 19300352
MIOpen(HIP): Warning [IsEnoughWorkspace] [GetSolutionsFallback AI] Solver <GemmFwdRest>, workspace required: 104652800, provided ptr: 0x752f39884000 size: 31735808
MIOpen(HIP): Warning [IsEnoughWorkspace] [GetSolutionsFallback AI] Solver <ConvHipImplicitGemmGroupFwdXdlops>, workspace required: 30162944, provided ptr: 0x752f3a6c6000 size: 29900800
MIOpen(HIP): Warning [IsEnoughWorkspace] [GetSolutionsFallback AI] Solver <GemmFwdRest>, workspace required: 209305600, provided ptr: 0x752f40484000 size: 60260352
MIOpen(HIP): Warning [IsEnoughWorkspace] [GetSolutionsFallback AI] Solver <ConvHipImplicitGemmGroupFwdXdlops>, workspace required: 59867136, provided ptr: 0x752f42108000 size: 59801600
MIOpen(HIP): Warning [IsEnoughWorkspace] [GetSolutionsFallback WTI] Solver <ConvAsmImplicitGemmGTCDynamicBwdXdlopsNHWC>, workspace required: 59932672, provided ptr: 0x752f40484000 size: 59801600
MIOpen(HIP): Warning [IsEnoughWorkspace] [GetSolutionsFallback WTI] Solver <ConvHipImplicitGemmGroupBwdXdlops>, workspace required: 59932672, provided ptr: 0x752f40484000 size: 59801600
MIOpen(HIP): Warning [IsEnoughWorkspace] [GetSolutionsFallback AI] Solver <GemmFwdRest>, workspace required: 209305600, provided ptr: 0x752f42108000 size: 59916288
MIOpen(HIP): Warning [IsEnoughWorkspace] [GetSolutionsFallback AI] Solver <ConvHipImplicitGemmGroupFwdXdlops>, workspace required: 59817984, provided ptr: 0x752f43d8c000 size: 59801600
MIOpen(HIP): Warning [IsEnoughWorkspace] [GetSolutionsFallback AI] Solver <GemmFwdRest>, workspace required: 313958400, provided ptr: 0x752f43d8c000 size: 89731072
MIOpen(HIP): Warning [IsEnoughWorkspace] [GetSolutionsFallback AI] Solver <ConvHipImplicitGemmGroupFwdXdlops>, workspace required: 89706496, provided ptr: 0x752f46852000 size: 89702400
MIOpen(HIP): Warning [IsEnoughWorkspace] [GetSolutionsFallback AI] Solver <ConvHipImplicitGemmGroupFwdXdlops>, workspace required: 46253824, provided ptr: 0x752f37c00000 size: 44852224
MIOpen(HIP): Warning [IsEnoughWorkspace] [GetSolutionsFallback AI] Solver <GemmFwdRest>, workspace required: 313958400, provided ptr: 0x752f37c00000 size: 44852224
[0;36m(APIServer pid=47055)[0;0m [32mINFO[0m [90m10-07 15:24:30[0m [90m[stats.py:902][0m [OmniTiming] req=speech-aa68279269240b3e-a8d5810f total=5.76s engine=5.76s stages=[0:5.76s]
INFO:     127.0.0.1:52128 - "POST /v1/audio/speech HTTP/1.1" 200 OK
[0;36m(APIServer pid=47055)[0;0m [32mINFO[0m [90m10-07 15:24:30[0m [90m[serving_speech.py:2423][0m Diffusion TTS speech request speech-ab9031a7767f772b: voice_clone=False
[0;36m(APIServer pid=47055)[0;0m [32mINFO[0m [90m10-07 15:24:30[0m [90m[serving_speech.py:2471][0m Applied diffusion speech params: seed=42 extra_params={}
[0;36m(APIServer pid=47055)[0;0m [32mINFO[0m [90m10-07 15:24:30[0m [90m[diffusion_engine.py:764][0m [RequestBatch] admission wait done waiting=1 max_batch=8 waited_ms=2.1
MIOpen(HIP): Warning [IsEnoughWorkspace] [GetSolutionsFallback AI] Solver <ConvHipImplicitGemmGroupFwdXdlops>, workspace required: 8809472, provided ptr: 0x752e4e2c0000 size: 2057216
MIOpen(HIP): Warning [IsEnoughWorkspace] [GetSolutionsFallback AI] Solver <ConvAsmImplicitGemmGTCDynamicFwdXdlopsNHWC>, workspace required: 8809472, provided ptr: 0x752e4e2c0000 size: 2057216
MIOpen(HIP): Warning [IsEnoughWorkspace] [GetSolutionsFallback WTI] Solver <ConvAsmImplicitGemmGTCDynamicBwdXdlopsNHWC>, workspace required: 39432192, provided ptr: 0x752f13200000 size: 9404416
MIOpen(HIP): Warning [IsEnoughWorkspace] [GetSolutionsFallback WTI] Solver <ConvHipImplicitGemmGroupBwdXdlops>, workspace required: 39432192, provided ptr: 0x752f13200000 size: 9404416
MIOpen(HIP): Warning [IsEnoughWorkspace] [GetSolutionsFallback AI] Solver <GemmFwdRest>, workspace required: 32915456, provided ptr: 0x752fe0ec0000 size: 16744448
MIOpen(HIP): Warning [IsEnoughWorkspace] [GetSolutionsFallback AI] Solver <GemmFwdRest>, workspace required: 82288640, provided ptr: 0x752f3926c000 size: 25346048
MIOpen(HIP): Warning [IsEnoughWorkspace] [GetSolutionsFallback AI] Solver <ConvHipImplicitGemmGroupFwdXdlops>, workspace required: 23773184, provided ptr: 0x752f39da2000 size: 23511040
MIOpen(HIP): Warning [IsEnoughWorkspace] [GetSolutionsFallback AI] Solver <GemmFwdRest>, workspace required: 164577280, provided ptr: 0x752f3fe6c000 size: 47480832
MIOpen(HIP): Warning [IsEnoughWorkspace] [GetSolutionsFallback AI] Solver <ConvHipImplicitGemmGroupFwdXdlops>, workspace required: 47087616, provided ptr: 0x752f414d8000 size: 47022080
MIOpen(HIP): Warning [IsEnoughWorkspace] [GetSolutionsFallback WTI] Solver <ConvAsmImplicitGemmGTCDynamicBwdXdlopsNHWC>, workspace required: 47153152, provided ptr: 0x752f3fe6c000 size: 47022080
MIOpen(HIP): Warning [IsEnoughWorkspace] [GetSolutionsFallback WTI] Solver <ConvHipImplicitGemmGroupBwdXdlops>, workspace required: 47153152, provided ptr: 0x752f3fe6c000 size: 47022080
MIOpen(HIP): Warning [IsEnoughWorkspace] [GetSolutionsFallback AI] Solver <GemmFwdRest>, workspace required: 164577280, provided ptr: 0x752f3fe6c000 size: 47136768
MIOpen(HIP): Warning [IsEnoughWorkspace] [GetSolutionsFallback AI] Solver <ConvHipImplicitGemmGroupFwdXdlops>, workspace required: 47038464, provided ptr: 0x752f414d8000 size: 47022080
MIOpen(HIP): Warning [IsEnoughWorkspace] [GetSolutionsFallback AI] Solver <GemmFwdRest>, workspace required: 246865920, provided ptr: 0x752f42b44000 size: 70561792
MIOpen(HIP): Warning [IsEnoughWorkspace] [GetSolutionsFallback AI] Solver <ConvHipImplicitGemmGroupFwdXdlops>, workspace required: 70537216, provided ptr: 0x752f44ce6000 size: 70533120
MIOpen(HIP): Warning [IsEnoughWorkspace] [GetSolutionsFallback AI] Solver <ConvHipImplicitGemmGroupFwdXdlops>, workspace required: 36369664, provided ptr: 0x752f37c00000 size: 35267584
MIOpen(HIP): Warning [IsEnoughWorkspace] [GetSolutionsFallback AI] Solver <GemmFwdRest>, workspace required: 246865920, provided ptr: 0x752f37c00000 size: 35267584
MIOpen(HIP): Warning [IsEnoughWorkspace] [GetSolutionsFallback AI] Solver <ConvHipImplicitGemmGroupFwdXdlops>, workspace required: 8896512, provided ptr: 0x752e4e2c0000 size: 2179072
MIOpen(HIP): Warning [IsEnoughWorkspace] [GetSolutionsFallback AI] Solver <ConvAsmImplicitGemmGTCDynamicFwdXdlopsNHWC>, workspace required: 8896512, provided ptr: 0x752e4e2c0000 size: 2179072
MIOpen(HIP): Warning [IsEnoughWorkspace] [GetSolutionsFallback WTI] Solver <ConvAsmImplicitGemmGTCDynamicBwdXdlopsNHWC>, workspace required: 39780352, provided ptr: 0x752f13200000 size: 9961472
MIOpen(HIP): Warning [IsEnoughWorkspace] [GetSolutionsFallback WTI] Solver <ConvHipImplicitGemmGroupBwdXdlops>, workspace required: 39780352, provided ptr: 0x752f13200000 size: 9961472
MIOpen(HIP): Warning [IsEnoughWorkspace] [GetSolutionsFallback AI] Solver <GemmFwdRest>, workspace required: 34865152, provided ptr: 0x752fe0ec0000 size: 17301504
MIOpen(HIP): Warning [IsEnoughWorkspace] [GetSolutionsFallback AI] Solver <GemmFwdRest>, workspace required: 87162880, provided ptr: 0x752f393c0000 size: 26738688
MIOpen(HIP): Warning [IsEnoughWorkspace] [GetSolutionsFallback AI] Solver <ConvHipImplicitGemmGroupFwdXdlops>, workspace required: 25165824, provided ptr: 0x752f39fa0000 size: 24903680
MIOpen(HIP): Warning [IsEnoughWorkspace] [GetSolutionsFallback AI] Solver <GemmFwdRest>, workspace required: 174325760, provided ptr: 0x752f3ffc0000 size: 50266112
MIOpen(HIP): Warning [IsEnoughWorkspace] [GetSolutionsFallback AI] Solver <ConvHipImplicitGemmGroupFwdXdlops>, workspace required: 49872896, provided ptr: 0x752f41780000 size: 49807360
MIOpen(HIP): Warning [IsEnoughWorkspace] [GetSolutionsFallback WTI] Solver <ConvAsmImplicitGemmGTCDynamicBwdXdlopsNHWC>, workspace required: 49938432, provided ptr: 0x752f3ffc0000 size: 49807360
MIOpen(HIP): Warning [IsEnoughWorkspace] [GetSolutionsFallback WTI] Solver <ConvHipImplicitGemmGroupBwdXdlops>, workspace required: 49938432, provided ptr: 0x752f3ffc0000 size: 49807360
MIOpen(HIP): Warning [IsEnoughWorkspace] [GetSolutionsFallback AI] Solver <GemmFwdRest>, workspace required: 174325760, provided ptr: 0x752f3ffc0000 size: 49922048
MIOpen(HIP): Warning [IsEnoughWorkspace] [GetSolutionsFallback AI] Solver <ConvHipImplicitGemmGroupFwdXdlops>, workspace required: 49823744, provided ptr: 0x752f41780000 size: 49807360
MIOpen(HIP): Warning [IsEnoughWorkspace] [GetSolutionsFallback AI] Solver <GemmFwdRest>, workspace required: 261488640, provided ptr: 0x752f42f40000 size: 74739712
MIOpen(HIP): Warning [IsEnoughWorkspace] [GetSolutionsFallback AI] Solver <ConvHipImplicitGemmGroupFwdXdlops>, workspace required: 74715136, provided ptr: 0x752f452e0000 size: 74711040
MIOpen(HIP): Warning [IsEnoughWorkspace] [GetSolutionsFallback AI] Solver <ConvHipImplicitGemmGroupFwdXdlops>, workspace required: 38523904, provided ptr: 0x752f37c00000 size: 37356544
MIOpen(HIP): Warning [IsEnoughWorkspace] [GetSolutionsFallback AI] Solver <GemmFwdRest>, workspace required: 261488640, provided ptr: 0x752f37c00000 size: 37356544
MIOpen(HIP): Warning [IsEnoughWorkspace] [GetSolutionsFallback AI] Solver <ConvHipImplicitGemmGroupFwdXdlops>, workspace required: 9044992, provided ptr: 0x752e4e2c0000 size: 2386944
MIOpen(HIP): Warning [IsEnoughWorkspace] [GetSolutionsFallback AI] Solver <ConvAsmImplicitGemmGTCDynamicFwdXdlopsNHWC>, workspace required: 9044992, provided ptr: 0x752e4e2c0000 size: 2386944
MIOpen(HIP): Warning [IsEnoughWorkspace] [GetSolutionsFallback WTI] Solver <ConvAsmImplicitGemmGTCDynamicBwdXdlopsNHWC>, workspace required: 40374272, provided ptr: 0x752fe0ec0000 size: 10911744
MIOpen(HIP): Warning [IsEnoughWorkspace] [GetSolutionsFallback WTI] Solver <ConvHipImplicitGemmGroupBwdXdlops>, workspace required: 40374272, provided ptr: 0x752fe0ec0000 size: 10911744
MIOpen(HIP): Warning [IsEnoughWorkspace] [GetSolutionsFallback AI] Solver <GemmFwdRest>, workspace required: 38191104, provided ptr: 0x752f37c00000 size: 18251776
MIOpen(HIP): Warning [IsEnoughWorkspace] [GetSolutionsFallback AI] Solver <GemmFwdRest>, workspace required: 95477760, provided ptr: 0x752f38902000 size: 29114368
MIOpen(HIP): Warning [IsEnoughWorkspace] [GetSolutionsFallback AI] Solver <ConvHipImplicitGemmGroupFwdXdlops>, workspace required: 27541504, provided ptr: 0x752f39604000 size: 27279360
MIOpen(HIP): Warning [IsEnoughWorkspace] [GetSolutionsFallback AI] Solver <GemmFwdRest>, workspace required: 190955520, provided ptr: 0x752f40204000 size: 55017472
MIOpen(HIP): Warning [IsEnoughWorkspace] [GetSolutionsFallback AI] Solver <ConvHipImplicitGemmGroupFwdXdlops>, workspace required: 54624256, provided ptr: 0x752f41c08000 size: 54558720
MIOpen(HIP): Warning [IsEnoughWorkspace] [GetSolutionsFallback WTI] Solver <ConvAsmImplicitGemmGTCDynamicBwdXdlopsNHWC>, workspace required: 54689792, provided ptr: 0x752f40204000 size: 54558720
MIOpen(HIP): Warning [IsEnoughWorkspace] [GetSolutionsFallback WTI] Solver <ConvHipImplicitGemmGroupBwdXdlops>, workspace required: 54689792, provided ptr: 0x752f40204000 size: 54558720
MIOpen(HIP): Warning [IsEnoughWorkspace] [GetSolutionsFallback AI] Solver <GemmFwdRest>, workspace required: 190955520, provided ptr: 0x752f41c08000 size: 54673408
MIOpen(HIP): Warning [IsEnoughWorkspace] [GetSolutionsFallback AI] Solver <ConvHipImplicitGemmGroupFwdXdlops>, workspace required: 54575104, provided ptr: 0x752f4360c000 size: 54558720
MIOpen(HIP): Warning [IsEnoughWorkspace] [GetSolutionsFallback AI] Solver <GemmFwdRest>, workspace required: 286433280, provided ptr: 0x752f4360c000 size: 81866752
MIOpen(HIP): Warning [IsEnoughWorkspace] [GetSolutionsFallback AI] Solver <ConvHipImplicitGemmGroupFwdXdlops>, workspace required: 81842176, provided ptr: 0x752f45d12000 size: 81838080
MIOpen(HIP): Warning [IsEnoughWorkspace] [GetSolutionsFallback AI] Solver <ConvHipImplicitGemmGroupFwdXdlops>, workspace required: 42198784, provided ptr: 0x752f37c00000 size: 40920064
MIOpen(HIP): Warning [IsEnoughWorkspace] [GetSolutionsFallback AI] Solver <GemmFwdRest>, workspace required: 286433280, provided ptr: 0x752f37c00000 size: 40920064
MIOpen(HIP): Warning [IsEnoughWorkspace] [GetSolutionsFallback AI] Solver <ConvHipImplicitGemmGroupFwdXdlops>, workspace required: 9234432, provided ptr: 0x752e4e2c0000 size: 2652160
MIOpen(HIP): Warning [IsEnoughWorkspace] [GetSolutionsFallback AI] Solver <ConvAsmImplicitGemmGTCDynamicFwdXdlopsNHWC>, workspace required: 9234432, provided ptr: 0x752e4e2c0000 size: 2652160
MIOpen(HIP): Warning [IsEnoughWorkspace] [GetSolutionsFallback WTI] Solver <ConvAsmImplicitGemmGTCDynamicBwdXdlopsNHWC>, workspace required: 41132032, provided ptr: 0x752fe0ec0000 size: 12124160
MIOpen(HIP): Warning [IsEnoughWorkspace] [GetSolutionsFallback WTI] Solver <ConvHipImplicitGemmGroupBwdXdlops>, workspace required: 41132032, provided ptr: 0x752fe0ec0000 size: 12124160
MIOpen(HIP): Warning [IsEnoughWorkspace] [GetSolutionsFallback AI] Solver <GemmFwdRest>, workspace required: 42434560, provided ptr: 0x752f37c00000 size: 19464192
MIOpen(HIP): Warning [IsEnoughWorkspace] [GetSolutionsFallback AI] Solver <GemmFwdRest>, workspace required: 106086400, provided ptr: 0x752f398e8000 size: 32145408
MIOpen(HIP): Warning [IsEnoughWorkspace] [GetSolutionsFallback AI] Solver <ConvHipImplicitGemmGroupFwdXdlops>, workspace required: 30572544, provided ptr: 0x752f3a75c000 size: 30310400
MIOpen(HIP): Warning [IsEnoughWorkspace] [GetSolutionsFallback AI] Solver <GemmFwdRest>, workspace required: 212172800, provided ptr: 0x752f404e8000 size: 61079552
MIOpen(HIP): Warning [IsEnoughWorkspace] [GetSolutionsFallback AI] Solver <ConvHipImplicitGemmGroupFwdXdlops>, workspace required: 60686336, provided ptr: 0x752f421d0000 size: 60620800
MIOpen(HIP): Warning [IsEnoughWorkspace] [GetSolutionsFallback WTI] Solver <ConvAsmImplicitGemmGTCDynamicBwdXdlopsNHWC>, workspace required: 60751872, provided ptr: 0x752f404e8000 size: 60620800
MIOpen(HIP): Warning [IsEnoughWorkspace] [GetSolutionsFallback WTI] Solver <ConvHipImplicitGemmGroupBwdXdlops>, workspace required: 60751872, provided ptr: 0x752f404e8000 size: 60620800
MIOpen(HIP): Warning [IsEnoughWorkspace] [GetSolutionsFallback AI] Solver <GemmFwdRest>, workspace required: 212172800, provided ptr: 0x752f421d0000 size: 60735488
MIOpen(HIP): Warning [IsEnoughWorkspace] [GetSolutionsFallback AI] Solver <ConvHipImplicitGemmGroupFwdXdlops>, workspace required: 60637184, provided ptr: 0x752f43eb8000 size: 60620800
MIOpen(HIP): Warning [IsEnoughWorkspace] [GetSolutionsFallback AI] Solver <GemmFwdRest>, workspace required: 318259200, provided ptr: 0x752f43eb8000 size: 90959872
MIOpen(HIP): Warning [IsEnoughWorkspace] [GetSolutionsFallback AI] Solver <ConvHipImplicitGemmGroupFwdXdlops>, workspace required: 90935296, provided ptr: 0x752f46a14000 size: 90931200
MIOpen(HIP): Warning [IsEnoughWorkspace] [GetSolutionsFallback AI] Solver <ConvHipImplicitGemmGroupFwdXdlops>, workspace required: 46887424, provided ptr: 0x752f37c00000 size: 45466624
MIOpen(HIP): Warning [IsEnoughWorkspace] [GetSolutionsFallback AI] Solver <GemmFwdRest>, workspace required: 318259200, provided ptr: 0x752f37c00000 size: 45466624
MIOpen(HIP): Warning [IsEnoughWorkspace] [GetSolutionsFallback AI] Solver <ConvAsmImplicitGemmGTCDynamicFwdXdlopsNHWC>, workspace required: 7534592, provided ptr: 0x752eacb83000 size: 272384
MIOpen(HIP): Warning [IsEnoughWorkspace] [GetSolutionsFallback AI] Solver <ConvHipImplicitGemmGroupFwdXdlops>, workspace required: 7534592, provided ptr: 0x752eacb83000 size: 272384
MIOpen(HIP): Warning [IsEnoughWorkspace] [GetSolutionsFallback WTI] Solver <ConvAsmImplicitGemmGTCDynamicBwdXdlopsNHWC>, workspace required: 34332672, provided ptr: 0x752e4f280000 size: 1245184
MIOpen(HIP): Warning [IsEnoughWorkspace] [GetSolutionsFallback WTI] Solver <ConvHipImplicitGemmGroupBwdXdlops>, workspace required: 34332672, provided ptr: 0x752e4f280000 size: 1245184
MIOpen(HIP): Warning [IsEnoughWorkspace] [GetSolutionsFallback AI] Solver <ConvHipImplicitGemmGroupFwdXdlops>, workspace required: 2293760, provided ptr: 0 size: 0
MIOpen(HIP): Warning [IsEnoughWorkspace] [GetSolutionsFallback AI] Solver <ConvAsmImplicitGemmGTCDynamicFwdXdlopsNHWC>, workspace required: 1245184, provided ptr: 0 size: 0
MIOpen(HIP): Warning [IsEnoughWorkspace] [GetSolutionsFallback WTI] Solver <ConvAsmImplicitGemmGTCDynamicFwdXdlopsNHWC>, workspace required: 8585216, provided ptr: 0x752e51a00000 size: 4358144
MIOpen(HIP): Warning [IsEnoughWorkspace] [GetSolutionsFallback WTI] Solver <ConvHipImplicitGemmGroupFwdXdlops>, workspace required: 8585216, provided ptr: 0x752e51a00000 size: 4358144
MIOpen(HIP): Warning [IsEnoughWorkspace] [GetSolutionsFallback WTI] Solver <ConvAsmImplicitGemmGTCDynamicFwdXdlopsNHWC>, workspace required: 8585216, provided ptr: 0x752e51a00000 size: 4358144
MIOpen(HIP): Warning [IsEnoughWorkspace] [GetSolutionsFallback WTI] Solver <ConvHipImplicitGemmGroupFwdXdlops>, workspace required: 8585216, provided ptr: 0x752e51a00000 size: 4358144
MIOpen(HIP): Warning [IsEnoughWorkspace] [GetSolutionsFallback WTI] Solver <ConvAsmImplicitGemmGTCDynamicBwdXdlopsNHWC>, workspace required: 7421952, provided ptr: 0x752e4e2c0000 size: 3112960
MIOpen(HIP): Warning [IsEnoughWorkspace] [GetSolutionsFallback WTI] Solver <ConvHipImplicitGemmGroupBwdXdlops>, workspace required: 7421952, provided ptr: 0x752e4e2c0000 size: 3112960
MIOpen(HIP): Warning [IsEnoughWorkspace] [GetSolutionsFallback AI] Solver <GemmFwdRest>, workspace required: 10895360, provided ptr: 0x752e51a00000 size: 4947968
MIOpen(HIP): Warning [IsEnoughWorkspace] [GetSolutionsFallback AI] Solver <GemmFwdRest>, workspace required: 21790720, provided ptr: 0x752f137f0000 size: 6684672
MIOpen(HIP): Warning [IsEnoughWorkspace] [GetSolutionsFallback AI] Solver <ConvAsmImplicitGemmGTCDynamicFwdXdlopsNHWC>, workspace required: 6225920, provided ptr: 0 size: 0
MIOpen(HIP): Warning [IsEnoughWorkspace] [GetSolutionsFallback AI] Solver <ConvHipImplicitGemmGroupFwdXdlops>, workspace required: 6291456, provided ptr: 0 size: 0
MIOpen(HIP): Warning [IsEnoughWorkspace] [GetSolutionsFallback WTI] Solver <ConvAsmImplicitGemmGTCDynamicBwdXdlopsNHWC>, workspace required: 6356992, provided ptr: 0x752f137f0000 size: 6225920
MIOpen(HIP): Warning [IsEnoughWorkspace] [GetSolutionsFallback WTI] Solver <ConvHipImplicitGemmGroupBwdXdlops>, workspace required: 6356992, provided ptr: 0x752f137f0000 size: 6225920
MIOpen(HIP): Warning [IsEnoughWorkspace] [GetSolutionsFallback AI] Solver <GemmFwdRest>, workspace required: 21790720, provided ptr: 0x752f137f0000 size: 6340608
MIOpen(HIP): Warning [IsEnoughWorkspace] [GetSolutionsFallback AI] Solver <ConvHipImplicitGemmGroupFwdXdlops>, workspace required: 6242304, provided ptr: 0x752fe0ec0000 size: 6225920
MIOpen(HIP): Warning [IsEnoughWorkspace] [GetSolutionsFallback AI] Solver <GemmFwdRest>, workspace required: 32686080, provided ptr: 0x752fe0ec0000 size: 9367552
MIOpen(HIP): Warning [IsEnoughWorkspace] [GetSolutionsFallback AI] Solver <ConvHipImplicitGemmGroupFwdXdlops>, workspace required: 9342976, provided ptr: 0x752fe1334000 size: 9338880
MIOpen(HIP): Warning [IsEnoughWorkspace] [GetSolutionsFallback AI] Solver <ConvHipImplicitGemmGroupFwdXdlops>, workspace required: 4816384, provided ptr: 0x752f13200000 size: 4670464
MIOpen(HIP): Warning [IsEnoughWorkspace] [GetSolutionsFallback AI] Solver <GemmFwdRest>, workspace required: 32686080, provided ptr: 0x752f13200000 size: 4670464
[0;36m(APIServer pid=47055)[0;0m [32mINFO[0m [90m10-07 15:24:35[0m [90m[stats.py:902][0m [OmniTiming] req=speech-ab9031a7767f772b-a5e72bd0 total=5.53s engine=5.53s stages=[0:5.53s]
INFO:     127.0.0.1:52128 - "POST /v1/audio/speech HTTP/1.1" 200 OK
[0;36m(APIServer pid=47055)[0;0m [32mINFO[0m [90m10-07 15:24:36[0m [90m[serving_speech.py:2423][0m Diffusion TTS speech request speech-a4ddf8d4dceeea4f: voice_clone=False
[0;36m(APIServer pid=47055)[0;0m [32mINFO[0m [90m10-07 15:24:36[0m [90m[serving_speech.py:2471][0m Applied diffusion speech params: seed=42 extra_params={}
[0;36m(APIServer pid=47055)[0;0m [32mINFO[0m [90m10-07 15:24:36[0m [90m[diffusion_engine.py:764][0m [RequestBatch] admission wait done waiting=1 max_batch=8 waited_ms=2.1
MIOpen(HIP): Warning [IsEnoughWorkspace] [GetSolutionsFallback AI] Solver <ConvHipImplicitGemmGroupFwdXdlops>, workspace required: 9142272, provided ptr: 0x752e4e2c0000 size: 2523136
MIOpen(HIP): Warning [IsEnoughWorkspace] [GetSolutionsFallback AI] Solver <ConvAsmImplicitGemmGTCDynamicFwdXdlopsNHWC>, workspace required: 9142272, provided ptr: 0x752e4e2c0000 size: 2523136
MIOpen(HIP): Warning [IsEnoughWorkspace] [GetSolutionsFallback WTI] Solver <ConvAsmImplicitGemmGTCDynamicBwdXdlopsNHWC>, workspace required: 40763392, provided ptr: 0x752fe0ec0000 size: 11534336
MIOpen(HIP): Warning [IsEnoughWorkspace] [GetSolutionsFallback WTI] Solver <ConvHipImplicitGemmGroupBwdXdlops>, workspace required: 40763392, provided ptr: 0x752fe0ec0000 size: 11534336
MIOpen(HIP): Warning [IsEnoughWorkspace] [GetSolutionsFallback AI] Solver <GemmFwdRest>, workspace required: 40370176, provided ptr: 0x752f37c00000 size: 18874368
MIOpen(HIP): Warning [IsEnoughWorkspace] [GetSolutionsFallback AI] Solver <GemmFwdRest>, workspace required: 100925440, provided ptr: 0x752f39780000 size: 30670848
MIOpen(HIP): Warning [IsEnoughWorkspace] [GetSolutionsFallback AI] Solver <ConvHipImplicitGemmGroupFwdXdlops>, workspace required: 29097984, provided ptr: 0x752f3a540000 size: 28835840
MIOpen(HIP): Warning [IsEnoughWorkspace] [GetSolutionsFallback AI] Solver <GemmFwdRest>, workspace required: 201850880, provided ptr: 0x752f40380000 size: 58130432
MIOpen(HIP): Warning [IsEnoughWorkspace] [GetSolutionsFallback AI] Solver <ConvHipImplicitGemmGroupFwdXdlops>, workspace required: 57737216, provided ptr: 0x752f41f00000 size: 57671680
MIOpen(HIP): Warning [IsEnoughWorkspace] [GetSolutionsFallback WTI] Solver <ConvAsmImplicitGemmGTCDynamicBwdXdlopsNHWC>, workspace required: 57802752, provided ptr: 0x752f40380000 size: 57671680
MIOpen(HIP): Warning [IsEnoughWorkspace] [GetSolutionsFallback WTI] Solver <ConvHipImplicitGemmGroupBwdXdlops>, workspace required: 57802752, provided ptr: 0x752f40380000 size: 57671680
MIOpen(HIP): Warning [IsEnoughWorkspace] [GetSolutionsFallback AI] Solver <GemmFwdRest>, workspace required: 201850880, provided ptr: 0x752f41f00000 size: 57786368
MIOpen(HIP): Warning [IsEnoughWorkspace] [GetSolutionsFallback AI] Solver <ConvHipImplicitGemmGroupFwdXdlops>, workspace required: 57688064, provided ptr: 0x752f43a80000 size: 57671680
MIOpen(HIP): Warning [IsEnoughWorkspace] [GetSolutionsFallback AI] Solver <GemmFwdRest>, workspace required: 302776320, provided ptr: 0x752f43a80000 size: 86536192
MIOpen(HIP): Warning [IsEnoughWorkspace] [GetSolutionsFallback AI] Solver <ConvHipImplicitGemmGroupFwdXdlops>, workspace required: 86511616, provided ptr: 0x752f463c0000 size: 86507520
MIOpen(HIP): Warning [IsEnoughWorkspace] [GetSolutionsFallback AI] Solver <ConvHipImplicitGemmGroupFwdXdlops>, workspace required: 44606464, provided ptr: 0x752f37c00000 size: 43254784
MIOpen(HIP): Warning [IsEnoughWorkspace] [GetSolutionsFallback AI] Solver <GemmFwdRest>, workspace required: 302776320, provided ptr: 0x752f37c00000 size: 43254784
MIOpen(HIP): Warning [IsEnoughWorkspace] [GetSolutionsFallback AI] Solver <ConvHipImplicitGemmGroupFwdXdlops>, workspace required: 8348672, provided ptr: 0x752e4f280000 size: 1412096
MIOpen(HIP): Warning [IsEnoughWorkspace] [GetSolutionsFallback AI] Solver <ConvAsmImplicitGemmGTCDynamicFwdXdlopsNHWC>, workspace required: 8348672, provided ptr: 0x752e4f280000 size: 1412096
MIOpen(HIP): Warning [IsEnoughWorkspace] [GetSolutionsFallback WTI] Solver <ConvAsmImplicitGemmGTCDynamicBwdXdlopsNHWC>, workspace required: 37588992, provided ptr: 0x752f13200000 size: 6455296
MIOpen(HIP): Warning [IsEnoughWorkspace] [GetSolutionsFallback WTI] Solver <ConvHipImplicitGemmGroupBwdXdlops>, workspace required: 37588992, provided ptr: 0x752f13200000 size: 6455296
MIOpen(HIP): Warning [IsEnoughWorkspace] [GetSolutionsFallback AI] Solver <GemmFwdRest>, workspace required: 22593536, provided ptr: 0x752fe0ec0000 size: 13795328
MIOpen(HIP): Warning [IsEnoughWorkspace] [GetSolutionsFallback WTI] Solver <ConvAsmImplicitGemmGTCDynamicBwdXdlopsNHWC>, workspace required: 16539648, provided ptr: 0x752fe0ec0000 size: 16138240
MIOpen(HIP): Warning [IsEnoughWorkspace] [GetSolutionsFallback WTI] Solver <ConvHipImplicitGemmGroupBwdXdlops>, workspace required: 16539648, provided ptr: 0x752fe0ec0000 size: 16138240
MIOpen(HIP): Warning [IsEnoughWorkspace] [GetSolutionsFallback AI] Solver <GemmFwdRest>, workspace required: 56483840, provided ptr: 0x752f37c00000 size: 17973248
MIOpen(HIP): Warning [IsEnoughWorkspace] [GetSolutionsFallback AI] Solver <ConvAsmImplicitGemmGTCDynamicFwdXdlopsNHWC>, workspace required: 16138240, provided ptr: 0 size: 0
MIOpen(HIP): Warning [IsEnoughWorkspace] [GetSolutionsFallback AI] Solver <ConvHipImplicitGemmGroupFwdXdlops>, workspace required: 16400384, provided ptr: 0 size: 0
MIOpen(HIP): Warning [IsEnoughWorkspace] [GetSolutionsFallback AI] Solver <GemmFwdRest>, workspace required: 112967680, provided ptr: 0x752f3e800000 size: 32735232
MIOpen(HIP): Warning [IsEnoughWorkspace] [GetSolutionsFallback AI] Solver <ConvHipImplicitGemmGroupFwdXdlops>, workspace required: 32342016, provided ptr: 0x752f3e800000 size: 32276480
MIOpen(HIP): Warning [IsEnoughWorkspace] [GetSolutionsFallback WTI] Solver <ConvAsmImplicitGemmGTCDynamicBwdXdlopsNHWC>, workspace required: 32407552, provided ptr: 0x752f39ac8000 size: 32276480
MIOpen(HIP): Warning [IsEnoughWorkspace] [GetSolutionsFallback WTI] Solver <ConvHipImplicitGemmGroupBwdXdlops>, workspace required: 32407552, provided ptr: 0x752f39ac8000 size: 32276480
MIOpen(HIP): Warning [IsEnoughWorkspace] [GetSolutionsFallback AI] Solver <GemmFwdRest>, workspace required: 112967680, provided ptr: 0x752f3e800000 size: 32391168
MIOpen(HIP): Warning [IsEnoughWorkspace] [GetSolutionsFallback AI] Solver <ConvHipImplicitGemmGroupFwdXdlops>, workspace required: 32292864, provided ptr: 0x752f3e800000 size: 32276480
MIOpen(HIP): Warning [IsEnoughWorkspace] [GetSolutionsFallback AI] Solver <GemmFwdRest>, workspace required: 169451520, provided ptr: 0x752f3ff16000 size: 48443392
MIOpen(HIP): Warning [IsEnoughWorkspace] [GetSolutionsFallback AI] Solver <ConvHipImplicitGemmGroupFwdXdlops>, workspace required: 48418816, provided ptr: 0x752f4162c000 size: 48414720
MIOpen(HIP): Warning [IsEnoughWorkspace] [GetSolutionsFallback AI] Solver <ConvHipImplicitGemmGroupFwdXdlops>, workspace required: 24964864, provided ptr: 0x752f39316000 size: 24208384
MIOpen(HIP): Warning [IsEnoughWorkspace] [GetSolutionsFallback AI] Solver <GemmFwdRest>, workspace required: 169451520, provided ptr: 0x752f39316000 size: 24208384
MIOpen(HIP): Warning [IsEnoughWorkspace] [GetSolutionsFallback AI] Solver <ConvHipImplicitGemmGroupFwdXdlops>, workspace required: 8604672, provided ptr: 0x752e4e2c0000 size: 1770496
MIOpen(HIP): Warning [IsEnoughWorkspace] [GetSolutionsFallback AI] Solver <ConvAsmImplicitGemmGTCDynamicFwdXdlopsNHWC>, workspace required: 8604672, provided ptr: 0x752e4e2c0000 size: 1770496
MIOpen(HIP): Warning [IsEnoughWorkspace] [GetSolutionsFallback WTI] Solver <ConvAsmImplicitGemmGTCDynamicBwdXdlopsNHWC>, workspace required: 38612992, provided ptr: 0x752f13200000 size: 8093696
MIOpen(HIP): Warning [IsEnoughWorkspace] [GetSolutionsFallback WTI] Solver <ConvHipImplicitGemmGroupBwdXdlops>, workspace required: 38612992, provided ptr: 0x752f13200000 size: 8093696
MIOpen(HIP): Warning [IsEnoughWorkspace] [GetSolutionsFallback AI] Solver <GemmFwdRest>, workspace required: 28327936, provided ptr: 0x752fe0ec0000 size: 15433728
MIOpen(HIP): Warning [IsEnoughWorkspace] [GetSolutionsFallback AI] Solver <GemmFwdRest>, workspace required: 70819840, provided ptr: 0x752f37c00000 size: 22069248
MIOpen(HIP): Warning [IsEnoughWorkspace] [GetSolutionsFallback AI] Solver <ConvHipImplicitGemmGroupFwdXdlops>, workspace required: 20496384, provided ptr: 0x752f385a6000 size: 20234240
MIOpen(HIP): Warning [IsEnoughWorkspace] [GetSolutionsFallback AI] Solver <GemmFwdRest>, workspace required: 141639680, provided ptr: 0x752f3e800000 size: 40927232
MIOpen(HIP): Warning [IsEnoughWorkspace] [GetSolutionsFallback AI] Solver <ConvHipImplicitGemmGroupFwdXdlops>, workspace required: 40534016, provided ptr: 0x752f3fb4c000 size: 40468480
MIOpen(HIP): Warning [IsEnoughWorkspace] [GetSolutionsFallback WTI] Solver <ConvAsmImplicitGemmGTCDynamicBwdXdlopsNHWC>, workspace required: 40599552, provided ptr: 0x752f3e800000 size: 40468480
MIOpen(HIP): Warning [IsEnoughWorkspace] [GetSolutionsFallback WTI] Solver <ConvHipImplicitGemmGroupBwdXdlops>, workspace required: 40599552, provided ptr: 0x752f3e800000 size: 40468480
MIOpen(HIP): Warning [IsEnoughWorkspace] [GetSolutionsFallback AI] Solver <GemmFwdRest>, workspace required: 141639680, provided ptr: 0x752f3e800000 size: 40583168
MIOpen(HIP): Warning [IsEnoughWorkspace] [GetSolutionsFallback AI] Solver <ConvHipImplicitGemmGroupFwdXdlops>, workspace required: 40484864, provided ptr: 0x752f3fb4c000 size: 40468480
MIOpen(HIP): Warning [IsEnoughWorkspace] [GetSolutionsFallback AI] Solver <GemmFwdRest>, workspace required: 212459520, provided ptr: 0x752f421e4000 size: 60731392
MIOpen(HIP): Warning [IsEnoughWorkspace] [GetSolutionsFallback AI] Solver <ConvHipImplicitGemmGroupFwdXdlops>, workspace required: 60706816, provided ptr: 0x752f43ed6000 size: 60702720
MIOpen(HIP): Warning [IsEnoughWorkspace] [GetSolutionsFallback AI] Solver <ConvHipImplicitGemmGroupFwdXdlops>, workspace required: 31300864, provided ptr: 0x752f398f2000 size: 30352384
MIOpen(HIP): Warning [IsEnoughWorkspace] [GetSolutionsFallback AI] Solver <GemmFwdRest>, workspace required: 212459520, provided ptr: 0x752f398f2000 size: 30352384
MIOpen(HIP): Warning [IsEnoughWorkspace] [GetSolutionsFallback AI] Solver <ConvHipImplicitGemmGroupFwdXdlops>, workspace required: 7785472, provided ptr: 0x752f6f50a000 size: 623616
MIOpen(HIP): Warning [IsEnoughWorkspace] [GetSolutionsFallback AI] Solver <ConvAsmImplicitGemmGTCDynamicFwdXdlopsNHWC>, workspace required: 7785472, provided ptr: 0x752f6f50a000 size: 623616
MIOpen(HIP): Warning [IsEnoughWorkspace] [GetSolutionsFallback WTI] Solver <ConvAsmImplicitGemmGTCDynamicBwdXdlopsNHWC>, workspace required: 35336192, provided ptr: 0x752e4e2c0000 size: 2850816
MIOpen(HIP): Warning [IsEnoughWorkspace] [GetSolutionsFallback WTI] Solver <ConvHipImplicitGemmGroupBwdXdlops>, workspace required: 35336192, provided ptr: 0x752e4e2c0000 size: 2850816
MIOpen(HIP): Warning [IsEnoughWorkspace] [GetSolutionsFallback AI] Solver <ConvAsmImplicitGemmGTCDynamicFwdXdlopsNHWC>, workspace required: 10190848, provided ptr: 0x752f13200000 size: 9977856
MIOpen(HIP): Warning [IsEnoughWorkspace] [GetSolutionsFallback AI] Solver <ConvHipImplicitGemmGroupFwdXdlops>, workspace required: 10190848, provided ptr: 0x752f13200000 size: 9977856
MIOpen(HIP): Warning [IsEnoughWorkspace] [GetSolutionsFallback WTI] Solver <ConvAsmImplicitGemmGTCDynamicFwdXdlopsNHWC>, workspace required: 10190848, provided ptr: 0x752f13200000 size: 9977856
MIOpen(HIP): Warning [IsEnoughWorkspace] [GetSolutionsFallback WTI] Solver <ConvHipImplicitGemmGroupFwdXdlops>, workspace required: 10190848, provided ptr: 0x752f13200000 size: 9977856
MIOpen(HIP): Warning [IsEnoughWorkspace] [GetSolutionsFallback WTI] Solver <ConvAsmImplicitGemmGTCDynamicFwdXdlopsNHWC>, workspace required: 10190848, provided ptr: 0x752f13200000 size: 9977856
MIOpen(HIP): Warning [IsEnoughWorkspace] [GetSolutionsFallback WTI] Solver <ConvHipImplicitGemmGroupFwdXdlops>, workspace required: 10190848, provided ptr: 0x752f13200000 size: 9977856
MIOpen(HIP): Warning [IsEnoughWorkspace] [GetSolutionsFallback WTI] Solver <ConvAsmImplicitGemmGTCDynamicBwdXdlopsNHWC>, workspace required: 10231808, provided ptr: 0x752f13200000 size: 7127040
MIOpen(HIP): Warning [IsEnoughWorkspace] [GetSolutionsFallback WTI] Solver <ConvHipImplicitGemmGroupBwdXdlops>, workspace required: 10231808, provided ptr: 0x752f13200000 size: 7127040
MIOpen(HIP): Warning [IsEnoughWorkspace] [GetSolutionsFallback AI] Solver <GemmFwdRest>, workspace required: 24944640, provided ptr: 0x752fe0ec0000 size: 8962048
MIOpen(HIP): Warning [IsEnoughWorkspace] [GetSolutionsFallback AI] Solver <ConvHipImplicitGemmGroupFwdXdlops>, workspace required: 7389184, provided ptr: 0x752fe0ec0000 size: 7127040
MIOpen(HIP): Warning [IsEnoughWorkspace] [GetSolutionsFallback AI] Solver <GemmFwdRest>, workspace required: 49889280, provided ptr: 0x752f37c00000 size: 14712832
MIOpen(HIP): Warning [IsEnoughWorkspace] [GetSolutionsFallback AI] Solver <ConvHipImplicitGemmGroupFwdXdlops>, workspace required: 14319616, provided ptr: 0x752f37c00000 size: 14254080
MIOpen(HIP): Warning [IsEnoughWorkspace] [GetSolutionsFallback WTI] Solver <ConvAsmImplicitGemmGTCDynamicBwdXdlopsNHWC>, workspace required: 14385152, provided ptr: 0x752fe158c000 size: 14254080
MIOpen(HIP): Warning [IsEnoughWorkspace] [GetSolutionsFallback WTI] Solver <ConvHipImplicitGemmGroupBwdXdlops>, workspace required: 14385152, provided ptr: 0x752fe158c000 size: 14254080
MIOpen(HIP): Warning [IsEnoughWorkspace] [GetSolutionsFallback AI] Solver <GemmFwdRest>, workspace required: 49889280, provided ptr: 0x752f37c00000 size: 14368768
MIOpen(HIP): Warning [IsEnoughWorkspace] [GetSolutionsFallback AI] Solver <ConvHipImplicitGemmGroupFwdXdlops>, workspace required: 14270464, provided ptr: 0x752f37c00000 size: 14254080
MIOpen(HIP): Warning [IsEnoughWorkspace] [GetSolutionsFallback AI] Solver <GemmFwdRest>, workspace required: 74833920, provided ptr: 0x752f39064000 size: 21409792
MIOpen(HIP): Warning [IsEnoughWorkspace] [GetSolutionsFallback AI] Solver <ConvHipImplicitGemmGroupFwdXdlops>, workspace required: 21385216, provided ptr: 0x752f39a96000 size: 21381120
MIOpen(HIP): Warning [IsEnoughWorkspace] [GetSolutionsFallback AI] Solver <ConvHipImplicitGemmGroupFwdXdlops>, workspace required: 11025664, provided ptr: 0x752f13200000 size: 10691584
MIOpen(HIP): Warning [IsEnoughWorkspace] [GetSolutionsFallback AI] Solver <GemmFwdRest>, workspace required: 74833920, provided ptr: 0x752f13200000 size: 10691584
MIOpen(HIP): Warning [IsEnoughWorkspace] [GetSolutionsFallback AI] Solver <ConvHipImplicitGemmGroupFwdXdlops>, workspace required: 9229312, provided ptr: 0x752e4e2c0000 size: 2644992
MIOpen(HIP): Warning [IsEnoughWorkspace] [GetSolutionsFallback AI] Solver <ConvAsmImplicitGemmGTCDynamicFwdXdlopsNHWC>, workspace required: 9229312, provided ptr: 0x752e4e2c0000 size: 2644992
MIOpen(HIP): Warning [IsEnoughWorkspace] [GetSolutionsFallback WTI] Solver <ConvAsmImplicitGemmGTCDynamicBwdXdlopsNHWC>, workspace required: 41111552, provided ptr: 0x752fe0ec0000 size: 12091392
MIOpen(HIP): Warning [IsEnoughWorkspace] [GetSolutionsFallback WTI] Solver <ConvHipImplicitGemmGroupBwdXdlops>, workspace required: 41111552, provided ptr: 0x752fe0ec0000 size: 12091392
MIOpen(HIP): Warning [IsEnoughWorkspace] [GetSolutionsFallback AI] Solver <GemmFwdRest>, workspace required: 42319872, provided ptr: 0x752f37c00000 size: 19431424
MIOpen(HIP): Warning [IsEnoughWorkspace] [GetSolutionsFallback AI] Solver <GemmFwdRest>, workspace required: 105799680, provided ptr: 0x752f398d4000 size: 32063488
MIOpen(HIP): Warning [IsEnoughWorkspace] [GetSolutionsFallback AI] Solver <ConvHipImplicitGemmGroupFwdXdlops>, workspace required: 30490624, provided ptr: 0x752f3a73e000 size: 30228480
MIOpen(HIP): Warning [IsEnoughWorkspace] [GetSolutionsFallback AI] Solver <GemmFwdRest>, workspace required: 211599360, provided ptr: 0x752f404d4000 size: 60915712
MIOpen(HIP): Warning [IsEnoughWorkspace] [GetSolutionsFallback AI] Solver <ConvHipImplicitGemmGroupFwdXdlops>, workspace required: 60522496, provided ptr: 0x752f421a8000 size: 60456960
MIOpen(HIP): Warning [IsEnoughWorkspace] [GetSolutionsFallback WTI] Solver <ConvAsmImplicitGemmGTCDynamicBwdXdlopsNHWC>, workspace required: 60588032, provided ptr: 0x752f404d4000 size: 60456960
MIOpen(HIP): Warning [IsEnoughWorkspace] [GetSolutionsFallback WTI] Solver <ConvHipImplicitGemmGroupBwdXdlops>, workspace required: 60588032, provided ptr: 0x752f404d4000 size: 60456960
MIOpen(HIP): Warning [IsEnoughWorkspace] [GetSolutionsFallback AI] Solver <GemmFwdRest>, workspace required: 211599360, provided ptr: 0x752f421a8000 size: 60571648
MIOpen(HIP): Warning [IsEnoughWorkspace] [GetSolutionsFallback AI] Solver <ConvHipImplicitGemmGroupFwdXdlops>, workspace required: 60473344, provided ptr: 0x752f43e7c000 size: 60456960
MIOpen(HIP): Warning [IsEnoughWorkspace] [GetSolutionsFallback AI] Solver <GemmFwdRest>, workspace required: 317399040, provided ptr: 0x752f43e7c000 size: 90714112
MIOpen(HIP): Warning [IsEnoughWorkspace] [GetSolutionsFallback AI] Solver <ConvHipImplicitGemmGroupFwdXdlops>, workspace required: 90689536, provided ptr: 0x752f469ba000 size: 90685440
MIOpen(HIP): Warning [IsEnoughWorkspace] [GetSolutionsFallback AI] Solver <ConvHipImplicitGemmGroupFwdXdlops>, workspace required: 46760704, provided ptr: 0x752f37c00000 size: 45343744
MIOpen(HIP): Warning [IsEnoughWorkspace] [GetSolutionsFallback AI] Solver <GemmFwdRest>, workspace required: 317399040, provided ptr: 0x752f37c00000 size: 45343744
[0;36m(APIServer pid=47055)[0;0m [32mINFO[0m [90m10-07 15:24:41[0m [90m[stats.py:902][0m [OmniTiming] req=speech-a4ddf8d4dceeea4f-99a24178 total=5.49s engine=5.49s stages=[0:5.49s]
INFO:     127.0.0.1:52128 - "POST /v1/audio/speech HTTP/1.1" 200 OK
[0;36m(APIServer pid=47055)[0;0m [32mINFO[0m [90m10-07 15:24:41[0m [90m[serving_speech.py:2423][0m Diffusion TTS speech request speech-881709262c8ecfe0: voice_clone=False
[0;36m(APIServer pid=47055)[0;0m [32mINFO[0m [90m10-07 15:24:41[0m [90m[serving_speech.py:2471][0m Applied diffusion speech params: seed=42 extra_params={}
[0;36m(APIServer pid=47055)[0;0m [32mINFO[0m [90m10-07 15:24:41[0m [90m[diffusion_engine.py:764][0m [RequestBatch] admission wait done waiting=1 max_batch=8 waited_ms=2.1
MIOpen(HIP): Warning [IsEnoughWorkspace] [GetSolutionsFallback AI] Solver <ConvHipImplicitGemmGroupFwdXdlops>, workspace required: 8097792, provided ptr: 0x752e4f280000 size: 1060864
MIOpen(HIP): Warning [IsEnoughWorkspace] [GetSolutionsFallback AI] Solver <ConvAsmImplicitGemmGTCDynamicFwdXdlopsNHWC>, workspace required: 8097792, provided ptr: 0x752e4f280000 size: 1060864
MIOpen(HIP): Warning [IsEnoughWorkspace] [GetSolutionsFallback WTI] Solver <ConvAsmImplicitGemmGTCDynamicBwdXdlopsNHWC>, workspace required: 36585472, provided ptr: 0x752e51a00000 size: 4849664
MIOpen(HIP): Warning [IsEnoughWorkspace] [GetSolutionsFallback WTI] Solver <ConvHipImplicitGemmGroupBwdXdlops>, workspace required: 36585472, provided ptr: 0x752e51a00000 size: 4849664
MIOpen(HIP): Warning [IsEnoughWorkspace] [GetSolutionsFallback AI] Solver <GemmFwdRest>, workspace required: 16973824, provided ptr: 0x752f13200000 size: 12189696
MIOpen(HIP): Warning [IsEnoughWorkspace] [GetSolutionsFallback WTI] Solver <ConvAsmImplicitGemmGTCDynamicBwdXdlopsNHWC>, workspace required: 13729792, provided ptr: 0x752fe0ec0000 size: 12124160
MIOpen(HIP): Warning [IsEnoughWorkspace] [GetSolutionsFallback WTI] Solver <ConvHipImplicitGemmGroupBwdXdlops>, workspace required: 13729792, provided ptr: 0x752fe0ec0000 size: 12124160
MIOpen(HIP): Warning [IsEnoughWorkspace] [GetSolutionsFallback AI] Solver <GemmFwdRest>, workspace required: 42434560, provided ptr: 0x752fe1488000 size: 13959168
MIOpen(HIP): Warning [IsEnoughWorkspace] [GetSolutionsFallback AI] Solver <ConvHipImplicitGemmGroupFwdXdlops>, workspace required: 12386304, provided ptr: 0x752f37c00000 size: 12124160
MIOpen(HIP): Warning [IsEnoughWorkspace] [GetSolutionsFallback AI] Solver <GemmFwdRest>, workspace required: 84869120, provided ptr: 0x752f39320000 size: 24707072
MIOpen(HIP): Warning [IsEnoughWorkspace] [GetSolutionsFallback AI] Solver <ConvHipImplicitGemmGroupFwdXdlops>, workspace required: 24313856, provided ptr: 0x752f39eb0000 size: 24248320
MIOpen(HIP): Warning [IsEnoughWorkspace] [GetSolutionsFallback WTI] Solver <ConvAsmImplicitGemmGTCDynamicBwdXdlopsNHWC>, workspace required: 24379392, provided ptr: 0x752f38790000 size: 24248320
MIOpen(HIP): Warning [IsEnoughWorkspace] [GetSolutionsFallback WTI] Solver <ConvHipImplicitGemmGroupBwdXdlops>, workspace required: 24379392, provided ptr: 0x752f38790000 size: 24248320
MIOpen(HIP): Warning [IsEnoughWorkspace] [GetSolutionsFallback AI] Solver <GemmFwdRest>, workspace required: 84869120, provided ptr: 0x752f39320000 size: 24363008
MIOpen(HIP): Warning [IsEnoughWorkspace] [GetSolutionsFallback AI] Solver <ConvHipImplicitGemmGroupFwdXdlops>, workspace required: 24264704, provided ptr: 0x752f39eb0000 size: 24248320
MIOpen(HIP): Warning [IsEnoughWorkspace] [GetSolutionsFallback AI] Solver <GemmFwdRest>, workspace required: 127303680, provided ptr: 0x752f3e800000 size: 36401152
MIOpen(HIP): Warning [IsEnoughWorkspace] [GetSolutionsFallback AI] Solver <ConvHipImplicitGemmGroupFwdXdlops>, workspace required: 36376576, provided ptr: 0x752f3e800000 size: 36372480
MIOpen(HIP): Warning [IsEnoughWorkspace] [GetSolutionsFallback AI] Solver <ConvHipImplicitGemmGroupFwdXdlops>, workspace required: 18755584, provided ptr: 0x752f37c00000 size: 18187264
MIOpen(HIP): Warning [IsEnoughWorkspace] [GetSolutionsFallback AI] Solver <GemmFwdRest>, workspace required: 127303680, provided ptr: 0x752f37c00000 size: 18187264
MIOpen(HIP): Warning [IsEnoughWorkspace] [GetSolutionsFallback AI] Solver <ConvHipImplicitGemmGroupFwdXdlops>, workspace required: 9024512, provided ptr: 0x752e4e2c0000 size: 2358272
MIOpen(HIP): Warning [IsEnoughWorkspace] [GetSolutionsFallback AI] Solver <ConvAsmImplicitGemmGTCDynamicFwdXdlopsNHWC>, workspace required: 9024512, provided ptr: 0x752e4e2c0000 size: 2358272
MIOpen(HIP): Warning [IsEnoughWorkspace] [GetSolutionsFallback WTI] Solver <ConvAsmImplicitGemmGTCDynamicBwdXdlopsNHWC>, workspace required: 40292352, provided ptr: 0x752fe0ec0000 size: 10780672
MIOpen(HIP): Warning [IsEnoughWorkspace] [GetSolutionsFallback WTI] Solver <ConvHipImplicitGemmGroupBwdXdlops>, workspace required: 40292352, provided ptr: 0x752fe0ec0000 size: 10780672
MIOpen(HIP): Warning [IsEnoughWorkspace] [GetSolutionsFallback AI] Solver <GemmFwdRest>, workspace required: 37732352, provided ptr: 0x752f37c00000 size: 18120704
MIOpen(HIP): Warning [IsEnoughWorkspace] [GetSolutionsFallback AI] Solver <GemmFwdRest>, workspace required: 94330880, provided ptr: 0x752f388da000 size: 28786688
MIOpen(HIP): Warning [IsEnoughWorkspace] [GetSolutionsFallback AI] Solver <ConvHipImplicitGemmGroupFwdXdlops>, workspace required: 27213824, provided ptr: 0x752f395b4000 size: 26951680
MIOpen(HIP): Warning [IsEnoughWorkspace] [GetSolutionsFallback AI] Solver <GemmFwdRest>, workspace required: 188661760, provided ptr: 0x752f401b4000 size: 54362112
MIOpen(HIP): Warning [IsEnoughWorkspace] [GetSolutionsFallback AI] Solver <ConvHipImplicitGemmGroupFwdXdlops>, workspace required: 53968896, provided ptr: 0x752f41b68000 size: 53903360
MIOpen(HIP): Warning [IsEnoughWorkspace] [GetSolutionsFallback WTI] Solver <ConvAsmImplicitGemmGTCDynamicBwdXdlopsNHWC>, workspace required: 54034432, provided ptr: 0x752f401b4000 size: 53903360
MIOpen(HIP): Warning [IsEnoughWorkspace] [GetSolutionsFallback WTI] Solver <ConvHipImplicitGemmGroupBwdXdlops>, workspace required: 54034432, provided ptr: 0x752f401b4000 size: 53903360
MIOpen(HIP): Warning [IsEnoughWorkspace] [GetSolutionsFallback AI] Solver <GemmFwdRest>, workspace required: 188661760, provided ptr: 0x752f41b68000 size: 54018048
MIOpen(HIP): Warning [IsEnoughWorkspace] [GetSolutionsFallback AI] Solver <ConvHipImplicitGemmGroupFwdXdlops>, workspace required: 53919744, provided ptr: 0x752f4351c000 size: 53903360
MIOpen(HIP): Warning [IsEnoughWorkspace] [GetSolutionsFallback AI] Solver <GemmFwdRest>, workspace required: 282992640, provided ptr: 0x752f4351c000 size: 80883712
MIOpen(HIP): Warning [IsEnoughWorkspace] [GetSolutionsFallback AI] Solver <ConvHipImplicitGemmGroupFwdXdlops>, workspace required: 80859136, provided ptr: 0x752f45baa000 size: 80855040
MIOpen(HIP): Warning [IsEnoughWorkspace] [GetSolutionsFallback AI] Solver <ConvHipImplicitGemmGroupFwdXdlops>, workspace required: 41691904, provided ptr: 0x752f37c00000 size: 40428544
MIOpen(HIP): Warning [IsEnoughWorkspace] [GetSolutionsFallback AI] Solver <GemmFwdRest>, workspace required: 282992640, provided ptr: 0x752f37c00000 size: 40428544
[0;36m(APIServer pid=47055)[0;0m [32mINFO[0m [90m10-07 15:24:47[0m [90m[stats.py:902][0m [OmniTiming] req=speech-881709262c8ecfe0-ad024266 total=6.11s engine=6.11s stages=[0:6.11s]
INFO:     127.0.0.1:52128 - "POST /v1/audio/speech HTTP/1.1" 200 OK
[0;36m(APIServer pid=47055)[0;0m [32mINFO[0m [90m10-07 15:24:47[0m [90m[launcher.py:128][0m [shutdown] API server: shutdown triggered
[0;36m(APIServer pid=47055)[0;0m [32mINFO[0m [90m10-07 15:24:47[0m [90m[launcher.py:144][0m [shutdown] API server: stopping engine client mode=abort timeout=0.0s
[0;36m(APIServer pid=47055)[0;0m [32mINFO[0m [90m10-07 15:24:47[0m [90m[omni_base.py:771][0m [AsyncOmni] Shutting down
[0;36m(APIServer pid=47055)[0;0m [32mINFO[0m [90m10-07 15:24:47[0m [90m[omni_engine_base.py:1151][0m [OmniEngine] Shutting down Orchestrator
[0;36m(APIServer pid=47055)[0;0m [32mINFO[0m [90m10-07 15:24:47[0m [90m[orchestrator.py:540][0m [Orchestrator] Received shutdown signal
[0;36m(APIServer pid=47055)[0;0m [32mINFO[0m [90m10-07 15:24:47[0m [90m[orchestrator.py:2922][0m [Orchestrator] Shutting down all 1 client(s)
[0;36m(APIServer pid=47055)[0;0m [32mINFO[0m [90m10-07 15:24:49[0m [90m[stage_pool.py:1401][0m [StagePool] Stage 0 replica 0 shut down
[0;36m(APIServer pid=47055)[0;0m [32mINFO[0m [90m10-07 15:24:49[0m [90m[launcher.py:153][0m [shutdown] API server: engine client stopped
[0;36m(APIServer pid=47055)[0;0m [32mINFO[0m [90m10-07 15:24:49[0m [90m[launcher.py:156][0m [shutdown] API server: signalling HTTP server shutdown
[0;36m(APIServer pid=47055)[0;0m [32mINFO[0m [90m10-07 15:24:49[0m [90m[launcher.py:178][0m [shutdown] API server: shutting down FastAPI HTTP server
INFO:     Shutting down
INFO:     Waiting for application shutdown.
INFO:     Application shutdown complete.
[0;36m(APIServer pid=47055)[0;0m [32mINFO[0m [90m10-07 15:24:50[0m [90m[omni_base.py:771][0m [AsyncOmni] Shutting down
