/workspace/vllm-omni/vllm_omni/version.py:55: RuntimeWarning: vLLM and vLLM-Omni appear to have mismatched major/minor versions:
 --> vLLM-Omni version 0.1.dev3449+g2ece39874.d20261007.rocm
 --> vLLM version 0.31.0
This will likely cause compatibility issues.
  warn_if_misaligned_vllm_version()
[aiter] import [module_aiter_core] under /usr/local/lib/python3.12/dist-packages/aiter/jit/module_aiter_core.so
Module humming was found but failed to import
Traceback (most recent call last):
  File "/usr/local/lib/python3.12/dist-packages/vllm/utils/import_utils.py", line 414, in _has_module
    if importlib.util.find_spec(module_name) is None:
       ^^^^^^^^^^^^^^^^^^^^^^^^^^^^^^^^^^^^^
  File "<frozen importlib.util>", line 111, in find_spec
ValueError: humming.__spec__ is None
/usr/local/lib/python3.12/dist-packages/huggingface_hub/utils/_validators.py:206: UserWarning: The `local_dir_use_symlinks` argument is deprecated and ignored in `hf_hub_download`. Downloading to a local directory does not use symlinks anymore.
  warnings.warn(
[0;36m(MainProcess pid=73252)[0;0m [32mINFO[0m [90m10-07 15:25:00[0m [90m[logo.py:52][0m        [97m█     █     █▄   ▄█[0m    [34m   ▄▀▀[38;5;208m▀▀▄ [0m[97m█▄   ▄█ █▄    █ ▀█▀ [0m
[0;36m(MainProcess pid=73252)[0;0m [32mINFO[0m [90m10-07 15:25:00[0m [90m[logo.py:52][0m  [38;5;208m▄▄[0m [34m▄█[0m [97m█     █     █ ▀▄▀ █[0m[97m  ▄▄▄ [0m[34m █    [38;5;208m█ [0m[97m█ ▀▄▀ █ █ ▀▄  █  █  [0m
[0;36m(MainProcess pid=73252)[0;0m [32mINFO[0m [90m10-07 15:25:00[0m [90m[logo.py:52][0m   [38;5;208m█[0m[34m▄█▀[0m [97m█     █     █     █[0m[97m      [0m[34m █    [38;5;208m█ [0m[97m█     █ █   ▀▄█  █  [0m
[0;36m(MainProcess pid=73252)[0;0m [32mINFO[0m [90m10-07 15:25:00[0m [90m[logo.py:52][0m    [34m▀▀[0m  [97m▀▀▀▀▀ ▀▀▀▀▀ ▀     ▀[0m      [35m  ▀▀▀▀  [0m[97m▀     ▀ ▀     ▀ ▀▀▀ [0m
[0;36m(MainProcess pid=73252)[0;0m [32mINFO[0m [90m10-07 15:25:00[0m [90m[logo.py:52][0m 
[0;36m(APIServer pid=73252)[0;0m [32mINFO[0m [90m10-07 15:25:00[0m [90m[api_utils.py:347][0m vLLM server version 0.31.0, serving model k2-fsa/OmniVoice
[0;36m(APIServer pid=73252)[0;0m [32mINFO[0m [90m10-07 15:25:00[0m [90m[api_utils.py:286][0m non-default args: {'model_tag': 'k2-fsa/OmniVoice', 'host': '127.0.0.1', 'port': 8091, 'model': 'k2-fsa/OmniVoice', 'trust_remote_code': True, 'revision': 'c5fdb5ccb189668d56333f77ba2629f4cd7535f4'}
Warning: You are sending unauthenticated requests to the HF Hub. Please set a HF_TOKEN to enable higher rate limits and faster downloads.
[0;36m(APIServer pid=73252)[0;0m [32mINFO[0m [90m10-07 15:25:00[0m [90m[weight_utils.py:58][0m Using model weights format ['*']
[0;36m(APIServer pid=73252)[0;0m [32mINFO[0m [90m10-07 15:25:00[0m [90m[omni_base.py:208][0m [AsyncOmni] Initializing with model k2-fsa/OmniVoice
[0;36m(APIServer pid=73252)[0;0m [32mINFO[0m [90m10-07 15:25:00[0m [90m[omni_engine_base.py:163][0m [OmniEngine] Initializing with model k2-fsa/OmniVoice
[0;36m(APIServer pid=73252)[0;0m [32mINFO[0m [90m10-07 15:25:00[0m [90m[omni_engine_base.py:312][0m [OmniEngine] Launching Orchestrator thread with 1 stages
[0;36m(APIServer pid=73252)[0;0m [32mINFO[0m [90m10-07 15:25:00[0m [90m[initialization.py:443][0m Loaded OmniTransferConfig with 0 connector configurations
[0;36m(APIServer pid=73252)[0;0m [32mINFO[0m [90m10-07 15:25:00[0m [90m[stage_utils.py:178][0m Stage 0 logical-to-physical device mapping: 0->0
[0;36m(APIServer pid=73252)[0;0m [33mWARNING[0m [90m10-07 15:25:00[0m [90m[ring_globals.py:97][0m FlashInfer ring kernels are unavailable. Reason: No module named 'flashinfer'
[0;36m(APIServer pid=73252)[0;0m [32mINFO[0m [90m10-07 15:25:00[0m [90m[multiproc_executor.py:372][0m Starting server...
/workspace/vllm-omni/vllm_omni/version.py:55: RuntimeWarning: vLLM and vLLM-Omni appear to have mismatched major/minor versions:
 --> vLLM-Omni version 0.1.dev3449+g2ece39874.d20261007.rocm
 --> vLLM version 0.31.0
This will likely cause compatibility issues.
  warn_if_misaligned_vllm_version()
[aiter] import [module_aiter_core] under /usr/local/lib/python3.12/dist-packages/aiter/jit/module_aiter_core.so
Module humming was found but failed to import
Traceback (most recent call last):
  File "/usr/local/lib/python3.12/dist-packages/vllm/utils/import_utils.py", line 414, in _has_module
    if importlib.util.find_spec(module_name) is None:
       ^^^^^^^^^^^^^^^^^^^^^^^^^^^^^^^^^^^^^
  File "<frozen importlib.util>", line 111, in find_spec
ValueError: humming.__spec__ is None
FlashInfer ring kernels are unavailable. Reason: No module named 'flashinfer'
Fetching 13 files:   0%|          | 0/13 [00:00<?, ?it/s]Fetching 13 files: 100%|██████████| 13/13 [00:00<00:00, 3019.16it/s]
Loading weights:   0%|          | 0/527 [00:00<?, ?it/s]Loading weights:  78%|███████▊  | 411/527 [00:00<00:00, 4071.21it/s]Loading weights: 100%|██████████| 527/527 [00:00<00:00, 3955.16it/s]
[aiter] import [module_fmha_v3_varlen_fwd] under /usr/local/lib/python3.12/dist-packages/aiter/jit/module_fmha_v3_varlen_fwd.so
[aiter] type hints mismatch, override to --> fmha_v3_varlen_fwd(q: torch.Tensor, k: torch.Tensor, v: torch.Tensor, cu_seqlens_q: torch.Tensor, cu_seqlens_k: torch.Tensor, max_seqlen_q: int, max_seqlen_k: int, min_seqlen_q: int, dropout_p: float, softmax_scale: float, logits_soft_cap: float, zero_tensors: bool, is_causal: bool, window_size_left: int, window_size_right: int, return_softmax_lse: bool, return_dropout_randval: bool, how_v3_bf16_cvt: int, out: Optional[torch.Tensor] = None, block_table: Optional[torch.Tensor] = None, bias: Optional[torch.Tensor] = None, alibi_slopes: Optional[torch.Tensor] = None, q_descale: Optional[torch.Tensor] = None, k_descale: Optional[torch.Tensor] = None, v_descale: Optional[torch.Tensor] = None, gen: Optional[torch.Generator] = None, cu_seqlens_q_padded: Optional[torch.Tensor] = None, cu_seqlens_k_padded: Optional[torch.Tensor] = None) -> List[torch.Tensor]
[aiter] pciChipId: 0x74b5, CU count: 304
[aiter] LoadKernel: _ZN5aiter30fmha_fwd_hd128_bf16_rtna_groupE hsaco: /usr/local/lib/python3.12/dist-packages/aiter_meta/hsa//gfx942/fmha_v3_fwd/MI300/fwd_hd128_bf16_rtna_group.co
NVML init failed, will use profiling fallback: NVML Shared Library Not Found
[0;36m(APIServer pid=73252)[0;0m [32mINFO[0m [90m10-07 15:25:19[0m [90m[multiproc_executor.py:925][0m Async result pump started for 1 worker queue(s)
[0;36m(APIServer pid=73252)[0;0m [32mINFO[0m [90m10-07 15:25:19[0m [90m[diffusion_engine.py:434][0m [RequestBatch] engine init max_num_seqs=8 max_wait_ms=10.0
[0;36m(APIServer pid=73252)[0;0m [32mINFO[0m [90m10-07 15:25:19[0m [90m[diffusion_engine.py:1428][0m dummy run to warm up the model
MIOpen(HIP): Warning [IsEnoughWorkspace] [GetSolutionsFallback AI] Solver <ConvAsmImplicitGemmGTCDynamicFwdXdlopsNHWC>, workspace required: 7508992, provided ptr: 0x73e7df155000 size: 236544
MIOpen(HIP): Warning [IsEnoughWorkspace] [GetSolutionsFallback AI] Solver <ConvHipImplicitGemmGroupFwdXdlops>, workspace required: 7508992, provided ptr: 0x73e7df155000 size: 236544
MIOpen(HIP): Warning [IsEnoughWorkspace] [GetSolutionsFallback WTI] Solver <ConvAsmImplicitGemmGTCDynamicBwdXdlopsNHWC>, workspace required: 34230272, provided ptr: 0x73e781c80000 size: 1081344
MIOpen(HIP): Warning [IsEnoughWorkspace] [GetSolutionsFallback WTI] Solver <ConvHipImplicitGemmGroupBwdXdlops>, workspace required: 34230272, provided ptr: 0x73e781c80000 size: 1081344
MIOpen(HIP): Warning [IsEnoughWorkspace] [GetSolutionsFallback AI] Solver <ConvHipImplicitGemmGroupFwdXdlops>, workspace required: 2129920, provided ptr: 0 size: 0
MIOpen(HIP): Warning [IsEnoughWorkspace] [GetSolutionsFallback AI] Solver <ConvAsmImplicitGemmGTCDynamicFwdXdlopsNHWC>, workspace required: 1081344, provided ptr: 0 size: 0
MIOpen(HIP): Warning [IsEnoughWorkspace] [GetSolutionsFallback WTI] Solver <ConvAsmImplicitGemmGTCDynamicFwdXdlopsNHWC>, workspace required: 8421376, provided ptr: 0x73e784400000 size: 3784704
MIOpen(HIP): Warning [IsEnoughWorkspace] [GetSolutionsFallback WTI] Solver <ConvHipImplicitGemmGroupFwdXdlops>, workspace required: 8421376, provided ptr: 0x73e784400000 size: 3784704
MIOpen(HIP): Warning [IsEnoughWorkspace] [GetSolutionsFallback WTI] Solver <ConvAsmImplicitGemmGTCDynamicFwdXdlopsNHWC>, workspace required: 8421376, provided ptr: 0x73e784400000 size: 3784704
MIOpen(HIP): Warning [IsEnoughWorkspace] [GetSolutionsFallback WTI] Solver <ConvHipImplicitGemmGroupFwdXdlops>, workspace required: 8421376, provided ptr: 0x73e784400000 size: 3784704
MIOpen(HIP): Warning [IsEnoughWorkspace] [GetSolutionsFallback WTI] Solver <ConvAsmImplicitGemmGTCDynamicBwdXdlopsNHWC>, workspace required: 7135232, provided ptr: 0x73e780cc0000 size: 2703360
MIOpen(HIP): Warning [IsEnoughWorkspace] [GetSolutionsFallback WTI] Solver <ConvHipImplicitGemmGroupBwdXdlops>, workspace required: 7135232, provided ptr: 0x73e780cc0000 size: 2703360
MIOpen(HIP): Warning [IsEnoughWorkspace] [GetSolutionsFallback AI] Solver <GemmFwdRest>, workspace required: 9461760, provided ptr: 0x73e784400000 size: 4538368
MIOpen(HIP): Warning [IsEnoughWorkspace] [GetSolutionsFallback AI] Solver <GemmFwdRest>, workspace required: 18923520, provided ptr: 0x73e846128000 size: 5865472
MIOpen(HIP): Warning [IsEnoughWorkspace] [GetSolutionsFallback AI] Solver <ConvAsmImplicitGemmGTCDynamicFwdXdlopsNHWC>, workspace required: 5406720, provided ptr: 0 size: 0
MIOpen(HIP): Warning [IsEnoughWorkspace] [GetSolutionsFallback AI] Solver <ConvHipImplicitGemmGroupFwdXdlops>, workspace required: 5472256, provided ptr: 0 size: 0
MIOpen(HIP): Warning [IsEnoughWorkspace] [GetSolutionsFallback WTI] Solver <ConvAsmImplicitGemmGTCDynamicBwdXdlopsNHWC>, workspace required: 5537792, provided ptr: 0x73e845e94000 size: 5406720
MIOpen(HIP): Warning [IsEnoughWorkspace] [GetSolutionsFallback WTI] Solver <ConvHipImplicitGemmGroupBwdXdlops>, workspace required: 5537792, provided ptr: 0x73e845e94000 size: 5406720
MIOpen(HIP): Warning [IsEnoughWorkspace] [GetSolutionsFallback AI] Solver <GemmFwdRest>, workspace required: 18923520, provided ptr: 0x73e846128000 size: 5521408
MIOpen(HIP): Warning [IsEnoughWorkspace] [GetSolutionsFallback AI] Solver <ConvAsmImplicitGemmGTCDynamicFwdXdlopsNHWC>, workspace required: 5406720, provided ptr: 0 size: 0
MIOpen(HIP): Warning [IsEnoughWorkspace] [GetSolutionsFallback AI] Solver <ConvHipImplicitGemmGroupFwdXdlops>, workspace required: 5423104, provided ptr: 0 size: 0
MIOpen(HIP): Warning [IsEnoughWorkspace] [GetSolutionsFallback AI] Solver <GemmFwdRest>, workspace required: 28385280, provided ptr: 0x73e913cc0000 size: 8138752
MIOpen(HIP): Warning [IsEnoughWorkspace] [GetSolutionsFallback AI] Solver <ConvHipImplicitGemmGroupFwdXdlops>, workspace required: 8114176, provided ptr: 0x73e91409e000 size: 8110080
MIOpen(HIP): Warning [IsEnoughWorkspace] [GetSolutionsFallback AI] Solver <ConvHipImplicitGemmGroupFwdXdlops>, workspace required: 4182784, provided ptr: 0x73e784400000 size: 4056064
MIOpen(HIP): Warning [IsEnoughWorkspace] [GetSolutionsFallback AI] Solver <GemmFwdRest>, workspace required: 28385280, provided ptr: 0x73e784400000 size: 4056064
[0;36m(APIServer pid=73252)[0;0m [32mINFO[0m [90m10-07 15:25:20[0m [90m[inline_stage_diffusion_client.py:82][0m [InlineStageDiffusionClient] stage-0 [rep-0] initialized inline (max_num_seqs=8)
[0;36m(APIServer pid=73252)[0;0m [32mINFO[0m [90m10-07 15:25:20[0m [90m[stage_runtime.py:1271][0m [StageRuntime] Stage 0 replica 0 initialized (diffusion)
[0;36m(APIServer pid=73252)[0;0m [32mINFO[0m [90m10-07 15:25:20[0m [90m[orchestrator.py:444][0m [Orchestrator] Starting event loop
[0;36m(APIServer pid=73252)[0;0m [32mINFO[0m [90m10-07 15:25:20[0m [90m[omni_engine_base.py:344][0m [OmniEngine] Orchestrator ready with 1 stages
[0;36m(APIServer pid=73252)[0;0m [32mINFO[0m [90m10-07 15:25:20[0m [90m[omni_base.py:227][0m [AsyncOmni] AsyncOmniEngine initialized in 20.24 seconds
[0;36m(APIServer pid=73252)[0;0m [32mINFO[0m [90m10-07 15:25:20[0m [90m[omni_base.py:246][0m [AsyncOmni] Initialized with 1 stages for model k2-fsa/OmniVoice
[0;36m(APIServer pid=73252)[0;0m [32mINFO[0m [90m10-07 15:25:21[0m [90m[api_server.py:819][0m Detected pure diffusion mode (single diffusion stage)
[0;36m(APIServer pid=73252)[0;0m [32mINFO[0m [90m10-07 15:25:21[0m [90m[serving_video.py:170][0m Video response frame conversion pool configured: workers=8
[0;36m(APIServer pid=73252)[0;0m [32mINFO[0m [90m10-07 15:25:21[0m [90m[serving_speech.py:265][0m Speech cache configuration: SpeechCacheConfig(resolve_max_bytes=4294967296, resolve_max_entries=2048, speaker_max_bytes=536870912)
[0;36m(APIServer pid=73252)[0;0m [32mINFO[0m [90m10-07 15:25:21[0m [90m[speaker_cache.py:245][0m Speaker cache ready (max_bytes=536870912)
[0;36m(APIServer pid=73252)[0;0m [32mINFO[0m [90m10-07 15:25:21[0m [90m[serving_speech.py:275][0m Speaker storage: dir=/root/.cache/vllm-omni/speakers, max_speakers=1000, restored=0
[0;36m(APIServer pid=73252)[0;0m [32mINFO[0m [90m10-07 15:25:21[0m [90m[serving.py:91][0m Robot OpenPI serving disabled for model k2-fsa/OmniVoice
[0;36m(APIServer pid=73252)[0;0m [32mINFO[0m [90m10-07 15:25:21[0m [90m[api_server.py:908][0m Pure diffusion API server initialized for model: k2-fsa/OmniVoice
[0;36m(APIServer pid=73252)[0;0m [32mINFO[0m [90m10-07 15:25:21[0m [90m[api_server.py:411][0m Starting vLLM API server (pure diffusion mode) on http://127.0.0.1:8091
[0;36m(APIServer pid=73252)[0;0m [32mINFO[0m [90m10-07 15:25:21[0m [90m[launcher.py:60][0m Available routes are:
[0;36m(APIServer pid=73252)[0;0m [32mINFO[0m [90m10-07 15:25:21[0m [90m[launcher.py:69][0m Route: /openapi.json, Methods: GET, HEAD
[0;36m(APIServer pid=73252)[0;0m [32mINFO[0m [90m10-07 15:25:21[0m [90m[launcher.py:69][0m Route: /docs, Methods: GET, HEAD
[0;36m(APIServer pid=73252)[0;0m [32mINFO[0m [90m10-07 15:25:21[0m [90m[launcher.py:69][0m Route: /docs/oauth2-redirect, Methods: GET, HEAD
[0;36m(APIServer pid=73252)[0;0m [32mINFO[0m [90m10-07 15:25:21[0m [90m[launcher.py:69][0m Route: /redoc, Methods: GET, HEAD
[0;36m(APIServer pid=73252)[0;0m [32mINFO[0m [90m10-07 15:25:21[0m [90m[launcher.py:69][0m Route: /load, Methods: GET
[0;36m(APIServer pid=73252)[0;0m [32mINFO[0m [90m10-07 15:25:21[0m [90m[launcher.py:69][0m Route: /version, Methods: GET
[0;36m(APIServer pid=73252)[0;0m [32mINFO[0m [90m10-07 15:25:21[0m [90m[launcher.py:69][0m Route: /kv_event_sources, Methods: GET
[0;36m(APIServer pid=73252)[0;0m [32mINFO[0m [90m10-07 15:25:21[0m [90m[launcher.py:69][0m Route: /metrics, Methods: GET
[0;36m(APIServer pid=73252)[0;0m [32mINFO[0m [90m10-07 15:25:21[0m [90m[launcher.py:69][0m Route: /tokenize, Methods: POST
[0;36m(APIServer pid=73252)[0;0m [32mINFO[0m [90m10-07 15:25:21[0m [90m[launcher.py:69][0m Route: /detokenize, Methods: POST
[0;36m(APIServer pid=73252)[0;0m [32mINFO[0m [90m10-07 15:25:21[0m [90m[launcher.py:69][0m Route: /ping, Methods: GET
[0;36m(APIServer pid=73252)[0;0m [32mINFO[0m [90m10-07 15:25:21[0m [90m[launcher.py:69][0m Route: /ping, Methods: POST
[0;36m(APIServer pid=73252)[0;0m [32mINFO[0m [90m10-07 15:25:21[0m [90m[launcher.py:69][0m Route: /invocations, Methods: POST
[0;36m(APIServer pid=73252)[0;0m [32mINFO[0m [90m10-07 15:25:21[0m [90m[launcher.py:69][0m Route: /v1/chat/completions, Methods: POST
[0;36m(APIServer pid=73252)[0;0m [32mINFO[0m [90m10-07 15:25:21[0m [90m[launcher.py:69][0m Route: /v1/chat/completions/batch, Methods: POST
[0;36m(APIServer pid=73252)[0;0m [32mINFO[0m [90m10-07 15:25:21[0m [90m[launcher.py:69][0m Route: /v1/audio/speech, Methods: POST
[0;36m(APIServer pid=73252)[0;0m [32mINFO[0m [90m10-07 15:25:21[0m [90m[launcher.py:69][0m Route: /v1/audio/speech/batch, Methods: POST
[0;36m(APIServer pid=73252)[0;0m [32mINFO[0m [90m10-07 15:25:21[0m [90m[launcher.py:69][0m Route: /v1/audio/generate, Methods: POST
[0;36m(APIServer pid=73252)[0;0m [32mINFO[0m [90m10-07 15:25:21[0m [90m[launcher.py:69][0m Route: /v1/audio/voices, Methods: GET
[0;36m(APIServer pid=73252)[0;0m [32mINFO[0m [90m10-07 15:25:21[0m [90m[launcher.py:69][0m Route: /v1/audio/voices, Methods: POST
[0;36m(APIServer pid=73252)[0;0m [32mINFO[0m [90m10-07 15:25:21[0m [90m[launcher.py:69][0m Route: /v1/audio/voices/{name}, Methods: DELETE
[0;36m(APIServer pid=73252)[0;0m [32mINFO[0m [90m10-07 15:25:21[0m [90m[launcher.py:69][0m Route: /v1/realtime/sessions, Methods: POST
[0;36m(APIServer pid=73252)[0;0m [32mINFO[0m [90m10-07 15:25:21[0m [90m[launcher.py:69][0m Route: /v1/realtime/sessions/{session_id}/step, Methods: POST
[0;36m(APIServer pid=73252)[0;0m [32mINFO[0m [90m10-07 15:25:21[0m [90m[launcher.py:69][0m Route: /v1/realtime/sessions/{session_id}/reset, Methods: POST
[0;36m(APIServer pid=73252)[0;0m [32mINFO[0m [90m10-07 15:25:21[0m [90m[launcher.py:69][0m Route: /v1/realtime/sessions/{session_id}/close, Methods: POST
[0;36m(APIServer pid=73252)[0;0m [32mINFO[0m [90m10-07 15:25:21[0m [90m[launcher.py:69][0m Route: /v1/realtime/sessions/{session_id}/status, Methods: GET
[0;36m(APIServer pid=73252)[0;0m [32mINFO[0m [90m10-07 15:25:21[0m [90m[launcher.py:69][0m Route: /health, Methods: GET
[0;36m(APIServer pid=73252)[0;0m [32mINFO[0m [90m10-07 15:25:21[0m [90m[launcher.py:69][0m Route: /v1/models, Methods: GET
[0;36m(APIServer pid=73252)[0;0m [32mINFO[0m [90m10-07 15:25:21[0m [90m[launcher.py:69][0m Route: /v1/images/generations, Methods: POST
[0;36m(APIServer pid=73252)[0;0m [32mINFO[0m [90m10-07 15:25:21[0m [90m[launcher.py:69][0m Route: /v1/images/edits, Methods: POST
[0;36m(APIServer pid=73252)[0;0m [32mINFO[0m [90m10-07 15:25:21[0m [90m[launcher.py:69][0m Route: /v1/videos, Methods: POST
[0;36m(APIServer pid=73252)[0;0m [32mINFO[0m [90m10-07 15:25:21[0m [90m[launcher.py:69][0m Route: /v1/videos/sync, Methods: POST
[0;36m(APIServer pid=73252)[0;0m [32mINFO[0m [90m10-07 15:25:21[0m [90m[launcher.py:69][0m Route: /v1/videos, Methods: GET
[0;36m(APIServer pid=73252)[0;0m [32mINFO[0m [90m10-07 15:25:21[0m [90m[launcher.py:69][0m Route: /v1/videos/{video_id}, Methods: GET
[0;36m(APIServer pid=73252)[0;0m [32mINFO[0m [90m10-07 15:25:21[0m [90m[launcher.py:69][0m Route: /v1/videos/{video_id}, Methods: DELETE
[0;36m(APIServer pid=73252)[0;0m [32mINFO[0m [90m10-07 15:25:21[0m [90m[launcher.py:69][0m Route: /v1/videos/{video_id}/content, Methods: GET
[0;36m(APIServer pid=73252)[0;0m [32mINFO[0m [90m10-07 15:25:21[0m [90m[launcher.py:69][0m Route: /v1/omni/sleep, Methods: POST
[0;36m(APIServer pid=73252)[0;0m [32mINFO[0m [90m10-07 15:25:21[0m [90m[launcher.py:69][0m Route: /v1/omni/wakeup, Methods: POST
[0;36m(APIServer pid=73252)[0;0m [32mINFO[0m [90m10-07 15:25:21[0m [90m[launcher.py:80][0m Route: /v1/audio/speech/stream, Endpoint: streaming_speech
[0;36m(APIServer pid=73252)[0;0m [32mINFO[0m [90m10-07 15:25:21[0m [90m[launcher.py:80][0m Route: /v1/video/chat/stream, Endpoint: streaming_video_chat
[0;36m(APIServer pid=73252)[0;0m [32mINFO[0m [90m10-07 15:25:21[0m [90m[launcher.py:80][0m Route: /v1/realtime/video, Endpoint: streaming_video_output
[0;36m(APIServer pid=73252)[0;0m [32mINFO[0m [90m10-07 15:25:21[0m [90m[launcher.py:80][0m Route: /v1/realtime, Endpoint: realtime_websocket
[0;36m(APIServer pid=73252)[0;0m [32mINFO[0m [90m10-07 15:25:21[0m [90m[launcher.py:80][0m Route: /v1/duplex, Endpoint: duplex_websocket
[0;36m(APIServer pid=73252)[0;0m [32mINFO[0m [90m10-07 15:25:21[0m [90m[launcher.py:80][0m Route: /v1/realtime/robot/openpi, Endpoint: realtime_robot_openpi
INFO:     Started server process [73252]
INFO:     Waiting for application startup.
INFO:     Application startup complete.
INFO:     127.0.0.1:34024 - "GET /health HTTP/1.1" 200 OK
[0;36m(APIServer pid=73252)[0;0m [32mINFO[0m [90m10-07 15:25:25[0m [90m[serving_speech.py:2423][0m Diffusion TTS speech request speech-b3ddb730ff46b2c3: voice_clone=False
[0;36m(APIServer pid=73252)[0;0m [32mINFO[0m [90m10-07 15:25:25[0m [90m[serving_speech.py:2471][0m Applied diffusion speech params: seed=42 extra_params={}
[0;36m(APIServer pid=73252)[0;0m [32mINFO[0m [90m10-07 15:25:25[0m [90m[diffusion_engine.py:764][0m [RequestBatch] admission wait done waiting=1 max_batch=8 waited_ms=2.1
MIOpen(HIP): Warning [IsEnoughWorkspace] [GetSolutionsFallback AI] Solver <ConvHipImplicitGemmGroupFwdXdlops>, workspace required: 8056832, provided ptr: 0x73e7e9e00000 size: 1003520
MIOpen(HIP): Warning [IsEnoughWorkspace] [GetSolutionsFallback AI] Solver <ConvAsmImplicitGemmGTCDynamicFwdXdlopsNHWC>, workspace required: 8056832, provided ptr: 0x73e7e9e00000 size: 1003520
MIOpen(HIP): Warning [IsEnoughWorkspace] [GetSolutionsFallback WTI] Solver <ConvAsmImplicitGemmGTCDynamicBwdXdlopsNHWC>, workspace required: 36421632, provided ptr: 0x73e784400000 size: 4587520
MIOpen(HIP): Warning [IsEnoughWorkspace] [GetSolutionsFallback WTI] Solver <ConvHipImplicitGemmGroupBwdXdlops>, workspace required: 36421632, provided ptr: 0x73e784400000 size: 4587520
MIOpen(HIP): Warning [IsEnoughWorkspace] [GetSolutionsFallback AI] Solver <GemmFwdRest>, workspace required: 16056320, provided ptr: 0x73e845c00000 size: 11927552
MIOpen(HIP): Warning [IsEnoughWorkspace] [GetSolutionsFallback WTI] Solver <ConvAsmImplicitGemmGTCDynamicBwdXdlopsNHWC>, workspace required: 13271040, provided ptr: 0x73e913cc0000 size: 11468800
MIOpen(HIP): Warning [IsEnoughWorkspace] [GetSolutionsFallback WTI] Solver <ConvHipImplicitGemmGroupBwdXdlops>, workspace required: 13271040, provided ptr: 0x73e913cc0000 size: 11468800
MIOpen(HIP): Warning [IsEnoughWorkspace] [GetSolutionsFallback AI] Solver <GemmFwdRest>, workspace required: 40140800, provided ptr: 0x73e914238000 size: 13303808
MIOpen(HIP): Warning [IsEnoughWorkspace] [GetSolutionsFallback AI] Solver <ConvHipImplicitGemmGroupFwdXdlops>, workspace required: 11730944, provided ptr: 0x73e86a600000 size: 11468800
MIOpen(HIP): Warning [IsEnoughWorkspace] [GetSolutionsFallback AI] Solver <GemmFwdRest>, workspace required: 80281600, provided ptr: 0x73e86bbe0000 size: 23396352
MIOpen(HIP): Warning [IsEnoughWorkspace] [GetSolutionsFallback AI] Solver <ConvHipImplicitGemmGroupFwdXdlops>, workspace required: 23003136, provided ptr: 0x73e86c6d0000 size: 22937600
MIOpen(HIP): Warning [IsEnoughWorkspace] [GetSolutionsFallback WTI] Solver <ConvAsmImplicitGemmGTCDynamicBwdXdlopsNHWC>, workspace required: 23068672, provided ptr: 0x73e86b0f0000 size: 22937600
MIOpen(HIP): Warning [IsEnoughWorkspace] [GetSolutionsFallback WTI] Solver <ConvHipImplicitGemmGroupBwdXdlops>, workspace required: 23068672, provided ptr: 0x73e86b0f0000 size: 22937600
MIOpen(HIP): Warning [IsEnoughWorkspace] [GetSolutionsFallback AI] Solver <GemmFwdRest>, workspace required: 80281600, provided ptr: 0x73e86bbe0000 size: 23052288
MIOpen(HIP): Warning [IsEnoughWorkspace] [GetSolutionsFallback AI] Solver <ConvHipImplicitGemmGroupFwdXdlops>, workspace required: 22953984, provided ptr: 0x73e86c6d0000 size: 22937600
MIOpen(HIP): Warning [IsEnoughWorkspace] [GetSolutionsFallback AI] Solver <GemmFwdRest>, workspace required: 120422400, provided ptr: 0x73e871200000 size: 34435072
MIOpen(HIP): Warning [IsEnoughWorkspace] [GetSolutionsFallback AI] Solver <ConvHipImplicitGemmGroupFwdXdlops>, workspace required: 34410496, provided ptr: 0x73e871200000 size: 34406400
MIOpen(HIP): Warning [IsEnoughWorkspace] [GetSolutionsFallback AI] Solver <ConvHipImplicitGemmGroupFwdXdlops>, workspace required: 17741824, provided ptr: 0x73e86a600000 size: 17204224
MIOpen(HIP): Warning [IsEnoughWorkspace] [GetSolutionsFallback AI] Solver <GemmFwdRest>, workspace required: 120422400, provided ptr: 0x73e86a600000 size: 17204224
MIOpen(HIP): Warning [IsEnoughWorkspace] [GetSolutionsFallback AI] Solver <ConvHipImplicitGemmGroupFwdXdlops>, workspace required: 8937472, provided ptr: 0x73e780cc0000 size: 2236416
MIOpen(HIP): Warning [IsEnoughWorkspace] [GetSolutionsFallback AI] Solver <ConvAsmImplicitGemmGTCDynamicFwdXdlopsNHWC>, workspace required: 8937472, provided ptr: 0x73e780cc0000 size: 2236416
MIOpen(HIP): Warning [IsEnoughWorkspace] [GetSolutionsFallback WTI] Solver <ConvAsmImplicitGemmGTCDynamicBwdXdlopsNHWC>, workspace required: 39944192, provided ptr: 0x73e845c00000 size: 10223616
MIOpen(HIP): Warning [IsEnoughWorkspace] [GetSolutionsFallback WTI] Solver <ConvHipImplicitGemmGroupBwdXdlops>, workspace required: 39944192, provided ptr: 0x73e845c00000 size: 10223616
MIOpen(HIP): Warning [IsEnoughWorkspace] [GetSolutionsFallback AI] Solver <GemmFwdRest>, workspace required: 35782656, provided ptr: 0x73e913cc0000 size: 17563648
MIOpen(HIP): Warning [IsEnoughWorkspace] [GetSolutionsFallback AI] Solver <GemmFwdRest>, workspace required: 89456640, provided ptr: 0x73e86be60000 size: 27394048
MIOpen(HIP): Warning [IsEnoughWorkspace] [GetSolutionsFallback AI] Solver <ConvHipImplicitGemmGroupFwdXdlops>, workspace required: 25821184, provided ptr: 0x73e86ca90000 size: 25559040
MIOpen(HIP): Warning [IsEnoughWorkspace] [GetSolutionsFallback AI] Solver <GemmFwdRest>, workspace required: 178913280, provided ptr: 0x73e872a60000 size: 51576832
MIOpen(HIP): Warning [IsEnoughWorkspace] [GetSolutionsFallback AI] Solver <ConvHipImplicitGemmGroupFwdXdlops>, workspace required: 51183616, provided ptr: 0x73e8742c0000 size: 51118080
MIOpen(HIP): Warning [IsEnoughWorkspace] [GetSolutionsFallback WTI] Solver <ConvAsmImplicitGemmGTCDynamicBwdXdlopsNHWC>, workspace required: 51249152, provided ptr: 0x73e872a60000 size: 51118080
MIOpen(HIP): Warning [IsEnoughWorkspace] [GetSolutionsFallback WTI] Solver <ConvHipImplicitGemmGroupBwdXdlops>, workspace required: 51249152, provided ptr: 0x73e872a60000 size: 51118080
MIOpen(HIP): Warning [IsEnoughWorkspace] [GetSolutionsFallback AI] Solver <GemmFwdRest>, workspace required: 178913280, provided ptr: 0x73e872a60000 size: 51232768
MIOpen(HIP): Warning [IsEnoughWorkspace] [GetSolutionsFallback AI] Solver <ConvHipImplicitGemmGroupFwdXdlops>, workspace required: 51134464, provided ptr: 0x73e8742c0000 size: 51118080
MIOpen(HIP): Warning [IsEnoughWorkspace] [GetSolutionsFallback AI] Solver <GemmFwdRest>, workspace required: 268369920, provided ptr: 0x73e875b20000 size: 76705792
MIOpen(HIP): Warning [IsEnoughWorkspace] [GetSolutionsFallback AI] Solver <ConvHipImplicitGemmGroupFwdXdlops>, workspace required: 76681216, provided ptr: 0x73e877fb0000 size: 76677120
MIOpen(HIP): Warning [IsEnoughWorkspace] [GetSolutionsFallback AI] Solver <ConvHipImplicitGemmGroupFwdXdlops>, workspace required: 39537664, provided ptr: 0x73e86a600000 size: 38339584
MIOpen(HIP): Warning [IsEnoughWorkspace] [GetSolutionsFallback AI] Solver <GemmFwdRest>, workspace required: 268369920, provided ptr: 0x73e86a600000 size: 38339584
MIOpen(HIP): Warning [IsEnoughWorkspace] [GetSolutionsFallback AI] Solver <ConvHipImplicitGemmGroupFwdXdlops>, workspace required: 8983552, provided ptr: 0x73e780cc0000 size: 2300928
MIOpen(HIP): Warning [IsEnoughWorkspace] [GetSolutionsFallback AI] Solver <ConvAsmImplicitGemmGTCDynamicFwdXdlopsNHWC>, workspace required: 8983552, provided ptr: 0x73e780cc0000 size: 2300928
MIOpen(HIP): Warning [IsEnoughWorkspace] [GetSolutionsFallback WTI] Solver <ConvAsmImplicitGemmGTCDynamicBwdXdlopsNHWC>, workspace required: 40128512, provided ptr: 0x73e913cc0000 size: 10518528
MIOpen(HIP): Warning [IsEnoughWorkspace] [GetSolutionsFallback WTI] Solver <ConvHipImplicitGemmGroupBwdXdlops>, workspace required: 40128512, provided ptr: 0x73e913cc0000 size: 10518528
MIOpen(HIP): Warning [IsEnoughWorkspace] [GetSolutionsFallback AI] Solver <GemmFwdRest>, workspace required: 36814848, provided ptr: 0x73e86a600000 size: 17858560
MIOpen(HIP): Warning [IsEnoughWorkspace] [GetSolutionsFallback AI] Solver <GemmFwdRest>, workspace required: 92037120, provided ptr: 0x73e86b28a000 size: 28131328
MIOpen(HIP): Warning [IsEnoughWorkspace] [GetSolutionsFallback AI] Solver <ConvHipImplicitGemmGroupFwdXdlops>, workspace required: 26558464, provided ptr: 0x73e86bf14000 size: 26296320
MIOpen(HIP): Warning [IsEnoughWorkspace] [GetSolutionsFallback AI] Solver <GemmFwdRest>, workspace required: 184074240, provided ptr: 0x73e872b14000 size: 53051392
MIOpen(HIP): Warning [IsEnoughWorkspace] [GetSolutionsFallback AI] Solver <ConvHipImplicitGemmGroupFwdXdlops>, workspace required: 52658176, provided ptr: 0x73e874428000 size: 52592640
MIOpen(HIP): Warning [IsEnoughWorkspace] [GetSolutionsFallback WTI] Solver <ConvAsmImplicitGemmGTCDynamicBwdXdlopsNHWC>, workspace required: 52723712, provided ptr: 0x73e872b14000 size: 52592640
MIOpen(HIP): Warning [IsEnoughWorkspace] [GetSolutionsFallback WTI] Solver <ConvHipImplicitGemmGroupBwdXdlops>, workspace required: 52723712, provided ptr: 0x73e872b14000 size: 52592640
MIOpen(HIP): Warning [IsEnoughWorkspace] [GetSolutionsFallback AI] Solver <GemmFwdRest>, workspace required: 184074240, provided ptr: 0x73e872b14000 size: 52707328
MIOpen(HIP): Warning [IsEnoughWorkspace] [GetSolutionsFallback AI] Solver <ConvHipImplicitGemmGroupFwdXdlops>, workspace required: 52609024, provided ptr: 0x73e874428000 size: 52592640
MIOpen(HIP): Warning [IsEnoughWorkspace] [GetSolutionsFallback AI] Solver <GemmFwdRest>, workspace required: 276111360, provided ptr: 0x73e875d3c000 size: 78917632
MIOpen(HIP): Warning [IsEnoughWorkspace] [GetSolutionsFallback AI] Solver <ConvHipImplicitGemmGroupFwdXdlops>, workspace required: 78893056, provided ptr: 0x73e8782da000 size: 78888960
MIOpen(HIP): Warning [IsEnoughWorkspace] [GetSolutionsFallback AI] Solver <ConvHipImplicitGemmGroupFwdXdlops>, workspace required: 40678144, provided ptr: 0x73e86a600000 size: 39445504
MIOpen(HIP): Warning [IsEnoughWorkspace] [GetSolutionsFallback AI] Solver <GemmFwdRest>, workspace required: 276111360, provided ptr: 0x73e86a600000 size: 39445504
MIOpen(HIP): Warning [IsEnoughWorkspace] [GetSolutionsFallback AI] Solver <ConvHipImplicitGemmGroupFwdXdlops>, workspace required: 8886272, provided ptr: 0x73e780cc0000 size: 2164736
MIOpen(HIP): Warning [IsEnoughWorkspace] [GetSolutionsFallback AI] Solver <ConvAsmImplicitGemmGTCDynamicFwdXdlopsNHWC>, workspace required: 8886272, provided ptr: 0x73e780cc0000 size: 2164736
MIOpen(HIP): Warning [IsEnoughWorkspace] [GetSolutionsFallback WTI] Solver <ConvAsmImplicitGemmGTCDynamicBwdXdlopsNHWC>, workspace required: 39739392, provided ptr: 0x73e845c00000 size: 9895936
MIOpen(HIP): Warning [IsEnoughWorkspace] [GetSolutionsFallback WTI] Solver <ConvHipImplicitGemmGroupBwdXdlops>, workspace required: 39739392, provided ptr: 0x73e845c00000 size: 9895936
MIOpen(HIP): Warning [IsEnoughWorkspace] [GetSolutionsFallback AI] Solver <GemmFwdRest>, workspace required: 34635776, provided ptr: 0x73e913cc0000 size: 17235968
MIOpen(HIP): Warning [IsEnoughWorkspace] [GetSolutionsFallback AI] Solver <GemmFwdRest>, workspace required: 86589440, provided ptr: 0x73e86bd98000 size: 26574848
MIOpen(HIP): Warning [IsEnoughWorkspace] [GetSolutionsFallback AI] Solver <ConvHipImplicitGemmGroupFwdXdlops>, workspace required: 25001984, provided ptr: 0x73e86c964000 size: 24739840
MIOpen(HIP): Warning [IsEnoughWorkspace] [GetSolutionsFallback AI] Solver <GemmFwdRest>, workspace required: 173178880, provided ptr: 0x73e872998000 size: 49938432
MIOpen(HIP): Warning [IsEnoughWorkspace] [GetSolutionsFallback AI] Solver <ConvHipImplicitGemmGroupFwdXdlops>, workspace required: 49545216, provided ptr: 0x73e874130000 size: 49479680
MIOpen(HIP): Warning [IsEnoughWorkspace] [GetSolutionsFallback WTI] Solver <ConvAsmImplicitGemmGTCDynamicBwdXdlopsNHWC>, workspace required: 49610752, provided ptr: 0x73e872998000 size: 49479680
MIOpen(HIP): Warning [IsEnoughWorkspace] [GetSolutionsFallback WTI] Solver <ConvHipImplicitGemmGroupBwdXdlops>, workspace required: 49610752, provided ptr: 0x73e872998000 size: 49479680
MIOpen(HIP): Warning [IsEnoughWorkspace] [GetSolutionsFallback AI] Solver <GemmFwdRest>, workspace required: 173178880, provided ptr: 0x73e872998000 size: 49594368
MIOpen(HIP): Warning [IsEnoughWorkspace] [GetSolutionsFallback AI] Solver <ConvHipImplicitGemmGroupFwdXdlops>, workspace required: 49496064, provided ptr: 0x73e874130000 size: 49479680
MIOpen(HIP): Warning [IsEnoughWorkspace] [GetSolutionsFallback AI] Solver <GemmFwdRest>, workspace required: 259768320, provided ptr: 0x73e8758c8000 size: 74248192
MIOpen(HIP): Warning [IsEnoughWorkspace] [GetSolutionsFallback AI] Solver <ConvHipImplicitGemmGroupFwdXdlops>, workspace required: 74223616, provided ptr: 0x73e877c2c000 size: 74219520
MIOpen(HIP): Warning [IsEnoughWorkspace] [GetSolutionsFallback AI] Solver <ConvHipImplicitGemmGroupFwdXdlops>, workspace required: 38270464, provided ptr: 0x73e86a600000 size: 37110784
MIOpen(HIP): Warning [IsEnoughWorkspace] [GetSolutionsFallback AI] Solver <GemmFwdRest>, workspace required: 259768320, provided ptr: 0x73e86a600000 size: 37110784
MIOpen(HIP): Warning [IsEnoughWorkspace] [GetSolutionsFallback AI] Solver <ConvHipImplicitGemmGroupFwdXdlops>, workspace required: 8333312, provided ptr: 0x73e781c80000 size: 1390592
MIOpen(HIP): Warning [IsEnoughWorkspace] [GetSolutionsFallback AI] Solver <ConvAsmImplicitGemmGTCDynamicFwdXdlopsNHWC>, workspace required: 8333312, provided ptr: 0x73e781c80000 size: 1390592
MIOpen(HIP): Warning [IsEnoughWorkspace] [GetSolutionsFallback WTI] Solver <ConvAsmImplicitGemmGTCDynamicBwdXdlopsNHWC>, workspace required: 37527552, provided ptr: 0x73e845c00000 size: 6356992
MIOpen(HIP): Warning [IsEnoughWorkspace] [GetSolutionsFallback WTI] Solver <ConvHipImplicitGemmGroupBwdXdlops>, workspace required: 37527552, provided ptr: 0x73e845c00000 size: 6356992
MIOpen(HIP): Warning [IsEnoughWorkspace] [GetSolutionsFallback AI] Solver <GemmFwdRest>, workspace required: 22249472, provided ptr: 0x73e913cc0000 size: 13697024
MIOpen(HIP): Warning [IsEnoughWorkspace] [GetSolutionsFallback WTI] Solver <ConvAsmImplicitGemmGTCDynamicBwdXdlopsNHWC>, workspace required: 16367616, provided ptr: 0x73e913cc0000 size: 15892480
MIOpen(HIP): Warning [IsEnoughWorkspace] [GetSolutionsFallback WTI] Solver <ConvHipImplicitGemmGroupBwdXdlops>, workspace required: 16367616, provided ptr: 0x73e913cc0000 size: 15892480
MIOpen(HIP): Warning [IsEnoughWorkspace] [GetSolutionsFallback AI] Solver <GemmFwdRest>, workspace required: 55623680, provided ptr: 0x73e86a600000 size: 17727488
MIOpen(HIP): Warning [IsEnoughWorkspace] [GetSolutionsFallback AI] Solver <ConvAsmImplicitGemmGTCDynamicFwdXdlopsNHWC>, workspace required: 15892480, provided ptr: 0 size: 0
MIOpen(HIP): Warning [IsEnoughWorkspace] [GetSolutionsFallback AI] Solver <ConvHipImplicitGemmGroupFwdXdlops>, workspace required: 16154624, provided ptr: 0 size: 0
MIOpen(HIP): Warning [IsEnoughWorkspace] [GetSolutionsFallback AI] Solver <GemmFwdRest>, workspace required: 111247360, provided ptr: 0x73e871200000 size: 32243712
MIOpen(HIP): Warning [IsEnoughWorkspace] [GetSolutionsFallback AI] Solver <ConvHipImplicitGemmGroupFwdXdlops>, workspace required: 31850496, provided ptr: 0x73e871200000 size: 31784960
MIOpen(HIP): Warning [IsEnoughWorkspace] [GetSolutionsFallback WTI] Solver <ConvAsmImplicitGemmGTCDynamicBwdXdlopsNHWC>, workspace required: 31916032, provided ptr: 0x73e86c450000 size: 31784960
MIOpen(HIP): Warning [IsEnoughWorkspace] [GetSolutionsFallback WTI] Solver <ConvHipImplicitGemmGroupBwdXdlops>, workspace required: 31916032, provided ptr: 0x73e86c450000 size: 31784960
MIOpen(HIP): Warning [IsEnoughWorkspace] [GetSolutionsFallback AI] Solver <GemmFwdRest>, workspace required: 111247360, provided ptr: 0x73e86d378000 size: 31899648
MIOpen(HIP): Warning [IsEnoughWorkspace] [GetSolutionsFallback AI] Solver <ConvHipImplicitGemmGroupFwdXdlops>, workspace required: 31801344, provided ptr: 0x73e871200000 size: 31784960
MIOpen(HIP): Warning [IsEnoughWorkspace] [GetSolutionsFallback AI] Solver <GemmFwdRest>, workspace required: 166871040, provided ptr: 0x73e8728bc000 size: 47706112
MIOpen(HIP): Warning [IsEnoughWorkspace] [GetSolutionsFallback AI] Solver <ConvHipImplicitGemmGroupFwdXdlops>, workspace required: 47681536, provided ptr: 0x73e873f78000 size: 47677440
MIOpen(HIP): Warning [IsEnoughWorkspace] [GetSolutionsFallback AI] Solver <ConvHipImplicitGemmGroupFwdXdlops>, workspace required: 24584704, provided ptr: 0x73e86bcbc000 size: 23839744
MIOpen(HIP): Warning [IsEnoughWorkspace] [GetSolutionsFallback AI] Solver <GemmFwdRest>, workspace required: 166871040, provided ptr: 0x73e86bcbc000 size: 23839744
MIOpen(HIP): Warning [IsEnoughWorkspace] [GetSolutionsFallback AI] Solver <ConvHipImplicitGemmGroupFwdXdlops>, workspace required: 8742912, provided ptr: 0x73e780cc0000 size: 1964032
MIOpen(HIP): Warning [IsEnoughWorkspace] [GetSolutionsFallback AI] Solver <ConvAsmImplicitGemmGTCDynamicFwdXdlopsNHWC>, workspace required: 8742912, provided ptr: 0x73e780cc0000 size: 1964032
MIOpen(HIP): Warning [IsEnoughWorkspace] [GetSolutionsFallback WTI] Solver <ConvAsmImplicitGemmGTCDynamicBwdXdlopsNHWC>, workspace required: 39165952, provided ptr: 0x73e845c00000 size: 8978432
MIOpen(HIP): Warning [IsEnoughWorkspace] [GetSolutionsFallback WTI] Solver <ConvHipImplicitGemmGroupBwdXdlops>, workspace required: 39165952, provided ptr: 0x73e845c00000 size: 8978432
MIOpen(HIP): Warning [IsEnoughWorkspace] [GetSolutionsFallback AI] Solver <GemmFwdRest>, workspace required: 31424512, provided ptr: 0x73e913cc0000 size: 16318464
MIOpen(HIP): Warning [IsEnoughWorkspace] [GetSolutionsFallback AI] Solver <GemmFwdRest>, workspace required: 78561280, provided ptr: 0x73e86bb68000 size: 24281088
MIOpen(HIP): Warning [IsEnoughWorkspace] [GetSolutionsFallback AI] Solver <ConvHipImplicitGemmGroupFwdXdlops>, workspace required: 22708224, provided ptr: 0x73e86c61c000 size: 22446080
MIOpen(HIP): Warning [IsEnoughWorkspace] [GetSolutionsFallback AI] Solver <GemmFwdRest>, workspace required: 157122560, provided ptr: 0x73e871200000 size: 45350912
MIOpen(HIP): Warning [IsEnoughWorkspace] [GetSolutionsFallback AI] Solver <ConvHipImplicitGemmGroupFwdXdlops>, workspace required: 44957696, provided ptr: 0x73e872768000 size: 44892160
MIOpen(HIP): Warning [IsEnoughWorkspace] [GetSolutionsFallback WTI] Solver <ConvAsmImplicitGemmGTCDynamicBwdXdlopsNHWC>, workspace required: 45023232, provided ptr: 0x73e871200000 size: 44892160
MIOpen(HIP): Warning [IsEnoughWorkspace] [GetSolutionsFallback WTI] Solver <ConvHipImplicitGemmGroupBwdXdlops>, workspace required: 45023232, provided ptr: 0x73e871200000 size: 44892160
MIOpen(HIP): Warning [IsEnoughWorkspace] [GetSolutionsFallback AI] Solver <GemmFwdRest>, workspace required: 157122560, provided ptr: 0x73e872768000 size: 45006848
MIOpen(HIP): Warning [IsEnoughWorkspace] [GetSolutionsFallback AI] Solver <ConvHipImplicitGemmGroupFwdXdlops>, workspace required: 44908544, provided ptr: 0x73e873cd0000 size: 44892160
MIOpen(HIP): Warning [IsEnoughWorkspace] [GetSolutionsFallback AI] Solver <GemmFwdRest>, workspace required: 235683840, provided ptr: 0x73e8767a0000 size: 67366912
MIOpen(HIP): Warning [IsEnoughWorkspace] [GetSolutionsFallback AI] Solver <ConvHipImplicitGemmGroupFwdXdlops>, workspace required: 67342336, provided ptr: 0x73e8787bc000 size: 67338240
MIOpen(HIP): Warning [IsEnoughWorkspace] [GetSolutionsFallback AI] Solver <ConvHipImplicitGemmGroupFwdXdlops>, workspace required: 34722304, provided ptr: 0x73e86c61c000 size: 33670144
MIOpen(HIP): Warning [IsEnoughWorkspace] [GetSolutionsFallback AI] Solver <GemmFwdRest>, workspace required: 235683840, provided ptr: 0x73e86c61c000 size: 33670144
MIOpen(HIP): Warning [IsEnoughWorkspace] [GetSolutionsFallback AI] Solver <ConvHipImplicitGemmGroupFwdXdlops>, workspace required: 8108032, provided ptr: 0x73e781c80000 size: 1075200
MIOpen(HIP): Warning [IsEnoughWorkspace] [GetSolutionsFallback AI] Solver <ConvAsmImplicitGemmGTCDynamicFwdXdlopsNHWC>, workspace required: 8108032, provided ptr: 0x73e781c80000 size: 1075200
MIOpen(HIP): Warning [IsEnoughWorkspace] [GetSolutionsFallback WTI] Solver <ConvAsmImplicitGemmGTCDynamicBwdXdlopsNHWC>, workspace required: 36626432, provided ptr: 0x73e784400000 size: 4915200
MIOpen(HIP): Warning [IsEnoughWorkspace] [GetSolutionsFallback WTI] Solver <ConvHipImplicitGemmGroupBwdXdlops>, workspace required: 36626432, provided ptr: 0x73e784400000 size: 4915200
MIOpen(HIP): Warning [IsEnoughWorkspace] [GetSolutionsFallback AI] Solver <GemmFwdRest>, workspace required: 17203200, provided ptr: 0x73e845c00000 size: 12255232
MIOpen(HIP): Warning [IsEnoughWorkspace] [GetSolutionsFallback WTI] Solver <ConvAsmImplicitGemmGTCDynamicBwdXdlopsNHWC>, workspace required: 13844480, provided ptr: 0x73e913cc0000 size: 12288000
MIOpen(HIP): Warning [IsEnoughWorkspace] [GetSolutionsFallback WTI] Solver <ConvHipImplicitGemmGroupBwdXdlops>, workspace required: 13844480, provided ptr: 0x73e913cc0000 size: 12288000
MIOpen(HIP): Warning [IsEnoughWorkspace] [GetSolutionsFallback AI] Solver <GemmFwdRest>, workspace required: 43008000, provided ptr: 0x73e91429c000 size: 14123008
MIOpen(HIP): Warning [IsEnoughWorkspace] [GetSolutionsFallback AI] Solver <ConvHipImplicitGemmGroupFwdXdlops>, workspace required: 12550144, provided ptr: 0x73e86a600000 size: 12288000
MIOpen(HIP): Warning [IsEnoughWorkspace] [GetSolutionsFallback AI] Solver <GemmFwdRest>, workspace required: 86016000, provided ptr: 0x73e86bd70000 size: 25034752
MIOpen(HIP): Warning [IsEnoughWorkspace] [GetSolutionsFallback AI] Solver <ConvHipImplicitGemmGroupFwdXdlops>, workspace required: 24641536, provided ptr: 0x73e86c928000 size: 24576000
MIOpen(HIP): Warning [IsEnoughWorkspace] [GetSolutionsFallback WTI] Solver <ConvAsmImplicitGemmGTCDynamicBwdXdlopsNHWC>, workspace required: 24707072, provided ptr: 0x73e86b1b8000 size: 24576000
MIOpen(HIP): Warning [IsEnoughWorkspace] [GetSolutionsFallback WTI] Solver <ConvHipImplicitGemmGroupBwdXdlops>, workspace required: 24707072, provided ptr: 0x73e86b1b8000 size: 24576000
MIOpen(HIP): Warning [IsEnoughWorkspace] [GetSolutionsFallback AI] Solver <GemmFwdRest>, workspace required: 86016000, provided ptr: 0x73e86bd70000 size: 24690688
MIOpen(HIP): Warning [IsEnoughWorkspace] [GetSolutionsFallback AI] Solver <ConvHipImplicitGemmGroupFwdXdlops>, workspace required: 24592384, provided ptr: 0x73e86c928000 size: 24576000
MIOpen(HIP): Warning [IsEnoughWorkspace] [GetSolutionsFallback AI] Solver <GemmFwdRest>, workspace required: 129024000, provided ptr: 0x73e871200000 size: 36892672
MIOpen(HIP): Warning [IsEnoughWorkspace] [GetSolutionsFallback AI] Solver <ConvHipImplicitGemmGroupFwdXdlops>, workspace required: 36868096, provided ptr: 0x73e872394000 size: 36864000
MIOpen(HIP): Warning [IsEnoughWorkspace] [GetSolutionsFallback AI] Solver <ConvHipImplicitGemmGroupFwdXdlops>, workspace required: 19009024, provided ptr: 0x73e86a600000 size: 18433024
MIOpen(HIP): Warning [IsEnoughWorkspace] [GetSolutionsFallback AI] Solver <GemmFwdRest>, workspace required: 129024000, provided ptr: 0x73e86a600000 size: 18433024
MIOpen(HIP): Warning [IsEnoughWorkspace] [GetSolutionsFallback AI] Solver <ConvHipImplicitGemmGroupFwdXdlops>, workspace required: 8691712, provided ptr: 0x73e780cc0000 size: 1892352
MIOpen(HIP): Warning [IsEnoughWorkspace] [GetSolutionsFallback AI] Solver <ConvAsmImplicitGemmGTCDynamicFwdXdlopsNHWC>, workspace required: 8691712, provided ptr: 0x73e780cc0000 size: 1892352
MIOpen(HIP): Warning [IsEnoughWorkspace] [GetSolutionsFallback WTI] Solver <ConvAsmImplicitGemmGTCDynamicBwdXdlopsNHWC>, workspace required: 38961152, provided ptr: 0x73e845c00000 size: 8650752
MIOpen(HIP): Warning [IsEnoughWorkspace] [GetSolutionsFallback WTI] Solver <ConvHipImplicitGemmGroupBwdXdlops>, workspace required: 38961152, provided ptr: 0x73e845c00000 size: 8650752
MIOpen(HIP): Warning [IsEnoughWorkspace] [GetSolutionsFallback AI] Solver <GemmFwdRest>, workspace required: 30277632, provided ptr: 0x73e913cc0000 size: 15990784
MIOpen(HIP): Warning [IsEnoughWorkspace] [GetSolutionsFallback AI] Solver <GemmFwdRest>, workspace required: 75694080, provided ptr: 0x73e86b050000 size: 23461888
MIOpen(HIP): Warning [IsEnoughWorkspace] [GetSolutionsFallback AI] Solver <ConvHipImplicitGemmGroupFwdXdlops>, workspace required: 21889024, provided ptr: 0x73e86baa0000 size: 21626880
MIOpen(HIP): Warning [IsEnoughWorkspace] [GetSolutionsFallback AI] Solver <GemmFwdRest>, workspace required: 151388160, provided ptr: 0x73e871200000 size: 43712512
MIOpen(HIP): Warning [IsEnoughWorkspace] [GetSolutionsFallback AI] Solver <ConvHipImplicitGemmGroupFwdXdlops>, workspace required: 43319296, provided ptr: 0x73e871200000 size: 43253760
MIOpen(HIP): Warning [IsEnoughWorkspace] [GetSolutionsFallback WTI] Solver <ConvAsmImplicitGemmGTCDynamicBwdXdlopsNHWC>, workspace required: 43384832, provided ptr: 0x73e871200000 size: 43253760
MIOpen(HIP): Warning [IsEnoughWorkspace] [GetSolutionsFallback WTI] Solver <ConvHipImplicitGemmGroupBwdXdlops>, workspace required: 43384832, provided ptr: 0x73e871200000 size: 43253760
MIOpen(HIP): Warning [IsEnoughWorkspace] [GetSolutionsFallback AI] Solver <GemmFwdRest>, workspace required: 151388160, provided ptr: 0x73e871200000 size: 43368448
MIOpen(HIP): Warning [IsEnoughWorkspace] [GetSolutionsFallback AI] Solver <ConvHipImplicitGemmGroupFwdXdlops>, workspace required: 43270144, provided ptr: 0x73e8726a0000 size: 43253760
MIOpen(HIP): Warning [IsEnoughWorkspace] [GetSolutionsFallback AI] Solver <GemmFwdRest>, workspace required: 227082240, provided ptr: 0x73e874fe0000 size: 64909312
MIOpen(HIP): Warning [IsEnoughWorkspace] [GetSolutionsFallback AI] Solver <ConvHipImplicitGemmGroupFwdXdlops>, workspace required: 64884736, provided ptr: 0x73e876ed0000 size: 64880640
MIOpen(HIP): Warning [IsEnoughWorkspace] [GetSolutionsFallback AI] Solver <ConvHipImplicitGemmGroupFwdXdlops>, workspace required: 33455104, provided ptr: 0x73e86c4f0000 size: 32441344
MIOpen(HIP): Warning [IsEnoughWorkspace] [GetSolutionsFallback AI] Solver <GemmFwdRest>, workspace required: 227082240, provided ptr: 0x73e86c4f0000 size: 32441344
MIOpen(HIP): Warning [IsEnoughWorkspace] [GetSolutionsFallback AI] Solver <ConvHipImplicitGemmGroupFwdXdlops>, workspace required: 8297472, provided ptr: 0x73e781c80000 size: 1340416
MIOpen(HIP): Warning [IsEnoughWorkspace] [GetSolutionsFallback AI] Solver <ConvAsmImplicitGemmGTCDynamicFwdXdlopsNHWC>, workspace required: 8297472, provided ptr: 0x73e781c80000 size: 1340416
MIOpen(HIP): Warning [IsEnoughWorkspace] [GetSolutionsFallback WTI] Solver <ConvAsmImplicitGemmGTCDynamicBwdXdlopsNHWC>, workspace required: 37384192, provided ptr: 0x73e845c00000 size: 6127616
MIOpen(HIP): Warning [IsEnoughWorkspace] [GetSolutionsFallback WTI] Solver <ConvHipImplicitGemmGroupBwdXdlops>, workspace required: 37384192, provided ptr: 0x73e845c00000 size: 6127616
MIOpen(HIP): Warning [IsEnoughWorkspace] [GetSolutionsFallback AI] Solver <GemmFwdRest>, workspace required: 21446656, provided ptr: 0x73e913cc0000 size: 13467648
MIOpen(HIP): Warning [IsEnoughWorkspace] [GetSolutionsFallback WTI] Solver <ConvAsmImplicitGemmGTCDynamicBwdXdlopsNHWC>, workspace required: 15966208, provided ptr: 0x73e913cc0000 size: 15319040
MIOpen(HIP): Warning [IsEnoughWorkspace] [GetSolutionsFallback WTI] Solver <ConvHipImplicitGemmGroupBwdXdlops>, workspace required: 15966208, provided ptr: 0x73e913cc0000 size: 15319040
MIOpen(HIP): Warning [IsEnoughWorkspace] [GetSolutionsFallback AI] Solver <GemmFwdRest>, workspace required: 53616640, provided ptr: 0x73e86a600000 size: 17154048
MIOpen(HIP): Warning [IsEnoughWorkspace] [GetSolutionsFallback AI] Solver <ConvAsmImplicitGemmGTCDynamicFwdXdlopsNHWC>, workspace required: 15319040, provided ptr: 0 size: 0
MIOpen(HIP): Warning [IsEnoughWorkspace] [GetSolutionsFallback AI] Solver <ConvHipImplicitGemmGroupFwdXdlops>, workspace required: 15581184, provided ptr: 0 size: 0
MIOpen(HIP): Warning [IsEnoughWorkspace] [GetSolutionsFallback AI] Solver <GemmFwdRest>, workspace required: 107233280, provided ptr: 0x73e86d1d4000 size: 31096832
MIOpen(HIP): Warning [IsEnoughWorkspace] [GetSolutionsFallback AI] Solver <ConvHipImplicitGemmGroupFwdXdlops>, workspace required: 30703616, provided ptr: 0x73e871200000 size: 30638080
MIOpen(HIP): Warning [IsEnoughWorkspace] [GetSolutionsFallback WTI] Solver <ConvAsmImplicitGemmGTCDynamicBwdXdlopsNHWC>, workspace required: 30769152, provided ptr: 0x73e86c338000 size: 30638080
MIOpen(HIP): Warning [IsEnoughWorkspace] [GetSolutionsFallback WTI] Solver <ConvHipImplicitGemmGroupBwdXdlops>, workspace required: 30769152, provided ptr: 0x73e86c338000 size: 30638080
MIOpen(HIP): Warning [IsEnoughWorkspace] [GetSolutionsFallback AI] Solver <GemmFwdRest>, workspace required: 107233280, provided ptr: 0x73e86d1d4000 size: 30752768
MIOpen(HIP): Warning [IsEnoughWorkspace] [GetSolutionsFallback AI] Solver <ConvHipImplicitGemmGroupFwdXdlops>, workspace required: 30654464, provided ptr: 0x73e871200000 size: 30638080
MIOpen(HIP): Warning [IsEnoughWorkspace] [GetSolutionsFallback AI] Solver <GemmFwdRest>, workspace required: 160849920, provided ptr: 0x73e8727ea000 size: 45985792
MIOpen(HIP): Warning [IsEnoughWorkspace] [GetSolutionsFallback AI] Solver <ConvHipImplicitGemmGroupFwdXdlops>, workspace required: 45961216, provided ptr: 0x73e873dd4000 size: 45957120
MIOpen(HIP): Warning [IsEnoughWorkspace] [GetSolutionsFallback AI] Solver <ConvHipImplicitGemmGroupFwdXdlops>, workspace required: 23697664, provided ptr: 0x73e86bbea000 size: 22979584
MIOpen(HIP): Warning [IsEnoughWorkspace] [GetSolutionsFallback AI] Solver <GemmFwdRest>, workspace required: 160849920, provided ptr: 0x73e86bbea000 size: 22979584
MIOpen(HIP): Warning [IsEnoughWorkspace] [GetSolutionsFallback AI] Solver <ConvHipImplicitGemmGroupFwdXdlops>, workspace required: 8927232, provided ptr: 0x73e780cc0000 size: 2222080
MIOpen(HIP): Warning [IsEnoughWorkspace] [GetSolutionsFallback AI] Solver <ConvAsmImplicitGemmGTCDynamicFwdXdlopsNHWC>, workspace required: 8927232, provided ptr: 0x73e780cc0000 size: 2222080
MIOpen(HIP): Warning [IsEnoughWorkspace] [GetSolutionsFallback WTI] Solver <ConvAsmImplicitGemmGTCDynamicBwdXdlopsNHWC>, workspace required: 39903232, provided ptr: 0x73e845c00000 size: 10158080
MIOpen(HIP): Warning [IsEnoughWorkspace] [GetSolutionsFallback WTI] Solver <ConvHipImplicitGemmGroupBwdXdlops>, workspace required: 39903232, provided ptr: 0x73e845c00000 size: 10158080
MIOpen(HIP): Warning [IsEnoughWorkspace] [GetSolutionsFallback AI] Solver <GemmFwdRest>, workspace required: 35553280, provided ptr: 0x73e913cc0000 size: 17498112
MIOpen(HIP): Warning [IsEnoughWorkspace] [GetSolutionsFallback AI] Solver <GemmFwdRest>, workspace required: 88883200, provided ptr: 0x73e86be38000 size: 27230208
MIOpen(HIP): Warning [IsEnoughWorkspace] [GetSolutionsFallback AI] Solver <ConvHipImplicitGemmGroupFwdXdlops>, workspace required: 25657344, provided ptr: 0x73e86ca54000 size: 25395200
MIOpen(HIP): Warning [IsEnoughWorkspace] [GetSolutionsFallback AI] Solver <GemmFwdRest>, workspace required: 177766400, provided ptr: 0x73e872a38000 size: 51249152
MIOpen(HIP): Warning [IsEnoughWorkspace] [GetSolutionsFallback AI] Solver <ConvHipImplicitGemmGroupFwdXdlops>, workspace required: 50855936, provided ptr: 0x73e874270000 size: 50790400
MIOpen(HIP): Warning [IsEnoughWorkspace] [GetSolutionsFallback WTI] Solver <ConvAsmImplicitGemmGTCDynamicBwdXdlopsNHWC>, workspace required: 50921472, provided ptr: 0x73e872a38000 size: 50790400
MIOpen(HIP): Warning [IsEnoughWorkspace] [GetSolutionsFallback WTI] Solver <ConvHipImplicitGemmGroupBwdXdlops>, workspace required: 50921472, provided ptr: 0x73e872a38000 size: 50790400
MIOpen(HIP): Warning [IsEnoughWorkspace] [GetSolutionsFallback AI] Solver <GemmFwdRest>, workspace required: 177766400, provided ptr: 0x73e872a38000 size: 50905088
MIOpen(HIP): Warning [IsEnoughWorkspace] [GetSolutionsFallback AI] Solver <ConvHipImplicitGemmGroupFwdXdlops>, workspace required: 50806784, provided ptr: 0x73e874270000 size: 50790400
MIOpen(HIP): Warning [IsEnoughWorkspace] [GetSolutionsFallback AI] Solver <GemmFwdRest>, workspace required: 266649600, provided ptr: 0x73e875aa8000 size: 76214272
MIOpen(HIP): Warning [IsEnoughWorkspace] [GetSolutionsFallback AI] Solver <ConvHipImplicitGemmGroupFwdXdlops>, workspace required: 76189696, provided ptr: 0x73e877efc000 size: 76185600
MIOpen(HIP): Warning [IsEnoughWorkspace] [GetSolutionsFallback AI] Solver <ConvHipImplicitGemmGroupFwdXdlops>, workspace required: 39284224, provided ptr: 0x73e86a600000 size: 38093824
MIOpen(HIP): Warning [IsEnoughWorkspace] [GetSolutionsFallback AI] Solver <GemmFwdRest>, workspace required: 266649600, provided ptr: 0x73e86a600000 size: 38093824
MIOpen(HIP): Warning [IsEnoughWorkspace] [GetSolutionsFallback AI] Solver <ConvHipImplicitGemmGroupFwdXdlops>, workspace required: 8773632, provided ptr: 0x73e780cc0000 size: 2007040
MIOpen(HIP): Warning [IsEnoughWorkspace] [GetSolutionsFallback AI] Solver <ConvAsmImplicitGemmGTCDynamicFwdXdlopsNHWC>, workspace required: 8773632, provided ptr: 0x73e780cc0000 size: 2007040
MIOpen(HIP): Warning [IsEnoughWorkspace] [GetSolutionsFallback WTI] Solver <ConvAsmImplicitGemmGTCDynamicBwdXdlopsNHWC>, workspace required: 39288832, provided ptr: 0x73e845c00000 size: 9175040
MIOpen(HIP): Warning [IsEnoughWorkspace] [GetSolutionsFallback WTI] Solver <ConvHipImplicitGemmGroupBwdXdlops>, workspace required: 39288832, provided ptr: 0x73e845c00000 size: 9175040
MIOpen(HIP): Warning [IsEnoughWorkspace] [GetSolutionsFallback AI] Solver <GemmFwdRest>, workspace required: 32112640, provided ptr: 0x73e913cc0000 size: 16515072
MIOpen(HIP): Warning [IsEnoughWorkspace] [GetSolutionsFallback AI] Solver <GemmFwdRest>, workspace required: 80281600, provided ptr: 0x73e86bbe0000 size: 24772608
MIOpen(HIP): Warning [IsEnoughWorkspace] [GetSolutionsFallback AI] Solver <ConvHipImplicitGemmGroupFwdXdlops>, workspace required: 23199744, provided ptr: 0x73e86c6d0000 size: 22937600
MIOpen(HIP): Warning [IsEnoughWorkspace] [GetSolutionsFallback AI] Solver <GemmFwdRest>, workspace required: 160563200, provided ptr: 0x73e8727e0000 size: 46333952
MIOpen(HIP): Warning [IsEnoughWorkspace] [GetSolutionsFallback AI] Solver <ConvHipImplicitGemmGroupFwdXdlops>, workspace required: 45940736, provided ptr: 0x73e873dc0000 size: 45875200
MIOpen(HIP): Warning [IsEnoughWorkspace] [GetSolutionsFallback WTI] Solver <ConvAsmImplicitGemmGTCDynamicBwdXdlopsNHWC>, workspace required: 46006272, provided ptr: 0x73e8727e0000 size: 45875200
MIOpen(HIP): Warning [IsEnoughWorkspace] [GetSolutionsFallback WTI] Solver <ConvHipImplicitGemmGroupBwdXdlops>, workspace required: 46006272, provided ptr: 0x73e8727e0000 size: 45875200
MIOpen(HIP): Warning [IsEnoughWorkspace] [GetSolutionsFallback AI] Solver <GemmFwdRest>, workspace required: 160563200, provided ptr: 0x73e8727e0000 size: 45989888
MIOpen(HIP): Warning [IsEnoughWorkspace] [GetSolutionsFallback AI] Solver <ConvHipImplicitGemmGroupFwdXdlops>, workspace required: 45891584, provided ptr: 0x73e873dc0000 size: 45875200
MIOpen(HIP): Warning [IsEnoughWorkspace] [GetSolutionsFallback AI] Solver <GemmFwdRest>, workspace required: 240844800, provided ptr: 0x73e8753a0000 size: 68841472
MIOpen(HIP): Warning [IsEnoughWorkspace] [GetSolutionsFallback AI] Solver <ConvHipImplicitGemmGroupFwdXdlops>, workspace required: 68816896, provided ptr: 0x73e877470000 size: 68812800
MIOpen(HIP): Warning [IsEnoughWorkspace] [GetSolutionsFallback AI] Solver <ConvHipImplicitGemmGroupFwdXdlops>, workspace required: 35482624, provided ptr: 0x73e86a600000 size: 34407424
MIOpen(HIP): Warning [IsEnoughWorkspace] [GetSolutionsFallback AI] Solver <GemmFwdRest>, workspace required: 240844800, provided ptr: 0x73e86a600000 size: 34407424
MIOpen(HIP): Warning [IsEnoughWorkspace] [GetSolutionsFallback AI] Solver <ConvHipImplicitGemmGroupFwdXdlops>, workspace required: 8727552, provided ptr: 0x73e780cc0000 size: 1942528
MIOpen(HIP): Warning [IsEnoughWorkspace] [GetSolutionsFallback AI] Solver <ConvAsmImplicitGemmGTCDynamicFwdXdlopsNHWC>, workspace required: 8727552, provided ptr: 0x73e780cc0000 size: 1942528
MIOpen(HIP): Warning [IsEnoughWorkspace] [GetSolutionsFallback WTI] Solver <ConvAsmImplicitGemmGTCDynamicBwdXdlopsNHWC>, workspace required: 39104512, provided ptr: 0x73e845c00000 size: 8880128
MIOpen(HIP): Warning [IsEnoughWorkspace] [GetSolutionsFallback WTI] Solver <ConvHipImplicitGemmGroupBwdXdlops>, workspace required: 39104512, provided ptr: 0x73e845c00000 size: 8880128
MIOpen(HIP): Warning [IsEnoughWorkspace] [GetSolutionsFallback AI] Solver <GemmFwdRest>, workspace required: 31080448, provided ptr: 0x73e913cc0000 size: 16220160
MIOpen(HIP): Warning [IsEnoughWorkspace] [GetSolutionsFallback AI] Solver <GemmFwdRest>, workspace required: 77701120, provided ptr: 0x73e86b096000 size: 24035328
MIOpen(HIP): Warning [IsEnoughWorkspace] [GetSolutionsFallback AI] Solver <ConvHipImplicitGemmGroupFwdXdlops>, workspace required: 22462464, provided ptr: 0x73e86bb2c000 size: 22200320
MIOpen(HIP): Warning [IsEnoughWorkspace] [GetSolutionsFallback AI] Solver <GemmFwdRest>, workspace required: 155402240, provided ptr: 0x73e871200000 size: 44859392
MIOpen(HIP): Warning [IsEnoughWorkspace] [GetSolutionsFallback AI] Solver <ConvHipImplicitGemmGroupFwdXdlops>, workspace required: 44466176, provided ptr: 0x73e871200000 size: 44400640
MIOpen(HIP): Warning [IsEnoughWorkspace] [GetSolutionsFallback WTI] Solver <ConvAsmImplicitGemmGTCDynamicBwdXdlopsNHWC>, workspace required: 44531712, provided ptr: 0x73e871200000 size: 44400640
MIOpen(HIP): Warning [IsEnoughWorkspace] [GetSolutionsFallback WTI] Solver <ConvHipImplicitGemmGroupBwdXdlops>, workspace required: 44531712, provided ptr: 0x73e871200000 size: 44400640
MIOpen(HIP): Warning [IsEnoughWorkspace] [GetSolutionsFallback AI] Solver <GemmFwdRest>, workspace required: 155402240, provided ptr: 0x73e871200000 size: 44515328
MIOpen(HIP): Warning [IsEnoughWorkspace] [GetSolutionsFallback AI] Solver <ConvHipImplicitGemmGroupFwdXdlops>, workspace required: 44417024, provided ptr: 0x73e87272c000 size: 44400640
MIOpen(HIP): Warning [IsEnoughWorkspace] [GetSolutionsFallback AI] Solver <GemmFwdRest>, workspace required: 233103360, provided ptr: 0x73e875184000 size: 66629632
MIOpen(HIP): Warning [IsEnoughWorkspace] [GetSolutionsFallback AI] Solver <ConvHipImplicitGemmGroupFwdXdlops>, workspace required: 66605056, provided ptr: 0x73e877146000 size: 66600960
MIOpen(HIP): Warning [IsEnoughWorkspace] [GetSolutionsFallback AI] Solver <ConvHipImplicitGemmGroupFwdXdlops>, workspace required: 34342144, provided ptr: 0x73e86c5c2000 size: 33301504
MIOpen(HIP): Warning [IsEnoughWorkspace] [GetSolutionsFallback AI] Solver <GemmFwdRest>, workspace required: 233103360, provided ptr: 0x73e86c5c2000 size: 33301504
[0;36m(APIServer pid=73252)[0;0m [32mINFO[0m [90m10-07 15:25:33[0m [90m[stats.py:902][0m [OmniTiming] req=speech-b3ddb730ff46b2c3-9c551e55 total=7.59s engine=7.59s stages=[0:7.59s]
INFO:     127.0.0.1:34026 - "POST /v1/audio/speech HTTP/1.1" 200 OK
[0;36m(APIServer pid=73252)[0;0m [32mINFO[0m [90m10-07 15:25:33[0m [90m[serving_speech.py:2423][0m Diffusion TTS speech request speech-b89b21b9e7deb112: voice_clone=False
[0;36m(APIServer pid=73252)[0;0m [32mINFO[0m [90m10-07 15:25:33[0m [90m[serving_speech.py:2471][0m Applied diffusion speech params: seed=42 extra_params={}
[0;36m(APIServer pid=73252)[0;0m [32mINFO[0m [90m10-07 15:25:33[0m [90m[diffusion_engine.py:764][0m [RequestBatch] admission wait done waiting=1 max_batch=8 waited_ms=2.1
MIOpen(HIP): Warning [IsEnoughWorkspace] [GetSolutionsFallback AI] Solver <ConvHipImplicitGemmGroupFwdXdlops>, workspace required: 9014272, provided ptr: 0x73e780cc0000 size: 2343936
MIOpen(HIP): Warning [IsEnoughWorkspace] [GetSolutionsFallback AI] Solver <ConvAsmImplicitGemmGTCDynamicFwdXdlopsNHWC>, workspace required: 9014272, provided ptr: 0x73e780cc0000 size: 2343936
MIOpen(HIP): Warning [IsEnoughWorkspace] [GetSolutionsFallback WTI] Solver <ConvAsmImplicitGemmGTCDynamicBwdXdlopsNHWC>, workspace required: 40251392, provided ptr: 0x73e913cc0000 size: 10715136
MIOpen(HIP): Warning [IsEnoughWorkspace] [GetSolutionsFallback WTI] Solver <ConvHipImplicitGemmGroupBwdXdlops>, workspace required: 40251392, provided ptr: 0x73e913cc0000 size: 10715136
MIOpen(HIP): Warning [IsEnoughWorkspace] [GetSolutionsFallback AI] Solver <GemmFwdRest>, workspace required: 37502976, provided ptr: 0x73e86a600000 size: 18055168
MIOpen(HIP): Warning [IsEnoughWorkspace] [GetSolutionsFallback AI] Solver <GemmFwdRest>, workspace required: 93757440, provided ptr: 0x73e86b2c6000 size: 28622848
MIOpen(HIP): Warning [IsEnoughWorkspace] [GetSolutionsFallback AI] Solver <ConvHipImplicitGemmGroupFwdXdlops>, workspace required: 27049984, provided ptr: 0x73e86bf8c000 size: 26787840
MIOpen(HIP): Warning [IsEnoughWorkspace] [GetSolutionsFallback AI] Solver <GemmFwdRest>, workspace required: 187514880, provided ptr: 0x73e872b8c000 size: 54034432
MIOpen(HIP): Warning [IsEnoughWorkspace] [GetSolutionsFallback AI] Solver <ConvHipImplicitGemmGroupFwdXdlops>, workspace required: 53641216, provided ptr: 0x73e874518000 size: 53575680
MIOpen(HIP): Warning [IsEnoughWorkspace] [GetSolutionsFallback WTI] Solver <ConvAsmImplicitGemmGTCDynamicBwdXdlopsNHWC>, workspace required: 53706752, provided ptr: 0x73e872b8c000 size: 53575680
MIOpen(HIP): Warning [IsEnoughWorkspace] [GetSolutionsFallback WTI] Solver <ConvHipImplicitGemmGroupBwdXdlops>, workspace required: 53706752, provided ptr: 0x73e872b8c000 size: 53575680
MIOpen(HIP): Warning [IsEnoughWorkspace] [GetSolutionsFallback AI] Solver <GemmFwdRest>, workspace required: 187514880, provided ptr: 0x73e874518000 size: 53690368
MIOpen(HIP): Warning [IsEnoughWorkspace] [GetSolutionsFallback AI] Solver <ConvHipImplicitGemmGroupFwdXdlops>, workspace required: 53592064, provided ptr: 0x73e875ea4000 size: 53575680
MIOpen(HIP): Warning [IsEnoughWorkspace] [GetSolutionsFallback AI] Solver <GemmFwdRest>, workspace required: 281272320, provided ptr: 0x73e875ea4000 size: 80392192
MIOpen(HIP): Warning [IsEnoughWorkspace] [GetSolutionsFallback AI] Solver <ConvHipImplicitGemmGroupFwdXdlops>, workspace required: 80367616, provided ptr: 0x73e8784f6000 size: 80363520
MIOpen(HIP): Warning [IsEnoughWorkspace] [GetSolutionsFallback AI] Solver <ConvHipImplicitGemmGroupFwdXdlops>, workspace required: 41438464, provided ptr: 0x73e86a600000 size: 40182784
MIOpen(HIP): Warning [IsEnoughWorkspace] [GetSolutionsFallback AI] Solver <GemmFwdRest>, workspace required: 281272320, provided ptr: 0x73e86a600000 size: 40182784
MIOpen(HIP): Warning [IsEnoughWorkspace] [GetSolutionsFallback AI] Solver <ConvHipImplicitGemmGroupFwdXdlops>, workspace required: 9193472, provided ptr: 0x73e780cc0000 size: 2594816
MIOpen(HIP): Warning [IsEnoughWorkspace] [GetSolutionsFallback AI] Solver <ConvAsmImplicitGemmGTCDynamicFwdXdlopsNHWC>, workspace required: 9193472, provided ptr: 0x73e780cc0000 size: 2594816
MIOpen(HIP): Warning [IsEnoughWorkspace] [GetSolutionsFallback WTI] Solver <ConvAsmImplicitGemmGTCDynamicBwdXdlopsNHWC>, workspace required: 40968192, provided ptr: 0x73e913cc0000 size: 11862016
MIOpen(HIP): Warning [IsEnoughWorkspace] [GetSolutionsFallback WTI] Solver <ConvHipImplicitGemmGroupBwdXdlops>, workspace required: 40968192, provided ptr: 0x73e913cc0000 size: 11862016
MIOpen(HIP): Warning [IsEnoughWorkspace] [GetSolutionsFallback AI] Solver <GemmFwdRest>, workspace required: 41517056, provided ptr: 0x73e86a600000 size: 19202048
MIOpen(HIP): Warning [IsEnoughWorkspace] [GetSolutionsFallback AI] Solver <GemmFwdRest>, workspace required: 103792640, provided ptr: 0x73e86c248000 size: 31490048
MIOpen(HIP): Warning [IsEnoughWorkspace] [GetSolutionsFallback AI] Solver <ConvHipImplicitGemmGroupFwdXdlops>, workspace required: 29917184, provided ptr: 0x73e86d06c000 size: 29655040
MIOpen(HIP): Warning [IsEnoughWorkspace] [GetSolutionsFallback AI] Solver <GemmFwdRest>, workspace required: 207585280, provided ptr: 0x73e872e48000 size: 59768832
MIOpen(HIP): Warning [IsEnoughWorkspace] [GetSolutionsFallback AI] Solver <ConvHipImplicitGemmGroupFwdXdlops>, workspace required: 59375616, provided ptr: 0x73e874a90000 size: 59310080
MIOpen(HIP): Warning [IsEnoughWorkspace] [GetSolutionsFallback WTI] Solver <ConvAsmImplicitGemmGTCDynamicBwdXdlopsNHWC>, workspace required: 59441152, provided ptr: 0x73e872e48000 size: 59310080
MIOpen(HIP): Warning [IsEnoughWorkspace] [GetSolutionsFallback WTI] Solver <ConvHipImplicitGemmGroupBwdXdlops>, workspace required: 59441152, provided ptr: 0x73e872e48000 size: 59310080
MIOpen(HIP): Warning [IsEnoughWorkspace] [GetSolutionsFallback AI] Solver <GemmFwdRest>, workspace required: 207585280, provided ptr: 0x73e874a90000 size: 59424768
MIOpen(HIP): Warning [IsEnoughWorkspace] [GetSolutionsFallback AI] Solver <ConvHipImplicitGemmGroupFwdXdlops>, workspace required: 59326464, provided ptr: 0x73e8766d8000 size: 59310080
MIOpen(HIP): Warning [IsEnoughWorkspace] [GetSolutionsFallback AI] Solver <GemmFwdRest>, workspace required: 311377920, provided ptr: 0x73e8766d8000 size: 88993792
MIOpen(HIP): Warning [IsEnoughWorkspace] [GetSolutionsFallback AI] Solver <ConvHipImplicitGemmGroupFwdXdlops>, workspace required: 88969216, provided ptr: 0x73e879144000 size: 88965120
MIOpen(HIP): Warning [IsEnoughWorkspace] [GetSolutionsFallback AI] Solver <ConvHipImplicitGemmGroupFwdXdlops>, workspace required: 45873664, provided ptr: 0x73e86a600000 size: 44483584
MIOpen(HIP): Warning [IsEnoughWorkspace] [GetSolutionsFallback AI] Solver <GemmFwdRest>, workspace required: 311377920, provided ptr: 0x73e86a600000 size: 44483584
MIOpen(HIP): Warning [IsEnoughWorkspace] [GetSolutionsFallback AI] Solver <ConvHipImplicitGemmGroupFwdXdlops>, workspace required: 8364032, provided ptr: 0x73e781c80000 size: 1433600
MIOpen(HIP): Warning [IsEnoughWorkspace] [GetSolutionsFallback AI] Solver <ConvAsmImplicitGemmGTCDynamicFwdXdlopsNHWC>, workspace required: 8364032, provided ptr: 0x73e781c80000 size: 1433600
MIOpen(HIP): Warning [IsEnoughWorkspace] [GetSolutionsFallback WTI] Solver <ConvAsmImplicitGemmGTCDynamicBwdXdlopsNHWC>, workspace required: 37650432, provided ptr: 0x73e845c00000 size: 6553600
MIOpen(HIP): Warning [IsEnoughWorkspace] [GetSolutionsFallback WTI] Solver <ConvHipImplicitGemmGroupBwdXdlops>, workspace required: 37650432, provided ptr: 0x73e845c00000 size: 6553600
MIOpen(HIP): Warning [IsEnoughWorkspace] [GetSolutionsFallback AI] Solver <GemmFwdRest>, workspace required: 22937600, provided ptr: 0x73e913cc0000 size: 13893632
MIOpen(HIP): Warning [IsEnoughWorkspace] [GetSolutionsFallback WTI] Solver <ConvAsmImplicitGemmGTCDynamicBwdXdlopsNHWC>, workspace required: 16711680, provided ptr: 0x73e913cc0000 size: 16384000
MIOpen(HIP): Warning [IsEnoughWorkspace] [GetSolutionsFallback WTI] Solver <ConvHipImplicitGemmGroupBwdXdlops>, workspace required: 16711680, provided ptr: 0x73e913cc0000 size: 16384000
MIOpen(HIP): Warning [IsEnoughWorkspace] [GetSolutionsFallback AI] Solver <GemmFwdRest>, workspace required: 57344000, provided ptr: 0x73e86a600000 size: 18219008
MIOpen(HIP): Warning [IsEnoughWorkspace] [GetSolutionsFallback AI] Solver <ConvHipImplicitGemmGroupFwdXdlops>, workspace required: 16646144, provided ptr: 0x73e86add0000 size: 16384000
MIOpen(HIP): Warning [IsEnoughWorkspace] [GetSolutionsFallback AI] Solver <GemmFwdRest>, workspace required: 114688000, provided ptr: 0x73e871200000 size: 33226752
MIOpen(HIP): Warning [IsEnoughWorkspace] [GetSolutionsFallback AI] Solver <ConvHipImplicitGemmGroupFwdXdlops>, workspace required: 32833536, provided ptr: 0x73e871200000 size: 32768000
MIOpen(HIP): Warning [IsEnoughWorkspace] [GetSolutionsFallback WTI] Solver <ConvAsmImplicitGemmGTCDynamicBwdXdlopsNHWC>, workspace required: 32899072, provided ptr: 0x73e86c540000 size: 32768000
MIOpen(HIP): Warning [IsEnoughWorkspace] [GetSolutionsFallback WTI] Solver <ConvHipImplicitGemmGroupBwdXdlops>, workspace required: 32899072, provided ptr: 0x73e86c540000 size: 32768000
MIOpen(HIP): Warning [IsEnoughWorkspace] [GetSolutionsFallback AI] Solver <GemmFwdRest>, workspace required: 114688000, provided ptr: 0x73e871200000 size: 32882688
MIOpen(HIP): Warning [IsEnoughWorkspace] [GetSolutionsFallback AI] Solver <ConvHipImplicitGemmGroupFwdXdlops>, workspace required: 32784384, provided ptr: 0x73e871200000 size: 32768000
MIOpen(HIP): Warning [IsEnoughWorkspace] [GetSolutionsFallback AI] Solver <GemmFwdRest>, workspace required: 172032000, provided ptr: 0x73e872970000 size: 49180672
MIOpen(HIP): Warning [IsEnoughWorkspace] [GetSolutionsFallback AI] Solver <ConvHipImplicitGemmGroupFwdXdlops>, workspace required: 49156096, provided ptr: 0x73e8740e0000 size: 49152000
MIOpen(HIP): Warning [IsEnoughWorkspace] [GetSolutionsFallback AI] Solver <ConvHipImplicitGemmGroupFwdXdlops>, workspace required: 25345024, provided ptr: 0x73e86bd70000 size: 24577024
MIOpen(HIP): Warning [IsEnoughWorkspace] [GetSolutionsFallback AI] Solver <GemmFwdRest>, workspace required: 172032000, provided ptr: 0x73e86bd70000 size: 24577024
MIOpen(HIP): Warning [IsEnoughWorkspace] [GetSolutionsFallback AI] Solver <ConvHipImplicitGemmGroupFwdXdlops>, workspace required: 8783872, provided ptr: 0x73e780cc0000 size: 2021376
MIOpen(HIP): Warning [IsEnoughWorkspace] [GetSolutionsFallback AI] Solver <ConvAsmImplicitGemmGTCDynamicFwdXdlopsNHWC>, workspace required: 8783872, provided ptr: 0x73e780cc0000 size: 2021376
MIOpen(HIP): Warning [IsEnoughWorkspace] [GetSolutionsFallback WTI] Solver <ConvAsmImplicitGemmGTCDynamicBwdXdlopsNHWC>, workspace required: 39329792, provided ptr: 0x73e845c00000 size: 9240576
MIOpen(HIP): Warning [IsEnoughWorkspace] [GetSolutionsFallback WTI] Solver <ConvHipImplicitGemmGroupBwdXdlops>, workspace required: 39329792, provided ptr: 0x73e845c00000 size: 9240576
MIOpen(HIP): Warning [IsEnoughWorkspace] [GetSolutionsFallback AI] Solver <GemmFwdRest>, workspace required: 32342016, provided ptr: 0x73e913cc0000 size: 16580608
MIOpen(HIP): Warning [IsEnoughWorkspace] [GetSolutionsFallback AI] Solver <GemmFwdRest>, workspace required: 80855040, provided ptr: 0x73e86bc08000 size: 24936448
MIOpen(HIP): Warning [IsEnoughWorkspace] [GetSolutionsFallback AI] Solver <ConvHipImplicitGemmGroupFwdXdlops>, workspace required: 23363584, provided ptr: 0x73e86c70c000 size: 23101440
MIOpen(HIP): Warning [IsEnoughWorkspace] [GetSolutionsFallback AI] Solver <GemmFwdRest>, workspace required: 161710080, provided ptr: 0x73e872808000 size: 46661632
MIOpen(HIP): Warning [IsEnoughWorkspace] [GetSolutionsFallback AI] Solver <ConvHipImplicitGemmGroupFwdXdlops>, workspace required: 46268416, provided ptr: 0x73e873e10000 size: 46202880
MIOpen(HIP): Warning [IsEnoughWorkspace] [GetSolutionsFallback WTI] Solver <ConvAsmImplicitGemmGTCDynamicBwdXdlopsNHWC>, workspace required: 46333952, provided ptr: 0x73e872808000 size: 46202880
MIOpen(HIP): Warning [IsEnoughWorkspace] [GetSolutionsFallback WTI] Solver <ConvHipImplicitGemmGroupBwdXdlops>, workspace required: 46333952, provided ptr: 0x73e872808000 size: 46202880
MIOpen(HIP): Warning [IsEnoughWorkspace] [GetSolutionsFallback AI] Solver <GemmFwdRest>, workspace required: 161710080, provided ptr: 0x73e872808000 size: 46317568
MIOpen(HIP): Warning [IsEnoughWorkspace] [GetSolutionsFallback AI] Solver <ConvHipImplicitGemmGroupFwdXdlops>, workspace required: 46219264, provided ptr: 0x73e873e10000 size: 46202880
MIOpen(HIP): Warning [IsEnoughWorkspace] [GetSolutionsFallback AI] Solver <GemmFwdRest>, workspace required: 242565120, provided ptr: 0x73e875418000 size: 69332992
MIOpen(HIP): Warning [IsEnoughWorkspace] [GetSolutionsFallback AI] Solver <ConvHipImplicitGemmGroupFwdXdlops>, workspace required: 69308416, provided ptr: 0x73e877524000 size: 69304320
MIOpen(HIP): Warning [IsEnoughWorkspace] [GetSolutionsFallback AI] Solver <ConvHipImplicitGemmGroupFwdXdlops>, workspace required: 35736064, provided ptr: 0x73e86a600000 size: 34653184
MIOpen(HIP): Warning [IsEnoughWorkspace] [GetSolutionsFallback AI] Solver <GemmFwdRest>, workspace required: 242565120, provided ptr: 0x73e86a600000 size: 34653184
MIOpen(HIP): Warning [IsEnoughWorkspace] [GetSolutionsFallback AI] Solver <ConvHipImplicitGemmGroupFwdXdlops>, workspace required: 8712192, provided ptr: 0x73e780cc0000 size: 1921024
MIOpen(HIP): Warning [IsEnoughWorkspace] [GetSolutionsFallback AI] Solver <ConvAsmImplicitGemmGTCDynamicFwdXdlopsNHWC>, workspace required: 8712192, provided ptr: 0x73e780cc0000 size: 1921024
MIOpen(HIP): Warning [IsEnoughWorkspace] [GetSolutionsFallback WTI] Solver <ConvAsmImplicitGemmGTCDynamicBwdXdlopsNHWC>, workspace required: 39043072, provided ptr: 0x73e845c00000 size: 8781824
MIOpen(HIP): Warning [IsEnoughWorkspace] [GetSolutionsFallback WTI] Solver <ConvHipImplicitGemmGroupBwdXdlops>, workspace required: 39043072, provided ptr: 0x73e845c00000 size: 8781824
MIOpen(HIP): Warning [IsEnoughWorkspace] [GetSolutionsFallback AI] Solver <GemmFwdRest>, workspace required: 30736384, provided ptr: 0x73e913cc0000 size: 16121856
MIOpen(HIP): Warning [IsEnoughWorkspace] [GetSolutionsFallback AI] Solver <GemmFwdRest>, workspace required: 76840960, provided ptr: 0x73e86b078000 size: 23789568
MIOpen(HIP): Warning [IsEnoughWorkspace] [GetSolutionsFallback AI] Solver <ConvHipImplicitGemmGroupFwdXdlops>, workspace required: 22216704, provided ptr: 0x73e86baf0000 size: 21954560
MIOpen(HIP): Warning [IsEnoughWorkspace] [GetSolutionsFallback AI] Solver <GemmFwdRest>, workspace required: 153681920, provided ptr: 0x73e871200000 size: 44367872
MIOpen(HIP): Warning [IsEnoughWorkspace] [GetSolutionsFallback AI] Solver <ConvHipImplicitGemmGroupFwdXdlops>, workspace required: 43974656, provided ptr: 0x73e871200000 size: 43909120
MIOpen(HIP): Warning [IsEnoughWorkspace] [GetSolutionsFallback WTI] Solver <ConvAsmImplicitGemmGTCDynamicBwdXdlopsNHWC>, workspace required: 44040192, provided ptr: 0x73e871200000 size: 43909120
MIOpen(HIP): Warning [IsEnoughWorkspace] [GetSolutionsFallback WTI] Solver <ConvHipImplicitGemmGroupBwdXdlops>, workspace required: 44040192, provided ptr: 0x73e871200000 size: 43909120
MIOpen(HIP): Warning [IsEnoughWorkspace] [GetSolutionsFallback AI] Solver <GemmFwdRest>, workspace required: 153681920, provided ptr: 0x73e871200000 size: 44023808
MIOpen(HIP): Warning [IsEnoughWorkspace] [GetSolutionsFallback AI] Solver <ConvHipImplicitGemmGroupFwdXdlops>, workspace required: 43925504, provided ptr: 0x73e8726f0000 size: 43909120
MIOpen(HIP): Warning [IsEnoughWorkspace] [GetSolutionsFallback AI] Solver <GemmFwdRest>, workspace required: 230522880, provided ptr: 0x73e8750d0000 size: 65892352
MIOpen(HIP): Warning [IsEnoughWorkspace] [GetSolutionsFallback AI] Solver <ConvHipImplicitGemmGroupFwdXdlops>, workspace required: 65867776, provided ptr: 0x73e877038000 size: 65863680
MIOpen(HIP): Warning [IsEnoughWorkspace] [GetSolutionsFallback AI] Solver <ConvHipImplicitGemmGroupFwdXdlops>, workspace required: 33961984, provided ptr: 0x73e86c568000 size: 32932864
MIOpen(HIP): Warning [IsEnoughWorkspace] [GetSolutionsFallback AI] Solver <GemmFwdRest>, workspace required: 230522880, provided ptr: 0x73e86c568000 size: 32932864
MIOpen(HIP): Warning [IsEnoughWorkspace] [GetSolutionsFallback AI] Solver <ConvHipImplicitGemmGroupFwdXdlops>, workspace required: 7939072, provided ptr: 0x73e7e9e00000 size: 838656
MIOpen(HIP): Warning [IsEnoughWorkspace] [GetSolutionsFallback AI] Solver <ConvAsmImplicitGemmGTCDynamicFwdXdlopsNHWC>, workspace required: 7939072, provided ptr: 0x73e7e9e00000 size: 838656
MIOpen(HIP): Warning [IsEnoughWorkspace] [GetSolutionsFallback WTI] Solver <ConvAsmImplicitGemmGTCDynamicBwdXdlopsNHWC>, workspace required: 35950592, provided ptr: 0x73e784400000 size: 3833856
MIOpen(HIP): Warning [IsEnoughWorkspace] [GetSolutionsFallback WTI] Solver <ConvHipImplicitGemmGroupBwdXdlops>, workspace required: 35950592, provided ptr: 0x73e784400000 size: 3833856
MIOpen(HIP): Warning [IsEnoughWorkspace] [GetSolutionsFallback WTI] Solver <ConvAsmImplicitGemmGTCDynamicBwdXdlopsNHWC>, workspace required: 11952128, provided ptr: 0x73e846092000 size: 9584640
MIOpen(HIP): Warning [IsEnoughWorkspace] [GetSolutionsFallback WTI] Solver <ConvHipImplicitGemmGroupBwdXdlops>, workspace required: 11952128, provided ptr: 0x73e846092000 size: 9584640
MIOpen(HIP): Warning [IsEnoughWorkspace] [GetSolutionsFallback AI] Solver <GemmFwdRest>, workspace required: 33546240, provided ptr: 0x73e913cc0000 size: 11419648
MIOpen(HIP): Warning [IsEnoughWorkspace] [GetSolutionsFallback AI] Solver <ConvHipImplicitGemmGroupFwdXdlops>, workspace required: 9846784, provided ptr: 0x73e914152000 size: 9584640
MIOpen(HIP): Warning [IsEnoughWorkspace] [GetSolutionsFallback AI] Solver <GemmFwdRest>, workspace required: 67092480, provided ptr: 0x73e86af24000 size: 19628032
MIOpen(HIP): Warning [IsEnoughWorkspace] [GetSolutionsFallback AI] Solver <ConvHipImplicitGemmGroupFwdXdlops>, workspace required: 19234816, provided ptr: 0x73e86b848000 size: 19169280
MIOpen(HIP): Warning [IsEnoughWorkspace] [GetSolutionsFallback WTI] Solver <ConvAsmImplicitGemmGTCDynamicBwdXdlopsNHWC>, workspace required: 19300352, provided ptr: 0x73e86af24000 size: 19169280
MIOpen(HIP): Warning [IsEnoughWorkspace] [GetSolutionsFallback WTI] Solver <ConvHipImplicitGemmGroupBwdXdlops>, workspace required: 19300352, provided ptr: 0x73e86af24000 size: 19169280
MIOpen(HIP): Warning [IsEnoughWorkspace] [GetSolutionsFallback AI] Solver <GemmFwdRest>, workspace required: 67092480, provided ptr: 0x73e86af24000 size: 19283968
MIOpen(HIP): Warning [IsEnoughWorkspace] [GetSolutionsFallback AI] Solver <ConvHipImplicitGemmGroupFwdXdlops>, workspace required: 19185664, provided ptr: 0x73e86b848000 size: 19169280
MIOpen(HIP): Warning [IsEnoughWorkspace] [GetSolutionsFallback AI] Solver <GemmFwdRest>, workspace required: 100638720, provided ptr: 0x73e86c16c000 size: 28782592
MIOpen(HIP): Warning [IsEnoughWorkspace] [GetSolutionsFallback AI] Solver <ConvHipImplicitGemmGroupFwdXdlops>, workspace required: 28758016, provided ptr: 0x73e86cf22000 size: 28753920
MIOpen(HIP): Warning [IsEnoughWorkspace] [GetSolutionsFallback AI] Solver <ConvHipImplicitGemmGroupFwdXdlops>, workspace required: 14827264, provided ptr: 0x73e913cc0000 size: 14377984
MIOpen(HIP): Warning [IsEnoughWorkspace] [GetSolutionsFallback AI] Solver <GemmFwdRest>, workspace required: 100638720, provided ptr: 0x73e913cc0000 size: 14377984
MIOpen(HIP): Warning [IsEnoughWorkspace] [GetSolutionsFallback AI] Solver <ConvHipImplicitGemmGroupFwdXdlops>, workspace required: 8998912, provided ptr: 0x73e780cc0000 size: 2322432
MIOpen(HIP): Warning [IsEnoughWorkspace] [GetSolutionsFallback AI] Solver <ConvAsmImplicitGemmGTCDynamicFwdXdlopsNHWC>, workspace required: 8998912, provided ptr: 0x73e780cc0000 size: 2322432
MIOpen(HIP): Warning [IsEnoughWorkspace] [GetSolutionsFallback WTI] Solver <ConvAsmImplicitGemmGTCDynamicBwdXdlopsNHWC>, workspace required: 40189952, provided ptr: 0x73e913cc0000 size: 10616832
MIOpen(HIP): Warning [IsEnoughWorkspace] [GetSolutionsFallback WTI] Solver <ConvHipImplicitGemmGroupBwdXdlops>, workspace required: 40189952, provided ptr: 0x73e913cc0000 size: 10616832
MIOpen(HIP): Warning [IsEnoughWorkspace] [GetSolutionsFallback AI] Solver <GemmFwdRest>, workspace required: 37158912, provided ptr: 0x73e86a600000 size: 17956864
MIOpen(HIP): Warning [IsEnoughWorkspace] [GetSolutionsFallback AI] Solver <GemmFwdRest>, workspace required: 92897280, provided ptr: 0x73e86b2a8000 size: 28377088
MIOpen(HIP): Warning [IsEnoughWorkspace] [GetSolutionsFallback AI] Solver <ConvHipImplicitGemmGroupFwdXdlops>, workspace required: 26804224, provided ptr: 0x73e86bf50000 size: 26542080
MIOpen(HIP): Warning [IsEnoughWorkspace] [GetSolutionsFallback AI] Solver <GemmFwdRest>, workspace required: 185794560, provided ptr: 0x73e872b50000 size: 53542912
MIOpen(HIP): Warning [IsEnoughWorkspace] [GetSolutionsFallback AI] Solver <ConvHipImplicitGemmGroupFwdXdlops>, workspace required: 53149696, provided ptr: 0x73e8744a0000 size: 53084160
MIOpen(HIP): Warning [IsEnoughWorkspace] [GetSolutionsFallback WTI] Solver <ConvAsmImplicitGemmGTCDynamicBwdXdlopsNHWC>, workspace required: 53215232, provided ptr: 0x73e872b50000 size: 53084160
MIOpen(HIP): Warning [IsEnoughWorkspace] [GetSolutionsFallback WTI] Solver <ConvHipImplicitGemmGroupBwdXdlops>, workspace required: 53215232, provided ptr: 0x73e872b50000 size: 53084160
MIOpen(HIP): Warning [IsEnoughWorkspace] [GetSolutionsFallback AI] Solver <GemmFwdRest>, workspace required: 185794560, provided ptr: 0x73e872b50000 size: 53198848
MIOpen(HIP): Warning [IsEnoughWorkspace] [GetSolutionsFallback AI] Solver <ConvHipImplicitGemmGroupFwdXdlops>, workspace required: 53100544, provided ptr: 0x73e8744a0000 size: 53084160
MIOpen(HIP): Warning [IsEnoughWorkspace] [GetSolutionsFallback AI] Solver <GemmFwdRest>, workspace required: 278691840, provided ptr: 0x73e875df0000 size: 79654912
MIOpen(HIP): Warning [IsEnoughWorkspace] [GetSolutionsFallback AI] Solver <ConvHipImplicitGemmGroupFwdXdlops>, workspace required: 79630336, provided ptr: 0x73e8783e8000 size: 79626240
MIOpen(HIP): Warning [IsEnoughWorkspace] [GetSolutionsFallback AI] Solver <ConvHipImplicitGemmGroupFwdXdlops>, workspace required: 41058304, provided ptr: 0x73e86a600000 size: 39814144
MIOpen(HIP): Warning [IsEnoughWorkspace] [GetSolutionsFallback AI] Solver <GemmFwdRest>, workspace required: 278691840, provided ptr: 0x73e86a600000 size: 39814144
MIOpen(HIP): Warning [IsEnoughWorkspace] [GetSolutionsFallback AI] Solver <ConvHipImplicitGemmGroupFwdXdlops>, workspace required: 8650752, provided ptr: 0x73e780cc0000 size: 1835008
MIOpen(HIP): Warning [IsEnoughWorkspace] [GetSolutionsFallback AI] Solver <ConvAsmImplicitGemmGTCDynamicFwdXdlopsNHWC>, workspace required: 8650752, provided ptr: 0x73e780cc0000 size: 1835008
MIOpen(HIP): Warning [IsEnoughWorkspace] [GetSolutionsFallback WTI] Solver <ConvAsmImplicitGemmGTCDynamicBwdXdlopsNHWC>, workspace required: 38797312, provided ptr: 0x73e845c00000 size: 8388608
MIOpen(HIP): Warning [IsEnoughWorkspace] [GetSolutionsFallback WTI] Solver <ConvHipImplicitGemmGroupBwdXdlops>, workspace required: 38797312, provided ptr: 0x73e845c00000 size: 8388608
MIOpen(HIP): Warning [IsEnoughWorkspace] [GetSolutionsFallback AI] Solver <GemmFwdRest>, workspace required: 29360128, provided ptr: 0x73e913cc0000 size: 15728640
MIOpen(HIP): Warning [IsEnoughWorkspace] [GetSolutionsFallback AI] Solver <GemmFwdRest>, workspace required: 73400320, provided ptr: 0x73e86a600000 size: 22806528
MIOpen(HIP): Warning [IsEnoughWorkspace] [GetSolutionsFallback AI] Solver <ConvHipImplicitGemmGroupFwdXdlops>, workspace required: 21233664, provided ptr: 0x73e86b000000 size: 20971520
MIOpen(HIP): Warning [IsEnoughWorkspace] [GetSolutionsFallback AI] Solver <GemmFwdRest>, workspace required: 146800640, provided ptr: 0x73e871200000 size: 42401792
MIOpen(HIP): Warning [IsEnoughWorkspace] [GetSolutionsFallback AI] Solver <ConvHipImplicitGemmGroupFwdXdlops>, workspace required: 42008576, provided ptr: 0x73e872600000 size: 41943040
MIOpen(HIP): Warning [IsEnoughWorkspace] [GetSolutionsFallback WTI] Solver <ConvAsmImplicitGemmGTCDynamicBwdXdlopsNHWC>, workspace required: 42074112, provided ptr: 0x73e871200000 size: 41943040
MIOpen(HIP): Warning [IsEnoughWorkspace] [GetSolutionsFallback WTI] Solver <ConvHipImplicitGemmGroupBwdXdlops>, workspace required: 42074112, provided ptr: 0x73e871200000 size: 41943040
MIOpen(HIP): Warning [IsEnoughWorkspace] [GetSolutionsFallback AI] Solver <GemmFwdRest>, workspace required: 146800640, provided ptr: 0x73e871200000 size: 42057728
MIOpen(HIP): Warning [IsEnoughWorkspace] [GetSolutionsFallback AI] Solver <ConvHipImplicitGemmGroupFwdXdlops>, workspace required: 41959424, provided ptr: 0x73e872600000 size: 41943040
MIOpen(HIP): Warning [IsEnoughWorkspace] [GetSolutionsFallback AI] Solver <GemmFwdRest>, workspace required: 220200960, provided ptr: 0x73e874e00000 size: 62943232
MIOpen(HIP): Warning [IsEnoughWorkspace] [GetSolutionsFallback AI] Solver <ConvHipImplicitGemmGroupFwdXdlops>, workspace required: 62918656, provided ptr: 0x73e876c00000 size: 62914560
MIOpen(HIP): Warning [IsEnoughWorkspace] [GetSolutionsFallback AI] Solver <ConvHipImplicitGemmGroupFwdXdlops>, workspace required: 32441344, provided ptr: 0x73e86c400000 size: 31458304
MIOpen(HIP): Warning [IsEnoughWorkspace] [GetSolutionsFallback AI] Solver <GemmFwdRest>, workspace required: 220200960, provided ptr: 0x73e86c400000 size: 31458304
MIOpen(HIP): Warning [IsEnoughWorkspace] [GetSolutionsFallback AI] Solver <ConvHipImplicitGemmGroupFwdXdlops>, workspace required: 9183232, provided ptr: 0x73e780cc0000 size: 2580480
MIOpen(HIP): Warning [IsEnoughWorkspace] [GetSolutionsFallback AI] Solver <ConvAsmImplicitGemmGTCDynamicFwdXdlopsNHWC>, workspace required: 9183232, provided ptr: 0x73e780cc0000 size: 2580480
MIOpen(HIP): Warning [IsEnoughWorkspace] [GetSolutionsFallback WTI] Solver <ConvAsmImplicitGemmGTCDynamicBwdXdlopsNHWC>, workspace required: 40927232, provided ptr: 0x73e913cc0000 size: 11796480
MIOpen(HIP): Warning [IsEnoughWorkspace] [GetSolutionsFallback WTI] Solver <ConvHipImplicitGemmGroupBwdXdlops>, workspace required: 40927232, provided ptr: 0x73e913cc0000 size: 11796480
MIOpen(HIP): Warning [IsEnoughWorkspace] [GetSolutionsFallback AI] Solver <GemmFwdRest>, workspace required: 41287680, provided ptr: 0x73e86a600000 size: 19136512
MIOpen(HIP): Warning [IsEnoughWorkspace] [GetSolutionsFallback AI] Solver <GemmFwdRest>, workspace required: 103219200, provided ptr: 0x73e86c220000 size: 31326208
MIOpen(HIP): Warning [IsEnoughWorkspace] [GetSolutionsFallback AI] Solver <ConvHipImplicitGemmGroupFwdXdlops>, workspace required: 29753344, provided ptr: 0x73e86d030000 size: 29491200
MIOpen(HIP): Warning [IsEnoughWorkspace] [GetSolutionsFallback AI] Solver <GemmFwdRest>, workspace required: 206438400, provided ptr: 0x73e872e20000 size: 59441152
MIOpen(HIP): Warning [IsEnoughWorkspace] [GetSolutionsFallback AI] Solver <ConvHipImplicitGemmGroupFwdXdlops>, workspace required: 59047936, provided ptr: 0x73e874a40000 size: 58982400
MIOpen(HIP): Warning [IsEnoughWorkspace] [GetSolutionsFallback WTI] Solver <ConvAsmImplicitGemmGTCDynamicBwdXdlopsNHWC>, workspace required: 59113472, provided ptr: 0x73e872e20000 size: 58982400
MIOpen(HIP): Warning [IsEnoughWorkspace] [GetSolutionsFallback WTI] Solver <ConvHipImplicitGemmGroupBwdXdlops>, workspace required: 59113472, provided ptr: 0x73e872e20000 size: 58982400
MIOpen(HIP): Warning [IsEnoughWorkspace] [GetSolutionsFallback AI] Solver <GemmFwdRest>, workspace required: 206438400, provided ptr: 0x73e874a40000 size: 59097088
MIOpen(HIP): Warning [IsEnoughWorkspace] [GetSolutionsFallback AI] Solver <ConvHipImplicitGemmGroupFwdXdlops>, workspace required: 58998784, provided ptr: 0x73e876660000 size: 58982400
MIOpen(HIP): Warning [IsEnoughWorkspace] [GetSolutionsFallback AI] Solver <GemmFwdRest>, workspace required: 309657600, provided ptr: 0x73e876660000 size: 88502272
MIOpen(HIP): Warning [IsEnoughWorkspace] [GetSolutionsFallback AI] Solver <ConvHipImplicitGemmGroupFwdXdlops>, workspace required: 88477696, provided ptr: 0x73e879090000 size: 88473600
MIOpen(HIP): Warning [IsEnoughWorkspace] [GetSolutionsFallback AI] Solver <ConvHipImplicitGemmGroupFwdXdlops>, workspace required: 45620224, provided ptr: 0x73e86a600000 size: 44237824
MIOpen(HIP): Warning [IsEnoughWorkspace] [GetSolutionsFallback AI] Solver <GemmFwdRest>, workspace required: 309657600, provided ptr: 0x73e86a600000 size: 44237824
MIOpen(HIP): Warning [IsEnoughWorkspace] [GetSolutionsFallback AI] Solver <ConvHipImplicitGemmGroupFwdXdlops>, workspace required: 8133632, provided ptr: 0x73e781c80000 size: 1111040
MIOpen(HIP): Warning [IsEnoughWorkspace] [GetSolutionsFallback AI] Solver <ConvAsmImplicitGemmGTCDynamicFwdXdlopsNHWC>, workspace required: 8133632, provided ptr: 0x73e781c80000 size: 1111040
MIOpen(HIP): Warning [IsEnoughWorkspace] [GetSolutionsFallback WTI] Solver <ConvAsmImplicitGemmGTCDynamicBwdXdlopsNHWC>, workspace required: 36728832, provided ptr: 0x73e784400000 size: 5079040
MIOpen(HIP): Warning [IsEnoughWorkspace] [GetSolutionsFallback WTI] Solver <ConvHipImplicitGemmGroupBwdXdlops>, workspace required: 36728832, provided ptr: 0x73e784400000 size: 5079040
MIOpen(HIP): Warning [IsEnoughWorkspace] [GetSolutionsFallback AI] Solver <GemmFwdRest>, workspace required: 17776640, provided ptr: 0x73e845c00000 size: 12419072
MIOpen(HIP): Warning [IsEnoughWorkspace] [GetSolutionsFallback WTI] Solver <ConvAsmImplicitGemmGTCDynamicBwdXdlopsNHWC>, workspace required: 14131200, provided ptr: 0x73e913cc0000 size: 12697600
MIOpen(HIP): Warning [IsEnoughWorkspace] [GetSolutionsFallback WTI] Solver <ConvHipImplicitGemmGroupBwdXdlops>, workspace required: 14131200, provided ptr: 0x73e913cc0000 size: 12697600
MIOpen(HIP): Warning [IsEnoughWorkspace] [GetSolutionsFallback AI] Solver <GemmFwdRest>, workspace required: 44441600, provided ptr: 0x73e9142ce000 size: 14532608
MIOpen(HIP): Warning [IsEnoughWorkspace] [GetSolutionsFallback AI] Solver <ConvHipImplicitGemmGroupFwdXdlops>, workspace required: 12959744, provided ptr: 0x73e86a600000 size: 12697600
MIOpen(HIP): Warning [IsEnoughWorkspace] [GetSolutionsFallback AI] Solver <GemmFwdRest>, workspace required: 88883200, provided ptr: 0x73e86be38000 size: 25853952
MIOpen(HIP): Warning [IsEnoughWorkspace] [GetSolutionsFallback AI] Solver <ConvHipImplicitGemmGroupFwdXdlops>, workspace required: 25460736, provided ptr: 0x73e86ca54000 size: 25395200
MIOpen(HIP): Warning [IsEnoughWorkspace] [GetSolutionsFallback WTI] Solver <ConvAsmImplicitGemmGTCDynamicBwdXdlopsNHWC>, workspace required: 25526272, provided ptr: 0x73e86b21c000 size: 25395200
MIOpen(HIP): Warning [IsEnoughWorkspace] [GetSolutionsFallback WTI] Solver <ConvHipImplicitGemmGroupBwdXdlops>, workspace required: 25526272, provided ptr: 0x73e86b21c000 size: 25395200
MIOpen(HIP): Warning [IsEnoughWorkspace] [GetSolutionsFallback AI] Solver <GemmFwdRest>, workspace required: 88883200, provided ptr: 0x73e86be38000 size: 25509888
MIOpen(HIP): Warning [IsEnoughWorkspace] [GetSolutionsFallback AI] Solver <ConvHipImplicitGemmGroupFwdXdlops>, workspace required: 25411584, provided ptr: 0x73e86ca54000 size: 25395200
MIOpen(HIP): Warning [IsEnoughWorkspace] [GetSolutionsFallback AI] Solver <GemmFwdRest>, workspace required: 133324800, provided ptr: 0x73e871200000 size: 38121472
MIOpen(HIP): Warning [IsEnoughWorkspace] [GetSolutionsFallback AI] Solver <ConvHipImplicitGemmGroupFwdXdlops>, workspace required: 38096896, provided ptr: 0x73e87242a000 size: 38092800
MIOpen(HIP): Warning [IsEnoughWorkspace] [GetSolutionsFallback AI] Solver <ConvHipImplicitGemmGroupFwdXdlops>, workspace required: 19642624, provided ptr: 0x73e86a600000 size: 19047424
MIOpen(HIP): Warning [IsEnoughWorkspace] [GetSolutionsFallback AI] Solver <GemmFwdRest>, workspace required: 133324800, provided ptr: 0x73e86a600000 size: 19047424
[0;36m(APIServer pid=73252)[0;0m [32mINFO[0m [90m10-07 15:25:40[0m [90m[stats.py:902][0m [OmniTiming] req=speech-b89b21b9e7deb112-b706abe3 total=7.12s engine=7.12s stages=[0:7.12s]
INFO:     127.0.0.1:34026 - "POST /v1/audio/speech HTTP/1.1" 200 OK
[0;36m(APIServer pid=73252)[0;0m [32mINFO[0m [90m10-07 15:25:40[0m [90m[serving_speech.py:2423][0m Diffusion TTS speech request speech-b4e2488e3b0a411c: voice_clone=False
[0;36m(APIServer pid=73252)[0;0m [32mINFO[0m [90m10-07 15:25:40[0m [90m[serving_speech.py:2471][0m Applied diffusion speech params: seed=42 extra_params={}
[0;36m(APIServer pid=73252)[0;0m [32mINFO[0m [90m10-07 15:25:40[0m [90m[diffusion_engine.py:764][0m [RequestBatch] admission wait done waiting=1 max_batch=8 waited_ms=2.1
MIOpen(HIP): Warning [IsEnoughWorkspace] [GetSolutionsFallback AI] Solver <ConvHipImplicitGemmGroupFwdXdlops>, workspace required: 8502272, provided ptr: 0x73e780cc0000 size: 1627136
MIOpen(HIP): Warning [IsEnoughWorkspace] [GetSolutionsFallback AI] Solver <ConvAsmImplicitGemmGTCDynamicFwdXdlopsNHWC>, workspace required: 8502272, provided ptr: 0x73e780cc0000 size: 1627136
MIOpen(HIP): Warning [IsEnoughWorkspace] [GetSolutionsFallback WTI] Solver <ConvAsmImplicitGemmGTCDynamicBwdXdlopsNHWC>, workspace required: 38203392, provided ptr: 0x73e845c00000 size: 7438336
MIOpen(HIP): Warning [IsEnoughWorkspace] [GetSolutionsFallback WTI] Solver <ConvHipImplicitGemmGroupBwdXdlops>, workspace required: 38203392, provided ptr: 0x73e845c00000 size: 7438336
MIOpen(HIP): Warning [IsEnoughWorkspace] [GetSolutionsFallback AI] Solver <GemmFwdRest>, workspace required: 26034176, provided ptr: 0x73e913cc0000 size: 14778368
MIOpen(HIP): Warning [IsEnoughWorkspace] [GetSolutionsFallback AI] Solver <GemmFwdRest>, workspace required: 65085440, provided ptr: 0x73e86a600000 size: 20430848
MIOpen(HIP): Warning [IsEnoughWorkspace] [GetSolutionsFallback AI] Solver <ConvHipImplicitGemmGroupFwdXdlops>, workspace required: 18857984, provided ptr: 0x73e86aede000 size: 18595840
MIOpen(HIP): Warning [IsEnoughWorkspace] [GetSolutionsFallback AI] Solver <GemmFwdRest>, workspace required: 130170880, provided ptr: 0x73e871200000 size: 37650432
MIOpen(HIP): Warning [IsEnoughWorkspace] [GetSolutionsFallback AI] Solver <ConvHipImplicitGemmGroupFwdXdlops>, workspace required: 37257216, provided ptr: 0x73e871200000 size: 37191680
MIOpen(HIP): Warning [IsEnoughWorkspace] [GetSolutionsFallback WTI] Solver <ConvAsmImplicitGemmGTCDynamicBwdXdlopsNHWC>, workspace required: 37322752, provided ptr: 0x73e86c978000 size: 37191680
MIOpen(HIP): Warning [IsEnoughWorkspace] [GetSolutionsFallback WTI] Solver <ConvHipImplicitGemmGroupBwdXdlops>, workspace required: 37322752, provided ptr: 0x73e86c978000 size: 37191680
MIOpen(HIP): Warning [IsEnoughWorkspace] [GetSolutionsFallback AI] Solver <GemmFwdRest>, workspace required: 130170880, provided ptr: 0x73e871200000 size: 37306368
MIOpen(HIP): Warning [IsEnoughWorkspace] [GetSolutionsFallback AI] Solver <ConvHipImplicitGemmGroupFwdXdlops>, workspace required: 37208064, provided ptr: 0x73e871200000 size: 37191680
MIOpen(HIP): Warning [IsEnoughWorkspace] [GetSolutionsFallback AI] Solver <GemmFwdRest>, workspace required: 195256320, provided ptr: 0x73e872c9a000 size: 55816192
MIOpen(HIP): Warning [IsEnoughWorkspace] [GetSolutionsFallback AI] Solver <ConvHipImplicitGemmGroupFwdXdlops>, workspace required: 55791616, provided ptr: 0x73e874734000 size: 55787520
MIOpen(HIP): Warning [IsEnoughWorkspace] [GetSolutionsFallback AI] Solver <ConvHipImplicitGemmGroupFwdXdlops>, workspace required: 28766464, provided ptr: 0x73e86c09a000 size: 27894784
MIOpen(HIP): Warning [IsEnoughWorkspace] [GetSolutionsFallback AI] Solver <GemmFwdRest>, workspace required: 195256320, provided ptr: 0x73e86c09a000 size: 27894784
MIOpen(HIP): Warning [IsEnoughWorkspace] [GetSolutionsFallback AI] Solver <ConvHipImplicitGemmGroupFwdXdlops>, workspace required: 9162752, provided ptr: 0x73e780cc0000 size: 2551808
MIOpen(HIP): Warning [IsEnoughWorkspace] [GetSolutionsFallback AI] Solver <ConvAsmImplicitGemmGTCDynamicFwdXdlopsNHWC>, workspace required: 9162752, provided ptr: 0x73e780cc0000 size: 2551808
MIOpen(HIP): Warning [IsEnoughWorkspace] [GetSolutionsFallback WTI] Solver <ConvAsmImplicitGemmGTCDynamicBwdXdlopsNHWC>, workspace required: 40845312, provided ptr: 0x73e913cc0000 size: 11665408
MIOpen(HIP): Warning [IsEnoughWorkspace] [GetSolutionsFallback WTI] Solver <ConvHipImplicitGemmGroupBwdXdlops>, workspace required: 40845312, provided ptr: 0x73e913cc0000 size: 11665408
MIOpen(HIP): Warning [IsEnoughWorkspace] [GetSolutionsFallback AI] Solver <GemmFwdRest>, workspace required: 40828928, provided ptr: 0x73e86a600000 size: 19005440
MIOpen(HIP): Warning [IsEnoughWorkspace] [GetSolutionsFallback AI] Solver <GemmFwdRest>, workspace required: 102072320, provided ptr: 0x73e86c1d0000 size: 30998528
MIOpen(HIP): Warning [IsEnoughWorkspace] [GetSolutionsFallback AI] Solver <ConvHipImplicitGemmGroupFwdXdlops>, workspace required: 29425664, provided ptr: 0x73e86cfb8000 size: 29163520
MIOpen(HIP): Warning [IsEnoughWorkspace] [GetSolutionsFallback AI] Solver <GemmFwdRest>, workspace required: 204144640, provided ptr: 0x73e872dd0000 size: 58785792
MIOpen(HIP): Warning [IsEnoughWorkspace] [GetSolutionsFallback AI] Solver <ConvHipImplicitGemmGroupFwdXdlops>, workspace required: 58392576, provided ptr: 0x73e8749a0000 size: 58327040
MIOpen(HIP): Warning [IsEnoughWorkspace] [GetSolutionsFallback WTI] Solver <ConvAsmImplicitGemmGTCDynamicBwdXdlopsNHWC>, workspace required: 58458112, provided ptr: 0x73e872dd0000 size: 58327040
MIOpen(HIP): Warning [IsEnoughWorkspace] [GetSolutionsFallback WTI] Solver <ConvHipImplicitGemmGroupBwdXdlops>, workspace required: 58458112, provided ptr: 0x73e872dd0000 size: 58327040
MIOpen(HIP): Warning [IsEnoughWorkspace] [GetSolutionsFallback AI] Solver <GemmFwdRest>, workspace required: 204144640, provided ptr: 0x73e8749a0000 size: 58441728
MIOpen(HIP): Warning [IsEnoughWorkspace] [GetSolutionsFallback AI] Solver <ConvHipImplicitGemmGroupFwdXdlops>, workspace required: 58343424, provided ptr: 0x73e876570000 size: 58327040
MIOpen(HIP): Warning [IsEnoughWorkspace] [GetSolutionsFallback AI] Solver <GemmFwdRest>, workspace required: 306216960, provided ptr: 0x73e876570000 size: 87519232
MIOpen(HIP): Warning [IsEnoughWorkspace] [GetSolutionsFallback AI] Solver <ConvHipImplicitGemmGroupFwdXdlops>, workspace required: 87494656, provided ptr: 0x73e878f28000 size: 87490560
MIOpen(HIP): Warning [IsEnoughWorkspace] [GetSolutionsFallback AI] Solver <ConvHipImplicitGemmGroupFwdXdlops>, workspace required: 45113344, provided ptr: 0x73e86a600000 size: 43746304
MIOpen(HIP): Warning [IsEnoughWorkspace] [GetSolutionsFallback AI] Solver <GemmFwdRest>, workspace required: 306216960, provided ptr: 0x73e86a600000 size: 43746304
MIOpen(HIP): Warning [IsEnoughWorkspace] [GetSolutionsFallback AI] Solver <ConvHipImplicitGemmGroupFwdXdlops>, workspace required: 8522752, provided ptr: 0x73e780cc0000 size: 1655808
MIOpen(HIP): Warning [IsEnoughWorkspace] [GetSolutionsFallback AI] Solver <ConvAsmImplicitGemmGTCDynamicFwdXdlopsNHWC>, workspace required: 8522752, provided ptr: 0x73e780cc0000 size: 1655808
MIOpen(HIP): Warning [IsEnoughWorkspace] [GetSolutionsFallback WTI] Solver <ConvAsmImplicitGemmGTCDynamicBwdXdlopsNHWC>, workspace required: 38285312, provided ptr: 0x73e845c00000 size: 7569408
MIOpen(HIP): Warning [IsEnoughWorkspace] [GetSolutionsFallback WTI] Solver <ConvHipImplicitGemmGroupBwdXdlops>, workspace required: 38285312, provided ptr: 0x73e845c00000 size: 7569408
MIOpen(HIP): Warning [IsEnoughWorkspace] [GetSolutionsFallback AI] Solver <GemmFwdRest>, workspace required: 26492928, provided ptr: 0x73e913cc0000 size: 14909440
MIOpen(HIP): Warning [IsEnoughWorkspace] [GetSolutionsFallback AI] Solver <GemmFwdRest>, workspace required: 66232320, provided ptr: 0x73e86a600000 size: 20758528
MIOpen(HIP): Warning [IsEnoughWorkspace] [GetSolutionsFallback AI] Solver <ConvHipImplicitGemmGroupFwdXdlops>, workspace required: 19185664, provided ptr: 0x73e86af06000 size: 18923520
MIOpen(HIP): Warning [IsEnoughWorkspace] [GetSolutionsFallback AI] Solver <GemmFwdRest>, workspace required: 132464640, provided ptr: 0x73e871200000 size: 38305792
MIOpen(HIP): Warning [IsEnoughWorkspace] [GetSolutionsFallback AI] Solver <ConvHipImplicitGemmGroupFwdXdlops>, workspace required: 37912576, provided ptr: 0x73e871200000 size: 37847040
MIOpen(HIP): Warning [IsEnoughWorkspace] [GetSolutionsFallback WTI] Solver <ConvAsmImplicitGemmGTCDynamicBwdXdlopsNHWC>, workspace required: 37978112, provided ptr: 0x73e86ca18000 size: 37847040
MIOpen(HIP): Warning [IsEnoughWorkspace] [GetSolutionsFallback WTI] Solver <ConvHipImplicitGemmGroupBwdXdlops>, workspace required: 37978112, provided ptr: 0x73e86ca18000 size: 37847040
MIOpen(HIP): Warning [IsEnoughWorkspace] [GetSolutionsFallback AI] Solver <GemmFwdRest>, workspace required: 132464640, provided ptr: 0x73e871200000 size: 37961728
MIOpen(HIP): Warning [IsEnoughWorkspace] [GetSolutionsFallback AI] Solver <ConvHipImplicitGemmGroupFwdXdlops>, workspace required: 37863424, provided ptr: 0x73e871200000 size: 37847040
MIOpen(HIP): Warning [IsEnoughWorkspace] [GetSolutionsFallback AI] Solver <GemmFwdRest>, workspace required: 198696960, provided ptr: 0x73e872d12000 size: 56799232
MIOpen(HIP): Warning [IsEnoughWorkspace] [GetSolutionsFallback AI] Solver <ConvHipImplicitGemmGroupFwdXdlops>, workspace required: 56774656, provided ptr: 0x73e874824000 size: 56770560
MIOpen(HIP): Warning [IsEnoughWorkspace] [GetSolutionsFallback AI] Solver <ConvHipImplicitGemmGroupFwdXdlops>, workspace required: 29273344, provided ptr: 0x73e86c112000 size: 28386304
MIOpen(HIP): Warning [IsEnoughWorkspace] [GetSolutionsFallback AI] Solver <GemmFwdRest>, workspace required: 198696960, provided ptr: 0x73e86c112000 size: 28386304
MIOpen(HIP): Warning [IsEnoughWorkspace] [GetSolutionsFallback AI] Solver <ConvHipImplicitGemmGroupFwdXdlops>, workspace required: 8276992, provided ptr: 0x73e781c80000 size: 1311744
MIOpen(HIP): Warning [IsEnoughWorkspace] [GetSolutionsFallback AI] Solver <ConvAsmImplicitGemmGTCDynamicFwdXdlopsNHWC>, workspace required: 8276992, provided ptr: 0x73e781c80000 size: 1311744
MIOpen(HIP): Warning [IsEnoughWorkspace] [GetSolutionsFallback WTI] Solver <ConvAsmImplicitGemmGTCDynamicBwdXdlopsNHWC>, workspace required: 37302272, provided ptr: 0x73e845c00000 size: 5996544
MIOpen(HIP): Warning [IsEnoughWorkspace] [GetSolutionsFallback WTI] Solver <ConvHipImplicitGemmGroupBwdXdlops>, workspace required: 37302272, provided ptr: 0x73e845c00000 size: 5996544
MIOpen(HIP): Warning [IsEnoughWorkspace] [GetSolutionsFallback AI] Solver <GemmFwdRest>, workspace required: 20987904, provided ptr: 0x73e913cc0000 size: 13336576
MIOpen(HIP): Warning [IsEnoughWorkspace] [GetSolutionsFallback WTI] Solver <ConvAsmImplicitGemmGTCDynamicBwdXdlopsNHWC>, workspace required: 15736832, provided ptr: 0x73e913cc0000 size: 14991360
MIOpen(HIP): Warning [IsEnoughWorkspace] [GetSolutionsFallback WTI] Solver <ConvHipImplicitGemmGroupBwdXdlops>, workspace required: 15736832, provided ptr: 0x73e913cc0000 size: 14991360
MIOpen(HIP): Warning [IsEnoughWorkspace] [GetSolutionsFallback AI] Solver <GemmFwdRest>, workspace required: 52469760, provided ptr: 0x73e86a600000 size: 16826368
MIOpen(HIP): Warning [IsEnoughWorkspace] [GetSolutionsFallback AI] Solver <ConvAsmImplicitGemmGTCDynamicFwdXdlopsNHWC>, workspace required: 14991360, provided ptr: 0 size: 0
MIOpen(HIP): Warning [IsEnoughWorkspace] [GetSolutionsFallback AI] Solver <ConvHipImplicitGemmGroupFwdXdlops>, workspace required: 15253504, provided ptr: 0 size: 0
MIOpen(HIP): Warning [IsEnoughWorkspace] [GetSolutionsFallback AI] Solver <GemmFwdRest>, workspace required: 104939520, provided ptr: 0x73e86d0e4000 size: 30441472
MIOpen(HIP): Warning [IsEnoughWorkspace] [GetSolutionsFallback AI] Solver <ConvHipImplicitGemmGroupFwdXdlops>, workspace required: 30048256, provided ptr: 0x73e871200000 size: 29982720
MIOpen(HIP): Warning [IsEnoughWorkspace] [GetSolutionsFallback WTI] Solver <ConvAsmImplicitGemmGTCDynamicBwdXdlopsNHWC>, workspace required: 30113792, provided ptr: 0x73e86c298000 size: 29982720
MIOpen(HIP): Warning [IsEnoughWorkspace] [GetSolutionsFallback WTI] Solver <ConvHipImplicitGemmGroupBwdXdlops>, workspace required: 30113792, provided ptr: 0x73e86c298000 size: 29982720
MIOpen(HIP): Warning [IsEnoughWorkspace] [GetSolutionsFallback AI] Solver <GemmFwdRest>, workspace required: 104939520, provided ptr: 0x73e86d0e4000 size: 30097408
MIOpen(HIP): Warning [IsEnoughWorkspace] [GetSolutionsFallback AI] Solver <ConvHipImplicitGemmGroupFwdXdlops>, workspace required: 29999104, provided ptr: 0x73e871200000 size: 29982720
MIOpen(HIP): Warning [IsEnoughWorkspace] [GetSolutionsFallback AI] Solver <GemmFwdRest>, workspace required: 157409280, provided ptr: 0x73e872772000 size: 45002752
MIOpen(HIP): Warning [IsEnoughWorkspace] [GetSolutionsFallback AI] Solver <ConvHipImplicitGemmGroupFwdXdlops>, workspace required: 44978176, provided ptr: 0x73e873ce4000 size: 44974080
MIOpen(HIP): Warning [IsEnoughWorkspace] [GetSolutionsFallback AI] Solver <ConvHipImplicitGemmGroupFwdXdlops>, workspace required: 23190784, provided ptr: 0x73e86bb72000 size: 22488064
MIOpen(HIP): Warning [IsEnoughWorkspace] [GetSolutionsFallback AI] Solver <GemmFwdRest>, workspace required: 157409280, provided ptr: 0x73e86bb72000 size: 22488064
MIOpen(HIP): Warning [IsEnoughWorkspace] [GetSolutionsFallback AI] Solver <ConvHipImplicitGemmGroupFwdXdlops>, workspace required: 9039872, provided ptr: 0x73e780cc0000 size: 2379776
MIOpen(HIP): Warning [IsEnoughWorkspace] [GetSolutionsFallback AI] Solver <ConvAsmImplicitGemmGTCDynamicFwdXdlopsNHWC>, workspace required: 9039872, provided ptr: 0x73e780cc0000 size: 2379776
MIOpen(HIP): Warning [IsEnoughWorkspace] [GetSolutionsFallback WTI] Solver <ConvAsmImplicitGemmGTCDynamicBwdXdlopsNHWC>, workspace required: 40353792, provided ptr: 0x73e913cc0000 size: 10878976
MIOpen(HIP): Warning [IsEnoughWorkspace] [GetSolutionsFallback WTI] Solver <ConvHipImplicitGemmGroupBwdXdlops>, workspace required: 40353792, provided ptr: 0x73e913cc0000 size: 10878976
MIOpen(HIP): Warning [IsEnoughWorkspace] [GetSolutionsFallback AI] Solver <GemmFwdRest>, workspace required: 38076416, provided ptr: 0x73e86a600000 size: 18219008
MIOpen(HIP): Warning [IsEnoughWorkspace] [GetSolutionsFallback AI] Solver <GemmFwdRest>, workspace required: 95191040, provided ptr: 0x73e86b2f8000 size: 29032448
MIOpen(HIP): Warning [IsEnoughWorkspace] [GetSolutionsFallback AI] Solver <ConvHipImplicitGemmGroupFwdXdlops>, workspace required: 27459584, provided ptr: 0x73e86bff0000 size: 27197440
MIOpen(HIP): Warning [IsEnoughWorkspace] [GetSolutionsFallback AI] Solver <GemmFwdRest>, workspace required: 190382080, provided ptr: 0x73e872bf0000 size: 54853632
MIOpen(HIP): Warning [IsEnoughWorkspace] [GetSolutionsFallback AI] Solver <ConvHipImplicitGemmGroupFwdXdlops>, workspace required: 54460416, provided ptr: 0x73e8745e0000 size: 54394880
MIOpen(HIP): Warning [IsEnoughWorkspace] [GetSolutionsFallback WTI] Solver <ConvAsmImplicitGemmGTCDynamicBwdXdlopsNHWC>, workspace required: 54525952, provided ptr: 0x73e872bf0000 size: 54394880
MIOpen(HIP): Warning [IsEnoughWorkspace] [GetSolutionsFallback WTI] Solver <ConvHipImplicitGemmGroupBwdXdlops>, workspace required: 54525952, provided ptr: 0x73e872bf0000 size: 54394880
MIOpen(HIP): Warning [IsEnoughWorkspace] [GetSolutionsFallback AI] Solver <GemmFwdRest>, workspace required: 190382080, provided ptr: 0x73e8745e0000 size: 54509568
MIOpen(HIP): Warning [IsEnoughWorkspace] [GetSolutionsFallback AI] Solver <ConvHipImplicitGemmGroupFwdXdlops>, workspace required: 54411264, provided ptr: 0x73e875fd0000 size: 54394880
MIOpen(HIP): Warning [IsEnoughWorkspace] [GetSolutionsFallback AI] Solver <GemmFwdRest>, workspace required: 285573120, provided ptr: 0x73e875fd0000 size: 81620992
MIOpen(HIP): Warning [IsEnoughWorkspace] [GetSolutionsFallback AI] Solver <ConvHipImplicitGemmGroupFwdXdlops>, workspace required: 81596416, provided ptr: 0x73e8786b8000 size: 81592320
MIOpen(HIP): Warning [IsEnoughWorkspace] [GetSolutionsFallback AI] Solver <ConvHipImplicitGemmGroupFwdXdlops>, workspace required: 42072064, provided ptr: 0x73e86a600000 size: 40797184
MIOpen(HIP): Warning [IsEnoughWorkspace] [GetSolutionsFallback AI] Solver <GemmFwdRest>, workspace required: 285573120, provided ptr: 0x73e86a600000 size: 40797184
MIOpen(HIP): Warning [IsEnoughWorkspace] [GetSolutionsFallback AI] Solver <ConvHipImplicitGemmGroupFwdXdlops>, workspace required: 8722432, provided ptr: 0x73e780cc0000 size: 1935360
MIOpen(HIP): Warning [IsEnoughWorkspace] [GetSolutionsFallback AI] Solver <ConvAsmImplicitGemmGTCDynamicFwdXdlopsNHWC>, workspace required: 8722432, provided ptr: 0x73e780cc0000 size: 1935360
MIOpen(HIP): Warning [IsEnoughWorkspace] [GetSolutionsFallback WTI] Solver <ConvAsmImplicitGemmGTCDynamicBwdXdlopsNHWC>, workspace required: 39084032, provided ptr: 0x73e845c00000 size: 8847360
MIOpen(HIP): Warning [IsEnoughWorkspace] [GetSolutionsFallback WTI] Solver <ConvHipImplicitGemmGroupBwdXdlops>, workspace required: 39084032, provided ptr: 0x73e845c00000 size: 8847360
MIOpen(HIP): Warning [IsEnoughWorkspace] [GetSolutionsFallback AI] Solver <GemmFwdRest>, workspace required: 30965760, provided ptr: 0x73e913cc0000 size: 16187392
MIOpen(HIP): Warning [IsEnoughWorkspace] [GetSolutionsFallback AI] Solver <GemmFwdRest>, workspace required: 77414400, provided ptr: 0x73e86b08c000 size: 23953408
MIOpen(HIP): Warning [IsEnoughWorkspace] [GetSolutionsFallback AI] Solver <ConvHipImplicitGemmGroupFwdXdlops>, workspace required: 22380544, provided ptr: 0x73e86bb18000 size: 22118400
MIOpen(HIP): Warning [IsEnoughWorkspace] [GetSolutionsFallback AI] Solver <GemmFwdRest>, workspace required: 154828800, provided ptr: 0x73e871200000 size: 44695552
MIOpen(HIP): Warning [IsEnoughWorkspace] [GetSolutionsFallback AI] Solver <ConvHipImplicitGemmGroupFwdXdlops>, workspace required: 44302336, provided ptr: 0x73e871200000 size: 44236800
MIOpen(HIP): Warning [IsEnoughWorkspace] [GetSolutionsFallback WTI] Solver <ConvAsmImplicitGemmGTCDynamicBwdXdlopsNHWC>, workspace required: 44367872, provided ptr: 0x73e871200000 size: 44236800
MIOpen(HIP): Warning [IsEnoughWorkspace] [GetSolutionsFallback WTI] Solver <ConvHipImplicitGemmGroupBwdXdlops>, workspace required: 44367872, provided ptr: 0x73e871200000 size: 44236800
MIOpen(HIP): Warning [IsEnoughWorkspace] [GetSolutionsFallback AI] Solver <GemmFwdRest>, workspace required: 154828800, provided ptr: 0x73e871200000 size: 44351488
MIOpen(HIP): Warning [IsEnoughWorkspace] [GetSolutionsFallback AI] Solver <ConvHipImplicitGemmGroupFwdXdlops>, workspace required: 44253184, provided ptr: 0x73e872718000 size: 44236800
MIOpen(HIP): Warning [IsEnoughWorkspace] [GetSolutionsFallback AI] Solver <GemmFwdRest>, workspace required: 232243200, provided ptr: 0x73e875148000 size: 66383872
MIOpen(HIP): Warning [IsEnoughWorkspace] [GetSolutionsFallback AI] Solver <ConvHipImplicitGemmGroupFwdXdlops>, workspace required: 66359296, provided ptr: 0x73e8770ec000 size: 66355200
MIOpen(HIP): Warning [IsEnoughWorkspace] [GetSolutionsFallback AI] Solver <ConvHipImplicitGemmGroupFwdXdlops>, workspace required: 34215424, provided ptr: 0x73e86c5a4000 size: 33178624
MIOpen(HIP): Warning [IsEnoughWorkspace] [GetSolutionsFallback AI] Solver <GemmFwdRest>, workspace required: 232243200, provided ptr: 0x73e86c5a4000 size: 33178624
MIOpen(HIP): Warning [IsEnoughWorkspace] [GetSolutionsFallback AI] Solver <ConvHipImplicitGemmGroupFwdXdlops>, workspace required: 8799232, provided ptr: 0x73e780cc0000 size: 2042880
MIOpen(HIP): Warning [IsEnoughWorkspace] [GetSolutionsFallback AI] Solver <ConvAsmImplicitGemmGTCDynamicFwdXdlopsNHWC>, workspace required: 8799232, provided ptr: 0x73e780cc0000 size: 2042880
MIOpen(HIP): Warning [IsEnoughWorkspace] [GetSolutionsFallback WTI] Solver <ConvAsmImplicitGemmGTCDynamicBwdXdlopsNHWC>, workspace required: 39391232, provided ptr: 0x73e845c00000 size: 9338880
MIOpen(HIP): Warning [IsEnoughWorkspace] [GetSolutionsFallback WTI] Solver <ConvHipImplicitGemmGroupBwdXdlops>, workspace required: 39391232, provided ptr: 0x73e845c00000 size: 9338880
MIOpen(HIP): Warning [IsEnoughWorkspace] [GetSolutionsFallback AI] Solver <GemmFwdRest>, workspace required: 32686080, provided ptr: 0x73e913cc0000 size: 16678912
MIOpen(HIP): Warning [IsEnoughWorkspace] [GetSolutionsFallback AI] Solver <GemmFwdRest>, workspace required: 81715200, provided ptr: 0x73e86bc44000 size: 25182208
MIOpen(HIP): Warning [IsEnoughWorkspace] [GetSolutionsFallback AI] Solver <ConvHipImplicitGemmGroupFwdXdlops>, workspace required: 23609344, provided ptr: 0x73e86c766000 size: 23347200
MIOpen(HIP): Warning [IsEnoughWorkspace] [GetSolutionsFallback AI] Solver <GemmFwdRest>, workspace required: 163430400, provided ptr: 0x73e872844000 size: 47153152
MIOpen(HIP): Warning [IsEnoughWorkspace] [GetSolutionsFallback AI] Solver <ConvHipImplicitGemmGroupFwdXdlops>, workspace required: 46759936, provided ptr: 0x73e873e88000 size: 46694400
MIOpen(HIP): Warning [IsEnoughWorkspace] [GetSolutionsFallback WTI] Solver <ConvAsmImplicitGemmGTCDynamicBwdXdlopsNHWC>, workspace required: 46825472, provided ptr: 0x73e872844000 size: 46694400
MIOpen(HIP): Warning [IsEnoughWorkspace] [GetSolutionsFallback WTI] Solver <ConvHipImplicitGemmGroupBwdXdlops>, workspace required: 46825472, provided ptr: 0x73e872844000 size: 46694400
MIOpen(HIP): Warning [IsEnoughWorkspace] [GetSolutionsFallback AI] Solver <GemmFwdRest>, workspace required: 163430400, provided ptr: 0x73e872844000 size: 46809088
MIOpen(HIP): Warning [IsEnoughWorkspace] [GetSolutionsFallback AI] Solver <ConvHipImplicitGemmGroupFwdXdlops>, workspace required: 46710784, provided ptr: 0x73e873e88000 size: 46694400
MIOpen(HIP): Warning [IsEnoughWorkspace] [GetSolutionsFallback AI] Solver <GemmFwdRest>, workspace required: 245145600, provided ptr: 0x73e8754cc000 size: 70070272
MIOpen(HIP): Warning [IsEnoughWorkspace] [GetSolutionsFallback AI] Solver <ConvHipImplicitGemmGroupFwdXdlops>, workspace required: 70045696, provided ptr: 0x73e877632000 size: 70041600
MIOpen(HIP): Warning [IsEnoughWorkspace] [GetSolutionsFallback AI] Solver <ConvHipImplicitGemmGroupFwdXdlops>, workspace required: 36116224, provided ptr: 0x73e86a600000 size: 35021824
MIOpen(HIP): Warning [IsEnoughWorkspace] [GetSolutionsFallback AI] Solver <GemmFwdRest>, workspace required: 245145600, provided ptr: 0x73e86a600000 size: 35021824
MIOpen(HIP): Warning [IsEnoughWorkspace] [GetSolutionsFallback AI] Solver <ConvHipImplicitGemmGroupFwdXdlops>, workspace required: 9009152, provided ptr: 0x73e780cc0000 size: 2336768
MIOpen(HIP): Warning [IsEnoughWorkspace] [GetSolutionsFallback AI] Solver <ConvAsmImplicitGemmGTCDynamicFwdXdlopsNHWC>, workspace required: 9009152, provided ptr: 0x73e780cc0000 size: 2336768
MIOpen(HIP): Warning [IsEnoughWorkspace] [GetSolutionsFallback WTI] Solver <ConvAsmImplicitGemmGTCDynamicBwdXdlopsNHWC>, workspace required: 40230912, provided ptr: 0x73e913cc0000 size: 10682368
MIOpen(HIP): Warning [IsEnoughWorkspace] [GetSolutionsFallback WTI] Solver <ConvHipImplicitGemmGroupBwdXdlops>, workspace required: 40230912, provided ptr: 0x73e913cc0000 size: 10682368
MIOpen(HIP): Warning [IsEnoughWorkspace] [GetSolutionsFallback AI] Solver <GemmFwdRest>, workspace required: 37388288, provided ptr: 0x73e86a600000 size: 18022400
MIOpen(HIP): Warning [IsEnoughWorkspace] [GetSolutionsFallback AI] Solver <GemmFwdRest>, workspace required: 93470720, provided ptr: 0x73e86b2bc000 size: 28540928
MIOpen(HIP): Warning [IsEnoughWorkspace] [GetSolutionsFallback AI] Solver <ConvHipImplicitGemmGroupFwdXdlops>, workspace required: 26968064, provided ptr: 0x73e86bf78000 size: 26705920
MIOpen(HIP): Warning [IsEnoughWorkspace] [GetSolutionsFallback AI] Solver <GemmFwdRest>, workspace required: 186941440, provided ptr: 0x73e872b78000 size: 53870592
MIOpen(HIP): Warning [IsEnoughWorkspace] [GetSolutionsFallback AI] Solver <ConvHipImplicitGemmGroupFwdXdlops>, workspace required: 53477376, provided ptr: 0x73e8744f0000 size: 53411840
MIOpen(HIP): Warning [IsEnoughWorkspace] [GetSolutionsFallback WTI] Solver <ConvAsmImplicitGemmGTCDynamicBwdXdlopsNHWC>, workspace required: 53542912, provided ptr: 0x73e872b78000 size: 53411840
MIOpen(HIP): Warning [IsEnoughWorkspace] [GetSolutionsFallback WTI] Solver <ConvHipImplicitGemmGroupBwdXdlops>, workspace required: 53542912, provided ptr: 0x73e872b78000 size: 53411840
MIOpen(HIP): Warning [IsEnoughWorkspace] [GetSolutionsFallback AI] Solver <GemmFwdRest>, workspace required: 186941440, provided ptr: 0x73e8744f0000 size: 53526528
MIOpen(HIP): Warning [IsEnoughWorkspace] [GetSolutionsFallback AI] Solver <ConvHipImplicitGemmGroupFwdXdlops>, workspace required: 53428224, provided ptr: 0x73e875e68000 size: 53411840
MIOpen(HIP): Warning [IsEnoughWorkspace] [GetSolutionsFallback AI] Solver <GemmFwdRest>, workspace required: 280412160, provided ptr: 0x73e875e68000 size: 80146432
MIOpen(HIP): Warning [IsEnoughWorkspace] [GetSolutionsFallback AI] Solver <ConvHipImplicitGemmGroupFwdXdlops>, workspace required: 80121856, provided ptr: 0x73e87849c000 size: 80117760
MIOpen(HIP): Warning [IsEnoughWorkspace] [GetSolutionsFallback AI] Solver <ConvHipImplicitGemmGroupFwdXdlops>, workspace required: 41311744, provided ptr: 0x73e86a600000 size: 40059904
MIOpen(HIP): Warning [IsEnoughWorkspace] [GetSolutionsFallback AI] Solver <GemmFwdRest>, workspace required: 280412160, provided ptr: 0x73e86a600000 size: 40059904
[0;36m(APIServer pid=73252)[0;0m [32mINFO[0m [90m10-07 15:25:46[0m [90m[stats.py:902][0m [OmniTiming] req=speech-b4e2488e3b0a411c-b2f94282 total=5.46s engine=5.46s stages=[0:5.46s]
INFO:     127.0.0.1:34026 - "POST /v1/audio/speech HTTP/1.1" 200 OK
[0;36m(APIServer pid=73252)[0;0m [32mINFO[0m [90m10-07 15:25:46[0m [90m[serving_speech.py:2423][0m Diffusion TTS speech request speech-9db59d087c49b35a: voice_clone=False
[0;36m(APIServer pid=73252)[0;0m [32mINFO[0m [90m10-07 15:25:46[0m [90m[serving_speech.py:2471][0m Applied diffusion speech params: seed=42 extra_params={}
[0;36m(APIServer pid=73252)[0;0m [32mINFO[0m [90m10-07 15:25:46[0m [90m[diffusion_engine.py:764][0m [RequestBatch] admission wait done waiting=1 max_batch=8 waited_ms=2.1
MIOpen(HIP): Warning [IsEnoughWorkspace] [GetSolutionsFallback AI] Solver <ConvHipImplicitGemmGroupFwdXdlops>, workspace required: 8010752, provided ptr: 0x73e7e9e00000 size: 939008
MIOpen(HIP): Warning [IsEnoughWorkspace] [GetSolutionsFallback AI] Solver <ConvAsmImplicitGemmGTCDynamicFwdXdlopsNHWC>, workspace required: 8010752, provided ptr: 0x73e7e9e00000 size: 939008
MIOpen(HIP): Warning [IsEnoughWorkspace] [GetSolutionsFallback WTI] Solver <ConvAsmImplicitGemmGTCDynamicBwdXdlopsNHWC>, workspace required: 36237312, provided ptr: 0x73e784400000 size: 4292608
MIOpen(HIP): Warning [IsEnoughWorkspace] [GetSolutionsFallback WTI] Solver <ConvHipImplicitGemmGroupBwdXdlops>, workspace required: 36237312, provided ptr: 0x73e784400000 size: 4292608
MIOpen(HIP): Warning [IsEnoughWorkspace] [GetSolutionsFallback AI] Solver <GemmFwdRest>, workspace required: 15024128, provided ptr: 0x73e845c00000 size: 11632640
MIOpen(HIP): Warning [IsEnoughWorkspace] [GetSolutionsFallback WTI] Solver <ConvAsmImplicitGemmGTCDynamicBwdXdlopsNHWC>, workspace required: 12754944, provided ptr: 0x73e913cc0000 size: 10731520
MIOpen(HIP): Warning [IsEnoughWorkspace] [GetSolutionsFallback WTI] Solver <ConvHipImplicitGemmGroupBwdXdlops>, workspace required: 12754944, provided ptr: 0x73e913cc0000 size: 10731520
MIOpen(HIP): Warning [IsEnoughWorkspace] [GetSolutionsFallback AI] Solver <GemmFwdRest>, workspace required: 37560320, provided ptr: 0x73e9141de000 size: 12566528
MIOpen(HIP): Warning [IsEnoughWorkspace] [GetSolutionsFallback AI] Solver <ConvHipImplicitGemmGroupFwdXdlops>, workspace required: 10993664, provided ptr: 0x73e9146fc000 size: 10731520
MIOpen(HIP): Warning [IsEnoughWorkspace] [GetSolutionsFallback AI] Solver <GemmFwdRest>, workspace required: 75120640, provided ptr: 0x73e86b03c000 size: 21921792
MIOpen(HIP): Warning [IsEnoughWorkspace] [GetSolutionsFallback AI] Solver <ConvHipImplicitGemmGroupFwdXdlops>, workspace required: 21528576, provided ptr: 0x73e86ba78000 size: 21463040
MIOpen(HIP): Warning [IsEnoughWorkspace] [GetSolutionsFallback WTI] Solver <ConvAsmImplicitGemmGTCDynamicBwdXdlopsNHWC>, workspace required: 21594112, provided ptr: 0x73e86b03c000 size: 21463040
MIOpen(HIP): Warning [IsEnoughWorkspace] [GetSolutionsFallback WTI] Solver <ConvHipImplicitGemmGroupBwdXdlops>, workspace required: 21594112, provided ptr: 0x73e86b03c000 size: 21463040
MIOpen(HIP): Warning [IsEnoughWorkspace] [GetSolutionsFallback AI] Solver <GemmFwdRest>, workspace required: 75120640, provided ptr: 0x73e86b03c000 size: 21577728
MIOpen(HIP): Warning [IsEnoughWorkspace] [GetSolutionsFallback AI] Solver <ConvHipImplicitGemmGroupFwdXdlops>, workspace required: 21479424, provided ptr: 0x73e86ba78000 size: 21463040
MIOpen(HIP): Warning [IsEnoughWorkspace] [GetSolutionsFallback AI] Solver <GemmFwdRest>, workspace required: 112680960, provided ptr: 0x73e871200000 size: 32223232
MIOpen(HIP): Warning [IsEnoughWorkspace] [GetSolutionsFallback AI] Solver <ConvHipImplicitGemmGroupFwdXdlops>, workspace required: 32198656, provided ptr: 0x73e871200000 size: 32194560
MIOpen(HIP): Warning [IsEnoughWorkspace] [GetSolutionsFallback AI] Solver <ConvHipImplicitGemmGroupFwdXdlops>, workspace required: 16601344, provided ptr: 0x73e913cc0000 size: 16098304
MIOpen(HIP): Warning [IsEnoughWorkspace] [GetSolutionsFallback AI] Solver <GemmFwdRest>, workspace required: 112680960, provided ptr: 0x73e913cc0000 size: 16098304
MIOpen(HIP): Warning [IsEnoughWorkspace] [GetSolutionsFallback AI] Solver <ConvHipImplicitGemmGroupFwdXdlops>, workspace required: 8794112, provided ptr: 0x73e780cc0000 size: 2035712
MIOpen(HIP): Warning [IsEnoughWorkspace] [GetSolutionsFallback AI] Solver <ConvAsmImplicitGemmGTCDynamicFwdXdlopsNHWC>, workspace required: 8794112, provided ptr: 0x73e780cc0000 size: 2035712
MIOpen(HIP): Warning [IsEnoughWorkspace] [GetSolutionsFallback WTI] Solver <ConvAsmImplicitGemmGTCDynamicBwdXdlopsNHWC>, workspace required: 39370752, provided ptr: 0x73e845c00000 size: 9306112
MIOpen(HIP): Warning [IsEnoughWorkspace] [GetSolutionsFallback WTI] Solver <ConvHipImplicitGemmGroupBwdXdlops>, workspace required: 39370752, provided ptr: 0x73e845c00000 size: 9306112
MIOpen(HIP): Warning [IsEnoughWorkspace] [GetSolutionsFallback AI] Solver <GemmFwdRest>, workspace required: 32571392, provided ptr: 0x73e913cc0000 size: 16646144
MIOpen(HIP): Warning [IsEnoughWorkspace] [GetSolutionsFallback AI] Solver <GemmFwdRest>, workspace required: 81428480, provided ptr: 0x73e86bc30000 size: 25100288
MIOpen(HIP): Warning [IsEnoughWorkspace] [GetSolutionsFallback AI] Solver <ConvHipImplicitGemmGroupFwdXdlops>, workspace required: 23527424, provided ptr: 0x73e86c748000 size: 23265280
MIOpen(HIP): Warning [IsEnoughWorkspace] [GetSolutionsFallback AI] Solver <GemmFwdRest>, workspace required: 162856960, provided ptr: 0x73e872830000 size: 46989312
MIOpen(HIP): Warning [IsEnoughWorkspace] [GetSolutionsFallback AI] Solver <ConvHipImplicitGemmGroupFwdXdlops>, workspace required: 46596096, provided ptr: 0x73e873e60000 size: 46530560
MIOpen(HIP): Warning [IsEnoughWorkspace] [GetSolutionsFallback WTI] Solver <ConvAsmImplicitGemmGTCDynamicBwdXdlopsNHWC>, workspace required: 46661632, provided ptr: 0x73e872830000 size: 46530560
MIOpen(HIP): Warning [IsEnoughWorkspace] [GetSolutionsFallback WTI] Solver <ConvHipImplicitGemmGroupBwdXdlops>, workspace required: 46661632, provided ptr: 0x73e872830000 size: 46530560
MIOpen(HIP): Warning [IsEnoughWorkspace] [GetSolutionsFallback AI] Solver <GemmFwdRest>, workspace required: 162856960, provided ptr: 0x73e872830000 size: 46645248
MIOpen(HIP): Warning [IsEnoughWorkspace] [GetSolutionsFallback AI] Solver <ConvHipImplicitGemmGroupFwdXdlops>, workspace required: 46546944, provided ptr: 0x73e873e60000 size: 46530560
MIOpen(HIP): Warning [IsEnoughWorkspace] [GetSolutionsFallback AI] Solver <GemmFwdRest>, workspace required: 244285440, provided ptr: 0x73e875490000 size: 69824512
MIOpen(HIP): Warning [IsEnoughWorkspace] [GetSolutionsFallback AI] Solver <ConvHipImplicitGemmGroupFwdXdlops>, workspace required: 69799936, provided ptr: 0x73e8775d8000 size: 69795840
MIOpen(HIP): Warning [IsEnoughWorkspace] [GetSolutionsFallback AI] Solver <ConvHipImplicitGemmGroupFwdXdlops>, workspace required: 35989504, provided ptr: 0x73e86a600000 size: 34898944
MIOpen(HIP): Warning [IsEnoughWorkspace] [GetSolutionsFallback AI] Solver <GemmFwdRest>, workspace required: 244285440, provided ptr: 0x73e86a600000 size: 34898944
MIOpen(HIP): Warning [IsEnoughWorkspace] [GetSolutionsFallback AI] Solver <ConvHipImplicitGemmGroupFwdXdlops>, workspace required: 8553472, provided ptr: 0x73e780cc0000 size: 1698816
MIOpen(HIP): Warning [IsEnoughWorkspace] [GetSolutionsFallback AI] Solver <ConvAsmImplicitGemmGTCDynamicFwdXdlopsNHWC>, workspace required: 8553472, provided ptr: 0x73e780cc0000 size: 1698816
MIOpen(HIP): Warning [IsEnoughWorkspace] [GetSolutionsFallback WTI] Solver <ConvAsmImplicitGemmGTCDynamicBwdXdlopsNHWC>, workspace required: 38408192, provided ptr: 0x73e845c00000 size: 7766016
MIOpen(HIP): Warning [IsEnoughWorkspace] [GetSolutionsFallback WTI] Solver <ConvHipImplicitGemmGroupBwdXdlops>, workspace required: 38408192, provided ptr: 0x73e845c00000 size: 7766016
MIOpen(HIP): Warning [IsEnoughWorkspace] [GetSolutionsFallback AI] Solver <GemmFwdRest>, workspace required: 27181056, provided ptr: 0x73e913cc0000 size: 15106048
MIOpen(HIP): Warning [IsEnoughWorkspace] [GetSolutionsFallback AI] Solver <GemmFwdRest>, workspace required: 67952640, provided ptr: 0x73e86a600000 size: 21250048
MIOpen(HIP): Warning [IsEnoughWorkspace] [GetSolutionsFallback AI] Solver <ConvHipImplicitGemmGroupFwdXdlops>, workspace required: 19677184, provided ptr: 0x73e86af42000 size: 19415040
MIOpen(HIP): Warning [IsEnoughWorkspace] [GetSolutionsFallback AI] Solver <GemmFwdRest>, workspace required: 135905280, provided ptr: 0x73e871200000 size: 39288832
MIOpen(HIP): Warning [IsEnoughWorkspace] [GetSolutionsFallback AI] Solver <ConvHipImplicitGemmGroupFwdXdlops>, workspace required: 38895616, provided ptr: 0x73e871200000 size: 38830080
MIOpen(HIP): Warning [IsEnoughWorkspace] [GetSolutionsFallback WTI] Solver <ConvAsmImplicitGemmGTCDynamicBwdXdlopsNHWC>, workspace required: 38961152, provided ptr: 0x73e86cb08000 size: 38830080
MIOpen(HIP): Warning [IsEnoughWorkspace] [GetSolutionsFallback WTI] Solver <ConvHipImplicitGemmGroupBwdXdlops>, workspace required: 38961152, provided ptr: 0x73e86cb08000 size: 38830080
MIOpen(HIP): Warning [IsEnoughWorkspace] [GetSolutionsFallback AI] Solver <GemmFwdRest>, workspace required: 135905280, provided ptr: 0x73e871200000 size: 38944768
MIOpen(HIP): Warning [IsEnoughWorkspace] [GetSolutionsFallback AI] Solver <ConvHipImplicitGemmGroupFwdXdlops>, workspace required: 38846464, provided ptr: 0x73e871200000 size: 38830080
MIOpen(HIP): Warning [IsEnoughWorkspace] [GetSolutionsFallback AI] Solver <GemmFwdRest>, workspace required: 203857920, provided ptr: 0x73e872dc6000 size: 58273792
MIOpen(HIP): Warning [IsEnoughWorkspace] [GetSolutionsFallback AI] Solver <ConvHipImplicitGemmGroupFwdXdlops>, workspace required: 58249216, provided ptr: 0x73e87498c000 size: 58245120
MIOpen(HIP): Warning [IsEnoughWorkspace] [GetSolutionsFallback AI] Solver <ConvHipImplicitGemmGroupFwdXdlops>, workspace required: 30033664, provided ptr: 0x73e86c1c6000 size: 29123584
MIOpen(HIP): Warning [IsEnoughWorkspace] [GetSolutionsFallback AI] Solver <GemmFwdRest>, workspace required: 203857920, provided ptr: 0x73e86c1c6000 size: 29123584
MIOpen(HIP): Warning [IsEnoughWorkspace] [GetSolutionsFallback AI] Solver <ConvHipImplicitGemmGroupFwdXdlops>, workspace required: 9219072, provided ptr: 0x73e780cc0000 size: 2630656
MIOpen(HIP): Warning [IsEnoughWorkspace] [GetSolutionsFallback AI] Solver <ConvAsmImplicitGemmGTCDynamicFwdXdlopsNHWC>, workspace required: 9219072, provided ptr: 0x73e780cc0000 size: 2630656
MIOpen(HIP): Warning [IsEnoughWorkspace] [GetSolutionsFallback WTI] Solver <ConvAsmImplicitGemmGTCDynamicBwdXdlopsNHWC>, workspace required: 41070592, provided ptr: 0x73e913cc0000 size: 12025856
MIOpen(HIP): Warning [IsEnoughWorkspace] [GetSolutionsFallback WTI] Solver <ConvHipImplicitGemmGroupBwdXdlops>, workspace required: 41070592, provided ptr: 0x73e913cc0000 size: 12025856
MIOpen(HIP): Warning [IsEnoughWorkspace] [GetSolutionsFallback AI] Solver <GemmFwdRest>, workspace required: 42090496, provided ptr: 0x73e86a600000 size: 19365888
MIOpen(HIP): Warning [IsEnoughWorkspace] [GetSolutionsFallback AI] Solver <GemmFwdRest>, workspace required: 105226240, provided ptr: 0x73e86c2ac000 size: 31899648
MIOpen(HIP): Warning [IsEnoughWorkspace] [GetSolutionsFallback AI] Solver <ConvHipImplicitGemmGroupFwdXdlops>, workspace required: 30326784, provided ptr: 0x73e86d102000 size: 30064640
MIOpen(HIP): Warning [IsEnoughWorkspace] [GetSolutionsFallback AI] Solver <GemmFwdRest>, workspace required: 210452480, provided ptr: 0x73e872eac000 size: 60588032
MIOpen(HIP): Warning [IsEnoughWorkspace] [GetSolutionsFallback AI] Solver <ConvHipImplicitGemmGroupFwdXdlops>, workspace required: 60194816, provided ptr: 0x73e874b58000 size: 60129280
MIOpen(HIP): Warning [IsEnoughWorkspace] [GetSolutionsFallback WTI] Solver <ConvAsmImplicitGemmGTCDynamicBwdXdlopsNHWC>, workspace required: 60260352, provided ptr: 0x73e872eac000 size: 60129280
MIOpen(HIP): Warning [IsEnoughWorkspace] [GetSolutionsFallback WTI] Solver <ConvHipImplicitGemmGroupBwdXdlops>, workspace required: 60260352, provided ptr: 0x73e872eac000 size: 60129280
MIOpen(HIP): Warning [IsEnoughWorkspace] [GetSolutionsFallback AI] Solver <GemmFwdRest>, workspace required: 210452480, provided ptr: 0x73e874b58000 size: 60243968
MIOpen(HIP): Warning [IsEnoughWorkspace] [GetSolutionsFallback AI] Solver <ConvHipImplicitGemmGroupFwdXdlops>, workspace required: 60145664, provided ptr: 0x73e876804000 size: 60129280
MIOpen(HIP): Warning [IsEnoughWorkspace] [GetSolutionsFallback AI] Solver <GemmFwdRest>, workspace required: 315678720, provided ptr: 0x73e876804000 size: 90222592
MIOpen(HIP): Warning [IsEnoughWorkspace] [GetSolutionsFallback AI] Solver <ConvHipImplicitGemmGroupFwdXdlops>, workspace required: 90198016, provided ptr: 0x73e879306000 size: 90193920
MIOpen(HIP): Warning [IsEnoughWorkspace] [GetSolutionsFallback AI] Solver <ConvHipImplicitGemmGroupFwdXdlops>, workspace required: 46507264, provided ptr: 0x73e86a600000 size: 45097984
MIOpen(HIP): Warning [IsEnoughWorkspace] [GetSolutionsFallback AI] Solver <GemmFwdRest>, workspace required: 315678720, provided ptr: 0x73e86a600000 size: 45097984
MIOpen(HIP): Warning [IsEnoughWorkspace] [GetSolutionsFallback AI] Solver <ConvHipImplicitGemmGroupFwdXdlops>, workspace required: 8481792, provided ptr: 0x73e780cc0000 size: 1598464
MIOpen(HIP): Warning [IsEnoughWorkspace] [GetSolutionsFallback AI] Solver <ConvAsmImplicitGemmGTCDynamicFwdXdlopsNHWC>, workspace required: 8481792, provided ptr: 0x73e780cc0000 size: 1598464
MIOpen(HIP): Warning [IsEnoughWorkspace] [GetSolutionsFallback WTI] Solver <ConvAsmImplicitGemmGTCDynamicBwdXdlopsNHWC>, workspace required: 38121472, provided ptr: 0x73e845c00000 size: 7307264
MIOpen(HIP): Warning [IsEnoughWorkspace] [GetSolutionsFallback WTI] Solver <ConvHipImplicitGemmGroupBwdXdlops>, workspace required: 38121472, provided ptr: 0x73e845c00000 size: 7307264
MIOpen(HIP): Warning [IsEnoughWorkspace] [GetSolutionsFallback AI] Solver <GemmFwdRest>, workspace required: 25575424, provided ptr: 0x73e913cc0000 size: 14647296
MIOpen(HIP): Warning [IsEnoughWorkspace] [GetSolutionsFallback AI] Solver <GemmFwdRest>, workspace required: 63938560, provided ptr: 0x73e86aeb6000 size: 20103168
MIOpen(HIP): Warning [IsEnoughWorkspace] [GetSolutionsFallback AI] Solver <ConvHipImplicitGemmGroupFwdXdlops>, workspace required: 18530304, provided ptr: 0x73e86b76c000 size: 18268160
MIOpen(HIP): Warning [IsEnoughWorkspace] [GetSolutionsFallback AI] Solver <GemmFwdRest>, workspace required: 127877120, provided ptr: 0x73e871200000 size: 36995072
MIOpen(HIP): Warning [IsEnoughWorkspace] [GetSolutionsFallback AI] Solver <ConvHipImplicitGemmGroupFwdXdlops>, workspace required: 36601856, provided ptr: 0x73e871200000 size: 36536320
MIOpen(HIP): Warning [IsEnoughWorkspace] [GetSolutionsFallback WTI] Solver <ConvAsmImplicitGemmGTCDynamicBwdXdlopsNHWC>, workspace required: 36667392, provided ptr: 0x73e871200000 size: 36536320
MIOpen(HIP): Warning [IsEnoughWorkspace] [GetSolutionsFallback WTI] Solver <ConvHipImplicitGemmGroupBwdXdlops>, workspace required: 36667392, provided ptr: 0x73e871200000 size: 36536320
MIOpen(HIP): Warning [IsEnoughWorkspace] [GetSolutionsFallback AI] Solver <GemmFwdRest>, workspace required: 127877120, provided ptr: 0x73e871200000 size: 36651008
MIOpen(HIP): Warning [IsEnoughWorkspace] [GetSolutionsFallback AI] Solver <ConvHipImplicitGemmGroupFwdXdlops>, workspace required: 36552704, provided ptr: 0x73e87236c000 size: 36536320
MIOpen(HIP): Warning [IsEnoughWorkspace] [GetSolutionsFallback AI] Solver <GemmFwdRest>, workspace required: 191815680, provided ptr: 0x73e872c22000 size: 54833152
MIOpen(HIP): Warning [IsEnoughWorkspace] [GetSolutionsFallback AI] Solver <ConvHipImplicitGemmGroupFwdXdlops>, workspace required: 54808576, provided ptr: 0x73e874644000 size: 54804480
MIOpen(HIP): Warning [IsEnoughWorkspace] [GetSolutionsFallback AI] Solver <ConvHipImplicitGemmGroupFwdXdlops>, workspace required: 28259584, provided ptr: 0x73e86c022000 size: 27403264
MIOpen(HIP): Warning [IsEnoughWorkspace] [GetSolutionsFallback AI] Solver <GemmFwdRest>, workspace required: 191815680, provided ptr: 0x73e86c022000 size: 27403264
MIOpen(HIP): Warning [IsEnoughWorkspace] [GetSolutionsFallback AI] Solver <ConvHipImplicitGemmGroupFwdXdlops>, workspace required: 8952832, provided ptr: 0x73e780cc0000 size: 2257920
MIOpen(HIP): Warning [IsEnoughWorkspace] [GetSolutionsFallback AI] Solver <ConvAsmImplicitGemmGTCDynamicFwdXdlopsNHWC>, workspace required: 8952832, provided ptr: 0x73e780cc0000 size: 2257920
MIOpen(HIP): Warning [IsEnoughWorkspace] [GetSolutionsFallback WTI] Solver <ConvAsmImplicitGemmGTCDynamicBwdXdlopsNHWC>, workspace required: 40005632, provided ptr: 0x73e845c00000 size: 10321920
MIOpen(HIP): Warning [IsEnoughWorkspace] [GetSolutionsFallback WTI] Solver <ConvHipImplicitGemmGroupBwdXdlops>, workspace required: 40005632, provided ptr: 0x73e845c00000 size: 10321920
MIOpen(HIP): Warning [IsEnoughWorkspace] [GetSolutionsFallback AI] Solver <GemmFwdRest>, workspace required: 36126720, provided ptr: 0x73e913cc0000 size: 17661952
MIOpen(HIP): Warning [IsEnoughWorkspace] [GetSolutionsFallback AI] Solver <GemmFwdRest>, workspace required: 90316800, provided ptr: 0x73e86be9c000 size: 27639808
MIOpen(HIP): Warning [IsEnoughWorkspace] [GetSolutionsFallback AI] Solver <ConvHipImplicitGemmGroupFwdXdlops>, workspace required: 26066944, provided ptr: 0x73e86caea000 size: 25804800
MIOpen(HIP): Warning [IsEnoughWorkspace] [GetSolutionsFallback AI] Solver <GemmFwdRest>, workspace required: 180633600, provided ptr: 0x73e872a9c000 size: 52068352
MIOpen(HIP): Warning [IsEnoughWorkspace] [GetSolutionsFallback AI] Solver <ConvHipImplicitGemmGroupFwdXdlops>, workspace required: 51675136, provided ptr: 0x73e874338000 size: 51609600
MIOpen(HIP): Warning [IsEnoughWorkspace] [GetSolutionsFallback WTI] Solver <ConvAsmImplicitGemmGTCDynamicBwdXdlopsNHWC>, workspace required: 51740672, provided ptr: 0x73e872a9c000 size: 51609600
MIOpen(HIP): Warning [IsEnoughWorkspace] [GetSolutionsFallback WTI] Solver <ConvHipImplicitGemmGroupBwdXdlops>, workspace required: 51740672, provided ptr: 0x73e872a9c000 size: 51609600
MIOpen(HIP): Warning [IsEnoughWorkspace] [GetSolutionsFallback AI] Solver <GemmFwdRest>, workspace required: 180633600, provided ptr: 0x73e872a9c000 size: 51724288
MIOpen(HIP): Warning [IsEnoughWorkspace] [GetSolutionsFallback AI] Solver <ConvHipImplicitGemmGroupFwdXdlops>, workspace required: 51625984, provided ptr: 0x73e874338000 size: 51609600
MIOpen(HIP): Warning [IsEnoughWorkspace] [GetSolutionsFallback AI] Solver <GemmFwdRest>, workspace required: 270950400, provided ptr: 0x73e875bd4000 size: 77443072
MIOpen(HIP): Warning [IsEnoughWorkspace] [GetSolutionsFallback AI] Solver <ConvHipImplicitGemmGroupFwdXdlops>, workspace required: 77418496, provided ptr: 0x73e8780be000 size: 77414400
MIOpen(HIP): Warning [IsEnoughWorkspace] [GetSolutionsFallback AI] Solver <ConvHipImplicitGemmGroupFwdXdlops>, workspace required: 39917824, provided ptr: 0x73e86a600000 size: 38708224
MIOpen(HIP): Warning [IsEnoughWorkspace] [GetSolutionsFallback AI] Solver <GemmFwdRest>, workspace required: 270950400, provided ptr: 0x73e86a600000 size: 38708224
MIOpen(HIP): Warning [IsEnoughWorkspace] [GetSolutionsFallback AI] Solver <ConvHipImplicitGemmGroupFwdXdlops>, workspace required: 8906752, provided ptr: 0x73e780cc0000 size: 2193408
MIOpen(HIP): Warning [IsEnoughWorkspace] [GetSolutionsFallback AI] Solver <ConvAsmImplicitGemmGTCDynamicFwdXdlopsNHWC>, workspace required: 8906752, provided ptr: 0x73e780cc0000 size: 2193408
MIOpen(HIP): Warning [IsEnoughWorkspace] [GetSolutionsFallback WTI] Solver <ConvAsmImplicitGemmGTCDynamicBwdXdlopsNHWC>, workspace required: 39821312, provided ptr: 0x73e845c00000 size: 10027008
MIOpen(HIP): Warning [IsEnoughWorkspace] [GetSolutionsFallback WTI] Solver <ConvHipImplicitGemmGroupBwdXdlops>, workspace required: 39821312, provided ptr: 0x73e845c00000 size: 10027008
MIOpen(HIP): Warning [IsEnoughWorkspace] [GetSolutionsFallback AI] Solver <GemmFwdRest>, workspace required: 35094528, provided ptr: 0x73e913cc0000 size: 17367040
MIOpen(HIP): Warning [IsEnoughWorkspace] [GetSolutionsFallback AI] Solver <GemmFwdRest>, workspace required: 87736320, provided ptr: 0x73e86bde8000 size: 26902528
MIOpen(HIP): Warning [IsEnoughWorkspace] [GetSolutionsFallback AI] Solver <ConvHipImplicitGemmGroupFwdXdlops>, workspace required: 25329664, provided ptr: 0x73e86c9dc000 size: 25067520
MIOpen(HIP): Warning [IsEnoughWorkspace] [GetSolutionsFallback AI] Solver <GemmFwdRest>, workspace required: 175472640, provided ptr: 0x73e8729e8000 size: 50593792
MIOpen(HIP): Warning [IsEnoughWorkspace] [GetSolutionsFallback AI] Solver <ConvHipImplicitGemmGroupFwdXdlops>, workspace required: 50200576, provided ptr: 0x73e8741d0000 size: 50135040
MIOpen(HIP): Warning [IsEnoughWorkspace] [GetSolutionsFallback WTI] Solver <ConvAsmImplicitGemmGTCDynamicBwdXdlopsNHWC>, workspace required: 50266112, provided ptr: 0x73e8729e8000 size: 50135040
MIOpen(HIP): Warning [IsEnoughWorkspace] [GetSolutionsFallback WTI] Solver <ConvHipImplicitGemmGroupBwdXdlops>, workspace required: 50266112, provided ptr: 0x73e8729e8000 size: 50135040
MIOpen(HIP): Warning [IsEnoughWorkspace] [GetSolutionsFallback AI] Solver <GemmFwdRest>, workspace required: 175472640, provided ptr: 0x73e8729e8000 size: 50249728
MIOpen(HIP): Warning [IsEnoughWorkspace] [GetSolutionsFallback AI] Solver <ConvHipImplicitGemmGroupFwdXdlops>, workspace required: 50151424, provided ptr: 0x73e8741d0000 size: 50135040
MIOpen(HIP): Warning [IsEnoughWorkspace] [GetSolutionsFallback AI] Solver <GemmFwdRest>, workspace required: 263208960, provided ptr: 0x73e8759b8000 size: 75231232
MIOpen(HIP): Warning [IsEnoughWorkspace] [GetSolutionsFallback AI] Solver <ConvHipImplicitGemmGroupFwdXdlops>, workspace required: 75206656, provided ptr: 0x73e877d94000 size: 75202560
MIOpen(HIP): Warning [IsEnoughWorkspace] [GetSolutionsFallback AI] Solver <ConvHipImplicitGemmGroupFwdXdlops>, workspace required: 38777344, provided ptr: 0x73e86a600000 size: 37602304
MIOpen(HIP): Warning [IsEnoughWorkspace] [GetSolutionsFallback AI] Solver <GemmFwdRest>, workspace required: 263208960, provided ptr: 0x73e86a600000 size: 37602304
MIOpen(HIP): Warning [IsEnoughWorkspace] [GetSolutionsFallback AI] Solver <ConvHipImplicitGemmGroupFwdXdlops>, workspace required: 8118272, provided ptr: 0x73e781c80000 size: 1089536
MIOpen(HIP): Warning [IsEnoughWorkspace] [GetSolutionsFallback AI] Solver <ConvAsmImplicitGemmGTCDynamicFwdXdlopsNHWC>, workspace required: 8118272, provided ptr: 0x73e781c80000 size: 1089536
MIOpen(HIP): Warning [IsEnoughWorkspace] [GetSolutionsFallback WTI] Solver <ConvAsmImplicitGemmGTCDynamicBwdXdlopsNHWC>, workspace required: 36667392, provided ptr: 0x73e784400000 size: 4980736
MIOpen(HIP): Warning [IsEnoughWorkspace] [GetSolutionsFallback WTI] Solver <ConvHipImplicitGemmGroupBwdXdlops>, workspace required: 36667392, provided ptr: 0x73e784400000 size: 4980736
MIOpen(HIP): Warning [IsEnoughWorkspace] [GetSolutionsFallback AI] Solver <GemmFwdRest>, workspace required: 17432576, provided ptr: 0x73e845c00000 size: 12320768
MIOpen(HIP): Warning [IsEnoughWorkspace] [GetSolutionsFallback WTI] Solver <ConvAsmImplicitGemmGTCDynamicBwdXdlopsNHWC>, workspace required: 13959168, provided ptr: 0x73e913cc0000 size: 12451840
MIOpen(HIP): Warning [IsEnoughWorkspace] [GetSolutionsFallback WTI] Solver <ConvHipImplicitGemmGroupBwdXdlops>, workspace required: 13959168, provided ptr: 0x73e913cc0000 size: 12451840
MIOpen(HIP): Warning [IsEnoughWorkspace] [GetSolutionsFallback AI] Solver <GemmFwdRest>, workspace required: 43581440, provided ptr: 0x73e9142b0000 size: 14286848
MIOpen(HIP): Warning [IsEnoughWorkspace] [GetSolutionsFallback AI] Solver <ConvHipImplicitGemmGroupFwdXdlops>, workspace required: 12713984, provided ptr: 0x73e86a600000 size: 12451840
MIOpen(HIP): Warning [IsEnoughWorkspace] [GetSolutionsFallback AI] Solver <GemmFwdRest>, workspace required: 87162880, provided ptr: 0x73e86bdc0000 size: 25362432
MIOpen(HIP): Warning [IsEnoughWorkspace] [GetSolutionsFallback AI] Solver <ConvHipImplicitGemmGroupFwdXdlops>, workspace required: 24969216, provided ptr: 0x73e86c9a0000 size: 24903680
MIOpen(HIP): Warning [IsEnoughWorkspace] [GetSolutionsFallback WTI] Solver <ConvAsmImplicitGemmGTCDynamicBwdXdlopsNHWC>, workspace required: 25034752, provided ptr: 0x73e86b1e0000 size: 24903680
MIOpen(HIP): Warning [IsEnoughWorkspace] [GetSolutionsFallback WTI] Solver <ConvHipImplicitGemmGroupBwdXdlops>, workspace required: 25034752, provided ptr: 0x73e86b1e0000 size: 24903680
MIOpen(HIP): Warning [IsEnoughWorkspace] [GetSolutionsFallback AI] Solver <GemmFwdRest>, workspace required: 87162880, provided ptr: 0x73e86bdc0000 size: 25018368
MIOpen(HIP): Warning [IsEnoughWorkspace] [GetSolutionsFallback AI] Solver <ConvHipImplicitGemmGroupFwdXdlops>, workspace required: 24920064, provided ptr: 0x73e86c9a0000 size: 24903680
MIOpen(HIP): Warning [IsEnoughWorkspace] [GetSolutionsFallback AI] Solver <GemmFwdRest>, workspace required: 130744320, provided ptr: 0x73e871200000 size: 37384192
MIOpen(HIP): Warning [IsEnoughWorkspace] [GetSolutionsFallback AI] Solver <ConvHipImplicitGemmGroupFwdXdlops>, workspace required: 37359616, provided ptr: 0x73e8723d0000 size: 37355520
MIOpen(HIP): Warning [IsEnoughWorkspace] [GetSolutionsFallback AI] Solver <ConvHipImplicitGemmGroupFwdXdlops>, workspace required: 19262464, provided ptr: 0x73e86a600000 size: 18678784
MIOpen(HIP): Warning [IsEnoughWorkspace] [GetSolutionsFallback AI] Solver <GemmFwdRest>, workspace required: 130744320, provided ptr: 0x73e86a600000 size: 18678784
MIOpen(HIP): Warning [IsEnoughWorkspace] [GetSolutionsFallback AI] Solver <ConvHipImplicitGemmGroupFwdXdlops>, workspace required: 8835072, provided ptr: 0x73e780cc0000 size: 2093056
MIOpen(HIP): Warning [IsEnoughWorkspace] [GetSolutionsFallback AI] Solver <ConvAsmImplicitGemmGTCDynamicFwdXdlopsNHWC>, workspace required: 8835072, provided ptr: 0x73e780cc0000 size: 2093056
MIOpen(HIP): Warning [IsEnoughWorkspace] [GetSolutionsFallback WTI] Solver <ConvAsmImplicitGemmGTCDynamicBwdXdlopsNHWC>, workspace required: 39534592, provided ptr: 0x73e845c00000 size: 9568256
MIOpen(HIP): Warning [IsEnoughWorkspace] [GetSolutionsFallback WTI] Solver <ConvHipImplicitGemmGroupBwdXdlops>, workspace required: 39534592, provided ptr: 0x73e845c00000 size: 9568256
MIOpen(HIP): Warning [IsEnoughWorkspace] [GetSolutionsFallback AI] Solver <GemmFwdRest>, workspace required: 33488896, provided ptr: 0x73e913cc0000 size: 16908288
MIOpen(HIP): Warning [IsEnoughWorkspace] [GetSolutionsFallback AI] Solver <GemmFwdRest>, workspace required: 83722240, provided ptr: 0x73e86bcd0000 size: 25755648
MIOpen(HIP): Warning [IsEnoughWorkspace] [GetSolutionsFallback AI] Solver <ConvHipImplicitGemmGroupFwdXdlops>, workspace required: 24182784, provided ptr: 0x73e86c838000 size: 23920640
MIOpen(HIP): Warning [IsEnoughWorkspace] [GetSolutionsFallback AI] Solver <GemmFwdRest>, workspace required: 167444480, provided ptr: 0x73e8728d0000 size: 48300032
MIOpen(HIP): Warning [IsEnoughWorkspace] [GetSolutionsFallback AI] Solver <ConvHipImplicitGemmGroupFwdXdlops>, workspace required: 47906816, provided ptr: 0x73e873fa0000 size: 47841280
MIOpen(HIP): Warning [IsEnoughWorkspace] [GetSolutionsFallback WTI] Solver <ConvAsmImplicitGemmGTCDynamicBwdXdlopsNHWC>, workspace required: 47972352, provided ptr: 0x73e8728d0000 size: 47841280
MIOpen(HIP): Warning [IsEnoughWorkspace] [GetSolutionsFallback WTI] Solver <ConvHipImplicitGemmGroupBwdXdlops>, workspace required: 47972352, provided ptr: 0x73e8728d0000 size: 47841280
MIOpen(HIP): Warning [IsEnoughWorkspace] [GetSolutionsFallback AI] Solver <GemmFwdRest>, workspace required: 167444480, provided ptr: 0x73e8728d0000 size: 47955968
MIOpen(HIP): Warning [IsEnoughWorkspace] [GetSolutionsFallback AI] Solver <ConvHipImplicitGemmGroupFwdXdlops>, workspace required: 47857664, provided ptr: 0x73e873fa0000 size: 47841280
MIOpen(HIP): Warning [IsEnoughWorkspace] [GetSolutionsFallback AI] Solver <GemmFwdRest>, workspace required: 251166720, provided ptr: 0x73e875670000 size: 71790592
MIOpen(HIP): Warning [IsEnoughWorkspace] [GetSolutionsFallback AI] Solver <ConvHipImplicitGemmGroupFwdXdlops>, workspace required: 71766016, provided ptr: 0x73e8778a8000 size: 71761920
MIOpen(HIP): Warning [IsEnoughWorkspace] [GetSolutionsFallback AI] Solver <ConvHipImplicitGemmGroupFwdXdlops>, workspace required: 37003264, provided ptr: 0x73e86a600000 size: 35881984
MIOpen(HIP): Warning [IsEnoughWorkspace] [GetSolutionsFallback AI] Solver <GemmFwdRest>, workspace required: 251166720, provided ptr: 0x73e86a600000 size: 35881984
MIOpen(HIP): Warning [IsEnoughWorkspace] [GetSolutionsFallback AI] Solver <ConvHipImplicitGemmGroupFwdXdlops>, workspace required: 8512512, provided ptr: 0x73e780cc0000 size: 1641472
MIOpen(HIP): Warning [IsEnoughWorkspace] [GetSolutionsFallback AI] Solver <ConvAsmImplicitGemmGTCDynamicFwdXdlopsNHWC>, workspace required: 8512512, provided ptr: 0x73e780cc0000 size: 1641472
MIOpen(HIP): Warning [IsEnoughWorkspace] [GetSolutionsFallback WTI] Solver <ConvAsmImplicitGemmGTCDynamicBwdXdlopsNHWC>, workspace required: 38244352, provided ptr: 0x73e845c00000 size: 7503872
MIOpen(HIP): Warning [IsEnoughWorkspace] [GetSolutionsFallback WTI] Solver <ConvHipImplicitGemmGroupBwdXdlops>, workspace required: 38244352, provided ptr: 0x73e845c00000 size: 7503872
MIOpen(HIP): Warning [IsEnoughWorkspace] [GetSolutionsFallback AI] Solver <GemmFwdRest>, workspace required: 26263552, provided ptr: 0x73e913cc0000 size: 14843904
MIOpen(HIP): Warning [IsEnoughWorkspace] [GetSolutionsFallback AI] Solver <GemmFwdRest>, workspace required: 65658880, provided ptr: 0x73e86a600000 size: 20594688
MIOpen(HIP): Warning [IsEnoughWorkspace] [GetSolutionsFallback AI] Solver <ConvHipImplicitGemmGroupFwdXdlops>, workspace required: 19021824, provided ptr: 0x73e86aef2000 size: 18759680
MIOpen(HIP): Warning [IsEnoughWorkspace] [GetSolutionsFallback AI] Solver <GemmFwdRest>, workspace required: 131317760, provided ptr: 0x73e871200000 size: 37978112
MIOpen(HIP): Warning [IsEnoughWorkspace] [GetSolutionsFallback AI] Solver <ConvHipImplicitGemmGroupFwdXdlops>, workspace required: 37584896, provided ptr: 0x73e871200000 size: 37519360
MIOpen(HIP): Warning [IsEnoughWorkspace] [GetSolutionsFallback WTI] Solver <ConvAsmImplicitGemmGTCDynamicBwdXdlopsNHWC>, workspace required: 37650432, provided ptr: 0x73e86c9c8000 size: 37519360
MIOpen(HIP): Warning [IsEnoughWorkspace] [GetSolutionsFallback WTI] Solver <ConvHipImplicitGemmGroupBwdXdlops>, workspace required: 37650432, provided ptr: 0x73e86c9c8000 size: 37519360
MIOpen(HIP): Warning [IsEnoughWorkspace] [GetSolutionsFallback AI] Solver <GemmFwdRest>, workspace required: 131317760, provided ptr: 0x73e871200000 size: 37634048
MIOpen(HIP): Warning [IsEnoughWorkspace] [GetSolutionsFallback AI] Solver <ConvHipImplicitGemmGroupFwdXdlops>, workspace required: 37535744, provided ptr: 0x73e871200000 size: 37519360
MIOpen(HIP): Warning [IsEnoughWorkspace] [GetSolutionsFallback AI] Solver <GemmFwdRest>, workspace required: 196976640, provided ptr: 0x73e872cd6000 size: 56307712
MIOpen(HIP): Warning [IsEnoughWorkspace] [GetSolutionsFallback AI] Solver <ConvHipImplicitGemmGroupFwdXdlops>, workspace required: 56283136, provided ptr: 0x73e8747ac000 size: 56279040
MIOpen(HIP): Warning [IsEnoughWorkspace] [GetSolutionsFallback AI] Solver <ConvHipImplicitGemmGroupFwdXdlops>, workspace required: 29019904, provided ptr: 0x73e86c0d6000 size: 28140544
MIOpen(HIP): Warning [IsEnoughWorkspace] [GetSolutionsFallback AI] Solver <GemmFwdRest>, workspace required: 196976640, provided ptr: 0x73e86c0d6000 size: 28140544
MIOpen(HIP): Warning [IsEnoughWorkspace] [GetSolutionsFallback AI] Solver <ConvHipImplicitGemmGroupFwdXdlops>, workspace required: 9126912, provided ptr: 0x73e780cc0000 size: 2501632
MIOpen(HIP): Warning [IsEnoughWorkspace] [GetSolutionsFallback AI] Solver <ConvAsmImplicitGemmGTCDynamicFwdXdlopsNHWC>, workspace required: 9126912, provided ptr: 0x73e780cc0000 size: 2501632
MIOpen(HIP): Warning [IsEnoughWorkspace] [GetSolutionsFallback WTI] Solver <ConvAsmImplicitGemmGTCDynamicBwdXdlopsNHWC>, workspace required: 40701952, provided ptr: 0x73e913cc0000 size: 11436032
MIOpen(HIP): Warning [IsEnoughWorkspace] [GetSolutionsFallback WTI] Solver <ConvHipImplicitGemmGroupBwdXdlops>, workspace required: 40701952, provided ptr: 0x73e913cc0000 size: 11436032
MIOpen(HIP): Warning [IsEnoughWorkspace] [GetSolutionsFallback AI] Solver <GemmFwdRest>, workspace required: 40026112, provided ptr: 0x73e86a600000 size: 18776064
MIOpen(HIP): Warning [IsEnoughWorkspace] [GetSolutionsFallback AI] Solver <GemmFwdRest>, workspace required: 100065280, provided ptr: 0x73e86c144000 size: 30425088
MIOpen(HIP): Warning [IsEnoughWorkspace] [GetSolutionsFallback AI] Solver <ConvHipImplicitGemmGroupFwdXdlops>, workspace required: 28852224, provided ptr: 0x73e86cee6000 size: 28590080
MIOpen(HIP): Warning [IsEnoughWorkspace] [GetSolutionsFallback AI] Solver <GemmFwdRest>, workspace required: 200130560, provided ptr: 0x73e872d44000 size: 57638912
MIOpen(HIP): Warning [IsEnoughWorkspace] [GetSolutionsFallback AI] Solver <ConvHipImplicitGemmGroupFwdXdlops>, workspace required: 57245696, provided ptr: 0x73e874888000 size: 57180160
MIOpen(HIP): Warning [IsEnoughWorkspace] [GetSolutionsFallback WTI] Solver <ConvAsmImplicitGemmGTCDynamicBwdXdlopsNHWC>, workspace required: 57311232, provided ptr: 0x73e872d44000 size: 57180160
MIOpen(HIP): Warning [IsEnoughWorkspace] [GetSolutionsFallback WTI] Solver <ConvHipImplicitGemmGroupBwdXdlops>, workspace required: 57311232, provided ptr: 0x73e872d44000 size: 57180160
MIOpen(HIP): Warning [IsEnoughWorkspace] [GetSolutionsFallback AI] Solver <GemmFwdRest>, workspace required: 200130560, provided ptr: 0x73e874888000 size: 57294848
MIOpen(HIP): Warning [IsEnoughWorkspace] [GetSolutionsFallback AI] Solver <ConvHipImplicitGemmGroupFwdXdlops>, workspace required: 57196544, provided ptr: 0x73e8763cc000 size: 57180160
MIOpen(HIP): Warning [IsEnoughWorkspace] [GetSolutionsFallback AI] Solver <GemmFwdRest>, workspace required: 300195840, provided ptr: 0x73e8763cc000 size: 85798912
MIOpen(HIP): Warning [IsEnoughWorkspace] [GetSolutionsFallback AI] Solver <ConvHipImplicitGemmGroupFwdXdlops>, workspace required: 85774336, provided ptr: 0x73e878cb2000 size: 85770240
MIOpen(HIP): Warning [IsEnoughWorkspace] [GetSolutionsFallback AI] Solver <ConvHipImplicitGemmGroupFwdXdlops>, workspace required: 44226304, provided ptr: 0x73e86a600000 size: 42886144
MIOpen(HIP): Warning [IsEnoughWorkspace] [GetSolutionsFallback AI] Solver <GemmFwdRest>, workspace required: 300195840, provided ptr: 0x73e86a600000 size: 42886144
MIOpen(HIP): Warning [IsEnoughWorkspace] [GetSolutionsFallback AI] Solver <ConvHipImplicitGemmGroupFwdXdlops>, workspace required: 9188352, provided ptr: 0x73e780cc0000 size: 2587648
MIOpen(HIP): Warning [IsEnoughWorkspace] [GetSolutionsFallback AI] Solver <ConvAsmImplicitGemmGTCDynamicFwdXdlopsNHWC>, workspace required: 9188352, provided ptr: 0x73e780cc0000 size: 2587648
MIOpen(HIP): Warning [IsEnoughWorkspace] [GetSolutionsFallback WTI] Solver <ConvAsmImplicitGemmGTCDynamicBwdXdlopsNHWC>, workspace required: 40947712, provided ptr: 0x73e913cc0000 size: 11829248
MIOpen(HIP): Warning [IsEnoughWorkspace] [GetSolutionsFallback WTI] Solver <ConvHipImplicitGemmGroupBwdXdlops>, workspace required: 40947712, provided ptr: 0x73e913cc0000 size: 11829248
MIOpen(HIP): Warning [IsEnoughWorkspace] [GetSolutionsFallback AI] Solver <GemmFwdRest>, workspace required: 41402368, provided ptr: 0x73e86a600000 size: 19169280
MIOpen(HIP): Warning [IsEnoughWorkspace] [GetSolutionsFallback AI] Solver <GemmFwdRest>, workspace required: 103505920, provided ptr: 0x73e86c234000 size: 31408128
MIOpen(HIP): Warning [IsEnoughWorkspace] [GetSolutionsFallback AI] Solver <ConvHipImplicitGemmGroupFwdXdlops>, workspace required: 29835264, provided ptr: 0x73e86d04e000 size: 29573120
MIOpen(HIP): Warning [IsEnoughWorkspace] [GetSolutionsFallback AI] Solver <GemmFwdRest>, workspace required: 207011840, provided ptr: 0x73e872e34000 size: 59604992
MIOpen(HIP): Warning [IsEnoughWorkspace] [GetSolutionsFallback AI] Solver <ConvHipImplicitGemmGroupFwdXdlops>, workspace required: 59211776, provided ptr: 0x73e874a68000 size: 59146240
MIOpen(HIP): Warning [IsEnoughWorkspace] [GetSolutionsFallback WTI] Solver <ConvAsmImplicitGemmGTCDynamicBwdXdlopsNHWC>, workspace required: 59277312, provided ptr: 0x73e872e34000 size: 59146240
MIOpen(HIP): Warning [IsEnoughWorkspace] [GetSolutionsFallback WTI] Solver <ConvHipImplicitGemmGroupBwdXdlops>, workspace required: 59277312, provided ptr: 0x73e872e34000 size: 59146240
MIOpen(HIP): Warning [IsEnoughWorkspace] [GetSolutionsFallback AI] Solver <GemmFwdRest>, workspace required: 207011840, provided ptr: 0x73e874a68000 size: 59260928
MIOpen(HIP): Warning [IsEnoughWorkspace] [GetSolutionsFallback AI] Solver <ConvHipImplicitGemmGroupFwdXdlops>, workspace required: 59162624, provided ptr: 0x73e87669c000 size: 59146240
MIOpen(HIP): Warning [IsEnoughWorkspace] [GetSolutionsFallback AI] Solver <GemmFwdRest>, workspace required: 310517760, provided ptr: 0x73e87669c000 size: 88748032
MIOpen(HIP): Warning [IsEnoughWorkspace] [GetSolutionsFallback AI] Solver <ConvHipImplicitGemmGroupFwdXdlops>, workspace required: 88723456, provided ptr: 0x73e8790ea000 size: 88719360
MIOpen(HIP): Warning [IsEnoughWorkspace] [GetSolutionsFallback AI] Solver <ConvHipImplicitGemmGroupFwdXdlops>, workspace required: 45746944, provided ptr: 0x73e86a600000 size: 44360704
MIOpen(HIP): Warning [IsEnoughWorkspace] [GetSolutionsFallback AI] Solver <GemmFwdRest>, workspace required: 310517760, provided ptr: 0x73e86a600000 size: 44360704
[0;36m(APIServer pid=73252)[0;0m [32mINFO[0m [90m10-07 15:25:53[0m [90m[stats.py:902][0m [OmniTiming] req=speech-9db59d087c49b35a-b6018a7d total=7.13s engine=7.13s stages=[0:7.13s]
INFO:     127.0.0.1:34026 - "POST /v1/audio/speech HTTP/1.1" 200 OK
[0;36m(APIServer pid=73252)[0;0m [32mINFO[0m [90m10-07 15:25:53[0m [90m[serving_speech.py:2423][0m Diffusion TTS speech request speech-b6eaeec214f3c0af: voice_clone=False
[0;36m(APIServer pid=73252)[0;0m [32mINFO[0m [90m10-07 15:25:53[0m [90m[serving_speech.py:2471][0m Applied diffusion speech params: seed=42 extra_params={}
[0;36m(APIServer pid=73252)[0;0m [32mINFO[0m [90m10-07 15:25:53[0m [90m[diffusion_engine.py:764][0m [RequestBatch] admission wait done waiting=1 max_batch=8 waited_ms=2.1
MIOpen(HIP): Warning [IsEnoughWorkspace] [GetSolutionsFallback AI] Solver <ConvHipImplicitGemmGroupFwdXdlops>, workspace required: 9372672, provided ptr: 0x73e784400000 size: 2845696
MIOpen(HIP): Warning [IsEnoughWorkspace] [GetSolutionsFallback AI] Solver <ConvAsmImplicitGemmGTCDynamicFwdXdlopsNHWC>, workspace required: 9372672, provided ptr: 0x73e784400000 size: 2845696
MIOpen(HIP): Warning [IsEnoughWorkspace] [GetSolutionsFallback WTI] Solver <ConvAsmImplicitGemmGTCDynamicBwdXdlopsNHWC>, workspace required: 41684992, provided ptr: 0x73e913cc0000 size: 13008896
MIOpen(HIP): Warning [IsEnoughWorkspace] [GetSolutionsFallback WTI] Solver <ConvHipImplicitGemmGroupBwdXdlops>, workspace required: 41684992, provided ptr: 0x73e913cc0000 size: 13008896
MIOpen(HIP): Warning [IsEnoughWorkspace] [GetSolutionsFallback AI] Solver <GemmFwdRest>, workspace required: 45531136, provided ptr: 0x73e86a600000 size: 20348928
MIOpen(HIP): Warning [IsEnoughWorkspace] [GetSolutionsFallback AI] Solver <GemmFwdRest>, workspace required: 113827840, provided ptr: 0x73e86c504000 size: 34357248
MIOpen(HIP): Warning [IsEnoughWorkspace] [GetSolutionsFallback AI] Solver <ConvHipImplicitGemmGroupFwdXdlops>, workspace required: 32784384, provided ptr: 0x73e871200000 size: 32522240
MIOpen(HIP): Warning [IsEnoughWorkspace] [GetSolutionsFallback AI] Solver <GemmFwdRest>, workspace required: 227655680, provided ptr: 0x73e875008000 size: 65503232
MIOpen(HIP): Warning [IsEnoughWorkspace] [GetSolutionsFallback AI] Solver <ConvHipImplicitGemmGroupFwdXdlops>, workspace required: 65110016, provided ptr: 0x73e876f0c000 size: 65044480
MIOpen(HIP): Warning [IsEnoughWorkspace] [GetSolutionsFallback WTI] Solver <ConvAsmImplicitGemmGTCDynamicBwdXdlopsNHWC>, workspace required: 65175552, provided ptr: 0x73e873104000 size: 65044480
MIOpen(HIP): Warning [IsEnoughWorkspace] [GetSolutionsFallback WTI] Solver <ConvHipImplicitGemmGroupBwdXdlops>, workspace required: 65175552, provided ptr: 0x73e873104000 size: 65044480
MIOpen(HIP): Warning [IsEnoughWorkspace] [GetSolutionsFallback AI] Solver <GemmFwdRest>, workspace required: 227655680, provided ptr: 0x73e875008000 size: 65159168
MIOpen(HIP): Warning [IsEnoughWorkspace] [GetSolutionsFallback AI] Solver <ConvHipImplicitGemmGroupFwdXdlops>, workspace required: 65060864, provided ptr: 0x73e876f0c000 size: 65044480
MIOpen(HIP): Warning [IsEnoughWorkspace] [GetSolutionsFallback AI] Solver <GemmFwdRest>, workspace required: 341483520, provided ptr: 0x73e879d92000 size: 97595392
MIOpen(HIP): Warning [IsEnoughWorkspace] [GetSolutionsFallback AI] Solver <ConvHipImplicitGemmGroupFwdXdlops>, workspace required: 97570816, provided ptr: 0x73e87cc18000 size: 97566720
MIOpen(HIP): Warning [IsEnoughWorkspace] [GetSolutionsFallback AI] Solver <ConvHipImplicitGemmGroupFwdXdlops>, workspace required: 50308864, provided ptr: 0x73e86a600000 size: 48784384
MIOpen(HIP): Warning [IsEnoughWorkspace] [GetSolutionsFallback AI] Solver <GemmFwdRest>, workspace required: 341483520, provided ptr: 0x73e86a600000 size: 48784384
MIOpen(HIP): Warning [IsEnoughWorkspace] [GetSolutionsFallback AI] Solver <ConvHipImplicitGemmGroupFwdXdlops>, workspace required: 8599552, provided ptr: 0x73e780cc0000 size: 1763328
MIOpen(HIP): Warning [IsEnoughWorkspace] [GetSolutionsFallback AI] Solver <ConvAsmImplicitGemmGTCDynamicFwdXdlopsNHWC>, workspace required: 8599552, provided ptr: 0x73e780cc0000 size: 1763328
MIOpen(HIP): Warning [IsEnoughWorkspace] [GetSolutionsFallback WTI] Solver <ConvAsmImplicitGemmGTCDynamicBwdXdlopsNHWC>, workspace required: 38592512, provided ptr: 0x73e845c00000 size: 8060928
MIOpen(HIP): Warning [IsEnoughWorkspace] [GetSolutionsFallback WTI] Solver <ConvHipImplicitGemmGroupBwdXdlops>, workspace required: 38592512, provided ptr: 0x73e845c00000 size: 8060928
MIOpen(HIP): Warning [IsEnoughWorkspace] [GetSolutionsFallback AI] Solver <GemmFwdRest>, workspace required: 28213248, provided ptr: 0x73e913cc0000 size: 15400960
MIOpen(HIP): Warning [IsEnoughWorkspace] [GetSolutionsFallback AI] Solver <GemmFwdRest>, workspace required: 70533120, provided ptr: 0x73e86a600000 size: 21987328
MIOpen(HIP): Warning [IsEnoughWorkspace] [GetSolutionsFallback AI] Solver <ConvHipImplicitGemmGroupFwdXdlops>, workspace required: 20414464, provided ptr: 0x73e86af9c000 size: 20152320
MIOpen(HIP): Warning [IsEnoughWorkspace] [GetSolutionsFallback AI] Solver <GemmFwdRest>, workspace required: 141066240, provided ptr: 0x73e871200000 size: 40763392
MIOpen(HIP): Warning [IsEnoughWorkspace] [GetSolutionsFallback AI] Solver <ConvHipImplicitGemmGroupFwdXdlops>, workspace required: 40370176, provided ptr: 0x73e872538000 size: 40304640
MIOpen(HIP): Warning [IsEnoughWorkspace] [GetSolutionsFallback WTI] Solver <ConvAsmImplicitGemmGTCDynamicBwdXdlopsNHWC>, workspace required: 40435712, provided ptr: 0x73e871200000 size: 40304640
MIOpen(HIP): Warning [IsEnoughWorkspace] [GetSolutionsFallback WTI] Solver <ConvHipImplicitGemmGroupBwdXdlops>, workspace required: 40435712, provided ptr: 0x73e871200000 size: 40304640
MIOpen(HIP): Warning [IsEnoughWorkspace] [GetSolutionsFallback AI] Solver <GemmFwdRest>, workspace required: 141066240, provided ptr: 0x73e871200000 size: 40419328
MIOpen(HIP): Warning [IsEnoughWorkspace] [GetSolutionsFallback AI] Solver <ConvHipImplicitGemmGroupFwdXdlops>, workspace required: 40321024, provided ptr: 0x73e872538000 size: 40304640
MIOpen(HIP): Warning [IsEnoughWorkspace] [GetSolutionsFallback AI] Solver <GemmFwdRest>, workspace required: 211599360, provided ptr: 0x73e874ba8000 size: 60485632
MIOpen(HIP): Warning [IsEnoughWorkspace] [GetSolutionsFallback AI] Solver <ConvHipImplicitGemmGroupFwdXdlops>, workspace required: 60461056, provided ptr: 0x73e87687c000 size: 60456960
MIOpen(HIP): Warning [IsEnoughWorkspace] [GetSolutionsFallback AI] Solver <ConvHipImplicitGemmGroupFwdXdlops>, workspace required: 31174144, provided ptr: 0x73e86c2d4000 size: 30229504
MIOpen(HIP): Warning [IsEnoughWorkspace] [GetSolutionsFallback AI] Solver <GemmFwdRest>, workspace required: 211599360, provided ptr: 0x73e86c2d4000 size: 30229504
MIOpen(HIP): Warning [IsEnoughWorkspace] [GetSolutionsFallback AI] Solver <ConvHipImplicitGemmGroupFwdXdlops>, workspace required: 8026112, provided ptr: 0x73e7e9e00000 size: 960512
MIOpen(HIP): Warning [IsEnoughWorkspace] [GetSolutionsFallback AI] Solver <ConvAsmImplicitGemmGTCDynamicFwdXdlopsNHWC>, workspace required: 8026112, provided ptr: 0x73e7e9e00000 size: 960512
MIOpen(HIP): Warning [IsEnoughWorkspace] [GetSolutionsFallback WTI] Solver <ConvAsmImplicitGemmGTCDynamicBwdXdlopsNHWC>, workspace required: 36298752, provided ptr: 0x73e784400000 size: 4390912
MIOpen(HIP): Warning [IsEnoughWorkspace] [GetSolutionsFallback WTI] Solver <ConvHipImplicitGemmGroupBwdXdlops>, workspace required: 36298752, provided ptr: 0x73e784400000 size: 4390912
MIOpen(HIP): Warning [IsEnoughWorkspace] [GetSolutionsFallback AI] Solver <GemmFwdRest>, workspace required: 15368192, provided ptr: 0x73e845c00000 size: 11730944
MIOpen(HIP): Warning [IsEnoughWorkspace] [GetSolutionsFallback WTI] Solver <ConvAsmImplicitGemmGTCDynamicBwdXdlopsNHWC>, workspace required: 12926976, provided ptr: 0x73e913cc0000 size: 10977280
MIOpen(HIP): Warning [IsEnoughWorkspace] [GetSolutionsFallback WTI] Solver <ConvHipImplicitGemmGroupBwdXdlops>, workspace required: 12926976, provided ptr: 0x73e913cc0000 size: 10977280
MIOpen(HIP): Warning [IsEnoughWorkspace] [GetSolutionsFallback AI] Solver <GemmFwdRest>, workspace required: 38420480, provided ptr: 0x73e9141fc000 size: 12812288
MIOpen(HIP): Warning [IsEnoughWorkspace] [GetSolutionsFallback AI] Solver <ConvHipImplicitGemmGroupFwdXdlops>, workspace required: 11239424, provided ptr: 0x73e914738000 size: 10977280
MIOpen(HIP): Warning [IsEnoughWorkspace] [GetSolutionsFallback AI] Solver <GemmFwdRest>, workspace required: 76840960, provided ptr: 0x73e86b078000 size: 22413312
MIOpen(HIP): Warning [IsEnoughWorkspace] [GetSolutionsFallback AI] Solver <ConvHipImplicitGemmGroupFwdXdlops>, workspace required: 22020096, provided ptr: 0x73e86baf0000 size: 21954560
MIOpen(HIP): Warning [IsEnoughWorkspace] [GetSolutionsFallback WTI] Solver <ConvAsmImplicitGemmGTCDynamicBwdXdlopsNHWC>, workspace required: 22085632, provided ptr: 0x73e86b078000 size: 21954560
MIOpen(HIP): Warning [IsEnoughWorkspace] [GetSolutionsFallback WTI] Solver <ConvHipImplicitGemmGroupBwdXdlops>, workspace required: 22085632, provided ptr: 0x73e86b078000 size: 21954560
MIOpen(HIP): Warning [IsEnoughWorkspace] [GetSolutionsFallback AI] Solver <GemmFwdRest>, workspace required: 76840960, provided ptr: 0x73e86b078000 size: 22069248
MIOpen(HIP): Warning [IsEnoughWorkspace] [GetSolutionsFallback AI] Solver <ConvHipImplicitGemmGroupFwdXdlops>, workspace required: 21970944, provided ptr: 0x73e86baf0000 size: 21954560
MIOpen(HIP): Warning [IsEnoughWorkspace] [GetSolutionsFallback AI] Solver <GemmFwdRest>, workspace required: 115261440, provided ptr: 0x73e871200000 size: 32960512
MIOpen(HIP): Warning [IsEnoughWorkspace] [GetSolutionsFallback AI] Solver <ConvHipImplicitGemmGroupFwdXdlops>, workspace required: 32935936, provided ptr: 0x73e871200000 size: 32931840
MIOpen(HIP): Warning [IsEnoughWorkspace] [GetSolutionsFallback AI] Solver <ConvHipImplicitGemmGroupFwdXdlops>, workspace required: 16981504, provided ptr: 0x73e913cc0000 size: 16466944
MIOpen(HIP): Warning [IsEnoughWorkspace] [GetSolutionsFallback AI] Solver <GemmFwdRest>, workspace required: 115261440, provided ptr: 0x73e913cc0000 size: 16466944
MIOpen(HIP): Warning [IsEnoughWorkspace] [GetSolutionsFallback AI] Solver <ConvHipImplicitGemmGroupFwdXdlops>, workspace required: 8579072, provided ptr: 0x73e780cc0000 size: 1734656
MIOpen(HIP): Warning [IsEnoughWorkspace] [GetSolutionsFallback AI] Solver <ConvAsmImplicitGemmGTCDynamicFwdXdlopsNHWC>, workspace required: 8579072, provided ptr: 0x73e780cc0000 size: 1734656
MIOpen(HIP): Warning [IsEnoughWorkspace] [GetSolutionsFallback WTI] Solver <ConvAsmImplicitGemmGTCDynamicBwdXdlopsNHWC>, workspace required: 38510592, provided ptr: 0x73e845c00000 size: 7929856
MIOpen(HIP): Warning [IsEnoughWorkspace] [GetSolutionsFallback WTI] Solver <ConvHipImplicitGemmGroupBwdXdlops>, workspace required: 38510592, provided ptr: 0x73e845c00000 size: 7929856
MIOpen(HIP): Warning [IsEnoughWorkspace] [GetSolutionsFallback AI] Solver <GemmFwdRest>, workspace required: 27754496, provided ptr: 0x73e913cc0000 size: 15269888
MIOpen(HIP): Warning [IsEnoughWorkspace] [GetSolutionsFallback AI] Solver <GemmFwdRest>, workspace required: 69386240, provided ptr: 0x73e86a600000 size: 21659648
MIOpen(HIP): Warning [IsEnoughWorkspace] [GetSolutionsFallback AI] Solver <ConvHipImplicitGemmGroupFwdXdlops>, workspace required: 20086784, provided ptr: 0x73e86af74000 size: 19824640
MIOpen(HIP): Warning [IsEnoughWorkspace] [GetSolutionsFallback AI] Solver <GemmFwdRest>, workspace required: 138772480, provided ptr: 0x73e871200000 size: 40108032
MIOpen(HIP): Warning [IsEnoughWorkspace] [GetSolutionsFallback AI] Solver <ConvHipImplicitGemmGroupFwdXdlops>, workspace required: 39714816, provided ptr: 0x73e871200000 size: 39649280
MIOpen(HIP): Warning [IsEnoughWorkspace] [GetSolutionsFallback WTI] Solver <ConvAsmImplicitGemmGTCDynamicBwdXdlopsNHWC>, workspace required: 39780352, provided ptr: 0x73e86cbd0000 size: 39649280
MIOpen(HIP): Warning [IsEnoughWorkspace] [GetSolutionsFallback WTI] Solver <ConvHipImplicitGemmGroupBwdXdlops>, workspace required: 39780352, provided ptr: 0x73e86cbd0000 size: 39649280
MIOpen(HIP): Warning [IsEnoughWorkspace] [GetSolutionsFallback AI] Solver <GemmFwdRest>, workspace required: 138772480, provided ptr: 0x73e871200000 size: 39763968
MIOpen(HIP): Warning [IsEnoughWorkspace] [GetSolutionsFallback AI] Solver <ConvHipImplicitGemmGroupFwdXdlops>, workspace required: 39665664, provided ptr: 0x73e871200000 size: 39649280
MIOpen(HIP): Warning [IsEnoughWorkspace] [GetSolutionsFallback AI] Solver <GemmFwdRest>, workspace required: 208158720, provided ptr: 0x73e872e5c000 size: 59502592
MIOpen(HIP): Warning [IsEnoughWorkspace] [GetSolutionsFallback AI] Solver <ConvHipImplicitGemmGroupFwdXdlops>, workspace required: 59478016, provided ptr: 0x73e874ab8000 size: 59473920
MIOpen(HIP): Warning [IsEnoughWorkspace] [GetSolutionsFallback AI] Solver <ConvHipImplicitGemmGroupFwdXdlops>, workspace required: 30667264, provided ptr: 0x73e86c25c000 size: 29737984
MIOpen(HIP): Warning [IsEnoughWorkspace] [GetSolutionsFallback AI] Solver <GemmFwdRest>, workspace required: 208158720, provided ptr: 0x73e86c25c000 size: 29737984
MIOpen(HIP): Warning [IsEnoughWorkspace] [GetSolutionsFallback AI] Solver <ConvHipImplicitGemmGroupFwdXdlops>, workspace required: 8148992, provided ptr: 0x73e781c80000 size: 1132544
MIOpen(HIP): Warning [IsEnoughWorkspace] [GetSolutionsFallback AI] Solver <ConvAsmImplicitGemmGTCDynamicFwdXdlopsNHWC>, workspace required: 8148992, provided ptr: 0x73e781c80000 size: 1132544
MIOpen(HIP): Warning [IsEnoughWorkspace] [GetSolutionsFallback WTI] Solver <ConvAsmImplicitGemmGTCDynamicBwdXdlopsNHWC>, workspace required: 36790272, provided ptr: 0x73e784400000 size: 5177344
MIOpen(HIP): Warning [IsEnoughWorkspace] [GetSolutionsFallback WTI] Solver <ConvHipImplicitGemmGroupBwdXdlops>, workspace required: 36790272, provided ptr: 0x73e784400000 size: 5177344
MIOpen(HIP): Warning [IsEnoughWorkspace] [GetSolutionsFallback AI] Solver <GemmFwdRest>, workspace required: 18120704, provided ptr: 0x73e845c00000 size: 12517376
MIOpen(HIP): Warning [IsEnoughWorkspace] [GetSolutionsFallback WTI] Solver <ConvAsmImplicitGemmGTCDynamicBwdXdlopsNHWC>, workspace required: 14303232, provided ptr: 0x73e913cc0000 size: 12943360
MIOpen(HIP): Warning [IsEnoughWorkspace] [GetSolutionsFallback WTI] Solver <ConvHipImplicitGemmGroupBwdXdlops>, workspace required: 14303232, provided ptr: 0x73e913cc0000 size: 12943360
MIOpen(HIP): Warning [IsEnoughWorkspace] [GetSolutionsFallback AI] Solver <GemmFwdRest>, workspace required: 45301760, provided ptr: 0x73e9142ec000 size: 14778368
MIOpen(HIP): Warning [IsEnoughWorkspace] [GetSolutionsFallback AI] Solver <ConvHipImplicitGemmGroupFwdXdlops>, workspace required: 13205504, provided ptr: 0x73e86a600000 size: 12943360
MIOpen(HIP): Warning [IsEnoughWorkspace] [GetSolutionsFallback AI] Solver <GemmFwdRest>, workspace required: 90603520, provided ptr: 0x73e86beb0000 size: 26345472
MIOpen(HIP): Warning [IsEnoughWorkspace] [GetSolutionsFallback AI] Solver <ConvHipImplicitGemmGroupFwdXdlops>, workspace required: 25952256, provided ptr: 0x73e86cb08000 size: 25886720
MIOpen(HIP): Warning [IsEnoughWorkspace] [GetSolutionsFallback WTI] Solver <ConvAsmImplicitGemmGTCDynamicBwdXdlopsNHWC>, workspace required: 26017792, provided ptr: 0x73e86b258000 size: 25886720
MIOpen(HIP): Warning [IsEnoughWorkspace] [GetSolutionsFallback WTI] Solver <ConvHipImplicitGemmGroupBwdXdlops>, workspace required: 26017792, provided ptr: 0x73e86b258000 size: 25886720
MIOpen(HIP): Warning [IsEnoughWorkspace] [GetSolutionsFallback AI] Solver <GemmFwdRest>, workspace required: 90603520, provided ptr: 0x73e86beb0000 size: 26001408
MIOpen(HIP): Warning [IsEnoughWorkspace] [GetSolutionsFallback AI] Solver <ConvHipImplicitGemmGroupFwdXdlops>, workspace required: 25903104, provided ptr: 0x73e86cb08000 size: 25886720
MIOpen(HIP): Warning [IsEnoughWorkspace] [GetSolutionsFallback AI] Solver <GemmFwdRest>, workspace required: 135905280, provided ptr: 0x73e871200000 size: 38858752
MIOpen(HIP): Warning [IsEnoughWorkspace] [GetSolutionsFallback AI] Solver <ConvHipImplicitGemmGroupFwdXdlops>, workspace required: 38834176, provided ptr: 0x73e872484000 size: 38830080
MIOpen(HIP): Warning [IsEnoughWorkspace] [GetSolutionsFallback AI] Solver <ConvHipImplicitGemmGroupFwdXdlops>, workspace required: 20022784, provided ptr: 0x73e86a600000 size: 19416064
MIOpen(HIP): Warning [IsEnoughWorkspace] [GetSolutionsFallback AI] Solver <GemmFwdRest>, workspace required: 135905280, provided ptr: 0x73e86a600000 size: 19416064
MIOpen(HIP): Warning [IsEnoughWorkspace] [GetSolutionsFallback AI] Solver <ConvAsmImplicitGemmGTCDynamicFwdXdlopsNHWC>, workspace required: 9449472, provided ptr: 0x73e784400000 size: 2953216
MIOpen(HIP): Warning [IsEnoughWorkspace] [GetSolutionsFallback AI] Solver <ConvHipImplicitGemmGroupFwdXdlops>, workspace required: 9449472, provided ptr: 0x73e784400000 size: 2953216
MIOpen(HIP): Warning [IsEnoughWorkspace] [GetSolutionsFallback WTI] Solver <ConvAsmImplicitGemmGTCDynamicBwdXdlopsNHWC>, workspace required: 41992192, provided ptr: 0x73e913cc0000 size: 13500416
MIOpen(HIP): Warning [IsEnoughWorkspace] [GetSolutionsFallback WTI] Solver <ConvHipImplicitGemmGroupBwdXdlops>, workspace required: 41992192, provided ptr: 0x73e913cc0000 size: 13500416
MIOpen(HIP): Warning [IsEnoughWorkspace] [GetSolutionsFallback AI] Solver <GemmFwdRest>, workspace required: 47251456, provided ptr: 0x73e86a600000 size: 20840448
MIOpen(HIP): Warning [IsEnoughWorkspace] [GetSolutionsFallback AI] Solver <GemmFwdRest>, workspace required: 118128640, provided ptr: 0x73e86c630000 size: 35586048
MIOpen(HIP): Warning [IsEnoughWorkspace] [GetSolutionsFallback AI] Solver <ConvHipImplicitGemmGroupFwdXdlops>, workspace required: 34013184, provided ptr: 0x73e871200000 size: 33751040
MIOpen(HIP): Warning [IsEnoughWorkspace] [GetSolutionsFallback AI] Solver <GemmFwdRest>, workspace required: 236257280, provided ptr: 0x73e875260000 size: 67960832
MIOpen(HIP): Warning [IsEnoughWorkspace] [GetSolutionsFallback AI] Solver <ConvHipImplicitGemmGroupFwdXdlops>, workspace required: 67567616, provided ptr: 0x73e877290000 size: 67502080
MIOpen(HIP): Warning [IsEnoughWorkspace] [GetSolutionsFallback WTI] Solver <ConvAsmImplicitGemmGTCDynamicBwdXdlopsNHWC>, workspace required: 67633152, provided ptr: 0x73e873230000 size: 67502080
MIOpen(HIP): Warning [IsEnoughWorkspace] [GetSolutionsFallback WTI] Solver <ConvHipImplicitGemmGroupBwdXdlops>, workspace required: 67633152, provided ptr: 0x73e873230000 size: 67502080
MIOpen(HIP): Warning [IsEnoughWorkspace] [GetSolutionsFallback AI] Solver <GemmFwdRest>, workspace required: 236257280, provided ptr: 0x73e875260000 size: 67616768
MIOpen(HIP): Warning [IsEnoughWorkspace] [GetSolutionsFallback AI] Solver <ConvHipImplicitGemmGroupFwdXdlops>, workspace required: 67518464, provided ptr: 0x73e877290000 size: 67502080
MIOpen(HIP): Warning [IsEnoughWorkspace] [GetSolutionsFallback AI] Solver <GemmFwdRest>, workspace required: 354385920, provided ptr: 0x73e87a2d8000 size: 101281792
MIOpen(HIP): Warning [IsEnoughWorkspace] [GetSolutionsFallback AI] Solver <ConvHipImplicitGemmGroupFwdXdlops>, workspace required: 101257216, provided ptr: 0x73e87d320000 size: 101253120
MIOpen(HIP): Warning [IsEnoughWorkspace] [GetSolutionsFallback AI] Solver <ConvHipImplicitGemmGroupFwdXdlops>, workspace required: 52209664, provided ptr: 0x73e86a600000 size: 50627584
MIOpen(HIP): Warning [IsEnoughWorkspace] [GetSolutionsFallback AI] Solver <GemmFwdRest>, workspace required: 354385920, provided ptr: 0x73e86a600000 size: 50627584
MIOpen(HIP): Warning [IsEnoughWorkspace] [GetSolutionsFallback AI] Solver <ConvAsmImplicitGemmGTCDynamicFwdXdlopsNHWC>, workspace required: 7585792, provided ptr: 0x73e8a1b3a000 size: 344064
MIOpen(HIP): Warning [IsEnoughWorkspace] [GetSolutionsFallback AI] Solver <ConvHipImplicitGemmGroupFwdXdlops>, workspace required: 7585792, provided ptr: 0x73e8a1b3a000 size: 344064
MIOpen(HIP): Warning [IsEnoughWorkspace] [GetSolutionsFallback WTI] Solver <ConvAsmImplicitGemmGTCDynamicBwdXdlopsNHWC>, workspace required: 34537472, provided ptr: 0x73e781c80000 size: 1572864
MIOpen(HIP): Warning [IsEnoughWorkspace] [GetSolutionsFallback WTI] Solver <ConvHipImplicitGemmGroupBwdXdlops>, workspace required: 34537472, provided ptr: 0x73e781c80000 size: 1572864
MIOpen(HIP): Warning [IsEnoughWorkspace] [GetSolutionsFallback AI] Solver <ConvAsmImplicitGemmGTCDynamicFwdXdlopsNHWC>, workspace required: 8912896, provided ptr: 0x73e845c00000 size: 5505024
MIOpen(HIP): Warning [IsEnoughWorkspace] [GetSolutionsFallback AI] Solver <ConvHipImplicitGemmGroupFwdXdlops>, workspace required: 8912896, provided ptr: 0x73e845c00000 size: 5505024
MIOpen(HIP): Warning [IsEnoughWorkspace] [GetSolutionsFallback AI] Solver <ConvHipImplicitGemmGroupFwdXdlops>, workspace required: 2621440, provided ptr: 0 size: 0
MIOpen(HIP): Warning [IsEnoughWorkspace] [GetSolutionsFallback AI] Solver <ConvAsmImplicitGemmGTCDynamicFwdXdlopsNHWC>, workspace required: 1572864, provided ptr: 0 size: 0
MIOpen(HIP): Warning [IsEnoughWorkspace] [GetSolutionsFallback WTI] Solver <ConvAsmImplicitGemmGTCDynamicFwdXdlopsNHWC>, workspace required: 8912896, provided ptr: 0x73e845c00000 size: 5505024
MIOpen(HIP): Warning [IsEnoughWorkspace] [GetSolutionsFallback WTI] Solver <ConvHipImplicitGemmGroupFwdXdlops>, workspace required: 8912896, provided ptr: 0x73e845c00000 size: 5505024
MIOpen(HIP): Warning [IsEnoughWorkspace] [GetSolutionsFallback WTI] Solver <ConvAsmImplicitGemmGTCDynamicFwdXdlopsNHWC>, workspace required: 8912896, provided ptr: 0x73e845c00000 size: 5505024
MIOpen(HIP): Warning [IsEnoughWorkspace] [GetSolutionsFallback WTI] Solver <ConvHipImplicitGemmGroupFwdXdlops>, workspace required: 8912896, provided ptr: 0x73e845c00000 size: 5505024
MIOpen(HIP): Warning [IsEnoughWorkspace] [GetSolutionsFallback WTI] Solver <ConvAsmImplicitGemmGTCDynamicBwdXdlopsNHWC>, workspace required: 7995392, provided ptr: 0x73e784400000 size: 3932160
MIOpen(HIP): Warning [IsEnoughWorkspace] [GetSolutionsFallback WTI] Solver <ConvHipImplicitGemmGroupBwdXdlops>, workspace required: 7995392, provided ptr: 0x73e784400000 size: 3932160
MIOpen(HIP): Warning [IsEnoughWorkspace] [GetSolutionsFallback AI] Solver <GemmFwdRest>, workspace required: 13762560, provided ptr: 0x73e845c00000 size: 5767168
MIOpen(HIP): Warning [IsEnoughWorkspace] [GetSolutionsFallback AI] Solver <ConvAsmImplicitGemmGTCDynamicFwdXdlopsNHWC>, workspace required: 8323072, provided ptr: 0 size: 0
MIOpen(HIP): Warning [IsEnoughWorkspace] [GetSolutionsFallback AI] Solver <ConvHipImplicitGemmGroupFwdXdlops>, workspace required: 8323072, provided ptr: 0 size: 0
MIOpen(HIP): Warning [IsEnoughWorkspace] [GetSolutionsFallback AI] Solver <GemmFwdRest>, workspace required: 27525120, provided ptr: 0 size: 0
MIOpen(HIP): Warning [IsEnoughWorkspace] [GetSolutionsFallback AI] Solver <ConvAsmImplicitGemmGTCDynamicFwdXdlopsNHWC>, workspace required: 7864320, provided ptr: 0 size: 0
MIOpen(HIP): Warning [IsEnoughWorkspace] [GetSolutionsFallback AI] Solver <ConvHipImplicitGemmGroupFwdXdlops>, workspace required: 7929856, provided ptr: 0 size: 0
MIOpen(HIP): Warning [IsEnoughWorkspace] [GetSolutionsFallback WTI] Solver <ConvAsmImplicitGemmGTCDynamicBwdXdlopsNHWC>, workspace required: 7995392, provided ptr: 0x73e913cc0000 size: 7864320
MIOpen(HIP): Warning [IsEnoughWorkspace] [GetSolutionsFallback WTI] Solver <ConvHipImplicitGemmGroupBwdXdlops>, workspace required: 7995392, provided ptr: 0x73e913cc0000 size: 7864320
MIOpen(HIP): Warning [IsEnoughWorkspace] [GetSolutionsFallback AI] Solver <GemmFwdRest>, workspace required: 27525120, provided ptr: 0x73e913cc0000 size: 7979008
MIOpen(HIP): Warning [IsEnoughWorkspace] [GetSolutionsFallback AI] Solver <ConvHipImplicitGemmGroupFwdXdlops>, workspace required: 7880704, provided ptr: 0x73e914080000 size: 7864320
MIOpen(HIP): Warning [IsEnoughWorkspace] [GetSolutionsFallback AI] Solver <GemmFwdRest>, workspace required: 41287680, provided ptr: 0x73e86a600000 size: 11825152
MIOpen(HIP): Warning [IsEnoughWorkspace] [GetSolutionsFallback AI] Solver <ConvHipImplicitGemmGroupFwdXdlops>, workspace required: 11800576, provided ptr: 0x73e86a600000 size: 11796480
MIOpen(HIP): Warning [IsEnoughWorkspace] [GetSolutionsFallback AI] Solver <ConvHipImplicitGemmGroupFwdXdlops>, workspace required: 6083584, provided ptr: 0x73e8461a0000 size: 5899264
MIOpen(HIP): Warning [IsEnoughWorkspace] [GetSolutionsFallback AI] Solver <GemmFwdRest>, workspace required: 41287680, provided ptr: 0x73e8461a0000 size: 5899264
MIOpen(HIP): Warning [IsEnoughWorkspace] [GetSolutionsFallback AI] Solver <ConvHipImplicitGemmGroupFwdXdlops>, workspace required: 8466432, provided ptr: 0x73e780cc0000 size: 1576960
MIOpen(HIP): Warning [IsEnoughWorkspace] [GetSolutionsFallback AI] Solver <ConvAsmImplicitGemmGTCDynamicFwdXdlopsNHWC>, workspace required: 8466432, provided ptr: 0x73e780cc0000 size: 1576960
MIOpen(HIP): Warning [IsEnoughWorkspace] [GetSolutionsFallback WTI] Solver <ConvAsmImplicitGemmGTCDynamicBwdXdlopsNHWC>, workspace required: 38060032, provided ptr: 0x73e845c00000 size: 7208960
MIOpen(HIP): Warning [IsEnoughWorkspace] [GetSolutionsFallback WTI] Solver <ConvHipImplicitGemmGroupBwdXdlops>, workspace required: 38060032, provided ptr: 0x73e845c00000 size: 7208960
MIOpen(HIP): Warning [IsEnoughWorkspace] [GetSolutionsFallback AI] Solver <GemmFwdRest>, workspace required: 25231360, provided ptr: 0x73e913cc0000 size: 14548992
MIOpen(HIP): Warning [IsEnoughWorkspace] [GetSolutionsFallback AI] Solver <GemmFwdRest>, workspace required: 63078400, provided ptr: 0x73e86ae98000 size: 19857408
MIOpen(HIP): Warning [IsEnoughWorkspace] [GetSolutionsFallback AI] Solver <ConvHipImplicitGemmGroupFwdXdlops>, workspace required: 18284544, provided ptr: 0x73e86b730000 size: 18022400
MIOpen(HIP): Warning [IsEnoughWorkspace] [GetSolutionsFallback AI] Solver <GemmFwdRest>, workspace required: 126156800, provided ptr: 0x73e871200000 size: 36503552
MIOpen(HIP): Warning [IsEnoughWorkspace] [GetSolutionsFallback AI] Solver <ConvHipImplicitGemmGroupFwdXdlops>, workspace required: 36110336, provided ptr: 0x73e871200000 size: 36044800
MIOpen(HIP): Warning [IsEnoughWorkspace] [GetSolutionsFallback WTI] Solver <ConvAsmImplicitGemmGTCDynamicBwdXdlopsNHWC>, workspace required: 36175872, provided ptr: 0x73e871200000 size: 36044800
MIOpen(HIP): Warning [IsEnoughWorkspace] [GetSolutionsFallback WTI] Solver <ConvHipImplicitGemmGroupBwdXdlops>, workspace required: 36175872, provided ptr: 0x73e871200000 size: 36044800
MIOpen(HIP): Warning [IsEnoughWorkspace] [GetSolutionsFallback AI] Solver <GemmFwdRest>, workspace required: 126156800, provided ptr: 0x73e871200000 size: 36159488
MIOpen(HIP): Warning [IsEnoughWorkspace] [GetSolutionsFallback AI] Solver <ConvHipImplicitGemmGroupFwdXdlops>, workspace required: 36061184, provided ptr: 0x73e872330000 size: 36044800
MIOpen(HIP): Warning [IsEnoughWorkspace] [GetSolutionsFallback AI] Solver <GemmFwdRest>, workspace required: 189235200, provided ptr: 0x73e872bc8000 size: 54095872
MIOpen(HIP): Warning [IsEnoughWorkspace] [GetSolutionsFallback AI] Solver <ConvHipImplicitGemmGroupFwdXdlops>, workspace required: 54071296, provided ptr: 0x73e874590000 size: 54067200
MIOpen(HIP): Warning [IsEnoughWorkspace] [GetSolutionsFallback AI] Solver <ConvHipImplicitGemmGroupFwdXdlops>, workspace required: 27879424, provided ptr: 0x73e86bfc8000 size: 27034624
MIOpen(HIP): Warning [IsEnoughWorkspace] [GetSolutionsFallback AI] Solver <GemmFwdRest>, workspace required: 189235200, provided ptr: 0x73e86bfc8000 size: 27034624
MIOpen(HIP): Warning [IsEnoughWorkspace] [GetSolutionsFallback AI] Solver <ConvHipImplicitGemmGroupFwdXdlops>, workspace required: 9019392, provided ptr: 0x73e780cc0000 size: 2351104
MIOpen(HIP): Warning [IsEnoughWorkspace] [GetSolutionsFallback AI] Solver <ConvAsmImplicitGemmGTCDynamicFwdXdlopsNHWC>, workspace required: 9019392, provided ptr: 0x73e780cc0000 size: 2351104
MIOpen(HIP): Warning [IsEnoughWorkspace] [GetSolutionsFallback WTI] Solver <ConvAsmImplicitGemmGTCDynamicBwdXdlopsNHWC>, workspace required: 40271872, provided ptr: 0x73e913cc0000 size: 10747904
MIOpen(HIP): Warning [IsEnoughWorkspace] [GetSolutionsFallback WTI] Solver <ConvHipImplicitGemmGroupBwdXdlops>, workspace required: 40271872, provided ptr: 0x73e913cc0000 size: 10747904
MIOpen(HIP): Warning [IsEnoughWorkspace] [GetSolutionsFallback AI] Solver <GemmFwdRest>, workspace required: 37617664, provided ptr: 0x73e86a600000 size: 18087936
MIOpen(HIP): Warning [IsEnoughWorkspace] [GetSolutionsFallback AI] Solver <GemmFwdRest>, workspace required: 94044160, provided ptr: 0x73e86b2d0000 size: 28704768
MIOpen(HIP): Warning [IsEnoughWorkspace] [GetSolutionsFallback AI] Solver <ConvHipImplicitGemmGroupFwdXdlops>, workspace required: 27131904, provided ptr: 0x73e86bfa0000 size: 26869760
MIOpen(HIP): Warning [IsEnoughWorkspace] [GetSolutionsFallback AI] Solver <GemmFwdRest>, workspace required: 188088320, provided ptr: 0x73e872ba0000 size: 54198272
MIOpen(HIP): Warning [IsEnoughWorkspace] [GetSolutionsFallback AI] Solver <ConvHipImplicitGemmGroupFwdXdlops>, workspace required: 53805056, provided ptr: 0x73e874540000 size: 53739520
MIOpen(HIP): Warning [IsEnoughWorkspace] [GetSolutionsFallback WTI] Solver <ConvAsmImplicitGemmGTCDynamicBwdXdlopsNHWC>, workspace required: 53870592, provided ptr: 0x73e872ba0000 size: 53739520
MIOpen(HIP): Warning [IsEnoughWorkspace] [GetSolutionsFallback WTI] Solver <ConvHipImplicitGemmGroupBwdXdlops>, workspace required: 53870592, provided ptr: 0x73e872ba0000 size: 53739520
MIOpen(HIP): Warning [IsEnoughWorkspace] [GetSolutionsFallback AI] Solver <GemmFwdRest>, workspace required: 188088320, provided ptr: 0x73e874540000 size: 53854208
MIOpen(HIP): Warning [IsEnoughWorkspace] [GetSolutionsFallback AI] Solver <ConvHipImplicitGemmGroupFwdXdlops>, workspace required: 53755904, provided ptr: 0x73e875ee0000 size: 53739520
MIOpen(HIP): Warning [IsEnoughWorkspace] [GetSolutionsFallback AI] Solver <GemmFwdRest>, workspace required: 282132480, provided ptr: 0x73e875ee0000 size: 80637952
MIOpen(HIP): Warning [IsEnoughWorkspace] [GetSolutionsFallback AI] Solver <ConvHipImplicitGemmGroupFwdXdlops>, workspace required: 80613376, provided ptr: 0x73e878550000 size: 80609280
MIOpen(HIP): Warning [IsEnoughWorkspace] [GetSolutionsFallback AI] Solver <ConvHipImplicitGemmGroupFwdXdlops>, workspace required: 41565184, provided ptr: 0x73e86a600000 size: 40305664
MIOpen(HIP): Warning [IsEnoughWorkspace] [GetSolutionsFallback AI] Solver <GemmFwdRest>, workspace required: 282132480, provided ptr: 0x73e86a600000 size: 40305664
MIOpen(HIP): Warning [IsEnoughWorkspace] [GetSolutionsFallback AI] Solver <ConvHipImplicitGemmGroupFwdXdlops>, workspace required: 7841792, provided ptr: 0x73e7e9e00000 size: 702464
MIOpen(HIP): Warning [IsEnoughWorkspace] [GetSolutionsFallback AI] Solver <ConvAsmImplicitGemmGTCDynamicFwdXdlopsNHWC>, workspace required: 7841792, provided ptr: 0x73e7e9e00000 size: 702464
MIOpen(HIP): Warning [IsEnoughWorkspace] [GetSolutionsFallback WTI] Solver <ConvAsmImplicitGemmGTCDynamicBwdXdlopsNHWC>, workspace required: 35561472, provided ptr: 0x73e784400000 size: 3211264
MIOpen(HIP): Warning [IsEnoughWorkspace] [GetSolutionsFallback WTI] Solver <ConvHipImplicitGemmGroupBwdXdlops>, workspace required: 35561472, provided ptr: 0x73e784400000 size: 3211264
MIOpen(HIP): Warning [IsEnoughWorkspace] [GetSolutionsFallback WTI] Solver <ConvAsmImplicitGemmGTCDynamicBwdXdlopsNHWC>, workspace required: 10862592, provided ptr: 0x73e845c00000 size: 8028160
MIOpen(HIP): Warning [IsEnoughWorkspace] [GetSolutionsFallback WTI] Solver <ConvHipImplicitGemmGroupBwdXdlops>, workspace required: 10862592, provided ptr: 0x73e845c00000 size: 8028160
MIOpen(HIP): Warning [IsEnoughWorkspace] [GetSolutionsFallback AI] Solver <GemmFwdRest>, workspace required: 28098560, provided ptr: 0x73e913cc0000 size: 9863168
MIOpen(HIP): Warning [IsEnoughWorkspace] [GetSolutionsFallback AI] Solver <ConvHipImplicitGemmGroupFwdXdlops>, workspace required: 8290304, provided ptr: 0x73e913cc0000 size: 8028160
MIOpen(HIP): Warning [IsEnoughWorkspace] [GetSolutionsFallback AI] Solver <GemmFwdRest>, workspace required: 56197120, provided ptr: 0x73e86a600000 size: 16515072
MIOpen(HIP): Warning [IsEnoughWorkspace] [GetSolutionsFallback AI] Solver <ConvHipImplicitGemmGroupFwdXdlops>, workspace required: 16121856, provided ptr: 0x73e86ada8000 size: 16056320
MIOpen(HIP): Warning [IsEnoughWorkspace] [GetSolutionsFallback WTI] Solver <ConvAsmImplicitGemmGTCDynamicBwdXdlopsNHWC>, workspace required: 16187392, provided ptr: 0x73e86a600000 size: 16056320
MIOpen(HIP): Warning [IsEnoughWorkspace] [GetSolutionsFallback WTI] Solver <ConvHipImplicitGemmGroupBwdXdlops>, workspace required: 16187392, provided ptr: 0x73e86a600000 size: 16056320
MIOpen(HIP): Warning [IsEnoughWorkspace] [GetSolutionsFallback AI] Solver <GemmFwdRest>, workspace required: 56197120, provided ptr: 0x73e86ada8000 size: 16171008
MIOpen(HIP): Warning [IsEnoughWorkspace] [GetSolutionsFallback AI] Solver <ConvHipImplicitGemmGroupFwdXdlops>, workspace required: 16072704, provided ptr: 0x73e86b550000 size: 16056320
MIOpen(HIP): Warning [IsEnoughWorkspace] [GetSolutionsFallback AI] Solver <GemmFwdRest>, workspace required: 84295680, provided ptr: 0x73e86b924000 size: 24113152
MIOpen(HIP): Warning [IsEnoughWorkspace] [GetSolutionsFallback AI] Solver <ConvHipImplicitGemmGroupFwdXdlops>, workspace required: 24088576, provided ptr: 0x73e86c4a0000 size: 24084480
MIOpen(HIP): Warning [IsEnoughWorkspace] [GetSolutionsFallback AI] Solver <ConvHipImplicitGemmGroupFwdXdlops>, workspace required: 12419584, provided ptr: 0x73e913cc0000 size: 12043264
MIOpen(HIP): Warning [IsEnoughWorkspace] [GetSolutionsFallback AI] Solver <GemmFwdRest>, workspace required: 84295680, provided ptr: 0x73e913cc0000 size: 12043264
MIOpen(HIP): Warning [IsEnoughWorkspace] [GetSolutionsFallback AI] Solver <ConvHipImplicitGemmGroupFwdXdlops>, workspace required: 8978432, provided ptr: 0x73e780cc0000 size: 2293760
MIOpen(HIP): Warning [IsEnoughWorkspace] [GetSolutionsFallback AI] Solver <ConvAsmImplicitGemmGTCDynamicFwdXdlopsNHWC>, workspace required: 8978432, provided ptr: 0x73e780cc0000 size: 2293760
MIOpen(HIP): Warning [IsEnoughWorkspace] [GetSolutionsFallback WTI] Solver <ConvAsmImplicitGemmGTCDynamicBwdXdlopsNHWC>, workspace required: 40108032, provided ptr: 0x73e845c00000 size: 10485760
MIOpen(HIP): Warning [IsEnoughWorkspace] [GetSolutionsFallback WTI] Solver <ConvHipImplicitGemmGroupBwdXdlops>, workspace required: 40108032, provided ptr: 0x73e845c00000 size: 10485760
MIOpen(HIP): Warning [IsEnoughWorkspace] [GetSolutionsFallback AI] Solver <GemmFwdRest>, workspace required: 36700160, provided ptr: 0x73e913cc0000 size: 17825792
MIOpen(HIP): Warning [IsEnoughWorkspace] [GetSolutionsFallback AI] Solver <GemmFwdRest>, workspace required: 91750400, provided ptr: 0x73e86bf00000 size: 28049408
MIOpen(HIP): Warning [IsEnoughWorkspace] [GetSolutionsFallback AI] Solver <ConvHipImplicitGemmGroupFwdXdlops>, workspace required: 26476544, provided ptr: 0x73e86cb80000 size: 26214400
MIOpen(HIP): Warning [IsEnoughWorkspace] [GetSolutionsFallback AI] Solver <GemmFwdRest>, workspace required: 183500800, provided ptr: 0x73e872b00000 size: 52887552
MIOpen(HIP): Warning [IsEnoughWorkspace] [GetSolutionsFallback AI] Solver <ConvHipImplicitGemmGroupFwdXdlops>, workspace required: 52494336, provided ptr: 0x73e874400000 size: 52428800
MIOpen(HIP): Warning [IsEnoughWorkspace] [GetSolutionsFallback WTI] Solver <ConvAsmImplicitGemmGTCDynamicBwdXdlopsNHWC>, workspace required: 52559872, provided ptr: 0x73e872b00000 size: 52428800
MIOpen(HIP): Warning [IsEnoughWorkspace] [GetSolutionsFallback WTI] Solver <ConvHipImplicitGemmGroupBwdXdlops>, workspace required: 52559872, provided ptr: 0x73e872b00000 size: 52428800
MIOpen(HIP): Warning [IsEnoughWorkspace] [GetSolutionsFallback AI] Solver <GemmFwdRest>, workspace required: 183500800, provided ptr: 0x73e872b00000 size: 52543488
MIOpen(HIP): Warning [IsEnoughWorkspace] [GetSolutionsFallback AI] Solver <ConvHipImplicitGemmGroupFwdXdlops>, workspace required: 52445184, provided ptr: 0x73e874400000 size: 52428800
MIOpen(HIP): Warning [IsEnoughWorkspace] [GetSolutionsFallback AI] Solver <GemmFwdRest>, workspace required: 275251200, provided ptr: 0x73e875d00000 size: 78671872
MIOpen(HIP): Warning [IsEnoughWorkspace] [GetSolutionsFallback AI] Solver <ConvHipImplicitGemmGroupFwdXdlops>, workspace required: 78647296, provided ptr: 0x73e878280000 size: 78643200
MIOpen(HIP): Warning [IsEnoughWorkspace] [GetSolutionsFallback AI] Solver <ConvHipImplicitGemmGroupFwdXdlops>, workspace required: 40551424, provided ptr: 0x73e86a600000 size: 39322624
MIOpen(HIP): Warning [IsEnoughWorkspace] [GetSolutionsFallback AI] Solver <GemmFwdRest>, workspace required: 275251200, provided ptr: 0x73e86a600000 size: 39322624
MIOpen(HIP): Warning [IsEnoughWorkspace] [GetSolutionsFallback AI] Solver <ConvHipImplicitGemmGroupFwdXdlops>, workspace required: 8870912, provided ptr: 0x73e780cc0000 size: 2143232
MIOpen(HIP): Warning [IsEnoughWorkspace] [GetSolutionsFallback AI] Solver <ConvAsmImplicitGemmGTCDynamicFwdXdlopsNHWC>, workspace required: 8870912, provided ptr: 0x73e780cc0000 size: 2143232
MIOpen(HIP): Warning [IsEnoughWorkspace] [GetSolutionsFallback WTI] Solver <ConvAsmImplicitGemmGTCDynamicBwdXdlopsNHWC>, workspace required: 39677952, provided ptr: 0x73e845c00000 size: 9797632
MIOpen(HIP): Warning [IsEnoughWorkspace] [GetSolutionsFallback WTI] Solver <ConvHipImplicitGemmGroupBwdXdlops>, workspace required: 39677952, provided ptr: 0x73e845c00000 size: 9797632
MIOpen(HIP): Warning [IsEnoughWorkspace] [GetSolutionsFallback AI] Solver <GemmFwdRest>, workspace required: 34291712, provided ptr: 0x73e913cc0000 size: 17137664
MIOpen(HIP): Warning [IsEnoughWorkspace] [GetSolutionsFallback AI] Solver <GemmFwdRest>, workspace required: 85729280, provided ptr: 0x73e86bd5c000 size: 26329088
MIOpen(HIP): Warning [IsEnoughWorkspace] [GetSolutionsFallback AI] Solver <ConvHipImplicitGemmGroupFwdXdlops>, workspace required: 24756224, provided ptr: 0x73e86c90a000 size: 24494080
MIOpen(HIP): Warning [IsEnoughWorkspace] [GetSolutionsFallback AI] Solver <GemmFwdRest>, workspace required: 171458560, provided ptr: 0x73e87295c000 size: 49446912
MIOpen(HIP): Warning [IsEnoughWorkspace] [GetSolutionsFallback AI] Solver <ConvHipImplicitGemmGroupFwdXdlops>, workspace required: 49053696, provided ptr: 0x73e8740b8000 size: 48988160
MIOpen(HIP): Warning [IsEnoughWorkspace] [GetSolutionsFallback WTI] Solver <ConvAsmImplicitGemmGTCDynamicBwdXdlopsNHWC>, workspace required: 49119232, provided ptr: 0x73e87295c000 size: 48988160
MIOpen(HIP): Warning [IsEnoughWorkspace] [GetSolutionsFallback WTI] Solver <ConvHipImplicitGemmGroupBwdXdlops>, workspace required: 49119232, provided ptr: 0x73e87295c000 size: 48988160
MIOpen(HIP): Warning [IsEnoughWorkspace] [GetSolutionsFallback AI] Solver <GemmFwdRest>, workspace required: 171458560, provided ptr: 0x73e87295c000 size: 49102848
MIOpen(HIP): Warning [IsEnoughWorkspace] [GetSolutionsFallback AI] Solver <ConvHipImplicitGemmGroupFwdXdlops>, workspace required: 49004544, provided ptr: 0x73e8740b8000 size: 48988160
MIOpen(HIP): Warning [IsEnoughWorkspace] [GetSolutionsFallback AI] Solver <GemmFwdRest>, workspace required: 257187840, provided ptr: 0x73e875814000 size: 73510912
MIOpen(HIP): Warning [IsEnoughWorkspace] [GetSolutionsFallback AI] Solver <ConvHipImplicitGemmGroupFwdXdlops>, workspace required: 73486336, provided ptr: 0x73e877b1e000 size: 73482240
MIOpen(HIP): Warning [IsEnoughWorkspace] [GetSolutionsFallback AI] Solver <ConvHipImplicitGemmGroupFwdXdlops>, workspace required: 37890304, provided ptr: 0x73e86a600000 size: 36742144
MIOpen(HIP): Warning [IsEnoughWorkspace] [GetSolutionsFallback AI] Solver <GemmFwdRest>, workspace required: 257187840, provided ptr: 0x73e86a600000 size: 36742144
[0;36m(APIServer pid=73252)[0;0m [32mINFO[0m [90m10-07 15:26:01[0m [90m[stats.py:902][0m [OmniTiming] req=speech-b6eaeec214f3c0af-bec2bf8b total=8.66s engine=8.66s stages=[0:8.66s]
INFO:     127.0.0.1:34026 - "POST /v1/audio/speech HTTP/1.1" 200 OK
[0;36m(APIServer pid=73252)[0;0m [32mINFO[0m [90m10-07 15:26:01[0m [90m[serving_speech.py:2423][0m Diffusion TTS speech request speech-8e799563c0ae79b7: voice_clone=False
[0;36m(APIServer pid=73252)[0;0m [32mINFO[0m [90m10-07 15:26:01[0m [90m[serving_speech.py:2471][0m Applied diffusion speech params: seed=42 extra_params={}
[0;36m(APIServer pid=73252)[0;0m [32mINFO[0m [90m10-07 15:26:01[0m [90m[diffusion_engine.py:764][0m [RequestBatch] admission wait done waiting=1 max_batch=8 waited_ms=2.1
MIOpen(HIP): Warning [IsEnoughWorkspace] [GetSolutionsFallback AI] Solver <ConvHipImplicitGemmGroupFwdXdlops>, workspace required: 8681472, provided ptr: 0x73e780cc0000 size: 1878016
MIOpen(HIP): Warning [IsEnoughWorkspace] [GetSolutionsFallback AI] Solver <ConvAsmImplicitGemmGTCDynamicFwdXdlopsNHWC>, workspace required: 8681472, provided ptr: 0x73e780cc0000 size: 1878016
MIOpen(HIP): Warning [IsEnoughWorkspace] [GetSolutionsFallback WTI] Solver <ConvAsmImplicitGemmGTCDynamicBwdXdlopsNHWC>, workspace required: 38920192, provided ptr: 0x73e845c00000 size: 8585216
MIOpen(HIP): Warning [IsEnoughWorkspace] [GetSolutionsFallback WTI] Solver <ConvHipImplicitGemmGroupBwdXdlops>, workspace required: 38920192, provided ptr: 0x73e845c00000 size: 8585216
MIOpen(HIP): Warning [IsEnoughWorkspace] [GetSolutionsFallback AI] Solver <GemmFwdRest>, workspace required: 30048256, provided ptr: 0x73e913cc0000 size: 15925248
MIOpen(HIP): Warning [IsEnoughWorkspace] [GetSolutionsFallback AI] Solver <GemmFwdRest>, workspace required: 75120640, provided ptr: 0x73e86b03c000 size: 23298048
MIOpen(HIP): Warning [IsEnoughWorkspace] [GetSolutionsFallback AI] Solver <ConvHipImplicitGemmGroupFwdXdlops>, workspace required: 21725184, provided ptr: 0x73e86ba78000 size: 21463040
MIOpen(HIP): Warning [IsEnoughWorkspace] [GetSolutionsFallback AI] Solver <GemmFwdRest>, workspace required: 150241280, provided ptr: 0x73e871200000 size: 43384832
MIOpen(HIP): Warning [IsEnoughWorkspace] [GetSolutionsFallback AI] Solver <ConvHipImplicitGemmGroupFwdXdlops>, workspace required: 42991616, provided ptr: 0x73e871200000 size: 42926080
MIOpen(HIP): Warning [IsEnoughWorkspace] [GetSolutionsFallback WTI] Solver <ConvAsmImplicitGemmGTCDynamicBwdXdlopsNHWC>, workspace required: 43057152, provided ptr: 0x73e871200000 size: 42926080
MIOpen(HIP): Warning [IsEnoughWorkspace] [GetSolutionsFallback WTI] Solver <ConvHipImplicitGemmGroupBwdXdlops>, workspace required: 43057152, provided ptr: 0x73e871200000 size: 42926080
MIOpen(HIP): Warning [IsEnoughWorkspace] [GetSolutionsFallback AI] Solver <GemmFwdRest>, workspace required: 150241280, provided ptr: 0x73e871200000 size: 43040768
MIOpen(HIP): Warning [IsEnoughWorkspace] [GetSolutionsFallback AI] Solver <ConvHipImplicitGemmGroupFwdXdlops>, workspace required: 42942464, provided ptr: 0x73e872678000 size: 42926080
MIOpen(HIP): Warning [IsEnoughWorkspace] [GetSolutionsFallback AI] Solver <GemmFwdRest>, workspace required: 225361920, provided ptr: 0x73e874f68000 size: 64417792
MIOpen(HIP): Warning [IsEnoughWorkspace] [GetSolutionsFallback AI] Solver <ConvHipImplicitGemmGroupFwdXdlops>, workspace required: 64393216, provided ptr: 0x73e876e1c000 size: 64389120
MIOpen(HIP): Warning [IsEnoughWorkspace] [GetSolutionsFallback AI] Solver <ConvHipImplicitGemmGroupFwdXdlops>, workspace required: 33201664, provided ptr: 0x73e86c4b4000 size: 32195584
MIOpen(HIP): Warning [IsEnoughWorkspace] [GetSolutionsFallback AI] Solver <GemmFwdRest>, workspace required: 225361920, provided ptr: 0x73e86c4b4000 size: 32195584
MIOpen(HIP): Warning [IsEnoughWorkspace] [GetSolutionsFallback AI] Solver <ConvHipImplicitGemmGroupFwdXdlops>, workspace required: 9224192, provided ptr: 0x73e780cc0000 size: 2637824
MIOpen(HIP): Warning [IsEnoughWorkspace] [GetSolutionsFallback AI] Solver <ConvAsmImplicitGemmGTCDynamicFwdXdlopsNHWC>, workspace required: 9224192, provided ptr: 0x73e780cc0000 size: 2637824
MIOpen(HIP): Warning [IsEnoughWorkspace] [GetSolutionsFallback WTI] Solver <ConvAsmImplicitGemmGTCDynamicBwdXdlopsNHWC>, workspace required: 41091072, provided ptr: 0x73e913cc0000 size: 12058624
MIOpen(HIP): Warning [IsEnoughWorkspace] [GetSolutionsFallback WTI] Solver <ConvHipImplicitGemmGroupBwdXdlops>, workspace required: 41091072, provided ptr: 0x73e913cc0000 size: 12058624
MIOpen(HIP): Warning [IsEnoughWorkspace] [GetSolutionsFallback AI] Solver <GemmFwdRest>, workspace required: 42205184, provided ptr: 0x73e86a600000 size: 19398656
MIOpen(HIP): Warning [IsEnoughWorkspace] [GetSolutionsFallback AI] Solver <GemmFwdRest>, workspace required: 105512960, provided ptr: 0x73e86c2c0000 size: 31981568
MIOpen(HIP): Warning [IsEnoughWorkspace] [GetSolutionsFallback AI] Solver <ConvHipImplicitGemmGroupFwdXdlops>, workspace required: 30408704, provided ptr: 0x73e86d120000 size: 30146560
MIOpen(HIP): Warning [IsEnoughWorkspace] [GetSolutionsFallback AI] Solver <GemmFwdRest>, workspace required: 211025920, provided ptr: 0x73e872ec0000 size: 60751872
MIOpen(HIP): Warning [IsEnoughWorkspace] [GetSolutionsFallback AI] Solver <ConvHipImplicitGemmGroupFwdXdlops>, workspace required: 60358656, provided ptr: 0x73e874b80000 size: 60293120
MIOpen(HIP): Warning [IsEnoughWorkspace] [GetSolutionsFallback WTI] Solver <ConvAsmImplicitGemmGTCDynamicBwdXdlopsNHWC>, workspace required: 60424192, provided ptr: 0x73e872ec0000 size: 60293120
MIOpen(HIP): Warning [IsEnoughWorkspace] [GetSolutionsFallback WTI] Solver <ConvHipImplicitGemmGroupBwdXdlops>, workspace required: 60424192, provided ptr: 0x73e872ec0000 size: 60293120
MIOpen(HIP): Warning [IsEnoughWorkspace] [GetSolutionsFallback AI] Solver <GemmFwdRest>, workspace required: 211025920, provided ptr: 0x73e874b80000 size: 60407808
MIOpen(HIP): Warning [IsEnoughWorkspace] [GetSolutionsFallback AI] Solver <ConvHipImplicitGemmGroupFwdXdlops>, workspace required: 60309504, provided ptr: 0x73e876840000 size: 60293120
MIOpen(HIP): Warning [IsEnoughWorkspace] [GetSolutionsFallback AI] Solver <GemmFwdRest>, workspace required: 316538880, provided ptr: 0x73e876840000 size: 90468352
MIOpen(HIP): Warning [IsEnoughWorkspace] [GetSolutionsFallback AI] Solver <ConvHipImplicitGemmGroupFwdXdlops>, workspace required: 90443776, provided ptr: 0x73e879360000 size: 90439680
MIOpen(HIP): Warning [IsEnoughWorkspace] [GetSolutionsFallback AI] Solver <ConvHipImplicitGemmGroupFwdXdlops>, workspace required: 46633984, provided ptr: 0x73e86a600000 size: 45220864
MIOpen(HIP): Warning [IsEnoughWorkspace] [GetSolutionsFallback AI] Solver <GemmFwdRest>, workspace required: 316538880, provided ptr: 0x73e86a600000 size: 45220864
MIOpen(HIP): Warning [IsEnoughWorkspace] [GetSolutionsFallback AI] Solver <ConvHipImplicitGemmGroupFwdXdlops>, workspace required: 8855552, provided ptr: 0x73e780cc0000 size: 2121728
MIOpen(HIP): Warning [IsEnoughWorkspace] [GetSolutionsFallback AI] Solver <ConvAsmImplicitGemmGTCDynamicFwdXdlopsNHWC>, workspace required: 8855552, provided ptr: 0x73e780cc0000 size: 2121728
MIOpen(HIP): Warning [IsEnoughWorkspace] [GetSolutionsFallback WTI] Solver <ConvAsmImplicitGemmGTCDynamicBwdXdlopsNHWC>, workspace required: 39616512, provided ptr: 0x73e845c00000 size: 9699328
MIOpen(HIP): Warning [IsEnoughWorkspace] [GetSolutionsFallback WTI] Solver <ConvHipImplicitGemmGroupBwdXdlops>, workspace required: 39616512, provided ptr: 0x73e845c00000 size: 9699328
MIOpen(HIP): Warning [IsEnoughWorkspace] [GetSolutionsFallback AI] Solver <GemmFwdRest>, workspace required: 33947648, provided ptr: 0x73e913cc0000 size: 17039360
MIOpen(HIP): Warning [IsEnoughWorkspace] [GetSolutionsFallback AI] Solver <GemmFwdRest>, workspace required: 84869120, provided ptr: 0x73e86bd20000 size: 26083328
MIOpen(HIP): Warning [IsEnoughWorkspace] [GetSolutionsFallback AI] Solver <ConvHipImplicitGemmGroupFwdXdlops>, workspace required: 24510464, provided ptr: 0x73e86c8b0000 size: 24248320
MIOpen(HIP): Warning [IsEnoughWorkspace] [GetSolutionsFallback AI] Solver <GemmFwdRest>, workspace required: 169738240, provided ptr: 0x73e872920000 size: 48955392
MIOpen(HIP): Warning [IsEnoughWorkspace] [GetSolutionsFallback AI] Solver <ConvHipImplicitGemmGroupFwdXdlops>, workspace required: 48562176, provided ptr: 0x73e874040000 size: 48496640
MIOpen(HIP): Warning [IsEnoughWorkspace] [GetSolutionsFallback WTI] Solver <ConvAsmImplicitGemmGTCDynamicBwdXdlopsNHWC>, workspace required: 48627712, provided ptr: 0x73e872920000 size: 48496640
MIOpen(HIP): Warning [IsEnoughWorkspace] [GetSolutionsFallback WTI] Solver <ConvHipImplicitGemmGroupBwdXdlops>, workspace required: 48627712, provided ptr: 0x73e872920000 size: 48496640
MIOpen(HIP): Warning [IsEnoughWorkspace] [GetSolutionsFallback AI] Solver <GemmFwdRest>, workspace required: 169738240, provided ptr: 0x73e872920000 size: 48611328
MIOpen(HIP): Warning [IsEnoughWorkspace] [GetSolutionsFallback AI] Solver <ConvHipImplicitGemmGroupFwdXdlops>, workspace required: 48513024, provided ptr: 0x73e874040000 size: 48496640
MIOpen(HIP): Warning [IsEnoughWorkspace] [GetSolutionsFallback AI] Solver <GemmFwdRest>, workspace required: 254607360, provided ptr: 0x73e875760000 size: 72773632
MIOpen(HIP): Warning [IsEnoughWorkspace] [GetSolutionsFallback AI] Solver <ConvHipImplicitGemmGroupFwdXdlops>, workspace required: 72749056, provided ptr: 0x73e877a10000 size: 72744960
MIOpen(HIP): Warning [IsEnoughWorkspace] [GetSolutionsFallback AI] Solver <ConvHipImplicitGemmGroupFwdXdlops>, workspace required: 37510144, provided ptr: 0x73e86a600000 size: 36373504
MIOpen(HIP): Warning [IsEnoughWorkspace] [GetSolutionsFallback AI] Solver <GemmFwdRest>, workspace required: 254607360, provided ptr: 0x73e86a600000 size: 36373504
MIOpen(HIP): Warning [IsEnoughWorkspace] [GetSolutionsFallback AI] Solver <ConvHipImplicitGemmGroupFwdXdlops>, workspace required: 8159232, provided ptr: 0x73e781c80000 size: 1146880
MIOpen(HIP): Warning [IsEnoughWorkspace] [GetSolutionsFallback AI] Solver <ConvAsmImplicitGemmGTCDynamicFwdXdlopsNHWC>, workspace required: 8159232, provided ptr: 0x73e781c80000 size: 1146880
MIOpen(HIP): Warning [IsEnoughWorkspace] [GetSolutionsFallback WTI] Solver <ConvAsmImplicitGemmGTCDynamicBwdXdlopsNHWC>, workspace required: 36831232, provided ptr: 0x73e784400000 size: 5242880
MIOpen(HIP): Warning [IsEnoughWorkspace] [GetSolutionsFallback WTI] Solver <ConvHipImplicitGemmGroupBwdXdlops>, workspace required: 36831232, provided ptr: 0x73e784400000 size: 5242880
MIOpen(HIP): Warning [IsEnoughWorkspace] [GetSolutionsFallback AI] Solver <GemmFwdRest>, workspace required: 18350080, provided ptr: 0x73e845c00000 size: 12582912
MIOpen(HIP): Warning [IsEnoughWorkspace] [GetSolutionsFallback WTI] Solver <ConvAsmImplicitGemmGTCDynamicBwdXdlopsNHWC>, workspace required: 14417920, provided ptr: 0x73e913cc0000 size: 13107200
MIOpen(HIP): Warning [IsEnoughWorkspace] [GetSolutionsFallback WTI] Solver <ConvHipImplicitGemmGroupBwdXdlops>, workspace required: 14417920, provided ptr: 0x73e913cc0000 size: 13107200
MIOpen(HIP): Warning [IsEnoughWorkspace] [GetSolutionsFallback AI] Solver <GemmFwdRest>, workspace required: 45875200, provided ptr: 0x73e914300000 size: 14942208
MIOpen(HIP): Warning [IsEnoughWorkspace] [GetSolutionsFallback AI] Solver <ConvHipImplicitGemmGroupFwdXdlops>, workspace required: 13369344, provided ptr: 0x73e86a600000 size: 13107200
MIOpen(HIP): Warning [IsEnoughWorkspace] [GetSolutionsFallback AI] Solver <GemmFwdRest>, workspace required: 91750400, provided ptr: 0x73e86bf00000 size: 26673152
MIOpen(HIP): Warning [IsEnoughWorkspace] [GetSolutionsFallback AI] Solver <ConvHipImplicitGemmGroupFwdXdlops>, workspace required: 26279936, provided ptr: 0x73e86cb80000 size: 26214400
MIOpen(HIP): Warning [IsEnoughWorkspace] [GetSolutionsFallback WTI] Solver <ConvAsmImplicitGemmGTCDynamicBwdXdlopsNHWC>, workspace required: 26345472, provided ptr: 0x73e86b280000 size: 26214400
MIOpen(HIP): Warning [IsEnoughWorkspace] [GetSolutionsFallback WTI] Solver <ConvHipImplicitGemmGroupBwdXdlops>, workspace required: 26345472, provided ptr: 0x73e86b280000 size: 26214400
MIOpen(HIP): Warning [IsEnoughWorkspace] [GetSolutionsFallback AI] Solver <GemmFwdRest>, workspace required: 91750400, provided ptr: 0x73e86bf00000 size: 26329088
MIOpen(HIP): Warning [IsEnoughWorkspace] [GetSolutionsFallback AI] Solver <ConvHipImplicitGemmGroupFwdXdlops>, workspace required: 26230784, provided ptr: 0x73e86cb80000 size: 26214400
MIOpen(HIP): Warning [IsEnoughWorkspace] [GetSolutionsFallback AI] Solver <GemmFwdRest>, workspace required: 137625600, provided ptr: 0x73e871200000 size: 39350272
MIOpen(HIP): Warning [IsEnoughWorkspace] [GetSolutionsFallback AI] Solver <ConvHipImplicitGemmGroupFwdXdlops>, workspace required: 39325696, provided ptr: 0x73e8724c0000 size: 39321600
MIOpen(HIP): Warning [IsEnoughWorkspace] [GetSolutionsFallback AI] Solver <ConvHipImplicitGemmGroupFwdXdlops>, workspace required: 20276224, provided ptr: 0x73e86a600000 size: 19661824
MIOpen(HIP): Warning [IsEnoughWorkspace] [GetSolutionsFallback AI] Solver <GemmFwdRest>, workspace required: 137625600, provided ptr: 0x73e86a600000 size: 19661824
MIOpen(HIP): Warning [IsEnoughWorkspace] [GetSolutionsFallback AI] Solver <ConvHipImplicitGemmGroupFwdXdlops>, workspace required: 8968192, provided ptr: 0x73e780cc0000 size: 2279424
MIOpen(HIP): Warning [IsEnoughWorkspace] [GetSolutionsFallback AI] Solver <ConvAsmImplicitGemmGTCDynamicFwdXdlopsNHWC>, workspace required: 8968192, provided ptr: 0x73e780cc0000 size: 2279424
MIOpen(HIP): Warning [IsEnoughWorkspace] [GetSolutionsFallback WTI] Solver <ConvAsmImplicitGemmGTCDynamicBwdXdlopsNHWC>, workspace required: 40067072, provided ptr: 0x73e845c00000 size: 10420224
MIOpen(HIP): Warning [IsEnoughWorkspace] [GetSolutionsFallback WTI] Solver <ConvHipImplicitGemmGroupBwdXdlops>, workspace required: 40067072, provided ptr: 0x73e845c00000 size: 10420224
MIOpen(HIP): Warning [IsEnoughWorkspace] [GetSolutionsFallback AI] Solver <GemmFwdRest>, workspace required: 36470784, provided ptr: 0x73e913cc0000 size: 17760256
MIOpen(HIP): Warning [IsEnoughWorkspace] [GetSolutionsFallback AI] Solver <GemmFwdRest>, workspace required: 91176960, provided ptr: 0x73e86bed8000 size: 27885568
MIOpen(HIP): Warning [IsEnoughWorkspace] [GetSolutionsFallback AI] Solver <ConvHipImplicitGemmGroupFwdXdlops>, workspace required: 26312704, provided ptr: 0x73e86cb44000 size: 26050560
MIOpen(HIP): Warning [IsEnoughWorkspace] [GetSolutionsFallback AI] Solver <GemmFwdRest>, workspace required: 182353920, provided ptr: 0x73e872ad8000 size: 52559872
MIOpen(HIP): Warning [IsEnoughWorkspace] [GetSolutionsFallback AI] Solver <ConvHipImplicitGemmGroupFwdXdlops>, workspace required: 52166656, provided ptr: 0x73e8743b0000 size: 52101120
MIOpen(HIP): Warning [IsEnoughWorkspace] [GetSolutionsFallback WTI] Solver <ConvAsmImplicitGemmGTCDynamicBwdXdlopsNHWC>, workspace required: 52232192, provided ptr: 0x73e872ad8000 size: 52101120
MIOpen(HIP): Warning [IsEnoughWorkspace] [GetSolutionsFallback WTI] Solver <ConvHipImplicitGemmGroupBwdXdlops>, workspace required: 52232192, provided ptr: 0x73e872ad8000 size: 52101120
MIOpen(HIP): Warning [IsEnoughWorkspace] [GetSolutionsFallback AI] Solver <GemmFwdRest>, workspace required: 182353920, provided ptr: 0x73e872ad8000 size: 52215808
MIOpen(HIP): Warning [IsEnoughWorkspace] [GetSolutionsFallback AI] Solver <ConvHipImplicitGemmGroupFwdXdlops>, workspace required: 52117504, provided ptr: 0x73e8743b0000 size: 52101120
MIOpen(HIP): Warning [IsEnoughWorkspace] [GetSolutionsFallback AI] Solver <GemmFwdRest>, workspace required: 273530880, provided ptr: 0x73e875c88000 size: 78180352
MIOpen(HIP): Warning [IsEnoughWorkspace] [GetSolutionsFallback AI] Solver <ConvHipImplicitGemmGroupFwdXdlops>, workspace required: 78155776, provided ptr: 0x73e8781cc000 size: 78151680
MIOpen(HIP): Warning [IsEnoughWorkspace] [GetSolutionsFallback AI] Solver <ConvHipImplicitGemmGroupFwdXdlops>, workspace required: 40297984, provided ptr: 0x73e86a600000 size: 39076864
MIOpen(HIP): Warning [IsEnoughWorkspace] [GetSolutionsFallback AI] Solver <GemmFwdRest>, workspace required: 273530880, provided ptr: 0x73e86a600000 size: 39076864
MIOpen(HIP): Warning [IsEnoughWorkspace] [GetSolutionsFallback AI] Solver <ConvHipImplicitGemmGroupFwdXdlops>, workspace required: 8451072, provided ptr: 0x73e781c80000 size: 1555456
MIOpen(HIP): Warning [IsEnoughWorkspace] [GetSolutionsFallback AI] Solver <ConvAsmImplicitGemmGTCDynamicFwdXdlopsNHWC>, workspace required: 8451072, provided ptr: 0x73e781c80000 size: 1555456
MIOpen(HIP): Warning [IsEnoughWorkspace] [GetSolutionsFallback WTI] Solver <ConvAsmImplicitGemmGTCDynamicBwdXdlopsNHWC>, workspace required: 37998592, provided ptr: 0x73e845c00000 size: 7110656
MIOpen(HIP): Warning [IsEnoughWorkspace] [GetSolutionsFallback WTI] Solver <ConvHipImplicitGemmGroupBwdXdlops>, workspace required: 37998592, provided ptr: 0x73e845c00000 size: 7110656
MIOpen(HIP): Warning [IsEnoughWorkspace] [GetSolutionsFallback AI] Solver <GemmFwdRest>, workspace required: 24887296, provided ptr: 0x73e913cc0000 size: 14450688
MIOpen(HIP): Warning [IsEnoughWorkspace] [GetSolutionsFallback AI] Solver <GemmFwdRest>, workspace required: 62218240, provided ptr: 0x73e86ae7a000 size: 19611648
MIOpen(HIP): Warning [IsEnoughWorkspace] [GetSolutionsFallback AI] Solver <ConvHipImplicitGemmGroupFwdXdlops>, workspace required: 18038784, provided ptr: 0x73e86b6f4000 size: 17776640
MIOpen(HIP): Warning [IsEnoughWorkspace] [GetSolutionsFallback AI] Solver <GemmFwdRest>, workspace required: 124436480, provided ptr: 0x73e871200000 size: 36012032
MIOpen(HIP): Warning [IsEnoughWorkspace] [GetSolutionsFallback AI] Solver <ConvHipImplicitGemmGroupFwdXdlops>, workspace required: 35618816, provided ptr: 0x73e871200000 size: 35553280
MIOpen(HIP): Warning [IsEnoughWorkspace] [GetSolutionsFallback WTI] Solver <ConvAsmImplicitGemmGTCDynamicBwdXdlopsNHWC>, workspace required: 35684352, provided ptr: 0x73e871200000 size: 35553280
MIOpen(HIP): Warning [IsEnoughWorkspace] [GetSolutionsFallback WTI] Solver <ConvHipImplicitGemmGroupBwdXdlops>, workspace required: 35684352, provided ptr: 0x73e871200000 size: 35553280
MIOpen(HIP): Warning [IsEnoughWorkspace] [GetSolutionsFallback AI] Solver <GemmFwdRest>, workspace required: 124436480, provided ptr: 0x73e871200000 size: 35667968
MIOpen(HIP): Warning [IsEnoughWorkspace] [GetSolutionsFallback AI] Solver <ConvHipImplicitGemmGroupFwdXdlops>, workspace required: 35569664, provided ptr: 0x73e8722f4000 size: 35553280
MIOpen(HIP): Warning [IsEnoughWorkspace] [GetSolutionsFallback AI] Solver <GemmFwdRest>, workspace required: 186654720, provided ptr: 0x73e872b6e000 size: 53358592
MIOpen(HIP): Warning [IsEnoughWorkspace] [GetSolutionsFallback AI] Solver <ConvHipImplicitGemmGroupFwdXdlops>, workspace required: 53334016, provided ptr: 0x73e8744dc000 size: 53329920
MIOpen(HIP): Warning [IsEnoughWorkspace] [GetSolutionsFallback AI] Solver <ConvHipImplicitGemmGroupFwdXdlops>, workspace required: 27499264, provided ptr: 0x73e86bf6e000 size: 26665984
MIOpen(HIP): Warning [IsEnoughWorkspace] [GetSolutionsFallback AI] Solver <GemmFwdRest>, workspace required: 186654720, provided ptr: 0x73e86bf6e000 size: 26665984
MIOpen(HIP): Warning [IsEnoughWorkspace] [GetSolutionsFallback AI] Solver <ConvHipImplicitGemmGroupFwdXdlops>, workspace required: 8261632, provided ptr: 0x73e781c80000 size: 1290240
MIOpen(HIP): Warning [IsEnoughWorkspace] [GetSolutionsFallback AI] Solver <ConvAsmImplicitGemmGTCDynamicFwdXdlopsNHWC>, workspace required: 8261632, provided ptr: 0x73e781c80000 size: 1290240
MIOpen(HIP): Warning [IsEnoughWorkspace] [GetSolutionsFallback WTI] Solver <ConvAsmImplicitGemmGTCDynamicBwdXdlopsNHWC>, workspace required: 37240832, provided ptr: 0x73e845c00000 size: 5898240
MIOpen(HIP): Warning [IsEnoughWorkspace] [GetSolutionsFallback WTI] Solver <ConvHipImplicitGemmGroupBwdXdlops>, workspace required: 37240832, provided ptr: 0x73e845c00000 size: 5898240
MIOpen(HIP): Warning [IsEnoughWorkspace] [GetSolutionsFallback AI] Solver <GemmFwdRest>, workspace required: 20643840, provided ptr: 0x73e913cc0000 size: 13238272
MIOpen(HIP): Warning [IsEnoughWorkspace] [GetSolutionsFallback WTI] Solver <ConvAsmImplicitGemmGTCDynamicBwdXdlopsNHWC>, workspace required: 15564800, provided ptr: 0x73e913cc0000 size: 14745600
MIOpen(HIP): Warning [IsEnoughWorkspace] [GetSolutionsFallback WTI] Solver <ConvHipImplicitGemmGroupBwdXdlops>, workspace required: 15564800, provided ptr: 0x73e913cc0000 size: 14745600
MIOpen(HIP): Warning [IsEnoughWorkspace] [GetSolutionsFallback AI] Solver <GemmFwdRest>, workspace required: 51609600, provided ptr: 0x73e86a600000 size: 16580608
MIOpen(HIP): Warning [IsEnoughWorkspace] [GetSolutionsFallback AI] Solver <ConvAsmImplicitGemmGTCDynamicFwdXdlopsNHWC>, workspace required: 14745600, provided ptr: 0 size: 0
MIOpen(HIP): Warning [IsEnoughWorkspace] [GetSolutionsFallback AI] Solver <ConvHipImplicitGemmGroupFwdXdlops>, workspace required: 15007744, provided ptr: 0 size: 0
MIOpen(HIP): Warning [IsEnoughWorkspace] [GetSolutionsFallback AI] Solver <GemmFwdRest>, workspace required: 103219200, provided ptr: 0x73e86c220000 size: 29949952
MIOpen(HIP): Warning [IsEnoughWorkspace] [GetSolutionsFallback AI] Solver <ConvHipImplicitGemmGroupFwdXdlops>, workspace required: 29556736, provided ptr: 0x73e86d030000 size: 29491200
MIOpen(HIP): Warning [IsEnoughWorkspace] [GetSolutionsFallback WTI] Solver <ConvAsmImplicitGemmGTCDynamicBwdXdlopsNHWC>, workspace required: 29622272, provided ptr: 0x73e86c220000 size: 29491200
MIOpen(HIP): Warning [IsEnoughWorkspace] [GetSolutionsFallback WTI] Solver <ConvHipImplicitGemmGroupBwdXdlops>, workspace required: 29622272, provided ptr: 0x73e86c220000 size: 29491200
MIOpen(HIP): Warning [IsEnoughWorkspace] [GetSolutionsFallback AI] Solver <GemmFwdRest>, workspace required: 103219200, provided ptr: 0x73e86d030000 size: 29605888
MIOpen(HIP): Warning [IsEnoughWorkspace] [GetSolutionsFallback AI] Solver <ConvHipImplicitGemmGroupFwdXdlops>, workspace required: 29507584, provided ptr: 0x73e871200000 size: 29491200
MIOpen(HIP): Warning [IsEnoughWorkspace] [GetSolutionsFallback AI] Solver <GemmFwdRest>, workspace required: 154828800, provided ptr: 0x73e871200000 size: 44265472
MIOpen(HIP): Warning [IsEnoughWorkspace] [GetSolutionsFallback AI] Solver <ConvHipImplicitGemmGroupFwdXdlops>, workspace required: 44240896, provided ptr: 0x73e872718000 size: 44236800
MIOpen(HIP): Warning [IsEnoughWorkspace] [GetSolutionsFallback AI] Solver <ConvHipImplicitGemmGroupFwdXdlops>, workspace required: 22810624, provided ptr: 0x73e913cc0000 size: 22119424
MIOpen(HIP): Warning [IsEnoughWorkspace] [GetSolutionsFallback AI] Solver <GemmFwdRest>, workspace required: 154828800, provided ptr: 0x73e913cc0000 size: 22119424
MIOpen(HIP): Warning [IsEnoughWorkspace] [GetSolutionsFallback AI] Solver <ConvHipImplicitGemmGroupFwdXdlops>, workspace required: 8696832, provided ptr: 0x73e780cc0000 size: 1899520
MIOpen(HIP): Warning [IsEnoughWorkspace] [GetSolutionsFallback AI] Solver <ConvAsmImplicitGemmGTCDynamicFwdXdlopsNHWC>, workspace required: 8696832, provided ptr: 0x73e780cc0000 size: 1899520
MIOpen(HIP): Warning [IsEnoughWorkspace] [GetSolutionsFallback WTI] Solver <ConvAsmImplicitGemmGTCDynamicBwdXdlopsNHWC>, workspace required: 38981632, provided ptr: 0x73e845c00000 size: 8683520
MIOpen(HIP): Warning [IsEnoughWorkspace] [GetSolutionsFallback WTI] Solver <ConvHipImplicitGemmGroupBwdXdlops>, workspace required: 38981632, provided ptr: 0x73e845c00000 size: 8683520
MIOpen(HIP): Warning [IsEnoughWorkspace] [GetSolutionsFallback AI] Solver <GemmFwdRest>, workspace required: 30392320, provided ptr: 0x73e913cc0000 size: 16023552
MIOpen(HIP): Warning [IsEnoughWorkspace] [GetSolutionsFallback AI] Solver <GemmFwdRest>, workspace required: 75980800, provided ptr: 0x73e86b05a000 size: 23543808
MIOpen(HIP): Warning [IsEnoughWorkspace] [GetSolutionsFallback AI] Solver <ConvHipImplicitGemmGroupFwdXdlops>, workspace required: 21970944, provided ptr: 0x73e86bab4000 size: 21708800
MIOpen(HIP): Warning [IsEnoughWorkspace] [GetSolutionsFallback AI] Solver <GemmFwdRest>, workspace required: 151961600, provided ptr: 0x73e871200000 size: 43876352
MIOpen(HIP): Warning [IsEnoughWorkspace] [GetSolutionsFallback AI] Solver <ConvHipImplicitGemmGroupFwdXdlops>, workspace required: 43483136, provided ptr: 0x73e871200000 size: 43417600
MIOpen(HIP): Warning [IsEnoughWorkspace] [GetSolutionsFallback WTI] Solver <ConvAsmImplicitGemmGTCDynamicBwdXdlopsNHWC>, workspace required: 43548672, provided ptr: 0x73e871200000 size: 43417600
MIOpen(HIP): Warning [IsEnoughWorkspace] [GetSolutionsFallback WTI] Solver <ConvHipImplicitGemmGroupBwdXdlops>, workspace required: 43548672, provided ptr: 0x73e871200000 size: 43417600
MIOpen(HIP): Warning [IsEnoughWorkspace] [GetSolutionsFallback AI] Solver <GemmFwdRest>, workspace required: 151961600, provided ptr: 0x73e871200000 size: 43532288
MIOpen(HIP): Warning [IsEnoughWorkspace] [GetSolutionsFallback AI] Solver <ConvHipImplicitGemmGroupFwdXdlops>, workspace required: 43433984, provided ptr: 0x73e8726b4000 size: 43417600
MIOpen(HIP): Warning [IsEnoughWorkspace] [GetSolutionsFallback AI] Solver <GemmFwdRest>, workspace required: 227942400, provided ptr: 0x73e87501c000 size: 65155072
MIOpen(HIP): Warning [IsEnoughWorkspace] [GetSolutionsFallback AI] Solver <ConvHipImplicitGemmGroupFwdXdlops>, workspace required: 65130496, provided ptr: 0x73e876f2a000 size: 65126400
MIOpen(HIP): Warning [IsEnoughWorkspace] [GetSolutionsFallback AI] Solver <ConvHipImplicitGemmGroupFwdXdlops>, workspace required: 33581824, provided ptr: 0x73e86c50e000 size: 32564224
MIOpen(HIP): Warning [IsEnoughWorkspace] [GetSolutionsFallback AI] Solver <GemmFwdRest>, workspace required: 227942400, provided ptr: 0x73e86c50e000 size: 32564224
MIOpen(HIP): Warning [IsEnoughWorkspace] [GetSolutionsFallback AI] Solver <ConvHipImplicitGemmGroupFwdXdlops>, workspace required: 7877632, provided ptr: 0x73e7e9e00000 size: 752640
MIOpen(HIP): Warning [IsEnoughWorkspace] [GetSolutionsFallback AI] Solver <ConvAsmImplicitGemmGTCDynamicFwdXdlopsNHWC>, workspace required: 7877632, provided ptr: 0x73e7e9e00000 size: 752640
MIOpen(HIP): Warning [IsEnoughWorkspace] [GetSolutionsFallback WTI] Solver <ConvAsmImplicitGemmGTCDynamicBwdXdlopsNHWC>, workspace required: 35704832, provided ptr: 0x73e784400000 size: 3440640
MIOpen(HIP): Warning [IsEnoughWorkspace] [GetSolutionsFallback WTI] Solver <ConvHipImplicitGemmGroupBwdXdlops>, workspace required: 35704832, provided ptr: 0x73e784400000 size: 3440640
MIOpen(HIP): Warning [IsEnoughWorkspace] [GetSolutionsFallback WTI] Solver <ConvAsmImplicitGemmGTCDynamicBwdXdlopsNHWC>, workspace required: 11264000, provided ptr: 0x73e84601a000 size: 8601600
MIOpen(HIP): Warning [IsEnoughWorkspace] [GetSolutionsFallback WTI] Solver <ConvHipImplicitGemmGroupBwdXdlops>, workspace required: 11264000, provided ptr: 0x73e84601a000 size: 8601600
MIOpen(HIP): Warning [IsEnoughWorkspace] [GetSolutionsFallback AI] Solver <GemmFwdRest>, workspace required: 30105600, provided ptr: 0x73e913cc0000 size: 10436608
MIOpen(HIP): Warning [IsEnoughWorkspace] [GetSolutionsFallback AI] Solver <ConvHipImplicitGemmGroupFwdXdlops>, workspace required: 8863744, provided ptr: 0x73e9140da000 size: 8601600
MIOpen(HIP): Warning [IsEnoughWorkspace] [GetSolutionsFallback AI] Solver <GemmFwdRest>, workspace required: 60211200, provided ptr: 0x73e86ae34000 size: 17661952
MIOpen(HIP): Warning [IsEnoughWorkspace] [GetSolutionsFallback AI] Solver <ConvHipImplicitGemmGroupFwdXdlops>, workspace required: 17268736, provided ptr: 0x73e86b668000 size: 17203200
MIOpen(HIP): Warning [IsEnoughWorkspace] [GetSolutionsFallback WTI] Solver <ConvAsmImplicitGemmGTCDynamicBwdXdlopsNHWC>, workspace required: 17334272, provided ptr: 0x73e86ae34000 size: 17203200
MIOpen(HIP): Warning [IsEnoughWorkspace] [GetSolutionsFallback WTI] Solver <ConvHipImplicitGemmGroupBwdXdlops>, workspace required: 17334272, provided ptr: 0x73e86ae34000 size: 17203200
MIOpen(HIP): Warning [IsEnoughWorkspace] [GetSolutionsFallback AI] Solver <GemmFwdRest>, workspace required: 60211200, provided ptr: 0x73e86ae34000 size: 17317888
MIOpen(HIP): Warning [IsEnoughWorkspace] [GetSolutionsFallback AI] Solver <ConvHipImplicitGemmGroupFwdXdlops>, workspace required: 17219584, provided ptr: 0x73e86b668000 size: 17203200
MIOpen(HIP): Warning [IsEnoughWorkspace] [GetSolutionsFallback AI] Solver <GemmFwdRest>, workspace required: 90316800, provided ptr: 0x73e86be9c000 size: 25833472
MIOpen(HIP): Warning [IsEnoughWorkspace] [GetSolutionsFallback AI] Solver <ConvHipImplicitGemmGroupFwdXdlops>, workspace required: 25808896, provided ptr: 0x73e86caea000 size: 25804800
MIOpen(HIP): Warning [IsEnoughWorkspace] [GetSolutionsFallback AI] Solver <ConvHipImplicitGemmGroupFwdXdlops>, workspace required: 13306624, provided ptr: 0x73e913cc0000 size: 12903424
MIOpen(HIP): Warning [IsEnoughWorkspace] [GetSolutionsFallback AI] Solver <GemmFwdRest>, workspace required: 90316800, provided ptr: 0x73e913cc0000 size: 12903424
[0;36m(APIServer pid=73252)[0;0m [32mINFO[0m [90m10-07 15:26:09[0m [90m[stats.py:902][0m [OmniTiming] req=speech-8e799563c0ae79b7-9893ddd9 total=7.34s engine=7.34s stages=[0:7.34s]
INFO:     127.0.0.1:34026 - "POST /v1/audio/speech HTTP/1.1" 200 OK
[0;36m(APIServer pid=73252)[0;0m [32mINFO[0m [90m10-07 15:26:09[0m [90m[serving_speech.py:2423][0m Diffusion TTS speech request speech-8591684574bc6fec: voice_clone=False
[0;36m(APIServer pid=73252)[0;0m [32mINFO[0m [90m10-07 15:26:09[0m [90m[serving_speech.py:2471][0m Applied diffusion speech params: seed=42 extra_params={}
[0;36m(APIServer pid=73252)[0;0m [32mINFO[0m [90m10-07 15:26:09[0m [90m[diffusion_engine.py:764][0m [RequestBatch] admission wait done waiting=1 max_batch=8 waited_ms=2.1
MIOpen(HIP): Warning [IsEnoughWorkspace] [GetSolutionsFallback AI] Solver <ConvHipImplicitGemmGroupFwdXdlops>, workspace required: 8814592, provided ptr: 0x73e780cc0000 size: 2064384
MIOpen(HIP): Warning [IsEnoughWorkspace] [GetSolutionsFallback AI] Solver <ConvAsmImplicitGemmGTCDynamicFwdXdlopsNHWC>, workspace required: 8814592, provided ptr: 0x73e780cc0000 size: 2064384
MIOpen(HIP): Warning [IsEnoughWorkspace] [GetSolutionsFallback WTI] Solver <ConvAsmImplicitGemmGTCDynamicBwdXdlopsNHWC>, workspace required: 39452672, provided ptr: 0x73e845c00000 size: 9437184
MIOpen(HIP): Warning [IsEnoughWorkspace] [GetSolutionsFallback WTI] Solver <ConvHipImplicitGemmGroupBwdXdlops>, workspace required: 39452672, provided ptr: 0x73e845c00000 size: 9437184
MIOpen(HIP): Warning [IsEnoughWorkspace] [GetSolutionsFallback AI] Solver <GemmFwdRest>, workspace required: 33030144, provided ptr: 0x73e913cc0000 size: 16777216
MIOpen(HIP): Warning [IsEnoughWorkspace] [GetSolutionsFallback AI] Solver <GemmFwdRest>, workspace required: 82575360, provided ptr: 0x73e86bc80000 size: 25427968
MIOpen(HIP): Warning [IsEnoughWorkspace] [GetSolutionsFallback AI] Solver <ConvHipImplicitGemmGroupFwdXdlops>, workspace required: 23855104, provided ptr: 0x73e86c7c0000 size: 23592960
MIOpen(HIP): Warning [IsEnoughWorkspace] [GetSolutionsFallback AI] Solver <GemmFwdRest>, workspace required: 165150720, provided ptr: 0x73e872880000 size: 47644672
MIOpen(HIP): Warning [IsEnoughWorkspace] [GetSolutionsFallback AI] Solver <ConvHipImplicitGemmGroupFwdXdlops>, workspace required: 47251456, provided ptr: 0x73e873f00000 size: 47185920
MIOpen(HIP): Warning [IsEnoughWorkspace] [GetSolutionsFallback WTI] Solver <ConvAsmImplicitGemmGTCDynamicBwdXdlopsNHWC>, workspace required: 47316992, provided ptr: 0x73e872880000 size: 47185920
MIOpen(HIP): Warning [IsEnoughWorkspace] [GetSolutionsFallback WTI] Solver <ConvHipImplicitGemmGroupBwdXdlops>, workspace required: 47316992, provided ptr: 0x73e872880000 size: 47185920
MIOpen(HIP): Warning [IsEnoughWorkspace] [GetSolutionsFallback AI] Solver <GemmFwdRest>, workspace required: 165150720, provided ptr: 0x73e872880000 size: 47300608
MIOpen(HIP): Warning [IsEnoughWorkspace] [GetSolutionsFallback AI] Solver <ConvHipImplicitGemmGroupFwdXdlops>, workspace required: 47202304, provided ptr: 0x73e873f00000 size: 47185920
MIOpen(HIP): Warning [IsEnoughWorkspace] [GetSolutionsFallback AI] Solver <GemmFwdRest>, workspace required: 247726080, provided ptr: 0x73e875580000 size: 70807552
MIOpen(HIP): Warning [IsEnoughWorkspace] [GetSolutionsFallback AI] Solver <ConvHipImplicitGemmGroupFwdXdlops>, workspace required: 70782976, provided ptr: 0x73e877740000 size: 70778880
MIOpen(HIP): Warning [IsEnoughWorkspace] [GetSolutionsFallback AI] Solver <ConvHipImplicitGemmGroupFwdXdlops>, workspace required: 36496384, provided ptr: 0x73e86a600000 size: 35390464
MIOpen(HIP): Warning [IsEnoughWorkspace] [GetSolutionsFallback AI] Solver <GemmFwdRest>, workspace required: 247726080, provided ptr: 0x73e86a600000 size: 35390464
MIOpen(HIP): Warning [IsEnoughWorkspace] [GetSolutionsFallback AI] Solver <ConvHipImplicitGemmGroupFwdXdlops>, workspace required: 9295872, provided ptr: 0x73e780cc0000 size: 2738176
MIOpen(HIP): Warning [IsEnoughWorkspace] [GetSolutionsFallback AI] Solver <ConvAsmImplicitGemmGTCDynamicFwdXdlopsNHWC>, workspace required: 9295872, provided ptr: 0x73e780cc0000 size: 2738176
MIOpen(HIP): Warning [IsEnoughWorkspace] [GetSolutionsFallback WTI] Solver <ConvAsmImplicitGemmGTCDynamicBwdXdlopsNHWC>, workspace required: 41377792, provided ptr: 0x73e913cc0000 size: 12517376
MIOpen(HIP): Warning [IsEnoughWorkspace] [GetSolutionsFallback WTI] Solver <ConvHipImplicitGemmGroupBwdXdlops>, workspace required: 41377792, provided ptr: 0x73e913cc0000 size: 12517376
MIOpen(HIP): Warning [IsEnoughWorkspace] [GetSolutionsFallback AI] Solver <GemmFwdRest>, workspace required: 43810816, provided ptr: 0x73e86a600000 size: 19857408
MIOpen(HIP): Warning [IsEnoughWorkspace] [GetSolutionsFallback AI] Solver <GemmFwdRest>, workspace required: 109527040, provided ptr: 0x73e86c3d8000 size: 33128448
MIOpen(HIP): Warning [IsEnoughWorkspace] [GetSolutionsFallback AI] Solver <ConvHipImplicitGemmGroupFwdXdlops>, workspace required: 31555584, provided ptr: 0x73e86d2c4000 size: 31293440
MIOpen(HIP): Warning [IsEnoughWorkspace] [GetSolutionsFallback AI] Solver <GemmFwdRest>, workspace required: 219054080, provided ptr: 0x73e872fd8000 size: 63045632
MIOpen(HIP): Warning [IsEnoughWorkspace] [GetSolutionsFallback AI] Solver <ConvHipImplicitGemmGroupFwdXdlops>, workspace required: 62652416, provided ptr: 0x73e874db0000 size: 62586880
MIOpen(HIP): Warning [IsEnoughWorkspace] [GetSolutionsFallback WTI] Solver <ConvAsmImplicitGemmGTCDynamicBwdXdlopsNHWC>, workspace required: 62717952, provided ptr: 0x73e872fd8000 size: 62586880
MIOpen(HIP): Warning [IsEnoughWorkspace] [GetSolutionsFallback WTI] Solver <ConvHipImplicitGemmGroupBwdXdlops>, workspace required: 62717952, provided ptr: 0x73e872fd8000 size: 62586880
MIOpen(HIP): Warning [IsEnoughWorkspace] [GetSolutionsFallback AI] Solver <GemmFwdRest>, workspace required: 219054080, provided ptr: 0x73e874db0000 size: 62701568
MIOpen(HIP): Warning [IsEnoughWorkspace] [GetSolutionsFallback AI] Solver <ConvHipImplicitGemmGroupFwdXdlops>, workspace required: 62603264, provided ptr: 0x73e876b88000 size: 62586880
MIOpen(HIP): Warning [IsEnoughWorkspace] [GetSolutionsFallback AI] Solver <GemmFwdRest>, workspace required: 328581120, provided ptr: 0x73e876b88000 size: 93908992
MIOpen(HIP): Warning [IsEnoughWorkspace] [GetSolutionsFallback AI] Solver <ConvHipImplicitGemmGroupFwdXdlops>, workspace required: 93884416, provided ptr: 0x73e87984c000 size: 93880320
MIOpen(HIP): Warning [IsEnoughWorkspace] [GetSolutionsFallback AI] Solver <ConvHipImplicitGemmGroupFwdXdlops>, workspace required: 48408064, provided ptr: 0x73e86a600000 size: 46941184
MIOpen(HIP): Warning [IsEnoughWorkspace] [GetSolutionsFallback AI] Solver <GemmFwdRest>, workspace required: 328581120, provided ptr: 0x73e86a600000 size: 46941184
MIOpen(HIP): Warning [IsEnoughWorkspace] [GetSolutionsFallback AI] Solver <ConvHipImplicitGemmGroupFwdXdlops>, workspace required: 8671232, provided ptr: 0x73e780cc0000 size: 1863680
MIOpen(HIP): Warning [IsEnoughWorkspace] [GetSolutionsFallback AI] Solver <ConvAsmImplicitGemmGTCDynamicFwdXdlopsNHWC>, workspace required: 8671232, provided ptr: 0x73e780cc0000 size: 1863680
MIOpen(HIP): Warning [IsEnoughWorkspace] [GetSolutionsFallback WTI] Solver <ConvAsmImplicitGemmGTCDynamicBwdXdlopsNHWC>, workspace required: 38879232, provided ptr: 0x73e845c00000 size: 8519680
MIOpen(HIP): Warning [IsEnoughWorkspace] [GetSolutionsFallback WTI] Solver <ConvHipImplicitGemmGroupBwdXdlops>, workspace required: 38879232, provided ptr: 0x73e845c00000 size: 8519680
MIOpen(HIP): Warning [IsEnoughWorkspace] [GetSolutionsFallback AI] Solver <GemmFwdRest>, workspace required: 29818880, provided ptr: 0x73e913cc0000 size: 15859712
MIOpen(HIP): Warning [IsEnoughWorkspace] [GetSolutionsFallback AI] Solver <GemmFwdRest>, workspace required: 74547200, provided ptr: 0x73e86b028000 size: 23134208
MIOpen(HIP): Warning [IsEnoughWorkspace] [GetSolutionsFallback AI] Solver <ConvHipImplicitGemmGroupFwdXdlops>, workspace required: 21561344, provided ptr: 0x73e86ba50000 size: 21299200
MIOpen(HIP): Warning [IsEnoughWorkspace] [GetSolutionsFallback AI] Solver <GemmFwdRest>, workspace required: 149094400, provided ptr: 0x73e871200000 size: 43057152
MIOpen(HIP): Warning [IsEnoughWorkspace] [GetSolutionsFallback AI] Solver <ConvHipImplicitGemmGroupFwdXdlops>, workspace required: 42663936, provided ptr: 0x73e871200000 size: 42598400
MIOpen(HIP): Warning [IsEnoughWorkspace] [GetSolutionsFallback WTI] Solver <ConvAsmImplicitGemmGTCDynamicBwdXdlopsNHWC>, workspace required: 42729472, provided ptr: 0x73e871200000 size: 42598400
MIOpen(HIP): Warning [IsEnoughWorkspace] [GetSolutionsFallback WTI] Solver <ConvHipImplicitGemmGroupBwdXdlops>, workspace required: 42729472, provided ptr: 0x73e871200000 size: 42598400
MIOpen(HIP): Warning [IsEnoughWorkspace] [GetSolutionsFallback AI] Solver <GemmFwdRest>, workspace required: 149094400, provided ptr: 0x73e871200000 size: 42713088
MIOpen(HIP): Warning [IsEnoughWorkspace] [GetSolutionsFallback AI] Solver <ConvHipImplicitGemmGroupFwdXdlops>, workspace required: 42614784, provided ptr: 0x73e872650000 size: 42598400
MIOpen(HIP): Warning [IsEnoughWorkspace] [GetSolutionsFallback AI] Solver <GemmFwdRest>, workspace required: 223641600, provided ptr: 0x73e874ef0000 size: 63926272
MIOpen(HIP): Warning [IsEnoughWorkspace] [GetSolutionsFallback AI] Solver <ConvHipImplicitGemmGroupFwdXdlops>, workspace required: 63901696, provided ptr: 0x73e876d68000 size: 63897600
MIOpen(HIP): Warning [IsEnoughWorkspace] [GetSolutionsFallback AI] Solver <ConvHipImplicitGemmGroupFwdXdlops>, workspace required: 32948224, provided ptr: 0x73e86c478000 size: 31949824
MIOpen(HIP): Warning [IsEnoughWorkspace] [GetSolutionsFallback AI] Solver <GemmFwdRest>, workspace required: 223641600, provided ptr: 0x73e86c478000 size: 31949824
MIOpen(HIP): Warning [IsEnoughWorkspace] [GetSolutionsFallback AI] Solver <ConvHipImplicitGemmGroupFwdXdlops>, workspace required: 8384512, provided ptr: 0x73e781c80000 size: 1462272
MIOpen(HIP): Warning [IsEnoughWorkspace] [GetSolutionsFallback AI] Solver <ConvAsmImplicitGemmGTCDynamicFwdXdlopsNHWC>, workspace required: 8384512, provided ptr: 0x73e781c80000 size: 1462272
MIOpen(HIP): Warning [IsEnoughWorkspace] [GetSolutionsFallback WTI] Solver <ConvAsmImplicitGemmGTCDynamicBwdXdlopsNHWC>, workspace required: 37732352, provided ptr: 0x73e845c00000 size: 6684672
MIOpen(HIP): Warning [IsEnoughWorkspace] [GetSolutionsFallback WTI] Solver <ConvHipImplicitGemmGroupBwdXdlops>, workspace required: 37732352, provided ptr: 0x73e845c00000 size: 6684672
MIOpen(HIP): Warning [IsEnoughWorkspace] [GetSolutionsFallback AI] Solver <GemmFwdRest>, workspace required: 23396352, provided ptr: 0x73e913cc0000 size: 14024704
MIOpen(HIP): Warning [IsEnoughWorkspace] [GetSolutionsFallback WTI] Solver <ConvAsmImplicitGemmGTCDynamicBwdXdlopsNHWC>, workspace required: 16941056, provided ptr: 0x73e913cc0000 size: 16711680
MIOpen(HIP): Warning [IsEnoughWorkspace] [GetSolutionsFallback WTI] Solver <ConvHipImplicitGemmGroupBwdXdlops>, workspace required: 16941056, provided ptr: 0x73e913cc0000 size: 16711680
MIOpen(HIP): Warning [IsEnoughWorkspace] [GetSolutionsFallback AI] Solver <GemmFwdRest>, workspace required: 58490880, provided ptr: 0x73e86a600000 size: 18546688
MIOpen(HIP): Warning [IsEnoughWorkspace] [GetSolutionsFallback AI] Solver <ConvAsmImplicitGemmGTCDynamicFwdXdlopsNHWC>, workspace required: 16711680, provided ptr: 0 size: 0
MIOpen(HIP): Warning [IsEnoughWorkspace] [GetSolutionsFallback AI] Solver <ConvHipImplicitGemmGroupFwdXdlops>, workspace required: 16973824, provided ptr: 0 size: 0
MIOpen(HIP): Warning [IsEnoughWorkspace] [GetSolutionsFallback AI] Solver <GemmFwdRest>, workspace required: 116981760, provided ptr: 0x73e871200000 size: 33882112
MIOpen(HIP): Warning [IsEnoughWorkspace] [GetSolutionsFallback AI] Solver <ConvHipImplicitGemmGroupFwdXdlops>, workspace required: 33488896, provided ptr: 0x73e871200000 size: 33423360
MIOpen(HIP): Warning [IsEnoughWorkspace] [GetSolutionsFallback WTI] Solver <ConvAsmImplicitGemmGTCDynamicBwdXdlopsNHWC>, workspace required: 33554432, provided ptr: 0x73e86c5e0000 size: 33423360
MIOpen(HIP): Warning [IsEnoughWorkspace] [GetSolutionsFallback WTI] Solver <ConvHipImplicitGemmGroupBwdXdlops>, workspace required: 33554432, provided ptr: 0x73e86c5e0000 size: 33423360
MIOpen(HIP): Warning [IsEnoughWorkspace] [GetSolutionsFallback AI] Solver <GemmFwdRest>, workspace required: 116981760, provided ptr: 0x73e871200000 size: 33538048
MIOpen(HIP): Warning [IsEnoughWorkspace] [GetSolutionsFallback AI] Solver <ConvHipImplicitGemmGroupFwdXdlops>, workspace required: 33439744, provided ptr: 0x73e871200000 size: 33423360
MIOpen(HIP): Warning [IsEnoughWorkspace] [GetSolutionsFallback AI] Solver <GemmFwdRest>, workspace required: 175472640, provided ptr: 0x73e8729e8000 size: 50163712
MIOpen(HIP): Warning [IsEnoughWorkspace] [GetSolutionsFallback AI] Solver <ConvHipImplicitGemmGroupFwdXdlops>, workspace required: 50139136, provided ptr: 0x73e8741d0000 size: 50135040
MIOpen(HIP): Warning [IsEnoughWorkspace] [GetSolutionsFallback AI] Solver <ConvHipImplicitGemmGroupFwdXdlops>, workspace required: 25851904, provided ptr: 0x73e86bde8000 size: 25068544
MIOpen(HIP): Warning [IsEnoughWorkspace] [GetSolutionsFallback AI] Solver <GemmFwdRest>, workspace required: 175472640, provided ptr: 0x73e86bde8000 size: 25068544
MIOpen(HIP): Warning [IsEnoughWorkspace] [GetSolutionsFallback AI] Solver <ConvHipImplicitGemmGroupFwdXdlops>, workspace required: 9091072, provided ptr: 0x73e780cc0000 size: 2451456
MIOpen(HIP): Warning [IsEnoughWorkspace] [GetSolutionsFallback AI] Solver <ConvAsmImplicitGemmGTCDynamicFwdXdlopsNHWC>, workspace required: 9091072, provided ptr: 0x73e780cc0000 size: 2451456
MIOpen(HIP): Warning [IsEnoughWorkspace] [GetSolutionsFallback WTI] Solver <ConvAsmImplicitGemmGTCDynamicBwdXdlopsNHWC>, workspace required: 40558592, provided ptr: 0x73e913cc0000 size: 11206656
MIOpen(HIP): Warning [IsEnoughWorkspace] [GetSolutionsFallback WTI] Solver <ConvHipImplicitGemmGroupBwdXdlops>, workspace required: 40558592, provided ptr: 0x73e913cc0000 size: 11206656
MIOpen(HIP): Warning [IsEnoughWorkspace] [GetSolutionsFallback AI] Solver <GemmFwdRest>, workspace required: 39223296, provided ptr: 0x73e86a600000 size: 18546688
MIOpen(HIP): Warning [IsEnoughWorkspace] [GetSolutionsFallback AI] Solver <GemmFwdRest>, workspace required: 98058240, provided ptr: 0x73e86c0b8000 size: 29851648
MIOpen(HIP): Warning [IsEnoughWorkspace] [GetSolutionsFallback AI] Solver <ConvHipImplicitGemmGroupFwdXdlops>, workspace required: 28278784, provided ptr: 0x73e86ce14000 size: 28016640
MIOpen(HIP): Warning [IsEnoughWorkspace] [GetSolutionsFallback AI] Solver <GemmFwdRest>, workspace required: 196116480, provided ptr: 0x73e872cb8000 size: 56492032
MIOpen(HIP): Warning [IsEnoughWorkspace] [GetSolutionsFallback AI] Solver <ConvHipImplicitGemmGroupFwdXdlops>, workspace required: 56098816, provided ptr: 0x73e874770000 size: 56033280
MIOpen(HIP): Warning [IsEnoughWorkspace] [GetSolutionsFallback WTI] Solver <ConvAsmImplicitGemmGTCDynamicBwdXdlopsNHWC>, workspace required: 56164352, provided ptr: 0x73e872cb8000 size: 56033280
MIOpen(HIP): Warning [IsEnoughWorkspace] [GetSolutionsFallback WTI] Solver <ConvHipImplicitGemmGroupBwdXdlops>, workspace required: 56164352, provided ptr: 0x73e872cb8000 size: 56033280
MIOpen(HIP): Warning [IsEnoughWorkspace] [GetSolutionsFallback AI] Solver <GemmFwdRest>, workspace required: 196116480, provided ptr: 0x73e874770000 size: 56147968
MIOpen(HIP): Warning [IsEnoughWorkspace] [GetSolutionsFallback AI] Solver <ConvHipImplicitGemmGroupFwdXdlops>, workspace required: 56049664, provided ptr: 0x73e876228000 size: 56033280
MIOpen(HIP): Warning [IsEnoughWorkspace] [GetSolutionsFallback AI] Solver <GemmFwdRest>, workspace required: 294174720, provided ptr: 0x73e876228000 size: 84078592
MIOpen(HIP): Warning [IsEnoughWorkspace] [GetSolutionsFallback AI] Solver <ConvHipImplicitGemmGroupFwdXdlops>, workspace required: 84054016, provided ptr: 0x73e878a3c000 size: 84049920
MIOpen(HIP): Warning [IsEnoughWorkspace] [GetSolutionsFallback AI] Solver <ConvHipImplicitGemmGroupFwdXdlops>, workspace required: 43339264, provided ptr: 0x73e86a600000 size: 42025984
MIOpen(HIP): Warning [IsEnoughWorkspace] [GetSolutionsFallback AI] Solver <GemmFwdRest>, workspace required: 294174720, provided ptr: 0x73e86a600000 size: 42025984
MIOpen(HIP): Warning [IsEnoughWorkspace] [GetSolutionsFallback AI] Solver <ConvHipImplicitGemmGroupFwdXdlops>, workspace required: 8517632, provided ptr: 0x73e780cc0000 size: 1648640
MIOpen(HIP): Warning [IsEnoughWorkspace] [GetSolutionsFallback AI] Solver <ConvAsmImplicitGemmGTCDynamicFwdXdlopsNHWC>, workspace required: 8517632, provided ptr: 0x73e780cc0000 size: 1648640
MIOpen(HIP): Warning [IsEnoughWorkspace] [GetSolutionsFallback WTI] Solver <ConvAsmImplicitGemmGTCDynamicBwdXdlopsNHWC>, workspace required: 38264832, provided ptr: 0x73e845c00000 size: 7536640
MIOpen(HIP): Warning [IsEnoughWorkspace] [GetSolutionsFallback WTI] Solver <ConvHipImplicitGemmGroupBwdXdlops>, workspace required: 38264832, provided ptr: 0x73e845c00000 size: 7536640
MIOpen(HIP): Warning [IsEnoughWorkspace] [GetSolutionsFallback AI] Solver <GemmFwdRest>, workspace required: 26378240, provided ptr: 0x73e913cc0000 size: 14876672
MIOpen(HIP): Warning [IsEnoughWorkspace] [GetSolutionsFallback AI] Solver <GemmFwdRest>, workspace required: 65945600, provided ptr: 0x73e86a600000 size: 20676608
MIOpen(HIP): Warning [IsEnoughWorkspace] [GetSolutionsFallback AI] Solver <ConvHipImplicitGemmGroupFwdXdlops>, workspace required: 19103744, provided ptr: 0x73e86aefc000 size: 18841600
MIOpen(HIP): Warning [IsEnoughWorkspace] [GetSolutionsFallback AI] Solver <GemmFwdRest>, workspace required: 131891200, provided ptr: 0x73e871200000 size: 38141952
MIOpen(HIP): Warning [IsEnoughWorkspace] [GetSolutionsFallback AI] Solver <ConvHipImplicitGemmGroupFwdXdlops>, workspace required: 37748736, provided ptr: 0x73e871200000 size: 37683200
MIOpen(HIP): Warning [IsEnoughWorkspace] [GetSolutionsFallback WTI] Solver <ConvAsmImplicitGemmGTCDynamicBwdXdlopsNHWC>, workspace required: 37814272, provided ptr: 0x73e86c9f0000 size: 37683200
MIOpen(HIP): Warning [IsEnoughWorkspace] [GetSolutionsFallback WTI] Solver <ConvHipImplicitGemmGroupBwdXdlops>, workspace required: 37814272, provided ptr: 0x73e86c9f0000 size: 37683200
MIOpen(HIP): Warning [IsEnoughWorkspace] [GetSolutionsFallback AI] Solver <GemmFwdRest>, workspace required: 131891200, provided ptr: 0x73e871200000 size: 37797888
MIOpen(HIP): Warning [IsEnoughWorkspace] [GetSolutionsFallback AI] Solver <ConvHipImplicitGemmGroupFwdXdlops>, workspace required: 37699584, provided ptr: 0x73e871200000 size: 37683200
MIOpen(HIP): Warning [IsEnoughWorkspace] [GetSolutionsFallback AI] Solver <GemmFwdRest>, workspace required: 197836800, provided ptr: 0x73e872cf4000 size: 56553472
MIOpen(HIP): Warning [IsEnoughWorkspace] [GetSolutionsFallback AI] Solver <ConvHipImplicitGemmGroupFwdXdlops>, workspace required: 56528896, provided ptr: 0x73e8747e8000 size: 56524800
MIOpen(HIP): Warning [IsEnoughWorkspace] [GetSolutionsFallback AI] Solver <ConvHipImplicitGemmGroupFwdXdlops>, workspace required: 29146624, provided ptr: 0x73e86c0f4000 size: 28263424
MIOpen(HIP): Warning [IsEnoughWorkspace] [GetSolutionsFallback AI] Solver <GemmFwdRest>, workspace required: 197836800, provided ptr: 0x73e86c0f4000 size: 28263424
MIOpen(HIP): Warning [IsEnoughWorkspace] [GetSolutionsFallback AI] Solver <ConvHipImplicitGemmGroupFwdXdlops>, workspace required: 8758272, provided ptr: 0x73e780cc0000 size: 1985536
MIOpen(HIP): Warning [IsEnoughWorkspace] [GetSolutionsFallback AI] Solver <ConvAsmImplicitGemmGTCDynamicFwdXdlopsNHWC>, workspace required: 8758272, provided ptr: 0x73e780cc0000 size: 1985536
MIOpen(HIP): Warning [IsEnoughWorkspace] [GetSolutionsFallback WTI] Solver <ConvAsmImplicitGemmGTCDynamicBwdXdlopsNHWC>, workspace required: 39227392, provided ptr: 0x73e845c00000 size: 9076736
MIOpen(HIP): Warning [IsEnoughWorkspace] [GetSolutionsFallback WTI] Solver <ConvHipImplicitGemmGroupBwdXdlops>, workspace required: 39227392, provided ptr: 0x73e845c00000 size: 9076736
MIOpen(HIP): Warning [IsEnoughWorkspace] [GetSolutionsFallback AI] Solver <GemmFwdRest>, workspace required: 31768576, provided ptr: 0x73e913cc0000 size: 16416768
MIOpen(HIP): Warning [IsEnoughWorkspace] [GetSolutionsFallback AI] Solver <GemmFwdRest>, workspace required: 79421440, provided ptr: 0x73e86bba4000 size: 24526848
MIOpen(HIP): Warning [IsEnoughWorkspace] [GetSolutionsFallback AI] Solver <ConvHipImplicitGemmGroupFwdXdlops>, workspace required: 22953984, provided ptr: 0x73e86c676000 size: 22691840
MIOpen(HIP): Warning [IsEnoughWorkspace] [GetSolutionsFallback AI] Solver <GemmFwdRest>, workspace required: 158842880, provided ptr: 0x73e871200000 size: 45842432
MIOpen(HIP): Warning [IsEnoughWorkspace] [GetSolutionsFallback AI] Solver <ConvHipImplicitGemmGroupFwdXdlops>, workspace required: 45449216, provided ptr: 0x73e8727a4000 size: 45383680
MIOpen(HIP): Warning [IsEnoughWorkspace] [GetSolutionsFallback WTI] Solver <ConvAsmImplicitGemmGTCDynamicBwdXdlopsNHWC>, workspace required: 45514752, provided ptr: 0x73e871200000 size: 45383680
MIOpen(HIP): Warning [IsEnoughWorkspace] [GetSolutionsFallback WTI] Solver <ConvHipImplicitGemmGroupBwdXdlops>, workspace required: 45514752, provided ptr: 0x73e871200000 size: 45383680
MIOpen(HIP): Warning [IsEnoughWorkspace] [GetSolutionsFallback AI] Solver <GemmFwdRest>, workspace required: 158842880, provided ptr: 0x73e8727a4000 size: 45498368
MIOpen(HIP): Warning [IsEnoughWorkspace] [GetSolutionsFallback AI] Solver <ConvHipImplicitGemmGroupFwdXdlops>, workspace required: 45400064, provided ptr: 0x73e873d48000 size: 45383680
MIOpen(HIP): Warning [IsEnoughWorkspace] [GetSolutionsFallback AI] Solver <GemmFwdRest>, workspace required: 238264320, provided ptr: 0x73e876890000 size: 68104192
MIOpen(HIP): Warning [IsEnoughWorkspace] [GetSolutionsFallback AI] Solver <ConvHipImplicitGemmGroupFwdXdlops>, workspace required: 68079616, provided ptr: 0x73e878906000 size: 68075520
MIOpen(HIP): Warning [IsEnoughWorkspace] [GetSolutionsFallback AI] Solver <ConvHipImplicitGemmGroupFwdXdlops>, workspace required: 35102464, provided ptr: 0x73e86c676000 size: 34038784
MIOpen(HIP): Warning [IsEnoughWorkspace] [GetSolutionsFallback AI] Solver <GemmFwdRest>, workspace required: 238264320, provided ptr: 0x73e86c676000 size: 34038784
[0;36m(APIServer pid=73252)[0;0m [32mINFO[0m [90m10-07 15:26:15[0m [90m[stats.py:902][0m [OmniTiming] req=speech-8591684574bc6fec-9c9804a3 total=6.36s engine=6.36s stages=[0:6.36s]
INFO:     127.0.0.1:34026 - "POST /v1/audio/speech HTTP/1.1" 200 OK
[0;36m(APIServer pid=73252)[0;0m [32mINFO[0m [90m10-07 15:26:15[0m [90m[serving_speech.py:2423][0m Diffusion TTS speech request speech-b01caaa3d5e1d5be: voice_clone=False
[0;36m(APIServer pid=73252)[0;0m [32mINFO[0m [90m10-07 15:26:15[0m [90m[serving_speech.py:2471][0m Applied diffusion speech params: seed=42 extra_params={}
[0;36m(APIServer pid=73252)[0;0m [32mINFO[0m [90m10-07 15:26:15[0m [90m[diffusion_engine.py:764][0m [RequestBatch] admission wait done waiting=1 max_batch=8 waited_ms=2.1
MIOpen(HIP): Warning [IsEnoughWorkspace] [GetSolutionsFallback AI] Solver <ConvHipImplicitGemmGroupFwdXdlops>, workspace required: 7923712, provided ptr: 0x73e7e9e00000 size: 817152
MIOpen(HIP): Warning [IsEnoughWorkspace] [GetSolutionsFallback AI] Solver <ConvAsmImplicitGemmGTCDynamicFwdXdlopsNHWC>, workspace required: 7923712, provided ptr: 0x73e7e9e00000 size: 817152
MIOpen(HIP): Warning [IsEnoughWorkspace] [GetSolutionsFallback WTI] Solver <ConvAsmImplicitGemmGTCDynamicBwdXdlopsNHWC>, workspace required: 35889152, provided ptr: 0x73e784400000 size: 3735552
MIOpen(HIP): Warning [IsEnoughWorkspace] [GetSolutionsFallback WTI] Solver <ConvHipImplicitGemmGroupBwdXdlops>, workspace required: 35889152, provided ptr: 0x73e784400000 size: 3735552
MIOpen(HIP): Warning [IsEnoughWorkspace] [GetSolutionsFallback WTI] Solver <ConvAsmImplicitGemmGTCDynamicBwdXdlopsNHWC>, workspace required: 11780096, provided ptr: 0x73e846074000 size: 9338880
MIOpen(HIP): Warning [IsEnoughWorkspace] [GetSolutionsFallback WTI] Solver <ConvHipImplicitGemmGroupBwdXdlops>, workspace required: 11780096, provided ptr: 0x73e846074000 size: 9338880
MIOpen(HIP): Warning [IsEnoughWorkspace] [GetSolutionsFallback AI] Solver <GemmFwdRest>, workspace required: 32686080, provided ptr: 0x73e913cc0000 size: 11173888
MIOpen(HIP): Warning [IsEnoughWorkspace] [GetSolutionsFallback AI] Solver <ConvHipImplicitGemmGroupFwdXdlops>, workspace required: 9601024, provided ptr: 0x73e914134000 size: 9338880
MIOpen(HIP): Warning [IsEnoughWorkspace] [GetSolutionsFallback AI] Solver <GemmFwdRest>, workspace required: 65372160, provided ptr: 0x73e86aee8000 size: 19136512
MIOpen(HIP): Warning [IsEnoughWorkspace] [GetSolutionsFallback AI] Solver <ConvHipImplicitGemmGroupFwdXdlops>, workspace required: 18743296, provided ptr: 0x73e86b7d0000 size: 18677760
MIOpen(HIP): Warning [IsEnoughWorkspace] [GetSolutionsFallback WTI] Solver <ConvAsmImplicitGemmGTCDynamicBwdXdlopsNHWC>, workspace required: 18808832, provided ptr: 0x73e86aee8000 size: 18677760
MIOpen(HIP): Warning [IsEnoughWorkspace] [GetSolutionsFallback WTI] Solver <ConvHipImplicitGemmGroupBwdXdlops>, workspace required: 18808832, provided ptr: 0x73e86aee8000 size: 18677760
MIOpen(HIP): Warning [IsEnoughWorkspace] [GetSolutionsFallback AI] Solver <GemmFwdRest>, workspace required: 65372160, provided ptr: 0x73e86aee8000 size: 18792448
MIOpen(HIP): Warning [IsEnoughWorkspace] [GetSolutionsFallback AI] Solver <ConvHipImplicitGemmGroupFwdXdlops>, workspace required: 18694144, provided ptr: 0x73e86b7d0000 size: 18677760
MIOpen(HIP): Warning [IsEnoughWorkspace] [GetSolutionsFallback AI] Solver <GemmFwdRest>, workspace required: 98058240, provided ptr: 0x73e86c0b8000 size: 28045312
MIOpen(HIP): Warning [IsEnoughWorkspace] [GetSolutionsFallback AI] Solver <ConvHipImplicitGemmGroupFwdXdlops>, workspace required: 28020736, provided ptr: 0x73e86ce14000 size: 28016640
MIOpen(HIP): Warning [IsEnoughWorkspace] [GetSolutionsFallback AI] Solver <ConvHipImplicitGemmGroupFwdXdlops>, workspace required: 14447104, provided ptr: 0x73e913cc0000 size: 14009344
MIOpen(HIP): Warning [IsEnoughWorkspace] [GetSolutionsFallback AI] Solver <GemmFwdRest>, workspace required: 98058240, provided ptr: 0x73e913cc0000 size: 14009344
MIOpen(HIP): Warning [IsEnoughWorkspace] [GetSolutionsFallback AI] Solver <ConvHipImplicitGemmGroupFwdXdlops>, workspace required: 7944192, provided ptr: 0x73e7e9e00000 size: 845824
MIOpen(HIP): Warning [IsEnoughWorkspace] [GetSolutionsFallback AI] Solver <ConvAsmImplicitGemmGTCDynamicFwdXdlopsNHWC>, workspace required: 7944192, provided ptr: 0x73e7e9e00000 size: 845824
MIOpen(HIP): Warning [IsEnoughWorkspace] [GetSolutionsFallback WTI] Solver <ConvAsmImplicitGemmGTCDynamicBwdXdlopsNHWC>, workspace required: 35971072, provided ptr: 0x73e784400000 size: 3866624
MIOpen(HIP): Warning [IsEnoughWorkspace] [GetSolutionsFallback WTI] Solver <ConvHipImplicitGemmGroupBwdXdlops>, workspace required: 35971072, provided ptr: 0x73e784400000 size: 3866624
MIOpen(HIP): Warning [IsEnoughWorkspace] [GetSolutionsFallback AI] Solver <GemmFwdRest>, workspace required: 13533184, provided ptr: 0x73e845c00000 size: 11206656
MIOpen(HIP): Warning [IsEnoughWorkspace] [GetSolutionsFallback WTI] Solver <ConvAsmImplicitGemmGTCDynamicBwdXdlopsNHWC>, workspace required: 12009472, provided ptr: 0x73e84609c000 size: 9666560
MIOpen(HIP): Warning [IsEnoughWorkspace] [GetSolutionsFallback WTI] Solver <ConvHipImplicitGemmGroupBwdXdlops>, workspace required: 12009472, provided ptr: 0x73e84609c000 size: 9666560
MIOpen(HIP): Warning [IsEnoughWorkspace] [GetSolutionsFallback AI] Solver <GemmFwdRest>, workspace required: 33832960, provided ptr: 0x73e913cc0000 size: 11501568
MIOpen(HIP): Warning [IsEnoughWorkspace] [GetSolutionsFallback AI] Solver <ConvHipImplicitGemmGroupFwdXdlops>, workspace required: 9928704, provided ptr: 0x73e91415c000 size: 9666560
MIOpen(HIP): Warning [IsEnoughWorkspace] [GetSolutionsFallback AI] Solver <GemmFwdRest>, workspace required: 67665920, provided ptr: 0x73e86af38000 size: 19791872
MIOpen(HIP): Warning [IsEnoughWorkspace] [GetSolutionsFallback AI] Solver <ConvHipImplicitGemmGroupFwdXdlops>, workspace required: 19398656, provided ptr: 0x73e86b870000 size: 19333120
MIOpen(HIP): Warning [IsEnoughWorkspace] [GetSolutionsFallback WTI] Solver <ConvAsmImplicitGemmGTCDynamicBwdXdlopsNHWC>, workspace required: 19464192, provided ptr: 0x73e86af38000 size: 19333120
MIOpen(HIP): Warning [IsEnoughWorkspace] [GetSolutionsFallback WTI] Solver <ConvHipImplicitGemmGroupBwdXdlops>, workspace required: 19464192, provided ptr: 0x73e86af38000 size: 19333120
MIOpen(HIP): Warning [IsEnoughWorkspace] [GetSolutionsFallback AI] Solver <GemmFwdRest>, workspace required: 67665920, provided ptr: 0x73e86af38000 size: 19447808
MIOpen(HIP): Warning [IsEnoughWorkspace] [GetSolutionsFallback AI] Solver <ConvHipImplicitGemmGroupFwdXdlops>, workspace required: 19349504, provided ptr: 0x73e86b870000 size: 19333120
MIOpen(HIP): Warning [IsEnoughWorkspace] [GetSolutionsFallback AI] Solver <GemmFwdRest>, workspace required: 101498880, provided ptr: 0x73e86c1a8000 size: 29028352
MIOpen(HIP): Warning [IsEnoughWorkspace] [GetSolutionsFallback AI] Solver <ConvHipImplicitGemmGroupFwdXdlops>, workspace required: 29003776, provided ptr: 0x73e86cf7c000 size: 28999680
MIOpen(HIP): Warning [IsEnoughWorkspace] [GetSolutionsFallback AI] Solver <ConvHipImplicitGemmGroupFwdXdlops>, workspace required: 14953984, provided ptr: 0x73e913cc0000 size: 14500864
MIOpen(HIP): Warning [IsEnoughWorkspace] [GetSolutionsFallback AI] Solver <GemmFwdRest>, workspace required: 101498880, provided ptr: 0x73e913cc0000 size: 14500864
MIOpen(HIP): Warning [IsEnoughWorkspace] [GetSolutionsFallback AI] Solver <ConvHipImplicitGemmGroupFwdXdlops>, workspace required: 8584192, provided ptr: 0x73e780cc0000 size: 1741824
MIOpen(HIP): Warning [IsEnoughWorkspace] [GetSolutionsFallback AI] Solver <ConvAsmImplicitGemmGTCDynamicFwdXdlopsNHWC>, workspace required: 8584192, provided ptr: 0x73e780cc0000 size: 1741824
MIOpen(HIP): Warning [IsEnoughWorkspace] [GetSolutionsFallback WTI] Solver <ConvAsmImplicitGemmGTCDynamicBwdXdlopsNHWC>, workspace required: 38531072, provided ptr: 0x73e845c00000 size: 7962624
MIOpen(HIP): Warning [IsEnoughWorkspace] [GetSolutionsFallback WTI] Solver <ConvHipImplicitGemmGroupBwdXdlops>, workspace required: 38531072, provided ptr: 0x73e845c00000 size: 7962624
MIOpen(HIP): Warning [IsEnoughWorkspace] [GetSolutionsFallback AI] Solver <GemmFwdRest>, workspace required: 27869184, provided ptr: 0x73e913cc0000 size: 15302656
MIOpen(HIP): Warning [IsEnoughWorkspace] [GetSolutionsFallback AI] Solver <GemmFwdRest>, workspace required: 69672960, provided ptr: 0x73e86a600000 size: 21741568
MIOpen(HIP): Warning [IsEnoughWorkspace] [GetSolutionsFallback AI] Solver <ConvHipImplicitGemmGroupFwdXdlops>, workspace required: 20168704, provided ptr: 0x73e86af7e000 size: 19906560
MIOpen(HIP): Warning [IsEnoughWorkspace] [GetSolutionsFallback AI] Solver <GemmFwdRest>, workspace required: 139345920, provided ptr: 0x73e871200000 size: 40271872
MIOpen(HIP): Warning [IsEnoughWorkspace] [GetSolutionsFallback AI] Solver <ConvHipImplicitGemmGroupFwdXdlops>, workspace required: 39878656, provided ptr: 0x73e871200000 size: 39813120
MIOpen(HIP): Warning [IsEnoughWorkspace] [GetSolutionsFallback WTI] Solver <ConvAsmImplicitGemmGTCDynamicBwdXdlopsNHWC>, workspace required: 39944192, provided ptr: 0x73e86cbf8000 size: 39813120
MIOpen(HIP): Warning [IsEnoughWorkspace] [GetSolutionsFallback WTI] Solver <ConvHipImplicitGemmGroupBwdXdlops>, workspace required: 39944192, provided ptr: 0x73e86cbf8000 size: 39813120
MIOpen(HIP): Warning [IsEnoughWorkspace] [GetSolutionsFallback AI] Solver <GemmFwdRest>, workspace required: 139345920, provided ptr: 0x73e871200000 size: 39927808
MIOpen(HIP): Warning [IsEnoughWorkspace] [GetSolutionsFallback AI] Solver <ConvHipImplicitGemmGroupFwdXdlops>, workspace required: 39829504, provided ptr: 0x73e871200000 size: 39813120
MIOpen(HIP): Warning [IsEnoughWorkspace] [GetSolutionsFallback AI] Solver <GemmFwdRest>, workspace required: 209018880, provided ptr: 0x73e872e7a000 size: 59748352
MIOpen(HIP): Warning [IsEnoughWorkspace] [GetSolutionsFallback AI] Solver <ConvHipImplicitGemmGroupFwdXdlops>, workspace required: 59723776, provided ptr: 0x73e874af4000 size: 59719680
MIOpen(HIP): Warning [IsEnoughWorkspace] [GetSolutionsFallback AI] Solver <ConvHipImplicitGemmGroupFwdXdlops>, workspace required: 30793984, provided ptr: 0x73e86c27a000 size: 29860864
MIOpen(HIP): Warning [IsEnoughWorkspace] [GetSolutionsFallback AI] Solver <GemmFwdRest>, workspace required: 209018880, provided ptr: 0x73e86c27a000 size: 29860864
MIOpen(HIP): Warning [IsEnoughWorkspace] [GetSolutionsFallback AI] Solver <ConvHipImplicitGemmGroupFwdXdlops>, workspace required: 8614912, provided ptr: 0x73e780cc0000 size: 1784832
MIOpen(HIP): Warning [IsEnoughWorkspace] [GetSolutionsFallback AI] Solver <ConvAsmImplicitGemmGTCDynamicFwdXdlopsNHWC>, workspace required: 8614912, provided ptr: 0x73e780cc0000 size: 1784832
MIOpen(HIP): Warning [IsEnoughWorkspace] [GetSolutionsFallback WTI] Solver <ConvAsmImplicitGemmGTCDynamicBwdXdlopsNHWC>, workspace required: 38653952, provided ptr: 0x73e845c00000 size: 8159232
MIOpen(HIP): Warning [IsEnoughWorkspace] [GetSolutionsFallback WTI] Solver <ConvHipImplicitGemmGroupBwdXdlops>, workspace required: 38653952, provided ptr: 0x73e845c00000 size: 8159232
MIOpen(HIP): Warning [IsEnoughWorkspace] [GetSolutionsFallback AI] Solver <GemmFwdRest>, workspace required: 28557312, provided ptr: 0x73e913cc0000 size: 15499264
MIOpen(HIP): Warning [IsEnoughWorkspace] [GetSolutionsFallback AI] Solver <GemmFwdRest>, workspace required: 71393280, provided ptr: 0x73e86a600000 size: 22233088
MIOpen(HIP): Warning [IsEnoughWorkspace] [GetSolutionsFallback AI] Solver <ConvHipImplicitGemmGroupFwdXdlops>, workspace required: 20660224, provided ptr: 0x73e86afba000 size: 20398080
MIOpen(HIP): Warning [IsEnoughWorkspace] [GetSolutionsFallback AI] Solver <GemmFwdRest>, workspace required: 142786560, provided ptr: 0x73e871200000 size: 41254912
MIOpen(HIP): Warning [IsEnoughWorkspace] [GetSolutionsFallback AI] Solver <ConvHipImplicitGemmGroupFwdXdlops>, workspace required: 40861696, provided ptr: 0x73e872574000 size: 40796160
MIOpen(HIP): Warning [IsEnoughWorkspace] [GetSolutionsFallback WTI] Solver <ConvAsmImplicitGemmGTCDynamicBwdXdlopsNHWC>, workspace required: 40927232, provided ptr: 0x73e871200000 size: 40796160
MIOpen(HIP): Warning [IsEnoughWorkspace] [GetSolutionsFallback WTI] Solver <ConvHipImplicitGemmGroupBwdXdlops>, workspace required: 40927232, provided ptr: 0x73e871200000 size: 40796160
MIOpen(HIP): Warning [IsEnoughWorkspace] [GetSolutionsFallback AI] Solver <GemmFwdRest>, workspace required: 142786560, provided ptr: 0x73e871200000 size: 40910848
MIOpen(HIP): Warning [IsEnoughWorkspace] [GetSolutionsFallback AI] Solver <ConvHipImplicitGemmGroupFwdXdlops>, workspace required: 40812544, provided ptr: 0x73e872574000 size: 40796160
MIOpen(HIP): Warning [IsEnoughWorkspace] [GetSolutionsFallback AI] Solver <GemmFwdRest>, workspace required: 214179840, provided ptr: 0x73e874c5c000 size: 61222912
MIOpen(HIP): Warning [IsEnoughWorkspace] [GetSolutionsFallback AI] Solver <ConvHipImplicitGemmGroupFwdXdlops>, workspace required: 61198336, provided ptr: 0x73e87698a000 size: 61194240
MIOpen(HIP): Warning [IsEnoughWorkspace] [GetSolutionsFallback AI] Solver <ConvHipImplicitGemmGroupFwdXdlops>, workspace required: 31554304, provided ptr: 0x73e86c32e000 size: 30598144
MIOpen(HIP): Warning [IsEnoughWorkspace] [GetSolutionsFallback AI] Solver <GemmFwdRest>, workspace required: 214179840, provided ptr: 0x73e86c32e000 size: 30598144
MIOpen(HIP): Warning [IsEnoughWorkspace] [GetSolutionsFallback AI] Solver <ConvHipImplicitGemmGroupFwdXdlops>, workspace required: 8988672, provided ptr: 0x73e780cc0000 size: 2308096
MIOpen(HIP): Warning [IsEnoughWorkspace] [GetSolutionsFallback AI] Solver <ConvAsmImplicitGemmGTCDynamicFwdXdlopsNHWC>, workspace required: 8988672, provided ptr: 0x73e780cc0000 size: 2308096
MIOpen(HIP): Warning [IsEnoughWorkspace] [GetSolutionsFallback WTI] Solver <ConvAsmImplicitGemmGTCDynamicBwdXdlopsNHWC>, workspace required: 40148992, provided ptr: 0x73e913cc0000 size: 10551296
MIOpen(HIP): Warning [IsEnoughWorkspace] [GetSolutionsFallback WTI] Solver <ConvHipImplicitGemmGroupBwdXdlops>, workspace required: 40148992, provided ptr: 0x73e913cc0000 size: 10551296
MIOpen(HIP): Warning [IsEnoughWorkspace] [GetSolutionsFallback AI] Solver <GemmFwdRest>, workspace required: 36929536, provided ptr: 0x73e86a600000 size: 17891328
MIOpen(HIP): Warning [IsEnoughWorkspace] [GetSolutionsFallback AI] Solver <GemmFwdRest>, workspace required: 92323840, provided ptr: 0x73e86b294000 size: 28213248
MIOpen(HIP): Warning [IsEnoughWorkspace] [GetSolutionsFallback AI] Solver <ConvHipImplicitGemmGroupFwdXdlops>, workspace required: 26640384, provided ptr: 0x73e86bf28000 size: 26378240
MIOpen(HIP): Warning [IsEnoughWorkspace] [GetSolutionsFallback AI] Solver <GemmFwdRest>, workspace required: 184647680, provided ptr: 0x73e872b28000 size: 53215232
MIOpen(HIP): Warning [IsEnoughWorkspace] [GetSolutionsFallback AI] Solver <ConvHipImplicitGemmGroupFwdXdlops>, workspace required: 52822016, provided ptr: 0x73e874450000 size: 52756480
MIOpen(HIP): Warning [IsEnoughWorkspace] [GetSolutionsFallback WTI] Solver <ConvAsmImplicitGemmGTCDynamicBwdXdlopsNHWC>, workspace required: 52887552, provided ptr: 0x73e872b28000 size: 52756480
MIOpen(HIP): Warning [IsEnoughWorkspace] [GetSolutionsFallback WTI] Solver <ConvHipImplicitGemmGroupBwdXdlops>, workspace required: 52887552, provided ptr: 0x73e872b28000 size: 52756480
MIOpen(HIP): Warning [IsEnoughWorkspace] [GetSolutionsFallback AI] Solver <GemmFwdRest>, workspace required: 184647680, provided ptr: 0x73e872b28000 size: 52871168
MIOpen(HIP): Warning [IsEnoughWorkspace] [GetSolutionsFallback AI] Solver <ConvHipImplicitGemmGroupFwdXdlops>, workspace required: 52772864, provided ptr: 0x73e874450000 size: 52756480
MIOpen(HIP): Warning [IsEnoughWorkspace] [GetSolutionsFallback AI] Solver <GemmFwdRest>, workspace required: 276971520, provided ptr: 0x73e875d78000 size: 79163392
MIOpen(HIP): Warning [IsEnoughWorkspace] [GetSolutionsFallback AI] Solver <ConvHipImplicitGemmGroupFwdXdlops>, workspace required: 79138816, provided ptr: 0x73e878334000 size: 79134720
MIOpen(HIP): Warning [IsEnoughWorkspace] [GetSolutionsFallback AI] Solver <ConvHipImplicitGemmGroupFwdXdlops>, workspace required: 40804864, provided ptr: 0x73e86a600000 size: 39568384
MIOpen(HIP): Warning [IsEnoughWorkspace] [GetSolutionsFallback AI] Solver <GemmFwdRest>, workspace required: 276971520, provided ptr: 0x73e86a600000 size: 39568384
MIOpen(HIP): Warning [IsEnoughWorkspace] [GetSolutionsFallback AI] Solver <ConvHipImplicitGemmGroupFwdXdlops>, workspace required: 8788992, provided ptr: 0x73e780cc0000 size: 2028544
MIOpen(HIP): Warning [IsEnoughWorkspace] [GetSolutionsFallback AI] Solver <ConvAsmImplicitGemmGTCDynamicFwdXdlopsNHWC>, workspace required: 8788992, provided ptr: 0x73e780cc0000 size: 2028544
MIOpen(HIP): Warning [IsEnoughWorkspace] [GetSolutionsFallback WTI] Solver <ConvAsmImplicitGemmGTCDynamicBwdXdlopsNHWC>, workspace required: 39350272, provided ptr: 0x73e845c00000 size: 9273344
MIOpen(HIP): Warning [IsEnoughWorkspace] [GetSolutionsFallback WTI] Solver <ConvHipImplicitGemmGroupBwdXdlops>, workspace required: 39350272, provided ptr: 0x73e845c00000 size: 9273344
MIOpen(HIP): Warning [IsEnoughWorkspace] [GetSolutionsFallback AI] Solver <GemmFwdRest>, workspace required: 32456704, provided ptr: 0x73e913cc0000 size: 16613376
MIOpen(HIP): Warning [IsEnoughWorkspace] [GetSolutionsFallback AI] Solver <GemmFwdRest>, workspace required: 81141760, provided ptr: 0x73e86bc1c000 size: 25018368
MIOpen(HIP): Warning [IsEnoughWorkspace] [GetSolutionsFallback AI] Solver <ConvHipImplicitGemmGroupFwdXdlops>, workspace required: 23445504, provided ptr: 0x73e86c72a000 size: 23183360
MIOpen(HIP): Warning [IsEnoughWorkspace] [GetSolutionsFallback AI] Solver <GemmFwdRest>, workspace required: 162283520, provided ptr: 0x73e87281c000 size: 46825472
MIOpen(HIP): Warning [IsEnoughWorkspace] [GetSolutionsFallback AI] Solver <ConvHipImplicitGemmGroupFwdXdlops>, workspace required: 46432256, provided ptr: 0x73e873e38000 size: 46366720
MIOpen(HIP): Warning [IsEnoughWorkspace] [GetSolutionsFallback WTI] Solver <ConvAsmImplicitGemmGTCDynamicBwdXdlopsNHWC>, workspace required: 46497792, provided ptr: 0x73e87281c000 size: 46366720
MIOpen(HIP): Warning [IsEnoughWorkspace] [GetSolutionsFallback WTI] Solver <ConvHipImplicitGemmGroupBwdXdlops>, workspace required: 46497792, provided ptr: 0x73e87281c000 size: 46366720
MIOpen(HIP): Warning [IsEnoughWorkspace] [GetSolutionsFallback AI] Solver <GemmFwdRest>, workspace required: 162283520, provided ptr: 0x73e87281c000 size: 46481408
MIOpen(HIP): Warning [IsEnoughWorkspace] [GetSolutionsFallback AI] Solver <ConvHipImplicitGemmGroupFwdXdlops>, workspace required: 46383104, provided ptr: 0x73e873e38000 size: 46366720
MIOpen(HIP): Warning [IsEnoughWorkspace] [GetSolutionsFallback AI] Solver <GemmFwdRest>, workspace required: 243425280, provided ptr: 0x73e875454000 size: 69578752
MIOpen(HIP): Warning [IsEnoughWorkspace] [GetSolutionsFallback AI] Solver <ConvHipImplicitGemmGroupFwdXdlops>, workspace required: 69554176, provided ptr: 0x73e87757e000 size: 69550080
MIOpen(HIP): Warning [IsEnoughWorkspace] [GetSolutionsFallback AI] Solver <ConvHipImplicitGemmGroupFwdXdlops>, workspace required: 35862784, provided ptr: 0x73e86a600000 size: 34776064
MIOpen(HIP): Warning [IsEnoughWorkspace] [GetSolutionsFallback AI] Solver <GemmFwdRest>, workspace required: 243425280, provided ptr: 0x73e86a600000 size: 34776064
MIOpen(HIP): Warning [IsEnoughWorkspace] [GetSolutionsFallback AI] Solver <ConvHipImplicitGemmGroupFwdXdlops>, workspace required: 8189952, provided ptr: 0x73e781c80000 size: 1189888
MIOpen(HIP): Warning [IsEnoughWorkspace] [GetSolutionsFallback AI] Solver <ConvAsmImplicitGemmGTCDynamicFwdXdlopsNHWC>, workspace required: 8189952, provided ptr: 0x73e781c80000 size: 1189888
MIOpen(HIP): Warning [IsEnoughWorkspace] [GetSolutionsFallback WTI] Solver <ConvAsmImplicitGemmGTCDynamicBwdXdlopsNHWC>, workspace required: 36954112, provided ptr: 0x73e845c00000 size: 5439488
MIOpen(HIP): Warning [IsEnoughWorkspace] [GetSolutionsFallback WTI] Solver <ConvHipImplicitGemmGroupBwdXdlops>, workspace required: 36954112, provided ptr: 0x73e845c00000 size: 5439488
MIOpen(HIP): Warning [IsEnoughWorkspace] [GetSolutionsFallback AI] Solver <GemmFwdRest>, workspace required: 19038208, provided ptr: 0x73e913cc0000 size: 12779520
MIOpen(HIP): Warning [IsEnoughWorkspace] [GetSolutionsFallback WTI] Solver <ConvAsmImplicitGemmGTCDynamicBwdXdlopsNHWC>, workspace required: 14761984, provided ptr: 0x73e913cc0000 size: 13598720
MIOpen(HIP): Warning [IsEnoughWorkspace] [GetSolutionsFallback WTI] Solver <ConvHipImplicitGemmGroupBwdXdlops>, workspace required: 14761984, provided ptr: 0x73e913cc0000 size: 13598720
MIOpen(HIP): Warning [IsEnoughWorkspace] [GetSolutionsFallback AI] Solver <GemmFwdRest>, workspace required: 47595520, provided ptr: 0x73e86a600000 size: 15433728
MIOpen(HIP): Warning [IsEnoughWorkspace] [GetSolutionsFallback AI] Solver <ConvAsmImplicitGemmGTCDynamicFwdXdlopsNHWC>, workspace required: 13598720, provided ptr: 0 size: 0
MIOpen(HIP): Warning [IsEnoughWorkspace] [GetSolutionsFallback AI] Solver <ConvHipImplicitGemmGroupFwdXdlops>, workspace required: 13860864, provided ptr: 0 size: 0
MIOpen(HIP): Warning [IsEnoughWorkspace] [GetSolutionsFallback AI] Solver <GemmFwdRest>, workspace required: 95191040, provided ptr: 0x73e86b2f8000 size: 27656192
MIOpen(HIP): Warning [IsEnoughWorkspace] [GetSolutionsFallback AI] Solver <ConvHipImplicitGemmGroupFwdXdlops>, workspace required: 27262976, provided ptr: 0x73e86bff0000 size: 27197440
MIOpen(HIP): Warning [IsEnoughWorkspace] [GetSolutionsFallback WTI] Solver <ConvAsmImplicitGemmGTCDynamicBwdXdlopsNHWC>, workspace required: 27328512, provided ptr: 0x73e86b2f8000 size: 27197440
MIOpen(HIP): Warning [IsEnoughWorkspace] [GetSolutionsFallback WTI] Solver <ConvHipImplicitGemmGroupBwdXdlops>, workspace required: 27328512, provided ptr: 0x73e86b2f8000 size: 27197440
MIOpen(HIP): Warning [IsEnoughWorkspace] [GetSolutionsFallback AI] Solver <GemmFwdRest>, workspace required: 95191040, provided ptr: 0x73e86bff0000 size: 27312128
MIOpen(HIP): Warning [IsEnoughWorkspace] [GetSolutionsFallback AI] Solver <ConvHipImplicitGemmGroupFwdXdlops>, workspace required: 27213824, provided ptr: 0x73e86cce8000 size: 27197440
MIOpen(HIP): Warning [IsEnoughWorkspace] [GetSolutionsFallback AI] Solver <GemmFwdRest>, workspace required: 142786560, provided ptr: 0x73e871200000 size: 40824832
MIOpen(HIP): Warning [IsEnoughWorkspace] [GetSolutionsFallback AI] Solver <ConvHipImplicitGemmGroupFwdXdlops>, workspace required: 40800256, provided ptr: 0x73e872574000 size: 40796160
MIOpen(HIP): Warning [IsEnoughWorkspace] [GetSolutionsFallback AI] Solver <ConvHipImplicitGemmGroupFwdXdlops>, workspace required: 21036544, provided ptr: 0x73e86a600000 size: 20399104
MIOpen(HIP): Warning [IsEnoughWorkspace] [GetSolutionsFallback AI] Solver <GemmFwdRest>, workspace required: 142786560, provided ptr: 0x73e86a600000 size: 20399104
MIOpen(HIP): Warning [IsEnoughWorkspace] [GetSolutionsFallback AI] Solver <ConvHipImplicitGemmGroupFwdXdlops>, workspace required: 8077312, provided ptr: 0x73e7e9e00000 size: 1032192
MIOpen(HIP): Warning [IsEnoughWorkspace] [GetSolutionsFallback AI] Solver <ConvAsmImplicitGemmGTCDynamicFwdXdlopsNHWC>, workspace required: 8077312, provided ptr: 0x73e7e9e00000 size: 1032192
MIOpen(HIP): Warning [IsEnoughWorkspace] [GetSolutionsFallback WTI] Solver <ConvAsmImplicitGemmGTCDynamicBwdXdlopsNHWC>, workspace required: 36503552, provided ptr: 0x73e784400000 size: 4718592
MIOpen(HIP): Warning [IsEnoughWorkspace] [GetSolutionsFallback WTI] Solver <ConvHipImplicitGemmGroupBwdXdlops>, workspace required: 36503552, provided ptr: 0x73e784400000 size: 4718592
MIOpen(HIP): Warning [IsEnoughWorkspace] [GetSolutionsFallback AI] Solver <GemmFwdRest>, workspace required: 16515072, provided ptr: 0x73e845c00000 size: 12058624
MIOpen(HIP): Warning [IsEnoughWorkspace] [GetSolutionsFallback WTI] Solver <ConvAsmImplicitGemmGTCDynamicBwdXdlopsNHWC>, workspace required: 13500416, provided ptr: 0x73e913cc0000 size: 11796480
MIOpen(HIP): Warning [IsEnoughWorkspace] [GetSolutionsFallback WTI] Solver <ConvHipImplicitGemmGroupBwdXdlops>, workspace required: 13500416, provided ptr: 0x73e913cc0000 size: 11796480
MIOpen(HIP): Warning [IsEnoughWorkspace] [GetSolutionsFallback AI] Solver <GemmFwdRest>, workspace required: 41287680, provided ptr: 0x73e914260000 size: 13631488
MIOpen(HIP): Warning [IsEnoughWorkspace] [GetSolutionsFallback AI] Solver <ConvHipImplicitGemmGroupFwdXdlops>, workspace required: 12058624, provided ptr: 0x73e86a600000 size: 11796480
MIOpen(HIP): Warning [IsEnoughWorkspace] [GetSolutionsFallback AI] Solver <GemmFwdRest>, workspace required: 82575360, provided ptr: 0x73e86bc80000 size: 24051712
MIOpen(HIP): Warning [IsEnoughWorkspace] [GetSolutionsFallback AI] Solver <ConvHipImplicitGemmGroupFwdXdlops>, workspace required: 23658496, provided ptr: 0x73e86c7c0000 size: 23592960
MIOpen(HIP): Warning [IsEnoughWorkspace] [GetSolutionsFallback WTI] Solver <ConvAsmImplicitGemmGTCDynamicBwdXdlopsNHWC>, workspace required: 23724032, provided ptr: 0x73e86b140000 size: 23592960
MIOpen(HIP): Warning [IsEnoughWorkspace] [GetSolutionsFallback WTI] Solver <ConvHipImplicitGemmGroupBwdXdlops>, workspace required: 23724032, provided ptr: 0x73e86b140000 size: 23592960
MIOpen(HIP): Warning [IsEnoughWorkspace] [GetSolutionsFallback AI] Solver <GemmFwdRest>, workspace required: 82575360, provided ptr: 0x73e86bc80000 size: 23707648
MIOpen(HIP): Warning [IsEnoughWorkspace] [GetSolutionsFallback AI] Solver <ConvHipImplicitGemmGroupFwdXdlops>, workspace required: 23609344, provided ptr: 0x73e86c7c0000 size: 23592960
MIOpen(HIP): Warning [IsEnoughWorkspace] [GetSolutionsFallback AI] Solver <GemmFwdRest>, workspace required: 123863040, provided ptr: 0x73e871200000 size: 35418112
MIOpen(HIP): Warning [IsEnoughWorkspace] [GetSolutionsFallback AI] Solver <ConvHipImplicitGemmGroupFwdXdlops>, workspace required: 35393536, provided ptr: 0x73e871200000 size: 35389440
MIOpen(HIP): Warning [IsEnoughWorkspace] [GetSolutionsFallback AI] Solver <ConvHipImplicitGemmGroupFwdXdlops>, workspace required: 18248704, provided ptr: 0x73e86a600000 size: 17695744
MIOpen(HIP): Warning [IsEnoughWorkspace] [GetSolutionsFallback AI] Solver <GemmFwdRest>, workspace required: 123863040, provided ptr: 0x73e86a600000 size: 17695744
MIOpen(HIP): Warning [IsEnoughWorkspace] [GetSolutionsFallback AI] Solver <ConvHipImplicitGemmGroupFwdXdlops>, workspace required: 8957952, provided ptr: 0x73e780cc0000 size: 2265088
MIOpen(HIP): Warning [IsEnoughWorkspace] [GetSolutionsFallback AI] Solver <ConvAsmImplicitGemmGTCDynamicFwdXdlopsNHWC>, workspace required: 8957952, provided ptr: 0x73e780cc0000 size: 2265088
MIOpen(HIP): Warning [IsEnoughWorkspace] [GetSolutionsFallback WTI] Solver <ConvAsmImplicitGemmGTCDynamicBwdXdlopsNHWC>, workspace required: 40026112, provided ptr: 0x73e845c00000 size: 10354688
MIOpen(HIP): Warning [IsEnoughWorkspace] [GetSolutionsFallback WTI] Solver <ConvHipImplicitGemmGroupBwdXdlops>, workspace required: 40026112, provided ptr: 0x73e845c00000 size: 10354688
MIOpen(HIP): Warning [IsEnoughWorkspace] [GetSolutionsFallback AI] Solver <GemmFwdRest>, workspace required: 36241408, provided ptr: 0x73e913cc0000 size: 17694720
MIOpen(HIP): Warning [IsEnoughWorkspace] [GetSolutionsFallback AI] Solver <GemmFwdRest>, workspace required: 90603520, provided ptr: 0x73e86beb0000 size: 27721728
MIOpen(HIP): Warning [IsEnoughWorkspace] [GetSolutionsFallback AI] Solver <ConvHipImplicitGemmGroupFwdXdlops>, workspace required: 26148864, provided ptr: 0x73e86cb08000 size: 25886720
MIOpen(HIP): Warning [IsEnoughWorkspace] [GetSolutionsFallback AI] Solver <GemmFwdRest>, workspace required: 181207040, provided ptr: 0x73e872ab0000 size: 52232192
MIOpen(HIP): Warning [IsEnoughWorkspace] [GetSolutionsFallback AI] Solver <ConvHipImplicitGemmGroupFwdXdlops>, workspace required: 51838976, provided ptr: 0x73e874360000 size: 51773440
MIOpen(HIP): Warning [IsEnoughWorkspace] [GetSolutionsFallback WTI] Solver <ConvAsmImplicitGemmGTCDynamicBwdXdlopsNHWC>, workspace required: 51904512, provided ptr: 0x73e872ab0000 size: 51773440
MIOpen(HIP): Warning [IsEnoughWorkspace] [GetSolutionsFallback WTI] Solver <ConvHipImplicitGemmGroupBwdXdlops>, workspace required: 51904512, provided ptr: 0x73e872ab0000 size: 51773440
MIOpen(HIP): Warning [IsEnoughWorkspace] [GetSolutionsFallback AI] Solver <GemmFwdRest>, workspace required: 181207040, provided ptr: 0x73e872ab0000 size: 51888128
MIOpen(HIP): Warning [IsEnoughWorkspace] [GetSolutionsFallback AI] Solver <ConvHipImplicitGemmGroupFwdXdlops>, workspace required: 51789824, provided ptr: 0x73e874360000 size: 51773440
MIOpen(HIP): Warning [IsEnoughWorkspace] [GetSolutionsFallback AI] Solver <GemmFwdRest>, workspace required: 271810560, provided ptr: 0x73e875c10000 size: 77688832
MIOpen(HIP): Warning [IsEnoughWorkspace] [GetSolutionsFallback AI] Solver <ConvHipImplicitGemmGroupFwdXdlops>, workspace required: 77664256, provided ptr: 0x73e878118000 size: 77660160
MIOpen(HIP): Warning [IsEnoughWorkspace] [GetSolutionsFallback AI] Solver <ConvHipImplicitGemmGroupFwdXdlops>, workspace required: 40044544, provided ptr: 0x73e86a600000 size: 38831104
MIOpen(HIP): Warning [IsEnoughWorkspace] [GetSolutionsFallback AI] Solver <GemmFwdRest>, workspace required: 271810560, provided ptr: 0x73e86a600000 size: 38831104
MIOpen(HIP): Warning [IsEnoughWorkspace] [GetSolutionsFallback AI] Solver <ConvHipImplicitGemmGroupFwdXdlops>, workspace required: 7826432, provided ptr: 0x73e7e9e00000 size: 680960
MIOpen(HIP): Warning [IsEnoughWorkspace] [GetSolutionsFallback AI] Solver <ConvAsmImplicitGemmGTCDynamicFwdXdlopsNHWC>, workspace required: 7826432, provided ptr: 0x73e7e9e00000 size: 680960
MIOpen(HIP): Warning [IsEnoughWorkspace] [GetSolutionsFallback WTI] Solver <ConvAsmImplicitGemmGTCDynamicBwdXdlopsNHWC>, workspace required: 35500032, provided ptr: 0x73e780cc0000 size: 3112960
MIOpen(HIP): Warning [IsEnoughWorkspace] [GetSolutionsFallback WTI] Solver <ConvHipImplicitGemmGroupBwdXdlops>, workspace required: 35500032, provided ptr: 0x73e780cc0000 size: 3112960
MIOpen(HIP): Warning [IsEnoughWorkspace] [GetSolutionsFallback WTI] Solver <ConvAsmImplicitGemmGTCDynamicBwdXdlopsNHWC>, workspace required: 10690560, provided ptr: 0x73e845c00000 size: 7782400
MIOpen(HIP): Warning [IsEnoughWorkspace] [GetSolutionsFallback WTI] Solver <ConvHipImplicitGemmGroupBwdXdlops>, workspace required: 10690560, provided ptr: 0x73e845c00000 size: 7782400
MIOpen(HIP): Warning [IsEnoughWorkspace] [GetSolutionsFallback AI] Solver <GemmFwdRest>, workspace required: 27238400, provided ptr: 0x73e913cc0000 size: 9617408
MIOpen(HIP): Warning [IsEnoughWorkspace] [GetSolutionsFallback AI] Solver <ConvHipImplicitGemmGroupFwdXdlops>, workspace required: 8044544, provided ptr: 0x73e913cc0000 size: 7782400
MIOpen(HIP): Warning [IsEnoughWorkspace] [GetSolutionsFallback AI] Solver <GemmFwdRest>, workspace required: 54476800, provided ptr: 0x73e86a600000 size: 16023552
MIOpen(HIP): Warning [IsEnoughWorkspace] [GetSolutionsFallback AI] Solver <ConvHipImplicitGemmGroupFwdXdlops>, workspace required: 15630336, provided ptr: 0x73e86ad6c000 size: 15564800
MIOpen(HIP): Warning [IsEnoughWorkspace] [GetSolutionsFallback WTI] Solver <ConvAsmImplicitGemmGTCDynamicBwdXdlopsNHWC>, workspace required: 15695872, provided ptr: 0x73e86a600000 size: 15564800
MIOpen(HIP): Warning [IsEnoughWorkspace] [GetSolutionsFallback WTI] Solver <ConvHipImplicitGemmGroupBwdXdlops>, workspace required: 15695872, provided ptr: 0x73e86a600000 size: 15564800
MIOpen(HIP): Warning [IsEnoughWorkspace] [GetSolutionsFallback AI] Solver <GemmFwdRest>, workspace required: 54476800, provided ptr: 0x73e86ad6c000 size: 15679488
MIOpen(HIP): Warning [IsEnoughWorkspace] [GetSolutionsFallback AI] Solver <ConvHipImplicitGemmGroupFwdXdlops>, workspace required: 15581184, provided ptr: 0x73e86b4d8000 size: 15564800
MIOpen(HIP): Warning [IsEnoughWorkspace] [GetSolutionsFallback AI] Solver <GemmFwdRest>, workspace required: 81715200, provided ptr: 0x73e86b88e000 size: 23375872
MIOpen(HIP): Warning [IsEnoughWorkspace] [GetSolutionsFallback AI] Solver <ConvHipImplicitGemmGroupFwdXdlops>, workspace required: 23351296, provided ptr: 0x73e86c3b0000 size: 23347200
MIOpen(HIP): Warning [IsEnoughWorkspace] [GetSolutionsFallback AI] Solver <ConvHipImplicitGemmGroupFwdXdlops>, workspace required: 12039424, provided ptr: 0x73e913cc0000 size: 11674624
MIOpen(HIP): Warning [IsEnoughWorkspace] [GetSolutionsFallback AI] Solver <GemmFwdRest>, workspace required: 81715200, provided ptr: 0x73e913cc0000 size: 11674624
MIOpen(HIP): Warning [IsEnoughWorkspace] [GetSolutionsFallback AI] Solver <ConvHipImplicitGemmGroupFwdXdlops>, workspace required: 8548352, provided ptr: 0x73e780cc0000 size: 1691648
MIOpen(HIP): Warning [IsEnoughWorkspace] [GetSolutionsFallback AI] Solver <ConvAsmImplicitGemmGTCDynamicFwdXdlopsNHWC>, workspace required: 8548352, provided ptr: 0x73e780cc0000 size: 1691648
MIOpen(HIP): Warning [IsEnoughWorkspace] [GetSolutionsFallback WTI] Solver <ConvAsmImplicitGemmGTCDynamicBwdXdlopsNHWC>, workspace required: 38387712, provided ptr: 0x73e845c00000 size: 7733248
MIOpen(HIP): Warning [IsEnoughWorkspace] [GetSolutionsFallback WTI] Solver <ConvHipImplicitGemmGroupBwdXdlops>, workspace required: 38387712, provided ptr: 0x73e845c00000 size: 7733248
MIOpen(HIP): Warning [IsEnoughWorkspace] [GetSolutionsFallback AI] Solver <GemmFwdRest>, workspace required: 27066368, provided ptr: 0x73e913cc0000 size: 15073280
MIOpen(HIP): Warning [IsEnoughWorkspace] [GetSolutionsFallback AI] Solver <GemmFwdRest>, workspace required: 67665920, provided ptr: 0x73e86a600000 size: 21168128
MIOpen(HIP): Warning [IsEnoughWorkspace] [GetSolutionsFallback AI] Solver <ConvHipImplicitGemmGroupFwdXdlops>, workspace required: 19595264, provided ptr: 0x73e86af38000 size: 19333120
MIOpen(HIP): Warning [IsEnoughWorkspace] [GetSolutionsFallback AI] Solver <GemmFwdRest>, workspace required: 135331840, provided ptr: 0x73e871200000 size: 39124992
MIOpen(HIP): Warning [IsEnoughWorkspace] [GetSolutionsFallback AI] Solver <ConvHipImplicitGemmGroupFwdXdlops>, workspace required: 38731776, provided ptr: 0x73e871200000 size: 38666240
MIOpen(HIP): Warning [IsEnoughWorkspace] [GetSolutionsFallback WTI] Solver <ConvAsmImplicitGemmGTCDynamicBwdXdlopsNHWC>, workspace required: 38797312, provided ptr: 0x73e86cae0000 size: 38666240
MIOpen(HIP): Warning [IsEnoughWorkspace] [GetSolutionsFallback WTI] Solver <ConvHipImplicitGemmGroupBwdXdlops>, workspace required: 38797312, provided ptr: 0x73e86cae0000 size: 38666240
MIOpen(HIP): Warning [IsEnoughWorkspace] [GetSolutionsFallback AI] Solver <GemmFwdRest>, workspace required: 135331840, provided ptr: 0x73e871200000 size: 38780928
MIOpen(HIP): Warning [IsEnoughWorkspace] [GetSolutionsFallback AI] Solver <ConvHipImplicitGemmGroupFwdXdlops>, workspace required: 38682624, provided ptr: 0x73e871200000 size: 38666240
MIOpen(HIP): Warning [IsEnoughWorkspace] [GetSolutionsFallback AI] Solver <GemmFwdRest>, workspace required: 202997760, provided ptr: 0x73e872da8000 size: 58028032
MIOpen(HIP): Warning [IsEnoughWorkspace] [GetSolutionsFallback AI] Solver <ConvHipImplicitGemmGroupFwdXdlops>, workspace required: 58003456, provided ptr: 0x73e874950000 size: 57999360
MIOpen(HIP): Warning [IsEnoughWorkspace] [GetSolutionsFallback AI] Solver <ConvHipImplicitGemmGroupFwdXdlops>, workspace required: 29906944, provided ptr: 0x73e86c1a8000 size: 29000704
MIOpen(HIP): Warning [IsEnoughWorkspace] [GetSolutionsFallback AI] Solver <GemmFwdRest>, workspace required: 202997760, provided ptr: 0x73e86c1a8000 size: 29000704
MIOpen(HIP): Warning [IsEnoughWorkspace] [GetSolutionsFallback AI] Solver <ConvHipImplicitGemmGroupFwdXdlops>, workspace required: 8246272, provided ptr: 0x73e781c80000 size: 1268736
MIOpen(HIP): Warning [IsEnoughWorkspace] [GetSolutionsFallback AI] Solver <ConvAsmImplicitGemmGTCDynamicFwdXdlopsNHWC>, workspace required: 8246272, provided ptr: 0x73e781c80000 size: 1268736
MIOpen(HIP): Warning [IsEnoughWorkspace] [GetSolutionsFallback WTI] Solver <ConvAsmImplicitGemmGTCDynamicBwdXdlopsNHWC>, workspace required: 37179392, provided ptr: 0x73e845c00000 size: 5799936
MIOpen(HIP): Warning [IsEnoughWorkspace] [GetSolutionsFallback WTI] Solver <ConvHipImplicitGemmGroupBwdXdlops>, workspace required: 37179392, provided ptr: 0x73e845c00000 size: 5799936
MIOpen(HIP): Warning [IsEnoughWorkspace] [GetSolutionsFallback AI] Solver <GemmFwdRest>, workspace required: 20299776, provided ptr: 0x73e913cc0000 size: 13139968
MIOpen(HIP): Warning [IsEnoughWorkspace] [GetSolutionsFallback WTI] Solver <ConvAsmImplicitGemmGTCDynamicBwdXdlopsNHWC>, workspace required: 15392768, provided ptr: 0x73e913cc0000 size: 14499840
MIOpen(HIP): Warning [IsEnoughWorkspace] [GetSolutionsFallback WTI] Solver <ConvHipImplicitGemmGroupBwdXdlops>, workspace required: 15392768, provided ptr: 0x73e913cc0000 size: 14499840
MIOpen(HIP): Warning [IsEnoughWorkspace] [GetSolutionsFallback AI] Solver <GemmFwdRest>, workspace required: 50749440, provided ptr: 0x73e86a600000 size: 16334848
MIOpen(HIP): Warning [IsEnoughWorkspace] [GetSolutionsFallback AI] Solver <ConvAsmImplicitGemmGTCDynamicFwdXdlopsNHWC>, workspace required: 14499840, provided ptr: 0 size: 0
MIOpen(HIP): Warning [IsEnoughWorkspace] [GetSolutionsFallback AI] Solver <ConvHipImplicitGemmGroupFwdXdlops>, workspace required: 14761984, provided ptr: 0 size: 0
MIOpen(HIP): Warning [IsEnoughWorkspace] [GetSolutionsFallback AI] Solver <GemmFwdRest>, workspace required: 101498880, provided ptr: 0x73e86b3d4000 size: 29458432
MIOpen(HIP): Warning [IsEnoughWorkspace] [GetSolutionsFallback AI] Solver <ConvHipImplicitGemmGroupFwdXdlops>, workspace required: 29065216, provided ptr: 0x73e86c1a8000 size: 28999680
MIOpen(HIP): Warning [IsEnoughWorkspace] [GetSolutionsFallback WTI] Solver <ConvAsmImplicitGemmGTCDynamicBwdXdlopsNHWC>, workspace required: 29130752, provided ptr: 0x73e86b3d4000 size: 28999680
MIOpen(HIP): Warning [IsEnoughWorkspace] [GetSolutionsFallback WTI] Solver <ConvHipImplicitGemmGroupBwdXdlops>, workspace required: 29130752, provided ptr: 0x73e86b3d4000 size: 28999680
MIOpen(HIP): Warning [IsEnoughWorkspace] [GetSolutionsFallback AI] Solver <GemmFwdRest>, workspace required: 101498880, provided ptr: 0x73e86c1a8000 size: 29114368
MIOpen(HIP): Warning [IsEnoughWorkspace] [GetSolutionsFallback AI] Solver <ConvHipImplicitGemmGroupFwdXdlops>, workspace required: 29016064, provided ptr: 0x73e86cf7c000 size: 28999680
MIOpen(HIP): Warning [IsEnoughWorkspace] [GetSolutionsFallback AI] Solver <GemmFwdRest>, workspace required: 152248320, provided ptr: 0x73e871200000 size: 43528192
MIOpen(HIP): Warning [IsEnoughWorkspace] [GetSolutionsFallback AI] Solver <ConvHipImplicitGemmGroupFwdXdlops>, workspace required: 43503616, provided ptr: 0x73e8726be000 size: 43499520
MIOpen(HIP): Warning [IsEnoughWorkspace] [GetSolutionsFallback AI] Solver <ConvHipImplicitGemmGroupFwdXdlops>, workspace required: 22430464, provided ptr: 0x73e86a600000 size: 21750784
MIOpen(HIP): Warning [IsEnoughWorkspace] [GetSolutionsFallback AI] Solver <GemmFwdRest>, workspace required: 152248320, provided ptr: 0x73e86a600000 size: 21750784
MIOpen(HIP): Warning [IsEnoughWorkspace] [GetSolutionsFallback AI] Solver <ConvHipImplicitGemmGroupFwdXdlops>, workspace required: 8486912, provided ptr: 0x73e780cc0000 size: 1605632
MIOpen(HIP): Warning [IsEnoughWorkspace] [GetSolutionsFallback AI] Solver <ConvAsmImplicitGemmGTCDynamicFwdXdlopsNHWC>, workspace required: 8486912, provided ptr: 0x73e780cc0000 size: 1605632
MIOpen(HIP): Warning [IsEnoughWorkspace] [GetSolutionsFallback WTI] Solver <ConvAsmImplicitGemmGTCDynamicBwdXdlopsNHWC>, workspace required: 38141952, provided ptr: 0x73e845c00000 size: 7340032
MIOpen(HIP): Warning [IsEnoughWorkspace] [GetSolutionsFallback WTI] Solver <ConvHipImplicitGemmGroupBwdXdlops>, workspace required: 38141952, provided ptr: 0x73e845c00000 size: 7340032
MIOpen(HIP): Warning [IsEnoughWorkspace] [GetSolutionsFallback AI] Solver <GemmFwdRest>, workspace required: 25690112, provided ptr: 0x73e913cc0000 size: 14680064
MIOpen(HIP): Warning [IsEnoughWorkspace] [GetSolutionsFallback AI] Solver <GemmFwdRest>, workspace required: 64225280, provided ptr: 0x73e86aec0000 size: 20185088
MIOpen(HIP): Warning [IsEnoughWorkspace] [GetSolutionsFallback AI] Solver <ConvHipImplicitGemmGroupFwdXdlops>, workspace required: 18612224, provided ptr: 0x73e86b780000 size: 18350080
MIOpen(HIP): Warning [IsEnoughWorkspace] [GetSolutionsFallback AI] Solver <GemmFwdRest>, workspace required: 128450560, provided ptr: 0x73e871200000 size: 37158912
MIOpen(HIP): Warning [IsEnoughWorkspace] [GetSolutionsFallback AI] Solver <ConvHipImplicitGemmGroupFwdXdlops>, workspace required: 36765696, provided ptr: 0x73e871200000 size: 36700160
MIOpen(HIP): Warning [IsEnoughWorkspace] [GetSolutionsFallback WTI] Solver <ConvAsmImplicitGemmGTCDynamicBwdXdlopsNHWC>, workspace required: 36831232, provided ptr: 0x73e871200000 size: 36700160
MIOpen(HIP): Warning [IsEnoughWorkspace] [GetSolutionsFallback WTI] Solver <ConvHipImplicitGemmGroupBwdXdlops>, workspace required: 36831232, provided ptr: 0x73e871200000 size: 36700160
MIOpen(HIP): Warning [IsEnoughWorkspace] [GetSolutionsFallback AI] Solver <GemmFwdRest>, workspace required: 128450560, provided ptr: 0x73e871200000 size: 36814848
MIOpen(HIP): Warning [IsEnoughWorkspace] [GetSolutionsFallback AI] Solver <ConvHipImplicitGemmGroupFwdXdlops>, workspace required: 36716544, provided ptr: 0x73e872380000 size: 36700160
MIOpen(HIP): Warning [IsEnoughWorkspace] [GetSolutionsFallback AI] Solver <GemmFwdRest>, workspace required: 192675840, provided ptr: 0x73e872c40000 size: 55078912
MIOpen(HIP): Warning [IsEnoughWorkspace] [GetSolutionsFallback AI] Solver <ConvHipImplicitGemmGroupFwdXdlops>, workspace required: 55054336, provided ptr: 0x73e874680000 size: 55050240
MIOpen(HIP): Warning [IsEnoughWorkspace] [GetSolutionsFallback AI] Solver <ConvHipImplicitGemmGroupFwdXdlops>, workspace required: 28386304, provided ptr: 0x73e86c040000 size: 27526144
MIOpen(HIP): Warning [IsEnoughWorkspace] [GetSolutionsFallback AI] Solver <GemmFwdRest>, workspace required: 192675840, provided ptr: 0x73e86c040000 size: 27526144
[0;36m(APIServer pid=73252)[0;0m [32mINFO[0m [90m10-07 15:26:23[0m [90m[stats.py:902][0m [OmniTiming] req=speech-b01caaa3d5e1d5be-8e7a56d8 total=8.11s engine=8.11s stages=[0:8.11s]
INFO:     127.0.0.1:34026 - "POST /v1/audio/speech HTTP/1.1" 200 OK
[0;36m(APIServer pid=73252)[0;0m [32mINFO[0m [90m10-07 15:26:23[0m [90m[serving_speech.py:2423][0m Diffusion TTS speech request speech-aa8848a0565cf3dc: voice_clone=False
[0;36m(APIServer pid=73252)[0;0m [32mINFO[0m [90m10-07 15:26:23[0m [90m[serving_speech.py:2471][0m Applied diffusion speech params: seed=42 extra_params={}
[0;36m(APIServer pid=73252)[0;0m [32mINFO[0m [90m10-07 15:26:23[0m [90m[diffusion_engine.py:764][0m [RequestBatch] admission wait done waiting=1 max_batch=8 waited_ms=2.1
MIOpen(HIP): Warning [IsEnoughWorkspace] [GetSolutionsFallback AI] Solver <ConvHipImplicitGemmGroupFwdXdlops>, workspace required: 7770112, provided ptr: 0x73e8a1b5e000 size: 602112
MIOpen(HIP): Warning [IsEnoughWorkspace] [GetSolutionsFallback AI] Solver <ConvAsmImplicitGemmGTCDynamicFwdXdlopsNHWC>, workspace required: 7770112, provided ptr: 0x73e8a1b5e000 size: 602112
MIOpen(HIP): Warning [IsEnoughWorkspace] [GetSolutionsFallback WTI] Solver <ConvAsmImplicitGemmGTCDynamicBwdXdlopsNHWC>, workspace required: 35274752, provided ptr: 0x73e780cc0000 size: 2752512
MIOpen(HIP): Warning [IsEnoughWorkspace] [GetSolutionsFallback WTI] Solver <ConvHipImplicitGemmGroupBwdXdlops>, workspace required: 35274752, provided ptr: 0x73e780cc0000 size: 2752512
MIOpen(HIP): Warning [IsEnoughWorkspace] [GetSolutionsFallback AI] Solver <ConvAsmImplicitGemmGTCDynamicFwdXdlopsNHWC>, workspace required: 10092544, provided ptr: 0x73e845c00000 size: 9633792
MIOpen(HIP): Warning [IsEnoughWorkspace] [GetSolutionsFallback AI] Solver <ConvHipImplicitGemmGroupFwdXdlops>, workspace required: 10092544, provided ptr: 0x73e845c00000 size: 9633792
MIOpen(HIP): Warning [IsEnoughWorkspace] [GetSolutionsFallback WTI] Solver <ConvAsmImplicitGemmGTCDynamicFwdXdlopsNHWC>, workspace required: 10092544, provided ptr: 0x73e845c00000 size: 9633792
MIOpen(HIP): Warning [IsEnoughWorkspace] [GetSolutionsFallback WTI] Solver <ConvHipImplicitGemmGroupFwdXdlops>, workspace required: 10092544, provided ptr: 0x73e845c00000 size: 9633792
MIOpen(HIP): Warning [IsEnoughWorkspace] [GetSolutionsFallback WTI] Solver <ConvAsmImplicitGemmGTCDynamicFwdXdlopsNHWC>, workspace required: 10092544, provided ptr: 0x73e845c00000 size: 9633792
MIOpen(HIP): Warning [IsEnoughWorkspace] [GetSolutionsFallback WTI] Solver <ConvHipImplicitGemmGroupFwdXdlops>, workspace required: 10092544, provided ptr: 0x73e845c00000 size: 9633792
MIOpen(HIP): Warning [IsEnoughWorkspace] [GetSolutionsFallback WTI] Solver <ConvAsmImplicitGemmGTCDynamicBwdXdlopsNHWC>, workspace required: 10059776, provided ptr: 0x73e845c00000 size: 6881280
MIOpen(HIP): Warning [IsEnoughWorkspace] [GetSolutionsFallback WTI] Solver <ConvHipImplicitGemmGroupBwdXdlops>, workspace required: 10059776, provided ptr: 0x73e845c00000 size: 6881280
MIOpen(HIP): Warning [IsEnoughWorkspace] [GetSolutionsFallback AI] Solver <GemmFwdRest>, workspace required: 24084480, provided ptr: 0x73e913cc0000 size: 8716288
MIOpen(HIP): Warning [IsEnoughWorkspace] [GetSolutionsFallback AI] Solver <ConvHipImplicitGemmGroupFwdXdlops>, workspace required: 7143424, provided ptr: 0x73e913cc0000 size: 6881280
MIOpen(HIP): Warning [IsEnoughWorkspace] [GetSolutionsFallback AI] Solver <GemmFwdRest>, workspace required: 48168960, provided ptr: 0x73e86a600000 size: 14221312
MIOpen(HIP): Warning [IsEnoughWorkspace] [GetSolutionsFallback AI] Solver <ConvHipImplicitGemmGroupFwdXdlops>, workspace required: 13828096, provided ptr: 0x73e86a600000 size: 13762560
MIOpen(HIP): Warning [IsEnoughWorkspace] [GetSolutionsFallback WTI] Solver <ConvAsmImplicitGemmGTCDynamicBwdXdlopsNHWC>, workspace required: 13893632, provided ptr: 0x73e914350000 size: 13762560
MIOpen(HIP): Warning [IsEnoughWorkspace] [GetSolutionsFallback WTI] Solver <ConvHipImplicitGemmGroupBwdXdlops>, workspace required: 13893632, provided ptr: 0x73e914350000 size: 13762560
MIOpen(HIP): Warning [IsEnoughWorkspace] [GetSolutionsFallback AI] Solver <GemmFwdRest>, workspace required: 48168960, provided ptr: 0x73e86a600000 size: 13877248
MIOpen(HIP): Warning [IsEnoughWorkspace] [GetSolutionsFallback AI] Solver <ConvHipImplicitGemmGroupFwdXdlops>, workspace required: 13778944, provided ptr: 0x73e86a600000 size: 13762560
MIOpen(HIP): Warning [IsEnoughWorkspace] [GetSolutionsFallback AI] Solver <GemmFwdRest>, workspace required: 72253440, provided ptr: 0x73e86b9b0000 size: 20672512
MIOpen(HIP): Warning [IsEnoughWorkspace] [GetSolutionsFallback AI] Solver <ConvHipImplicitGemmGroupFwdXdlops>, workspace required: 20647936, provided ptr: 0x73e86c388000 size: 20643840
MIOpen(HIP): Warning [IsEnoughWorkspace] [GetSolutionsFallback AI] Solver <ConvHipImplicitGemmGroupFwdXdlops>, workspace required: 10645504, provided ptr: 0x73e845c00000 size: 10322944
MIOpen(HIP): Warning [IsEnoughWorkspace] [GetSolutionsFallback AI] Solver <GemmFwdRest>, workspace required: 72253440, provided ptr: 0x73e845c00000 size: 10322944
MIOpen(HIP): Warning [IsEnoughWorkspace] [GetSolutionsFallback AI] Solver <ConvHipImplicitGemmGroupFwdXdlops>, workspace required: 8876032, provided ptr: 0x73e780cc0000 size: 2150400
MIOpen(HIP): Warning [IsEnoughWorkspace] [GetSolutionsFallback AI] Solver <ConvAsmImplicitGemmGTCDynamicFwdXdlopsNHWC>, workspace required: 8876032, provided ptr: 0x73e780cc0000 size: 2150400
MIOpen(HIP): Warning [IsEnoughWorkspace] [GetSolutionsFallback WTI] Solver <ConvAsmImplicitGemmGTCDynamicBwdXdlopsNHWC>, workspace required: 39698432, provided ptr: 0x73e845c00000 size: 9830400
MIOpen(HIP): Warning [IsEnoughWorkspace] [GetSolutionsFallback WTI] Solver <ConvHipImplicitGemmGroupBwdXdlops>, workspace required: 39698432, provided ptr: 0x73e845c00000 size: 9830400
MIOpen(HIP): Warning [IsEnoughWorkspace] [GetSolutionsFallback AI] Solver <GemmFwdRest>, workspace required: 34406400, provided ptr: 0x73e913cc0000 size: 17170432
MIOpen(HIP): Warning [IsEnoughWorkspace] [GetSolutionsFallback AI] Solver <GemmFwdRest>, workspace required: 86016000, provided ptr: 0x73e86bd70000 size: 26411008
MIOpen(HIP): Warning [IsEnoughWorkspace] [GetSolutionsFallback AI] Solver <ConvHipImplicitGemmGroupFwdXdlops>, workspace required: 24838144, provided ptr: 0x73e86c928000 size: 24576000
MIOpen(HIP): Warning [IsEnoughWorkspace] [GetSolutionsFallback AI] Solver <GemmFwdRest>, workspace required: 172032000, provided ptr: 0x73e872970000 size: 49610752
MIOpen(HIP): Warning [IsEnoughWorkspace] [GetSolutionsFallback AI] Solver <ConvHipImplicitGemmGroupFwdXdlops>, workspace required: 49217536, provided ptr: 0x73e8740e0000 size: 49152000
MIOpen(HIP): Warning [IsEnoughWorkspace] [GetSolutionsFallback WTI] Solver <ConvAsmImplicitGemmGTCDynamicBwdXdlopsNHWC>, workspace required: 49283072, provided ptr: 0x73e872970000 size: 49152000
MIOpen(HIP): Warning [IsEnoughWorkspace] [GetSolutionsFallback WTI] Solver <ConvHipImplicitGemmGroupBwdXdlops>, workspace required: 49283072, provided ptr: 0x73e872970000 size: 49152000
MIOpen(HIP): Warning [IsEnoughWorkspace] [GetSolutionsFallback AI] Solver <GemmFwdRest>, workspace required: 172032000, provided ptr: 0x73e872970000 size: 49266688
MIOpen(HIP): Warning [IsEnoughWorkspace] [GetSolutionsFallback AI] Solver <ConvHipImplicitGemmGroupFwdXdlops>, workspace required: 49168384, provided ptr: 0x73e8740e0000 size: 49152000
MIOpen(HIP): Warning [IsEnoughWorkspace] [GetSolutionsFallback AI] Solver <GemmFwdRest>, workspace required: 258048000, provided ptr: 0x73e875850000 size: 73756672
MIOpen(HIP): Warning [IsEnoughWorkspace] [GetSolutionsFallback AI] Solver <ConvHipImplicitGemmGroupFwdXdlops>, workspace required: 73732096, provided ptr: 0x73e877b78000 size: 73728000
MIOpen(HIP): Warning [IsEnoughWorkspace] [GetSolutionsFallback AI] Solver <ConvHipImplicitGemmGroupFwdXdlops>, workspace required: 38017024, provided ptr: 0x73e86a600000 size: 36865024
MIOpen(HIP): Warning [IsEnoughWorkspace] [GetSolutionsFallback AI] Solver <GemmFwdRest>, workspace required: 258048000, provided ptr: 0x73e86a600000 size: 36865024
MIOpen(HIP): Warning [IsEnoughWorkspace] [GetSolutionsFallback AI] Solver <ConvHipImplicitGemmGroupFwdXdlops>, workspace required: 8620032, provided ptr: 0x73e780cc0000 size: 1792000
MIOpen(HIP): Warning [IsEnoughWorkspace] [GetSolutionsFallback AI] Solver <ConvAsmImplicitGemmGTCDynamicFwdXdlopsNHWC>, workspace required: 8620032, provided ptr: 0x73e780cc0000 size: 1792000
MIOpen(HIP): Warning [IsEnoughWorkspace] [GetSolutionsFallback WTI] Solver <ConvAsmImplicitGemmGTCDynamicBwdXdlopsNHWC>, workspace required: 38674432, provided ptr: 0x73e845c00000 size: 8192000
MIOpen(HIP): Warning [IsEnoughWorkspace] [GetSolutionsFallback WTI] Solver <ConvHipImplicitGemmGroupBwdXdlops>, workspace required: 38674432, provided ptr: 0x73e845c00000 size: 8192000
MIOpen(HIP): Warning [IsEnoughWorkspace] [GetSolutionsFallback AI] Solver <GemmFwdRest>, workspace required: 28672000, provided ptr: 0x73e913cc0000 size: 15532032
MIOpen(HIP): Warning [IsEnoughWorkspace] [GetSolutionsFallback AI] Solver <GemmFwdRest>, workspace required: 71680000, provided ptr: 0x73e86a600000 size: 22315008
MIOpen(HIP): Warning [IsEnoughWorkspace] [GetSolutionsFallback AI] Solver <ConvHipImplicitGemmGroupFwdXdlops>, workspace required: 20742144, provided ptr: 0x73e86afc4000 size: 20480000
MIOpen(HIP): Warning [IsEnoughWorkspace] [GetSolutionsFallback AI] Solver <GemmFwdRest>, workspace required: 143360000, provided ptr: 0x73e871200000 size: 41418752
MIOpen(HIP): Warning [IsEnoughWorkspace] [GetSolutionsFallback AI] Solver <ConvHipImplicitGemmGroupFwdXdlops>, workspace required: 41025536, provided ptr: 0x73e872588000 size: 40960000
MIOpen(HIP): Warning [IsEnoughWorkspace] [GetSolutionsFallback WTI] Solver <ConvAsmImplicitGemmGTCDynamicBwdXdlopsNHWC>, workspace required: 41091072, provided ptr: 0x73e871200000 size: 40960000
MIOpen(HIP): Warning [IsEnoughWorkspace] [GetSolutionsFallback WTI] Solver <ConvHipImplicitGemmGroupBwdXdlops>, workspace required: 41091072, provided ptr: 0x73e871200000 size: 40960000
MIOpen(HIP): Warning [IsEnoughWorkspace] [GetSolutionsFallback AI] Solver <GemmFwdRest>, workspace required: 143360000, provided ptr: 0x73e871200000 size: 41074688
MIOpen(HIP): Warning [IsEnoughWorkspace] [GetSolutionsFallback AI] Solver <ConvHipImplicitGemmGroupFwdXdlops>, workspace required: 40976384, provided ptr: 0x73e872588000 size: 40960000
MIOpen(HIP): Warning [IsEnoughWorkspace] [GetSolutionsFallback AI] Solver <GemmFwdRest>, workspace required: 215040000, provided ptr: 0x73e874c98000 size: 61468672
MIOpen(HIP): Warning [IsEnoughWorkspace] [GetSolutionsFallback AI] Solver <ConvHipImplicitGemmGroupFwdXdlops>, workspace required: 61444096, provided ptr: 0x73e8769e4000 size: 61440000
MIOpen(HIP): Warning [IsEnoughWorkspace] [GetSolutionsFallback AI] Solver <ConvHipImplicitGemmGroupFwdXdlops>, workspace required: 31681024, provided ptr: 0x73e86c34c000 size: 30721024
MIOpen(HIP): Warning [IsEnoughWorkspace] [GetSolutionsFallback AI] Solver <GemmFwdRest>, workspace required: 215040000, provided ptr: 0x73e86c34c000 size: 30721024
MIOpen(HIP): Warning [IsEnoughWorkspace] [GetSolutionsFallback AI] Solver <ConvHipImplicitGemmGroupFwdXdlops>, workspace required: 8317952, provided ptr: 0x73e781c80000 size: 1369088
MIOpen(HIP): Warning [IsEnoughWorkspace] [GetSolutionsFallback AI] Solver <ConvAsmImplicitGemmGTCDynamicFwdXdlopsNHWC>, workspace required: 8317952, provided ptr: 0x73e781c80000 size: 1369088
MIOpen(HIP): Warning [IsEnoughWorkspace] [GetSolutionsFallback WTI] Solver <ConvAsmImplicitGemmGTCDynamicBwdXdlopsNHWC>, workspace required: 37466112, provided ptr: 0x73e845c00000 size: 6258688
MIOpen(HIP): Warning [IsEnoughWorkspace] [GetSolutionsFallback WTI] Solver <ConvHipImplicitGemmGroupBwdXdlops>, workspace required: 37466112, provided ptr: 0x73e845c00000 size: 6258688
MIOpen(HIP): Warning [IsEnoughWorkspace] [GetSolutionsFallback AI] Solver <GemmFwdRest>, workspace required: 21905408, provided ptr: 0x73e913cc0000 size: 13598720
MIOpen(HIP): Warning [IsEnoughWorkspace] [GetSolutionsFallback WTI] Solver <ConvAsmImplicitGemmGTCDynamicBwdXdlopsNHWC>, workspace required: 16195584, provided ptr: 0x73e913cc0000 size: 15646720
MIOpen(HIP): Warning [IsEnoughWorkspace] [GetSolutionsFallback WTI] Solver <ConvHipImplicitGemmGroupBwdXdlops>, workspace required: 16195584, provided ptr: 0x73e913cc0000 size: 15646720
MIOpen(HIP): Warning [IsEnoughWorkspace] [GetSolutionsFallback AI] Solver <GemmFwdRest>, workspace required: 54763520, provided ptr: 0x73e86a600000 size: 17481728
MIOpen(HIP): Warning [IsEnoughWorkspace] [GetSolutionsFallback AI] Solver <ConvAsmImplicitGemmGTCDynamicFwdXdlopsNHWC>, workspace required: 15646720, provided ptr: 0 size: 0
MIOpen(HIP): Warning [IsEnoughWorkspace] [GetSolutionsFallback AI] Solver <ConvHipImplicitGemmGroupFwdXdlops>, workspace required: 15908864, provided ptr: 0 size: 0
MIOpen(HIP): Warning [IsEnoughWorkspace] [GetSolutionsFallback AI] Solver <GemmFwdRest>, workspace required: 109527040, provided ptr: 0x73e86d2c4000 size: 31752192
MIOpen(HIP): Warning [IsEnoughWorkspace] [GetSolutionsFallback AI] Solver <ConvHipImplicitGemmGroupFwdXdlops>, workspace required: 31358976, provided ptr: 0x73e871200000 size: 31293440
MIOpen(HIP): Warning [IsEnoughWorkspace] [GetSolutionsFallback WTI] Solver <ConvAsmImplicitGemmGTCDynamicBwdXdlopsNHWC>, workspace required: 31424512, provided ptr: 0x73e86c3d8000 size: 31293440
MIOpen(HIP): Warning [IsEnoughWorkspace] [GetSolutionsFallback WTI] Solver <ConvHipImplicitGemmGroupBwdXdlops>, workspace required: 31424512, provided ptr: 0x73e86c3d8000 size: 31293440
MIOpen(HIP): Warning [IsEnoughWorkspace] [GetSolutionsFallback AI] Solver <GemmFwdRest>, workspace required: 109527040, provided ptr: 0x73e86d2c4000 size: 31408128
MIOpen(HIP): Warning [IsEnoughWorkspace] [GetSolutionsFallback AI] Solver <ConvHipImplicitGemmGroupFwdXdlops>, workspace required: 31309824, provided ptr: 0x73e871200000 size: 31293440
MIOpen(HIP): Warning [IsEnoughWorkspace] [GetSolutionsFallback AI] Solver <GemmFwdRest>, workspace required: 164290560, provided ptr: 0x73e872862000 size: 46968832
MIOpen(HIP): Warning [IsEnoughWorkspace] [GetSolutionsFallback AI] Solver <ConvHipImplicitGemmGroupFwdXdlops>, workspace required: 46944256, provided ptr: 0x73e873ec4000 size: 46940160
MIOpen(HIP): Warning [IsEnoughWorkspace] [GetSolutionsFallback AI] Solver <ConvHipImplicitGemmGroupFwdXdlops>, workspace required: 24204544, provided ptr: 0x73e86bc62000 size: 23471104
MIOpen(HIP): Warning [IsEnoughWorkspace] [GetSolutionsFallback AI] Solver <GemmFwdRest>, workspace required: 164290560, provided ptr: 0x73e86bc62000 size: 23471104
MIOpen(HIP): Warning [IsEnoughWorkspace] [GetSolutionsFallback AI] Solver <ConvHipImplicitGemmGroupFwdXdlops>, workspace required: 8410112, provided ptr: 0x73e781c80000 size: 1498112
MIOpen(HIP): Warning [IsEnoughWorkspace] [GetSolutionsFallback AI] Solver <ConvAsmImplicitGemmGTCDynamicFwdXdlopsNHWC>, workspace required: 8410112, provided ptr: 0x73e781c80000 size: 1498112
MIOpen(HIP): Warning [IsEnoughWorkspace] [GetSolutionsFallback WTI] Solver <ConvAsmImplicitGemmGTCDynamicBwdXdlopsNHWC>, workspace required: 37834752, provided ptr: 0x73e845c00000 size: 6848512
MIOpen(HIP): Warning [IsEnoughWorkspace] [GetSolutionsFallback WTI] Solver <ConvHipImplicitGemmGroupBwdXdlops>, workspace required: 37834752, provided ptr: 0x73e845c00000 size: 6848512
MIOpen(HIP): Warning [IsEnoughWorkspace] [GetSolutionsFallback AI] Solver <GemmFwdRest>, workspace required: 23969792, provided ptr: 0x73e913cc0000 size: 14188544
MIOpen(HIP): Warning [IsEnoughWorkspace] [GetSolutionsFallback WTI] Solver <ConvAsmImplicitGemmGTCDynamicBwdXdlopsNHWC>, workspace required: 17227776, provided ptr: 0x73e86a600000 size: 17121280
MIOpen(HIP): Warning [IsEnoughWorkspace] [GetSolutionsFallback WTI] Solver <ConvHipImplicitGemmGroupBwdXdlops>, workspace required: 17227776, provided ptr: 0x73e86a600000 size: 17121280
MIOpen(HIP): Warning [IsEnoughWorkspace] [GetSolutionsFallback AI] Solver <GemmFwdRest>, workspace required: 59924480, provided ptr: 0x73e86ae2a000 size: 18956288
MIOpen(HIP): Warning [IsEnoughWorkspace] [GetSolutionsFallback AI] Solver <ConvHipImplicitGemmGroupFwdXdlops>, workspace required: 17383424, provided ptr: 0x73e86b654000 size: 17121280
MIOpen(HIP): Warning [IsEnoughWorkspace] [GetSolutionsFallback AI] Solver <GemmFwdRest>, workspace required: 119848960, provided ptr: 0x73e86ced2000 size: 34701312
MIOpen(HIP): Warning [IsEnoughWorkspace] [GetSolutionsFallback AI] Solver <ConvHipImplicitGemmGroupFwdXdlops>, workspace required: 34308096, provided ptr: 0x73e871200000 size: 34242560
MIOpen(HIP): Warning [IsEnoughWorkspace] [GetSolutionsFallback WTI] Solver <ConvAsmImplicitGemmGTCDynamicBwdXdlopsNHWC>, workspace required: 34373632, provided ptr: 0x73e86ced2000 size: 34242560
MIOpen(HIP): Warning [IsEnoughWorkspace] [GetSolutionsFallback WTI] Solver <ConvHipImplicitGemmGroupBwdXdlops>, workspace required: 34373632, provided ptr: 0x73e86ced2000 size: 34242560
MIOpen(HIP): Warning [IsEnoughWorkspace] [GetSolutionsFallback AI] Solver <GemmFwdRest>, workspace required: 119848960, provided ptr: 0x73e871200000 size: 34357248
MIOpen(HIP): Warning [IsEnoughWorkspace] [GetSolutionsFallback AI] Solver <ConvHipImplicitGemmGroupFwdXdlops>, workspace required: 34258944, provided ptr: 0x73e871200000 size: 34242560
MIOpen(HIP): Warning [IsEnoughWorkspace] [GetSolutionsFallback AI] Solver <GemmFwdRest>, workspace required: 179773440, provided ptr: 0x73e8742fc000 size: 51392512
MIOpen(HIP): Warning [IsEnoughWorkspace] [GetSolutionsFallback AI] Solver <ConvHipImplicitGemmGroupFwdXdlops>, workspace required: 51367936, provided ptr: 0x73e875b7a000 size: 51363840
MIOpen(HIP): Warning [IsEnoughWorkspace] [GetSolutionsFallback AI] Solver <ConvHipImplicitGemmGroupFwdXdlops>, workspace required: 26485504, provided ptr: 0x73e86be7e000 size: 25682944
MIOpen(HIP): Warning [IsEnoughWorkspace] [GetSolutionsFallback AI] Solver <GemmFwdRest>, workspace required: 179773440, provided ptr: 0x73e86be7e000 size: 25682944
MIOpen(HIP): Warning [IsEnoughWorkspace] [GetSolutionsFallback AI] Solver <ConvHipImplicitGemmGroupFwdXdlops>, workspace required: 8154112, provided ptr: 0x73e781c80000 size: 1139712
MIOpen(HIP): Warning [IsEnoughWorkspace] [GetSolutionsFallback AI] Solver <ConvAsmImplicitGemmGTCDynamicFwdXdlopsNHWC>, workspace required: 8154112, provided ptr: 0x73e781c80000 size: 1139712
MIOpen(HIP): Warning [IsEnoughWorkspace] [GetSolutionsFallback WTI] Solver <ConvAsmImplicitGemmGTCDynamicBwdXdlopsNHWC>, workspace required: 36810752, provided ptr: 0x73e784400000 size: 5210112
MIOpen(HIP): Warning [IsEnoughWorkspace] [GetSolutionsFallback WTI] Solver <ConvHipImplicitGemmGroupBwdXdlops>, workspace required: 36810752, provided ptr: 0x73e784400000 size: 5210112
MIOpen(HIP): Warning [IsEnoughWorkspace] [GetSolutionsFallback AI] Solver <GemmFwdRest>, workspace required: 18235392, provided ptr: 0x73e845c00000 size: 12550144
MIOpen(HIP): Warning [IsEnoughWorkspace] [GetSolutionsFallback WTI] Solver <ConvAsmImplicitGemmGTCDynamicBwdXdlopsNHWC>, workspace required: 14360576, provided ptr: 0x73e913cc0000 size: 13025280
MIOpen(HIP): Warning [IsEnoughWorkspace] [GetSolutionsFallback WTI] Solver <ConvHipImplicitGemmGroupBwdXdlops>, workspace required: 14360576, provided ptr: 0x73e913cc0000 size: 13025280
MIOpen(HIP): Warning [IsEnoughWorkspace] [GetSolutionsFallback AI] Solver <GemmFwdRest>, workspace required: 45588480, provided ptr: 0x73e9142f6000 size: 14860288
MIOpen(HIP): Warning [IsEnoughWorkspace] [GetSolutionsFallback AI] Solver <ConvHipImplicitGemmGroupFwdXdlops>, workspace required: 13287424, provided ptr: 0x73e86a600000 size: 13025280
MIOpen(HIP): Warning [IsEnoughWorkspace] [GetSolutionsFallback AI] Solver <GemmFwdRest>, workspace required: 91176960, provided ptr: 0x73e86bed8000 size: 26509312
MIOpen(HIP): Warning [IsEnoughWorkspace] [GetSolutionsFallback AI] Solver <ConvHipImplicitGemmGroupFwdXdlops>, workspace required: 26116096, provided ptr: 0x73e86cb44000 size: 26050560
MIOpen(HIP): Warning [IsEnoughWorkspace] [GetSolutionsFallback WTI] Solver <ConvAsmImplicitGemmGTCDynamicBwdXdlopsNHWC>, workspace required: 26181632, provided ptr: 0x73e86b26c000 size: 26050560
MIOpen(HIP): Warning [IsEnoughWorkspace] [GetSolutionsFallback WTI] Solver <ConvHipImplicitGemmGroupBwdXdlops>, workspace required: 26181632, provided ptr: 0x73e86b26c000 size: 26050560
MIOpen(HIP): Warning [IsEnoughWorkspace] [GetSolutionsFallback AI] Solver <GemmFwdRest>, workspace required: 91176960, provided ptr: 0x73e86bed8000 size: 26165248
MIOpen(HIP): Warning [IsEnoughWorkspace] [GetSolutionsFallback AI] Solver <ConvHipImplicitGemmGroupFwdXdlops>, workspace required: 26066944, provided ptr: 0x73e86cb44000 size: 26050560
MIOpen(HIP): Warning [IsEnoughWorkspace] [GetSolutionsFallback AI] Solver <GemmFwdRest>, workspace required: 136765440, provided ptr: 0x73e871200000 size: 39104512
MIOpen(HIP): Warning [IsEnoughWorkspace] [GetSolutionsFallback AI] Solver <ConvHipImplicitGemmGroupFwdXdlops>, workspace required: 39079936, provided ptr: 0x73e8724a2000 size: 39075840
MIOpen(HIP): Warning [IsEnoughWorkspace] [GetSolutionsFallback AI] Solver <ConvHipImplicitGemmGroupFwdXdlops>, workspace required: 20149504, provided ptr: 0x73e86a600000 size: 19538944
MIOpen(HIP): Warning [IsEnoughWorkspace] [GetSolutionsFallback AI] Solver <GemmFwdRest>, workspace required: 136765440, provided ptr: 0x73e86a600000 size: 19538944
MIOpen(HIP): Warning [IsEnoughWorkspace] [GetSolutionsFallback AI] Solver <ConvHipImplicitGemmGroupFwdXdlops>, workspace required: 9080832, provided ptr: 0x73e780cc0000 size: 2437120
MIOpen(HIP): Warning [IsEnoughWorkspace] [GetSolutionsFallback AI] Solver <ConvAsmImplicitGemmGTCDynamicFwdXdlopsNHWC>, workspace required: 9080832, provided ptr: 0x73e780cc0000 size: 2437120
MIOpen(HIP): Warning [IsEnoughWorkspace] [GetSolutionsFallback WTI] Solver <ConvAsmImplicitGemmGTCDynamicBwdXdlopsNHWC>, workspace required: 40517632, provided ptr: 0x73e913cc0000 size: 11141120
MIOpen(HIP): Warning [IsEnoughWorkspace] [GetSolutionsFallback WTI] Solver <ConvHipImplicitGemmGroupBwdXdlops>, workspace required: 40517632, provided ptr: 0x73e913cc0000 size: 11141120
MIOpen(HIP): Warning [IsEnoughWorkspace] [GetSolutionsFallback AI] Solver <GemmFwdRest>, workspace required: 38993920, provided ptr: 0x73e86a600000 size: 18481152
MIOpen(HIP): Warning [IsEnoughWorkspace] [GetSolutionsFallback AI] Solver <GemmFwdRest>, workspace required: 97484800, provided ptr: 0x73e86b348000 size: 29687808
MIOpen(HIP): Warning [IsEnoughWorkspace] [GetSolutionsFallback AI] Solver <ConvHipImplicitGemmGroupFwdXdlops>, workspace required: 28114944, provided ptr: 0x73e86c090000 size: 27852800
MIOpen(HIP): Warning [IsEnoughWorkspace] [GetSolutionsFallback AI] Solver <GemmFwdRest>, workspace required: 194969600, provided ptr: 0x73e872c90000 size: 56164352
MIOpen(HIP): Warning [IsEnoughWorkspace] [GetSolutionsFallback AI] Solver <ConvHipImplicitGemmGroupFwdXdlops>, workspace required: 55771136, provided ptr: 0x73e874720000 size: 55705600
MIOpen(HIP): Warning [IsEnoughWorkspace] [GetSolutionsFallback WTI] Solver <ConvAsmImplicitGemmGTCDynamicBwdXdlopsNHWC>, workspace required: 55836672, provided ptr: 0x73e872c90000 size: 55705600
MIOpen(HIP): Warning [IsEnoughWorkspace] [GetSolutionsFallback WTI] Solver <ConvHipImplicitGemmGroupBwdXdlops>, workspace required: 55836672, provided ptr: 0x73e872c90000 size: 55705600
MIOpen(HIP): Warning [IsEnoughWorkspace] [GetSolutionsFallback AI] Solver <GemmFwdRest>, workspace required: 194969600, provided ptr: 0x73e874720000 size: 55820288
MIOpen(HIP): Warning [IsEnoughWorkspace] [GetSolutionsFallback AI] Solver <ConvHipImplicitGemmGroupFwdXdlops>, workspace required: 55721984, provided ptr: 0x73e8761b0000 size: 55705600
MIOpen(HIP): Warning [IsEnoughWorkspace] [GetSolutionsFallback AI] Solver <GemmFwdRest>, workspace required: 292454400, provided ptr: 0x73e8761b0000 size: 83587072
MIOpen(HIP): Warning [IsEnoughWorkspace] [GetSolutionsFallback AI] Solver <ConvHipImplicitGemmGroupFwdXdlops>, workspace required: 83562496, provided ptr: 0x73e878988000 size: 83558400
MIOpen(HIP): Warning [IsEnoughWorkspace] [GetSolutionsFallback AI] Solver <ConvHipImplicitGemmGroupFwdXdlops>, workspace required: 43085824, provided ptr: 0x73e86a600000 size: 41780224
MIOpen(HIP): Warning [IsEnoughWorkspace] [GetSolutionsFallback AI] Solver <GemmFwdRest>, workspace required: 292454400, provided ptr: 0x73e86a600000 size: 41780224
MIOpen(HIP): Warning [IsEnoughWorkspace] [GetSolutionsFallback AI] Solver <ConvHipImplicitGemmGroupFwdXdlops>, workspace required: 8737792, provided ptr: 0x73e780cc0000 size: 1956864
MIOpen(HIP): Warning [IsEnoughWorkspace] [GetSolutionsFallback AI] Solver <ConvAsmImplicitGemmGTCDynamicFwdXdlopsNHWC>, workspace required: 8737792, provided ptr: 0x73e780cc0000 size: 1956864
MIOpen(HIP): Warning [IsEnoughWorkspace] [GetSolutionsFallback WTI] Solver <ConvAsmImplicitGemmGTCDynamicBwdXdlopsNHWC>, workspace required: 39145472, provided ptr: 0x73e845c00000 size: 8945664
MIOpen(HIP): Warning [IsEnoughWorkspace] [GetSolutionsFallback WTI] Solver <ConvHipImplicitGemmGroupBwdXdlops>, workspace required: 39145472, provided ptr: 0x73e845c00000 size: 8945664
MIOpen(HIP): Warning [IsEnoughWorkspace] [GetSolutionsFallback AI] Solver <GemmFwdRest>, workspace required: 31309824, provided ptr: 0x73e913cc0000 size: 16285696
MIOpen(HIP): Warning [IsEnoughWorkspace] [GetSolutionsFallback AI] Solver <GemmFwdRest>, workspace required: 78274560, provided ptr: 0x73e86bb54000 size: 24199168
MIOpen(HIP): Warning [IsEnoughWorkspace] [GetSolutionsFallback AI] Solver <ConvHipImplicitGemmGroupFwdXdlops>, workspace required: 22626304, provided ptr: 0x73e86c5fe000 size: 22364160
MIOpen(HIP): Warning [IsEnoughWorkspace] [GetSolutionsFallback AI] Solver <GemmFwdRest>, workspace required: 156549120, provided ptr: 0x73e871200000 size: 45187072
MIOpen(HIP): Warning [IsEnoughWorkspace] [GetSolutionsFallback AI] Solver <ConvHipImplicitGemmGroupFwdXdlops>, workspace required: 44793856, provided ptr: 0x73e872754000 size: 44728320
MIOpen(HIP): Warning [IsEnoughWorkspace] [GetSolutionsFallback WTI] Solver <ConvAsmImplicitGemmGTCDynamicBwdXdlopsNHWC>, workspace required: 44859392, provided ptr: 0x73e871200000 size: 44728320
MIOpen(HIP): Warning [IsEnoughWorkspace] [GetSolutionsFallback WTI] Solver <ConvHipImplicitGemmGroupBwdXdlops>, workspace required: 44859392, provided ptr: 0x73e871200000 size: 44728320
MIOpen(HIP): Warning [IsEnoughWorkspace] [GetSolutionsFallback AI] Solver <GemmFwdRest>, workspace required: 156549120, provided ptr: 0x73e872754000 size: 44843008
MIOpen(HIP): Warning [IsEnoughWorkspace] [GetSolutionsFallback AI] Solver <ConvHipImplicitGemmGroupFwdXdlops>, workspace required: 44744704, provided ptr: 0x73e873ca8000 size: 44728320
MIOpen(HIP): Warning [IsEnoughWorkspace] [GetSolutionsFallback AI] Solver <GemmFwdRest>, workspace required: 234823680, provided ptr: 0x73e876750000 size: 67121152
MIOpen(HIP): Warning [IsEnoughWorkspace] [GetSolutionsFallback AI] Solver <ConvHipImplicitGemmGroupFwdXdlops>, workspace required: 67096576, provided ptr: 0x73e87874e000 size: 67092480
MIOpen(HIP): Warning [IsEnoughWorkspace] [GetSolutionsFallback AI] Solver <ConvHipImplicitGemmGroupFwdXdlops>, workspace required: 34595584, provided ptr: 0x73e86c5fe000 size: 33547264
MIOpen(HIP): Warning [IsEnoughWorkspace] [GetSolutionsFallback AI] Solver <GemmFwdRest>, workspace required: 234823680, provided ptr: 0x73e86c5fe000 size: 33547264
MIOpen(HIP): Warning [IsEnoughWorkspace] [GetSolutionsFallback AI] Solver <ConvHipImplicitGemmGroupFwdXdlops>, workspace required: 8707072, provided ptr: 0x73e780cc0000 size: 1913856
MIOpen(HIP): Warning [IsEnoughWorkspace] [GetSolutionsFallback AI] Solver <ConvAsmImplicitGemmGTCDynamicFwdXdlopsNHWC>, workspace required: 8707072, provided ptr: 0x73e780cc0000 size: 1913856
MIOpen(HIP): Warning [IsEnoughWorkspace] [GetSolutionsFallback WTI] Solver <ConvAsmImplicitGemmGTCDynamicBwdXdlopsNHWC>, workspace required: 39022592, provided ptr: 0x73e845c00000 size: 8749056
MIOpen(HIP): Warning [IsEnoughWorkspace] [GetSolutionsFallback WTI] Solver <ConvHipImplicitGemmGroupBwdXdlops>, workspace required: 39022592, provided ptr: 0x73e845c00000 size: 8749056
MIOpen(HIP): Warning [IsEnoughWorkspace] [GetSolutionsFallback AI] Solver <GemmFwdRest>, workspace required: 30621696, provided ptr: 0x73e913cc0000 size: 16089088
MIOpen(HIP): Warning [IsEnoughWorkspace] [GetSolutionsFallback AI] Solver <GemmFwdRest>, workspace required: 76554240, provided ptr: 0x73e86b06e000 size: 23707648
MIOpen(HIP): Warning [IsEnoughWorkspace] [GetSolutionsFallback AI] Solver <ConvHipImplicitGemmGroupFwdXdlops>, workspace required: 22134784, provided ptr: 0x73e86badc000 size: 21872640
MIOpen(HIP): Warning [IsEnoughWorkspace] [GetSolutionsFallback AI] Solver <GemmFwdRest>, workspace required: 153108480, provided ptr: 0x73e871200000 size: 44204032
MIOpen(HIP): Warning [IsEnoughWorkspace] [GetSolutionsFallback AI] Solver <ConvHipImplicitGemmGroupFwdXdlops>, workspace required: 43810816, provided ptr: 0x73e871200000 size: 43745280
MIOpen(HIP): Warning [IsEnoughWorkspace] [GetSolutionsFallback WTI] Solver <ConvAsmImplicitGemmGTCDynamicBwdXdlopsNHWC>, workspace required: 43876352, provided ptr: 0x73e871200000 size: 43745280
MIOpen(HIP): Warning [IsEnoughWorkspace] [GetSolutionsFallback WTI] Solver <ConvHipImplicitGemmGroupBwdXdlops>, workspace required: 43876352, provided ptr: 0x73e871200000 size: 43745280
MIOpen(HIP): Warning [IsEnoughWorkspace] [GetSolutionsFallback AI] Solver <GemmFwdRest>, workspace required: 153108480, provided ptr: 0x73e871200000 size: 43859968
MIOpen(HIP): Warning [IsEnoughWorkspace] [GetSolutionsFallback AI] Solver <ConvHipImplicitGemmGroupFwdXdlops>, workspace required: 43761664, provided ptr: 0x73e8726dc000 size: 43745280
MIOpen(HIP): Warning [IsEnoughWorkspace] [GetSolutionsFallback AI] Solver <GemmFwdRest>, workspace required: 229662720, provided ptr: 0x73e875094000 size: 65646592
MIOpen(HIP): Warning [IsEnoughWorkspace] [GetSolutionsFallback AI] Solver <ConvHipImplicitGemmGroupFwdXdlops>, workspace required: 65622016, provided ptr: 0x73e876fde000 size: 65617920
MIOpen(HIP): Warning [IsEnoughWorkspace] [GetSolutionsFallback AI] Solver <ConvHipImplicitGemmGroupFwdXdlops>, workspace required: 33835264, provided ptr: 0x73e86c54a000 size: 32809984
MIOpen(HIP): Warning [IsEnoughWorkspace] [GetSolutionsFallback AI] Solver <GemmFwdRest>, workspace required: 229662720, provided ptr: 0x73e86c54a000 size: 32809984
MIOpen(HIP): Warning [IsEnoughWorkspace] [GetSolutionsFallback AI] Solver <ConvHipImplicitGemmGroupFwdXdlops>, workspace required: 8123392, provided ptr: 0x73e781c80000 size: 1096704
MIOpen(HIP): Warning [IsEnoughWorkspace] [GetSolutionsFallback AI] Solver <ConvAsmImplicitGemmGTCDynamicFwdXdlopsNHWC>, workspace required: 8123392, provided ptr: 0x73e781c80000 size: 1096704
MIOpen(HIP): Warning [IsEnoughWorkspace] [GetSolutionsFallback WTI] Solver <ConvAsmImplicitGemmGTCDynamicBwdXdlopsNHWC>, workspace required: 36687872, provided ptr: 0x73e784400000 size: 5013504
MIOpen(HIP): Warning [IsEnoughWorkspace] [GetSolutionsFallback WTI] Solver <ConvHipImplicitGemmGroupBwdXdlops>, workspace required: 36687872, provided ptr: 0x73e784400000 size: 5013504
MIOpen(HIP): Warning [IsEnoughWorkspace] [GetSolutionsFallback AI] Solver <GemmFwdRest>, workspace required: 17547264, provided ptr: 0x73e845c00000 size: 12353536
MIOpen(HIP): Warning [IsEnoughWorkspace] [GetSolutionsFallback WTI] Solver <ConvAsmImplicitGemmGTCDynamicBwdXdlopsNHWC>, workspace required: 14016512, provided ptr: 0x73e913cc0000 size: 12533760
MIOpen(HIP): Warning [IsEnoughWorkspace] [GetSolutionsFallback WTI] Solver <ConvHipImplicitGemmGroupBwdXdlops>, workspace required: 14016512, provided ptr: 0x73e913cc0000 size: 12533760
MIOpen(HIP): Warning [IsEnoughWorkspace] [GetSolutionsFallback AI] Solver <GemmFwdRest>, workspace required: 43868160, provided ptr: 0x73e9142ba000 size: 14368768
MIOpen(HIP): Warning [IsEnoughWorkspace] [GetSolutionsFallback AI] Solver <ConvHipImplicitGemmGroupFwdXdlops>, workspace required: 12795904, provided ptr: 0x73e86a600000 size: 12533760
MIOpen(HIP): Warning [IsEnoughWorkspace] [GetSolutionsFallback AI] Solver <GemmFwdRest>, workspace required: 87736320, provided ptr: 0x73e86bde8000 size: 25526272
MIOpen(HIP): Warning [IsEnoughWorkspace] [GetSolutionsFallback AI] Solver <ConvHipImplicitGemmGroupFwdXdlops>, workspace required: 25133056, provided ptr: 0x73e86c9dc000 size: 25067520
MIOpen(HIP): Warning [IsEnoughWorkspace] [GetSolutionsFallback WTI] Solver <ConvAsmImplicitGemmGTCDynamicBwdXdlopsNHWC>, workspace required: 25198592, provided ptr: 0x73e86b1f4000 size: 25067520
MIOpen(HIP): Warning [IsEnoughWorkspace] [GetSolutionsFallback WTI] Solver <ConvHipImplicitGemmGroupBwdXdlops>, workspace required: 25198592, provided ptr: 0x73e86b1f4000 size: 25067520
MIOpen(HIP): Warning [IsEnoughWorkspace] [GetSolutionsFallback AI] Solver <GemmFwdRest>, workspace required: 87736320, provided ptr: 0x73e86bde8000 size: 25182208
MIOpen(HIP): Warning [IsEnoughWorkspace] [GetSolutionsFallback AI] Solver <ConvHipImplicitGemmGroupFwdXdlops>, workspace required: 25083904, provided ptr: 0x73e86c9dc000 size: 25067520
MIOpen(HIP): Warning [IsEnoughWorkspace] [GetSolutionsFallback AI] Solver <GemmFwdRest>, workspace required: 131604480, provided ptr: 0x73e871200000 size: 37629952
MIOpen(HIP): Warning [IsEnoughWorkspace] [GetSolutionsFallback AI] Solver <ConvHipImplicitGemmGroupFwdXdlops>, workspace required: 37605376, provided ptr: 0x73e8723ee000 size: 37601280
MIOpen(HIP): Warning [IsEnoughWorkspace] [GetSolutionsFallback AI] Solver <ConvHipImplicitGemmGroupFwdXdlops>, workspace required: 19389184, provided ptr: 0x73e86a600000 size: 18801664
MIOpen(HIP): Warning [IsEnoughWorkspace] [GetSolutionsFallback AI] Solver <GemmFwdRest>, workspace required: 131604480, provided ptr: 0x73e86a600000 size: 18801664
MIOpen(HIP): Warning [IsEnoughWorkspace] [GetSolutionsFallback AI] Solver <ConvHipImplicitGemmGroupFwdXdlops>, workspace required: 8435712, provided ptr: 0x73e781c80000 size: 1533952
MIOpen(HIP): Warning [IsEnoughWorkspace] [GetSolutionsFallback AI] Solver <ConvAsmImplicitGemmGTCDynamicFwdXdlopsNHWC>, workspace required: 8435712, provided ptr: 0x73e781c80000 size: 1533952
MIOpen(HIP): Warning [IsEnoughWorkspace] [GetSolutionsFallback WTI] Solver <ConvAsmImplicitGemmGTCDynamicBwdXdlopsNHWC>, workspace required: 37937152, provided ptr: 0x73e845c00000 size: 7012352
MIOpen(HIP): Warning [IsEnoughWorkspace] [GetSolutionsFallback WTI] Solver <ConvHipImplicitGemmGroupBwdXdlops>, workspace required: 37937152, provided ptr: 0x73e845c00000 size: 7012352
MIOpen(HIP): Warning [IsEnoughWorkspace] [GetSolutionsFallback AI] Solver <GemmFwdRest>, workspace required: 24543232, provided ptr: 0x73e913cc0000 size: 14352384
MIOpen(HIP): Warning [IsEnoughWorkspace] [GetSolutionsFallback AI] Solver <GemmFwdRest>, workspace required: 61358080, provided ptr: 0x73e86ae5c000 size: 19365888
MIOpen(HIP): Warning [IsEnoughWorkspace] [GetSolutionsFallback AI] Solver <ConvHipImplicitGemmGroupFwdXdlops>, workspace required: 17793024, provided ptr: 0x73e86b6b8000 size: 17530880
MIOpen(HIP): Warning [IsEnoughWorkspace] [GetSolutionsFallback AI] Solver <GemmFwdRest>, workspace required: 122716160, provided ptr: 0x73e86cfcc000 size: 35520512
MIOpen(HIP): Warning [IsEnoughWorkspace] [GetSolutionsFallback AI] Solver <ConvHipImplicitGemmGroupFwdXdlops>, workspace required: 35127296, provided ptr: 0x73e871200000 size: 35061760
MIOpen(HIP): Warning [IsEnoughWorkspace] [GetSolutionsFallback WTI] Solver <ConvAsmImplicitGemmGTCDynamicBwdXdlopsNHWC>, workspace required: 35192832, provided ptr: 0x73e86cfcc000 size: 35061760
MIOpen(HIP): Warning [IsEnoughWorkspace] [GetSolutionsFallback WTI] Solver <ConvHipImplicitGemmGroupBwdXdlops>, workspace required: 35192832, provided ptr: 0x73e86cfcc000 size: 35061760
MIOpen(HIP): Warning [IsEnoughWorkspace] [GetSolutionsFallback AI] Solver <GemmFwdRest>, workspace required: 122716160, provided ptr: 0x73e871200000 size: 35176448
MIOpen(HIP): Warning [IsEnoughWorkspace] [GetSolutionsFallback AI] Solver <ConvHipImplicitGemmGroupFwdXdlops>, workspace required: 35078144, provided ptr: 0x73e871200000 size: 35061760
MIOpen(HIP): Warning [IsEnoughWorkspace] [GetSolutionsFallback AI] Solver <GemmFwdRest>, workspace required: 184074240, provided ptr: 0x73e874428000 size: 52621312
MIOpen(HIP): Warning [IsEnoughWorkspace] [GetSolutionsFallback AI] Solver <ConvHipImplicitGemmGroupFwdXdlops>, workspace required: 52596736, provided ptr: 0x73e875d3c000 size: 52592640
MIOpen(HIP): Warning [IsEnoughWorkspace] [GetSolutionsFallback AI] Solver <ConvHipImplicitGemmGroupFwdXdlops>, workspace required: 27119104, provided ptr: 0x73e86bf14000 size: 26297344
MIOpen(HIP): Warning [IsEnoughWorkspace] [GetSolutionsFallback AI] Solver <GemmFwdRest>, workspace required: 184074240, provided ptr: 0x73e86bf14000 size: 26297344
[0;36m(APIServer pid=73252)[0;0m [32mINFO[0m [90m10-07 15:26:30[0m [90m[stats.py:902][0m [OmniTiming] req=speech-aa8848a0565cf3dc-8ef765d0 total=6.64s engine=6.64s stages=[0:6.64s]
INFO:     127.0.0.1:34026 - "POST /v1/audio/speech HTTP/1.1" 200 OK
[0;36m(APIServer pid=73252)[0;0m [32mINFO[0m [90m10-07 15:26:30[0m [90m[serving_speech.py:2423][0m Diffusion TTS speech request speech-8acfbc35f42a67f6: voice_clone=False
[0;36m(APIServer pid=73252)[0;0m [32mINFO[0m [90m10-07 15:26:30[0m [90m[serving_speech.py:2471][0m Applied diffusion speech params: seed=42 extra_params={}
[0;36m(APIServer pid=73252)[0;0m [32mINFO[0m [90m10-07 15:26:30[0m [90m[diffusion_engine.py:764][0m [RequestBatch] admission wait done waiting=1 max_batch=8 waited_ms=2.1
MIOpen(HIP): Warning [IsEnoughWorkspace] [GetSolutionsFallback AI] Solver <ConvHipImplicitGemmGroupFwdXdlops>, workspace required: 9096192, provided ptr: 0x73e780cc0000 size: 2458624
MIOpen(HIP): Warning [IsEnoughWorkspace] [GetSolutionsFallback AI] Solver <ConvAsmImplicitGemmGTCDynamicFwdXdlopsNHWC>, workspace required: 9096192, provided ptr: 0x73e780cc0000 size: 2458624
MIOpen(HIP): Warning [IsEnoughWorkspace] [GetSolutionsFallback WTI] Solver <ConvAsmImplicitGemmGTCDynamicBwdXdlopsNHWC>, workspace required: 40579072, provided ptr: 0x73e913cc0000 size: 11239424
MIOpen(HIP): Warning [IsEnoughWorkspace] [GetSolutionsFallback WTI] Solver <ConvHipImplicitGemmGroupBwdXdlops>, workspace required: 40579072, provided ptr: 0x73e913cc0000 size: 11239424
MIOpen(HIP): Warning [IsEnoughWorkspace] [GetSolutionsFallback AI] Solver <GemmFwdRest>, workspace required: 39337984, provided ptr: 0x73e86a600000 size: 18579456
MIOpen(HIP): Warning [IsEnoughWorkspace] [GetSolutionsFallback AI] Solver <GemmFwdRest>, workspace required: 98344960, provided ptr: 0x73e86c0cc000 size: 29933568
MIOpen(HIP): Warning [IsEnoughWorkspace] [GetSolutionsFallback AI] Solver <ConvHipImplicitGemmGroupFwdXdlops>, workspace required: 28360704, provided ptr: 0x73e86ce32000 size: 28098560
MIOpen(HIP): Warning [IsEnoughWorkspace] [GetSolutionsFallback AI] Solver <GemmFwdRest>, workspace required: 196689920, provided ptr: 0x73e872ccc000 size: 56655872
MIOpen(HIP): Warning [IsEnoughWorkspace] [GetSolutionsFallback AI] Solver <ConvHipImplicitGemmGroupFwdXdlops>, workspace required: 56262656, provided ptr: 0x73e874798000 size: 56197120
MIOpen(HIP): Warning [IsEnoughWorkspace] [GetSolutionsFallback WTI] Solver <ConvAsmImplicitGemmGTCDynamicBwdXdlopsNHWC>, workspace required: 56328192, provided ptr: 0x73e872ccc000 size: 56197120
MIOpen(HIP): Warning [IsEnoughWorkspace] [GetSolutionsFallback WTI] Solver <ConvHipImplicitGemmGroupBwdXdlops>, workspace required: 56328192, provided ptr: 0x73e872ccc000 size: 56197120
MIOpen(HIP): Warning [IsEnoughWorkspace] [GetSolutionsFallback AI] Solver <GemmFwdRest>, workspace required: 196689920, provided ptr: 0x73e874798000 size: 56311808
MIOpen(HIP): Warning [IsEnoughWorkspace] [GetSolutionsFallback AI] Solver <ConvHipImplicitGemmGroupFwdXdlops>, workspace required: 56213504, provided ptr: 0x73e876264000 size: 56197120
MIOpen(HIP): Warning [IsEnoughWorkspace] [GetSolutionsFallback AI] Solver <GemmFwdRest>, workspace required: 295034880, provided ptr: 0x73e876264000 size: 84324352
MIOpen(HIP): Warning [IsEnoughWorkspace] [GetSolutionsFallback AI] Solver <ConvHipImplicitGemmGroupFwdXdlops>, workspace required: 84299776, provided ptr: 0x73e878a96000 size: 84295680
MIOpen(HIP): Warning [IsEnoughWorkspace] [GetSolutionsFallback AI] Solver <ConvHipImplicitGemmGroupFwdXdlops>, workspace required: 43465984, provided ptr: 0x73e86a600000 size: 42148864
MIOpen(HIP): Warning [IsEnoughWorkspace] [GetSolutionsFallback AI] Solver <GemmFwdRest>, workspace required: 295034880, provided ptr: 0x73e86a600000 size: 42148864
MIOpen(HIP): Warning [IsEnoughWorkspace] [GetSolutionsFallback AI] Solver <ConvHipImplicitGemmGroupFwdXdlops>, workspace required: 9311232, provided ptr: 0x73e784400000 size: 2759680
MIOpen(HIP): Warning [IsEnoughWorkspace] [GetSolutionsFallback AI] Solver <ConvAsmImplicitGemmGTCDynamicFwdXdlopsNHWC>, workspace required: 9311232, provided ptr: 0x73e784400000 size: 2759680
MIOpen(HIP): Warning [IsEnoughWorkspace] [GetSolutionsFallback WTI] Solver <ConvAsmImplicitGemmGTCDynamicBwdXdlopsNHWC>, workspace required: 41439232, provided ptr: 0x73e913cc0000 size: 12615680
MIOpen(HIP): Warning [IsEnoughWorkspace] [GetSolutionsFallback WTI] Solver <ConvHipImplicitGemmGroupBwdXdlops>, workspace required: 41439232, provided ptr: 0x73e913cc0000 size: 12615680
MIOpen(HIP): Warning [IsEnoughWorkspace] [GetSolutionsFallback AI] Solver <GemmFwdRest>, workspace required: 44154880, provided ptr: 0x73e86a600000 size: 19955712
MIOpen(HIP): Warning [IsEnoughWorkspace] [GetSolutionsFallback AI] Solver <GemmFwdRest>, workspace required: 110387200, provided ptr: 0x73e86c414000 size: 33374208
MIOpen(HIP): Warning [IsEnoughWorkspace] [GetSolutionsFallback AI] Solver <ConvHipImplicitGemmGroupFwdXdlops>, workspace required: 31801344, provided ptr: 0x73e86d31e000 size: 31539200
MIOpen(HIP): Warning [IsEnoughWorkspace] [GetSolutionsFallback AI] Solver <GemmFwdRest>, workspace required: 220774400, provided ptr: 0x73e873014000 size: 63537152
MIOpen(HIP): Warning [IsEnoughWorkspace] [GetSolutionsFallback AI] Solver <ConvHipImplicitGemmGroupFwdXdlops>, workspace required: 63143936, provided ptr: 0x73e874e28000 size: 63078400
MIOpen(HIP): Warning [IsEnoughWorkspace] [GetSolutionsFallback WTI] Solver <ConvAsmImplicitGemmGTCDynamicBwdXdlopsNHWC>, workspace required: 63209472, provided ptr: 0x73e873014000 size: 63078400
MIOpen(HIP): Warning [IsEnoughWorkspace] [GetSolutionsFallback WTI] Solver <ConvHipImplicitGemmGroupBwdXdlops>, workspace required: 63209472, provided ptr: 0x73e873014000 size: 63078400
MIOpen(HIP): Warning [IsEnoughWorkspace] [GetSolutionsFallback AI] Solver <GemmFwdRest>, workspace required: 220774400, provided ptr: 0x73e874e28000 size: 63193088
MIOpen(HIP): Warning [IsEnoughWorkspace] [GetSolutionsFallback AI] Solver <ConvHipImplicitGemmGroupFwdXdlops>, workspace required: 63094784, provided ptr: 0x73e876c3c000 size: 63078400
MIOpen(HIP): Warning [IsEnoughWorkspace] [GetSolutionsFallback AI] Solver <GemmFwdRest>, workspace required: 331161600, provided ptr: 0x73e876c3c000 size: 94646272
MIOpen(HIP): Warning [IsEnoughWorkspace] [GetSolutionsFallback AI] Solver <ConvHipImplicitGemmGroupFwdXdlops>, workspace required: 94621696, provided ptr: 0x73e87995a000 size: 94617600
MIOpen(HIP): Warning [IsEnoughWorkspace] [GetSolutionsFallback AI] Solver <ConvHipImplicitGemmGroupFwdXdlops>, workspace required: 48788224, provided ptr: 0x73e86a600000 size: 47309824
MIOpen(HIP): Warning [IsEnoughWorkspace] [GetSolutionsFallback AI] Solver <GemmFwdRest>, workspace required: 331161600, provided ptr: 0x73e86a600000 size: 47309824
MIOpen(HIP): Warning [IsEnoughWorkspace] [GetSolutionsFallback AI] Solver <ConvHipImplicitGemmGroupFwdXdlops>, workspace required: 8645632, provided ptr: 0x73e780cc0000 size: 1827840
MIOpen(HIP): Warning [IsEnoughWorkspace] [GetSolutionsFallback AI] Solver <ConvAsmImplicitGemmGTCDynamicFwdXdlopsNHWC>, workspace required: 8645632, provided ptr: 0x73e780cc0000 size: 1827840
MIOpen(HIP): Warning [IsEnoughWorkspace] [GetSolutionsFallback WTI] Solver <ConvAsmImplicitGemmGTCDynamicBwdXdlopsNHWC>, workspace required: 38776832, provided ptr: 0x73e845c00000 size: 8355840
MIOpen(HIP): Warning [IsEnoughWorkspace] [GetSolutionsFallback WTI] Solver <ConvHipImplicitGemmGroupBwdXdlops>, workspace required: 38776832, provided ptr: 0x73e845c00000 size: 8355840
MIOpen(HIP): Warning [IsEnoughWorkspace] [GetSolutionsFallback AI] Solver <GemmFwdRest>, workspace required: 29245440, provided ptr: 0x73e913cc0000 size: 15695872
MIOpen(HIP): Warning [IsEnoughWorkspace] [GetSolutionsFallback AI] Solver <GemmFwdRest>, workspace required: 73113600, provided ptr: 0x73e86a600000 size: 22724608
MIOpen(HIP): Warning [IsEnoughWorkspace] [GetSolutionsFallback AI] Solver <ConvHipImplicitGemmGroupFwdXdlops>, workspace required: 21151744, provided ptr: 0x73e86aff6000 size: 20889600
MIOpen(HIP): Warning [IsEnoughWorkspace] [GetSolutionsFallback AI] Solver <GemmFwdRest>, workspace required: 146227200, provided ptr: 0x73e871200000 size: 42237952
MIOpen(HIP): Warning [IsEnoughWorkspace] [GetSolutionsFallback AI] Solver <ConvHipImplicitGemmGroupFwdXdlops>, workspace required: 41844736, provided ptr: 0x73e8725ec000 size: 41779200
MIOpen(HIP): Warning [IsEnoughWorkspace] [GetSolutionsFallback WTI] Solver <ConvAsmImplicitGemmGTCDynamicBwdXdlopsNHWC>, workspace required: 41910272, provided ptr: 0x73e871200000 size: 41779200
MIOpen(HIP): Warning [IsEnoughWorkspace] [GetSolutionsFallback WTI] Solver <ConvHipImplicitGemmGroupBwdXdlops>, workspace required: 41910272, provided ptr: 0x73e871200000 size: 41779200
MIOpen(HIP): Warning [IsEnoughWorkspace] [GetSolutionsFallback AI] Solver <GemmFwdRest>, workspace required: 146227200, provided ptr: 0x73e871200000 size: 41893888
MIOpen(HIP): Warning [IsEnoughWorkspace] [GetSolutionsFallback AI] Solver <ConvHipImplicitGemmGroupFwdXdlops>, workspace required: 41795584, provided ptr: 0x73e8725ec000 size: 41779200
MIOpen(HIP): Warning [IsEnoughWorkspace] [GetSolutionsFallback AI] Solver <GemmFwdRest>, workspace required: 219340800, provided ptr: 0x73e874dc4000 size: 62697472
MIOpen(HIP): Warning [IsEnoughWorkspace] [GetSolutionsFallback AI] Solver <ConvHipImplicitGemmGroupFwdXdlops>, workspace required: 62672896, provided ptr: 0x73e876ba6000 size: 62668800
MIOpen(HIP): Warning [IsEnoughWorkspace] [GetSolutionsFallback AI] Solver <ConvHipImplicitGemmGroupFwdXdlops>, workspace required: 32314624, provided ptr: 0x73e86c3e2000 size: 31335424
MIOpen(HIP): Warning [IsEnoughWorkspace] [GetSolutionsFallback AI] Solver <GemmFwdRest>, workspace required: 219340800, provided ptr: 0x73e86c3e2000 size: 31335424
MIOpen(HIP): Warning [IsEnoughWorkspace] [GetSolutionsFallback AI] Solver <ConvHipImplicitGemmGroupFwdXdlops>, workspace required: 8625152, provided ptr: 0x73e780cc0000 size: 1799168
MIOpen(HIP): Warning [IsEnoughWorkspace] [GetSolutionsFallback AI] Solver <ConvAsmImplicitGemmGTCDynamicFwdXdlopsNHWC>, workspace required: 8625152, provided ptr: 0x73e780cc0000 size: 1799168
MIOpen(HIP): Warning [IsEnoughWorkspace] [GetSolutionsFallback WTI] Solver <ConvAsmImplicitGemmGTCDynamicBwdXdlopsNHWC>, workspace required: 38694912, provided ptr: 0x73e845c00000 size: 8224768
MIOpen(HIP): Warning [IsEnoughWorkspace] [GetSolutionsFallback WTI] Solver <ConvHipImplicitGemmGroupBwdXdlops>, workspace required: 38694912, provided ptr: 0x73e845c00000 size: 8224768
MIOpen(HIP): Warning [IsEnoughWorkspace] [GetSolutionsFallback AI] Solver <GemmFwdRest>, workspace required: 28786688, provided ptr: 0x73e913cc0000 size: 15564800
MIOpen(HIP): Warning [IsEnoughWorkspace] [GetSolutionsFallback AI] Solver <GemmFwdRest>, workspace required: 71966720, provided ptr: 0x73e86a600000 size: 22396928
MIOpen(HIP): Warning [IsEnoughWorkspace] [GetSolutionsFallback AI] Solver <ConvHipImplicitGemmGroupFwdXdlops>, workspace required: 20824064, provided ptr: 0x73e86afce000 size: 20561920
MIOpen(HIP): Warning [IsEnoughWorkspace] [GetSolutionsFallback AI] Solver <GemmFwdRest>, workspace required: 143933440, provided ptr: 0x73e871200000 size: 41582592
MIOpen(HIP): Warning [IsEnoughWorkspace] [GetSolutionsFallback AI] Solver <ConvHipImplicitGemmGroupFwdXdlops>, workspace required: 41189376, provided ptr: 0x73e87259c000 size: 41123840
MIOpen(HIP): Warning [IsEnoughWorkspace] [GetSolutionsFallback WTI] Solver <ConvAsmImplicitGemmGTCDynamicBwdXdlopsNHWC>, workspace required: 41254912, provided ptr: 0x73e871200000 size: 41123840
MIOpen(HIP): Warning [IsEnoughWorkspace] [GetSolutionsFallback WTI] Solver <ConvHipImplicitGemmGroupBwdXdlops>, workspace required: 41254912, provided ptr: 0x73e871200000 size: 41123840
MIOpen(HIP): Warning [IsEnoughWorkspace] [GetSolutionsFallback AI] Solver <GemmFwdRest>, workspace required: 143933440, provided ptr: 0x73e871200000 size: 41238528
MIOpen(HIP): Warning [IsEnoughWorkspace] [GetSolutionsFallback AI] Solver <ConvHipImplicitGemmGroupFwdXdlops>, workspace required: 41140224, provided ptr: 0x73e87259c000 size: 41123840
MIOpen(HIP): Warning [IsEnoughWorkspace] [GetSolutionsFallback AI] Solver <GemmFwdRest>, workspace required: 215900160, provided ptr: 0x73e874cd4000 size: 61714432
MIOpen(HIP): Warning [IsEnoughWorkspace] [GetSolutionsFallback AI] Solver <ConvHipImplicitGemmGroupFwdXdlops>, workspace required: 61689856, provided ptr: 0x73e876a3e000 size: 61685760
MIOpen(HIP): Warning [IsEnoughWorkspace] [GetSolutionsFallback AI] Solver <ConvHipImplicitGemmGroupFwdXdlops>, workspace required: 31807744, provided ptr: 0x73e86c36a000 size: 30843904
MIOpen(HIP): Warning [IsEnoughWorkspace] [GetSolutionsFallback AI] Solver <GemmFwdRest>, workspace required: 215900160, provided ptr: 0x73e86c36a000 size: 30843904
MIOpen(HIP): Warning [IsEnoughWorkspace] [GetSolutionsFallback AI] Solver <ConvHipImplicitGemmGroupFwdXdlops>, workspace required: 8067072, provided ptr: 0x73e7e9e00000 size: 1017856
MIOpen(HIP): Warning [IsEnoughWorkspace] [GetSolutionsFallback AI] Solver <ConvAsmImplicitGemmGTCDynamicFwdXdlopsNHWC>, workspace required: 8067072, provided ptr: 0x73e7e9e00000 size: 1017856
MIOpen(HIP): Warning [IsEnoughWorkspace] [GetSolutionsFallback WTI] Solver <ConvAsmImplicitGemmGTCDynamicBwdXdlopsNHWC>, workspace required: 36462592, provided ptr: 0x73e784400000 size: 4653056
MIOpen(HIP): Warning [IsEnoughWorkspace] [GetSolutionsFallback WTI] Solver <ConvHipImplicitGemmGroupBwdXdlops>, workspace required: 36462592, provided ptr: 0x73e784400000 size: 4653056
MIOpen(HIP): Warning [IsEnoughWorkspace] [GetSolutionsFallback AI] Solver <GemmFwdRest>, workspace required: 16285696, provided ptr: 0x73e845c00000 size: 11993088
MIOpen(HIP): Warning [IsEnoughWorkspace] [GetSolutionsFallback WTI] Solver <ConvAsmImplicitGemmGTCDynamicBwdXdlopsNHWC>, workspace required: 13385728, provided ptr: 0x73e913cc0000 size: 11632640
MIOpen(HIP): Warning [IsEnoughWorkspace] [GetSolutionsFallback WTI] Solver <ConvHipImplicitGemmGroupBwdXdlops>, workspace required: 13385728, provided ptr: 0x73e913cc0000 size: 11632640
MIOpen(HIP): Warning [IsEnoughWorkspace] [GetSolutionsFallback AI] Solver <GemmFwdRest>, workspace required: 40714240, provided ptr: 0x73e91424c000 size: 13467648
MIOpen(HIP): Warning [IsEnoughWorkspace] [GetSolutionsFallback AI] Solver <ConvHipImplicitGemmGroupFwdXdlops>, workspace required: 11894784, provided ptr: 0x73e86a600000 size: 11632640
MIOpen(HIP): Warning [IsEnoughWorkspace] [GetSolutionsFallback AI] Solver <GemmFwdRest>, workspace required: 81428480, provided ptr: 0x73e86bc30000 size: 23724032
MIOpen(HIP): Warning [IsEnoughWorkspace] [GetSolutionsFallback AI] Solver <ConvHipImplicitGemmGroupFwdXdlops>, workspace required: 23330816, provided ptr: 0x73e86c748000 size: 23265280
MIOpen(HIP): Warning [IsEnoughWorkspace] [GetSolutionsFallback WTI] Solver <ConvAsmImplicitGemmGTCDynamicBwdXdlopsNHWC>, workspace required: 23396352, provided ptr: 0x73e86b118000 size: 23265280
MIOpen(HIP): Warning [IsEnoughWorkspace] [GetSolutionsFallback WTI] Solver <ConvHipImplicitGemmGroupBwdXdlops>, workspace required: 23396352, provided ptr: 0x73e86b118000 size: 23265280
MIOpen(HIP): Warning [IsEnoughWorkspace] [GetSolutionsFallback AI] Solver <GemmFwdRest>, workspace required: 81428480, provided ptr: 0x73e86bc30000 size: 23379968
MIOpen(HIP): Warning [IsEnoughWorkspace] [GetSolutionsFallback AI] Solver <ConvHipImplicitGemmGroupFwdXdlops>, workspace required: 23281664, provided ptr: 0x73e86c748000 size: 23265280
MIOpen(HIP): Warning [IsEnoughWorkspace] [GetSolutionsFallback AI] Solver <GemmFwdRest>, workspace required: 122142720, provided ptr: 0x73e871200000 size: 34926592
MIOpen(HIP): Warning [IsEnoughWorkspace] [GetSolutionsFallback AI] Solver <ConvHipImplicitGemmGroupFwdXdlops>, workspace required: 34902016, provided ptr: 0x73e871200000 size: 34897920
MIOpen(HIP): Warning [IsEnoughWorkspace] [GetSolutionsFallback AI] Solver <ConvHipImplicitGemmGroupFwdXdlops>, workspace required: 17995264, provided ptr: 0x73e86a600000 size: 17449984
MIOpen(HIP): Warning [IsEnoughWorkspace] [GetSolutionsFallback AI] Solver <GemmFwdRest>, workspace required: 122142720, provided ptr: 0x73e86a600000 size: 17449984
MIOpen(HIP): Warning [IsEnoughWorkspace] [GetSolutionsFallback AI] Solver <ConvHipImplicitGemmGroupFwdXdlops>, workspace required: 8476672, provided ptr: 0x73e780cc0000 size: 1591296
MIOpen(HIP): Warning [IsEnoughWorkspace] [GetSolutionsFallback AI] Solver <ConvAsmImplicitGemmGTCDynamicFwdXdlopsNHWC>, workspace required: 8476672, provided ptr: 0x73e780cc0000 size: 1591296
MIOpen(HIP): Warning [IsEnoughWorkspace] [GetSolutionsFallback WTI] Solver <ConvAsmImplicitGemmGTCDynamicBwdXdlopsNHWC>, workspace required: 38100992, provided ptr: 0x73e845c00000 size: 7274496
MIOpen(HIP): Warning [IsEnoughWorkspace] [GetSolutionsFallback WTI] Solver <ConvHipImplicitGemmGroupBwdXdlops>, workspace required: 38100992, provided ptr: 0x73e845c00000 size: 7274496
MIOpen(HIP): Warning [IsEnoughWorkspace] [GetSolutionsFallback AI] Solver <GemmFwdRest>, workspace required: 25460736, provided ptr: 0x73e913cc0000 size: 14614528
MIOpen(HIP): Warning [IsEnoughWorkspace] [GetSolutionsFallback AI] Solver <GemmFwdRest>, workspace required: 63651840, provided ptr: 0x73e86aeac000 size: 20021248
MIOpen(HIP): Warning [IsEnoughWorkspace] [GetSolutionsFallback AI] Solver <ConvHipImplicitGemmGroupFwdXdlops>, workspace required: 18448384, provided ptr: 0x73e86b758000 size: 18186240
MIOpen(HIP): Warning [IsEnoughWorkspace] [GetSolutionsFallback AI] Solver <GemmFwdRest>, workspace required: 127303680, provided ptr: 0x73e871200000 size: 36831232
MIOpen(HIP): Warning [IsEnoughWorkspace] [GetSolutionsFallback AI] Solver <ConvHipImplicitGemmGroupFwdXdlops>, workspace required: 36438016, provided ptr: 0x73e871200000 size: 36372480
MIOpen(HIP): Warning [IsEnoughWorkspace] [GetSolutionsFallback WTI] Solver <ConvAsmImplicitGemmGTCDynamicBwdXdlopsNHWC>, workspace required: 36503552, provided ptr: 0x73e871200000 size: 36372480
MIOpen(HIP): Warning [IsEnoughWorkspace] [GetSolutionsFallback WTI] Solver <ConvHipImplicitGemmGroupBwdXdlops>, workspace required: 36503552, provided ptr: 0x73e871200000 size: 36372480
MIOpen(HIP): Warning [IsEnoughWorkspace] [GetSolutionsFallback AI] Solver <GemmFwdRest>, workspace required: 127303680, provided ptr: 0x73e871200000 size: 36487168
MIOpen(HIP): Warning [IsEnoughWorkspace] [GetSolutionsFallback AI] Solver <ConvHipImplicitGemmGroupFwdXdlops>, workspace required: 36388864, provided ptr: 0x73e872358000 size: 36372480
MIOpen(HIP): Warning [IsEnoughWorkspace] [GetSolutionsFallback AI] Solver <GemmFwdRest>, workspace required: 190955520, provided ptr: 0x73e872c04000 size: 54587392
MIOpen(HIP): Warning [IsEnoughWorkspace] [GetSolutionsFallback AI] Solver <ConvHipImplicitGemmGroupFwdXdlops>, workspace required: 54562816, provided ptr: 0x73e874608000 size: 54558720
MIOpen(HIP): Warning [IsEnoughWorkspace] [GetSolutionsFallback AI] Solver <ConvHipImplicitGemmGroupFwdXdlops>, workspace required: 28132864, provided ptr: 0x73e86c004000 size: 27280384
MIOpen(HIP): Warning [IsEnoughWorkspace] [GetSolutionsFallback AI] Solver <GemmFwdRest>, workspace required: 190955520, provided ptr: 0x73e86c004000 size: 27280384
[0;36m(APIServer pid=73252)[0;0m [32mINFO[0m [90m10-07 15:26:35[0m [90m[stats.py:902][0m [OmniTiming] req=speech-8acfbc35f42a67f6-b28b193a total=5.15s engine=5.15s stages=[0:5.15s]
INFO:     127.0.0.1:34026 - "POST /v1/audio/speech HTTP/1.1" 200 OK
[0;36m(APIServer pid=73252)[0;0m [32mINFO[0m [90m10-07 15:26:35[0m [90m[serving_speech.py:2423][0m Diffusion TTS speech request speech-becddede733560de: voice_clone=False
[0;36m(APIServer pid=73252)[0;0m [32mINFO[0m [90m10-07 15:26:35[0m [90m[serving_speech.py:2471][0m Applied diffusion speech params: seed=42 extra_params={}
[0;36m(APIServer pid=73252)[0;0m [32mINFO[0m [90m10-07 15:26:35[0m [90m[diffusion_engine.py:764][0m [RequestBatch] admission wait done waiting=1 max_batch=8 waited_ms=2.1
MIOpen(HIP): Warning [IsEnoughWorkspace] [GetSolutionsFallback AI] Solver <ConvHipImplicitGemmGroupFwdXdlops>, workspace required: 8430592, provided ptr: 0x73e781c80000 size: 1526784
MIOpen(HIP): Warning [IsEnoughWorkspace] [GetSolutionsFallback AI] Solver <ConvAsmImplicitGemmGTCDynamicFwdXdlopsNHWC>, workspace required: 8430592, provided ptr: 0x73e781c80000 size: 1526784
MIOpen(HIP): Warning [IsEnoughWorkspace] [GetSolutionsFallback WTI] Solver <ConvAsmImplicitGemmGTCDynamicBwdXdlopsNHWC>, workspace required: 37916672, provided ptr: 0x73e845c00000 size: 6979584
MIOpen(HIP): Warning [IsEnoughWorkspace] [GetSolutionsFallback WTI] Solver <ConvHipImplicitGemmGroupBwdXdlops>, workspace required: 37916672, provided ptr: 0x73e845c00000 size: 6979584
MIOpen(HIP): Warning [IsEnoughWorkspace] [GetSolutionsFallback AI] Solver <GemmFwdRest>, workspace required: 24428544, provided ptr: 0x73e913cc0000 size: 14319616
MIOpen(HIP): Warning [IsEnoughWorkspace] [GetSolutionsFallback WTI] Solver <ConvAsmImplicitGemmGTCDynamicBwdXdlopsNHWC>, workspace required: 17457152, provided ptr: 0x73e86a600000 size: 17448960
MIOpen(HIP): Warning [IsEnoughWorkspace] [GetSolutionsFallback WTI] Solver <ConvHipImplicitGemmGroupBwdXdlops>, workspace required: 17457152, provided ptr: 0x73e86a600000 size: 17448960
MIOpen(HIP): Warning [IsEnoughWorkspace] [GetSolutionsFallback AI] Solver <GemmFwdRest>, workspace required: 61071360, provided ptr: 0x73e86ae52000 size: 19283968
MIOpen(HIP): Warning [IsEnoughWorkspace] [GetSolutionsFallback AI] Solver <ConvHipImplicitGemmGroupFwdXdlops>, workspace required: 17711104, provided ptr: 0x73e86b6a4000 size: 17448960
MIOpen(HIP): Warning [IsEnoughWorkspace] [GetSolutionsFallback AI] Solver <GemmFwdRest>, workspace required: 122142720, provided ptr: 0x73e86cf9a000 size: 35356672
MIOpen(HIP): Warning [IsEnoughWorkspace] [GetSolutionsFallback AI] Solver <ConvHipImplicitGemmGroupFwdXdlops>, workspace required: 34963456, provided ptr: 0x73e871200000 size: 34897920
MIOpen(HIP): Warning [IsEnoughWorkspace] [GetSolutionsFallback WTI] Solver <ConvAsmImplicitGemmGTCDynamicBwdXdlopsNHWC>, workspace required: 35028992, provided ptr: 0x73e86cf9a000 size: 34897920
MIOpen(HIP): Warning [IsEnoughWorkspace] [GetSolutionsFallback WTI] Solver <ConvHipImplicitGemmGroupBwdXdlops>, workspace required: 35028992, provided ptr: 0x73e86cf9a000 size: 34897920
MIOpen(HIP): Warning [IsEnoughWorkspace] [GetSolutionsFallback AI] Solver <GemmFwdRest>, workspace required: 122142720, provided ptr: 0x73e871200000 size: 35012608
MIOpen(HIP): Warning [IsEnoughWorkspace] [GetSolutionsFallback AI] Solver <ConvHipImplicitGemmGroupFwdXdlops>, workspace required: 34914304, provided ptr: 0x73e871200000 size: 34897920
MIOpen(HIP): Warning [IsEnoughWorkspace] [GetSolutionsFallback AI] Solver <GemmFwdRest>, workspace required: 183214080, provided ptr: 0x73e8743ec000 size: 52375552
MIOpen(HIP): Warning [IsEnoughWorkspace] [GetSolutionsFallback AI] Solver <ConvHipImplicitGemmGroupFwdXdlops>, workspace required: 52350976, provided ptr: 0x73e875ce2000 size: 52346880
MIOpen(HIP): Warning [IsEnoughWorkspace] [GetSolutionsFallback AI] Solver <ConvHipImplicitGemmGroupFwdXdlops>, workspace required: 26992384, provided ptr: 0x73e86bef6000 size: 26174464
MIOpen(HIP): Warning [IsEnoughWorkspace] [GetSolutionsFallback AI] Solver <GemmFwdRest>, workspace required: 183214080, provided ptr: 0x73e86bef6000 size: 26174464
MIOpen(HIP): Warning [IsEnoughWorkspace] [GetSolutionsFallback AI] Solver <ConvHipImplicitGemmGroupFwdXdlops>, workspace required: 9270272, provided ptr: 0x73e780cc0000 size: 2702336
MIOpen(HIP): Warning [IsEnoughWorkspace] [GetSolutionsFallback AI] Solver <ConvAsmImplicitGemmGTCDynamicFwdXdlopsNHWC>, workspace required: 9270272, provided ptr: 0x73e780cc0000 size: 2702336
MIOpen(HIP): Warning [IsEnoughWorkspace] [GetSolutionsFallback WTI] Solver <ConvAsmImplicitGemmGTCDynamicBwdXdlopsNHWC>, workspace required: 41275392, provided ptr: 0x73e913cc0000 size: 12353536
MIOpen(HIP): Warning [IsEnoughWorkspace] [GetSolutionsFallback WTI] Solver <ConvHipImplicitGemmGroupBwdXdlops>, workspace required: 41275392, provided ptr: 0x73e913cc0000 size: 12353536
MIOpen(HIP): Warning [IsEnoughWorkspace] [GetSolutionsFallback AI] Solver <GemmFwdRest>, workspace required: 43237376, provided ptr: 0x73e86a600000 size: 19693568
MIOpen(HIP): Warning [IsEnoughWorkspace] [GetSolutionsFallback AI] Solver <GemmFwdRest>, workspace required: 108093440, provided ptr: 0x73e86c374000 size: 32718848
MIOpen(HIP): Warning [IsEnoughWorkspace] [GetSolutionsFallback AI] Solver <ConvHipImplicitGemmGroupFwdXdlops>, workspace required: 31145984, provided ptr: 0x73e86d22e000 size: 30883840
MIOpen(HIP): Warning [IsEnoughWorkspace] [GetSolutionsFallback AI] Solver <GemmFwdRest>, workspace required: 216186880, provided ptr: 0x73e872f74000 size: 62226432
MIOpen(HIP): Warning [IsEnoughWorkspace] [GetSolutionsFallback AI] Solver <ConvHipImplicitGemmGroupFwdXdlops>, workspace required: 61833216, provided ptr: 0x73e874ce8000 size: 61767680
MIOpen(HIP): Warning [IsEnoughWorkspace] [GetSolutionsFallback WTI] Solver <ConvAsmImplicitGemmGTCDynamicBwdXdlopsNHWC>, workspace required: 61898752, provided ptr: 0x73e872f74000 size: 61767680
MIOpen(HIP): Warning [IsEnoughWorkspace] [GetSolutionsFallback WTI] Solver <ConvHipImplicitGemmGroupBwdXdlops>, workspace required: 61898752, provided ptr: 0x73e872f74000 size: 61767680
MIOpen(HIP): Warning [IsEnoughWorkspace] [GetSolutionsFallback AI] Solver <GemmFwdRest>, workspace required: 216186880, provided ptr: 0x73e874ce8000 size: 61882368
MIOpen(HIP): Warning [IsEnoughWorkspace] [GetSolutionsFallback AI] Solver <ConvHipImplicitGemmGroupFwdXdlops>, workspace required: 61784064, provided ptr: 0x73e876a5c000 size: 61767680
MIOpen(HIP): Warning [IsEnoughWorkspace] [GetSolutionsFallback AI] Solver <GemmFwdRest>, workspace required: 324280320, provided ptr: 0x73e876a5c000 size: 92680192
MIOpen(HIP): Warning [IsEnoughWorkspace] [GetSolutionsFallback AI] Solver <ConvHipImplicitGemmGroupFwdXdlops>, workspace required: 92655616, provided ptr: 0x73e87968a000 size: 92651520
MIOpen(HIP): Warning [IsEnoughWorkspace] [GetSolutionsFallback AI] Solver <ConvHipImplicitGemmGroupFwdXdlops>, workspace required: 47774464, provided ptr: 0x73e86a600000 size: 46326784
MIOpen(HIP): Warning [IsEnoughWorkspace] [GetSolutionsFallback AI] Solver <GemmFwdRest>, workspace required: 324280320, provided ptr: 0x73e86a600000 size: 46326784
MIOpen(HIP): Warning [IsEnoughWorkspace] [GetSolutionsFallback AI] Solver <ConvHipImplicitGemmGroupFwdXdlops>, workspace required: 7831552, provided ptr: 0x73e7e9e00000 size: 688128
MIOpen(HIP): Warning [IsEnoughWorkspace] [GetSolutionsFallback AI] Solver <ConvAsmImplicitGemmGTCDynamicFwdXdlopsNHWC>, workspace required: 7831552, provided ptr: 0x73e7e9e00000 size: 688128
MIOpen(HIP): Warning [IsEnoughWorkspace] [GetSolutionsFallback WTI] Solver <ConvAsmImplicitGemmGTCDynamicBwdXdlopsNHWC>, workspace required: 35520512, provided ptr: 0x73e780cc0000 size: 3145728
MIOpen(HIP): Warning [IsEnoughWorkspace] [GetSolutionsFallback WTI] Solver <ConvHipImplicitGemmGroupBwdXdlops>, workspace required: 35520512, provided ptr: 0x73e780cc0000 size: 3145728
MIOpen(HIP): Warning [IsEnoughWorkspace] [GetSolutionsFallback WTI] Solver <ConvAsmImplicitGemmGTCDynamicBwdXdlopsNHWC>, workspace required: 10747904, provided ptr: 0x73e845c00000 size: 7864320
MIOpen(HIP): Warning [IsEnoughWorkspace] [GetSolutionsFallback WTI] Solver <ConvHipImplicitGemmGroupBwdXdlops>, workspace required: 10747904, provided ptr: 0x73e845c00000 size: 7864320
MIOpen(HIP): Warning [IsEnoughWorkspace] [GetSolutionsFallback AI] Solver <GemmFwdRest>, workspace required: 27525120, provided ptr: 0x73e913cc0000 size: 9699328
MIOpen(HIP): Warning [IsEnoughWorkspace] [GetSolutionsFallback AI] Solver <ConvHipImplicitGemmGroupFwdXdlops>, workspace required: 8126464, provided ptr: 0x73e913cc0000 size: 7864320
MIOpen(HIP): Warning [IsEnoughWorkspace] [GetSolutionsFallback AI] Solver <GemmFwdRest>, workspace required: 55050240, provided ptr: 0x73e86a600000 size: 16187392
MIOpen(HIP): Warning [IsEnoughWorkspace] [GetSolutionsFallback AI] Solver <ConvHipImplicitGemmGroupFwdXdlops>, workspace required: 15794176, provided ptr: 0x73e86ad80000 size: 15728640
MIOpen(HIP): Warning [IsEnoughWorkspace] [GetSolutionsFallback WTI] Solver <ConvAsmImplicitGemmGTCDynamicBwdXdlopsNHWC>, workspace required: 15859712, provided ptr: 0x73e86a600000 size: 15728640
MIOpen(HIP): Warning [IsEnoughWorkspace] [GetSolutionsFallback WTI] Solver <ConvHipImplicitGemmGroupBwdXdlops>, workspace required: 15859712, provided ptr: 0x73e86a600000 size: 15728640
MIOpen(HIP): Warning [IsEnoughWorkspace] [GetSolutionsFallback AI] Solver <GemmFwdRest>, workspace required: 55050240, provided ptr: 0x73e86ad80000 size: 15843328
MIOpen(HIP): Warning [IsEnoughWorkspace] [GetSolutionsFallback AI] Solver <ConvHipImplicitGemmGroupFwdXdlops>, workspace required: 15745024, provided ptr: 0x73e86b500000 size: 15728640
MIOpen(HIP): Warning [IsEnoughWorkspace] [GetSolutionsFallback AI] Solver <GemmFwdRest>, workspace required: 82575360, provided ptr: 0x73e86b8c0000 size: 23621632
MIOpen(HIP): Warning [IsEnoughWorkspace] [GetSolutionsFallback AI] Solver <ConvHipImplicitGemmGroupFwdXdlops>, workspace required: 23597056, provided ptr: 0x73e86c400000 size: 23592960
MIOpen(HIP): Warning [IsEnoughWorkspace] [GetSolutionsFallback AI] Solver <ConvHipImplicitGemmGroupFwdXdlops>, workspace required: 12166144, provided ptr: 0x73e913cc0000 size: 11797504
MIOpen(HIP): Warning [IsEnoughWorkspace] [GetSolutionsFallback AI] Solver <GemmFwdRest>, workspace required: 82575360, provided ptr: 0x73e913cc0000 size: 11797504
MIOpen(HIP): Warning [IsEnoughWorkspace] [GetSolutionsFallback AI] Solver <ConvHipImplicitGemmGroupFwdXdlops>, workspace required: 8922112, provided ptr: 0x73e780cc0000 size: 2214912
MIOpen(HIP): Warning [IsEnoughWorkspace] [GetSolutionsFallback AI] Solver <ConvAsmImplicitGemmGTCDynamicFwdXdlopsNHWC>, workspace required: 8922112, provided ptr: 0x73e780cc0000 size: 2214912
MIOpen(HIP): Warning [IsEnoughWorkspace] [GetSolutionsFallback WTI] Solver <ConvAsmImplicitGemmGTCDynamicBwdXdlopsNHWC>, workspace required: 39882752, provided ptr: 0x73e845c00000 size: 10125312
MIOpen(HIP): Warning [IsEnoughWorkspace] [GetSolutionsFallback WTI] Solver <ConvHipImplicitGemmGroupBwdXdlops>, workspace required: 39882752, provided ptr: 0x73e845c00000 size: 10125312
MIOpen(HIP): Warning [IsEnoughWorkspace] [GetSolutionsFallback AI] Solver <GemmFwdRest>, workspace required: 35438592, provided ptr: 0x73e913cc0000 size: 17465344
MIOpen(HIP): Warning [IsEnoughWorkspace] [GetSolutionsFallback AI] Solver <GemmFwdRest>, workspace required: 88596480, provided ptr: 0x73e86be24000 size: 27148288
MIOpen(HIP): Warning [IsEnoughWorkspace] [GetSolutionsFallback AI] Solver <ConvHipImplicitGemmGroupFwdXdlops>, workspace required: 25575424, provided ptr: 0x73e86ca36000 size: 25313280
MIOpen(HIP): Warning [IsEnoughWorkspace] [GetSolutionsFallback AI] Solver <GemmFwdRest>, workspace required: 177192960, provided ptr: 0x73e872a24000 size: 51085312
MIOpen(HIP): Warning [IsEnoughWorkspace] [GetSolutionsFallback AI] Solver <ConvHipImplicitGemmGroupFwdXdlops>, workspace required: 50692096, provided ptr: 0x73e874248000 size: 50626560
MIOpen(HIP): Warning [IsEnoughWorkspace] [GetSolutionsFallback WTI] Solver <ConvAsmImplicitGemmGTCDynamicBwdXdlopsNHWC>, workspace required: 50757632, provided ptr: 0x73e872a24000 size: 50626560
MIOpen(HIP): Warning [IsEnoughWorkspace] [GetSolutionsFallback WTI] Solver <ConvHipImplicitGemmGroupBwdXdlops>, workspace required: 50757632, provided ptr: 0x73e872a24000 size: 50626560
MIOpen(HIP): Warning [IsEnoughWorkspace] [GetSolutionsFallback AI] Solver <GemmFwdRest>, workspace required: 177192960, provided ptr: 0x73e872a24000 size: 50741248
MIOpen(HIP): Warning [IsEnoughWorkspace] [GetSolutionsFallback AI] Solver <ConvHipImplicitGemmGroupFwdXdlops>, workspace required: 50642944, provided ptr: 0x73e874248000 size: 50626560
MIOpen(HIP): Warning [IsEnoughWorkspace] [GetSolutionsFallback AI] Solver <GemmFwdRest>, workspace required: 265789440, provided ptr: 0x73e875a6c000 size: 75968512
MIOpen(HIP): Warning [IsEnoughWorkspace] [GetSolutionsFallback AI] Solver <ConvHipImplicitGemmGroupFwdXdlops>, workspace required: 75943936, provided ptr: 0x73e877ea2000 size: 75939840
MIOpen(HIP): Warning [IsEnoughWorkspace] [GetSolutionsFallback AI] Solver <ConvHipImplicitGemmGroupFwdXdlops>, workspace required: 39157504, provided ptr: 0x73e86a600000 size: 37970944
MIOpen(HIP): Warning [IsEnoughWorkspace] [GetSolutionsFallback AI] Solver <GemmFwdRest>, workspace required: 265789440, provided ptr: 0x73e86a600000 size: 37970944
MIOpen(HIP): Warning [IsEnoughWorkspace] [GetSolutionsFallback AI] Solver <ConvHipImplicitGemmGroupFwdXdlops>, workspace required: 8179712, provided ptr: 0x73e781c80000 size: 1175552
MIOpen(HIP): Warning [IsEnoughWorkspace] [GetSolutionsFallback AI] Solver <ConvAsmImplicitGemmGTCDynamicFwdXdlopsNHWC>, workspace required: 8179712, provided ptr: 0x73e781c80000 size: 1175552
MIOpen(HIP): Warning [IsEnoughWorkspace] [GetSolutionsFallback WTI] Solver <ConvAsmImplicitGemmGTCDynamicBwdXdlopsNHWC>, workspace required: 36913152, provided ptr: 0x73e845c00000 size: 5373952
MIOpen(HIP): Warning [IsEnoughWorkspace] [GetSolutionsFallback WTI] Solver <ConvHipImplicitGemmGroupBwdXdlops>, workspace required: 36913152, provided ptr: 0x73e845c00000 size: 5373952
MIOpen(HIP): Warning [IsEnoughWorkspace] [GetSolutionsFallback AI] Solver <GemmFwdRest>, workspace required: 18808832, provided ptr: 0x73e913cc0000 size: 12713984
MIOpen(HIP): Warning [IsEnoughWorkspace] [GetSolutionsFallback WTI] Solver <ConvAsmImplicitGemmGTCDynamicBwdXdlopsNHWC>, workspace required: 14647296, provided ptr: 0x73e913cc0000 size: 13434880
MIOpen(HIP): Warning [IsEnoughWorkspace] [GetSolutionsFallback WTI] Solver <ConvHipImplicitGemmGroupBwdXdlops>, workspace required: 14647296, provided ptr: 0x73e913cc0000 size: 13434880
MIOpen(HIP): Warning [IsEnoughWorkspace] [GetSolutionsFallback AI] Solver <GemmFwdRest>, workspace required: 47022080, provided ptr: 0x73e86a600000 size: 15269888
MIOpen(HIP): Warning [IsEnoughWorkspace] [GetSolutionsFallback AI] Solver <ConvAsmImplicitGemmGTCDynamicFwdXdlopsNHWC>, workspace required: 13434880, provided ptr: 0 size: 0
MIOpen(HIP): Warning [IsEnoughWorkspace] [GetSolutionsFallback AI] Solver <ConvHipImplicitGemmGroupFwdXdlops>, workspace required: 13697024, provided ptr: 0 size: 0
MIOpen(HIP): Warning [IsEnoughWorkspace] [GetSolutionsFallback AI] Solver <GemmFwdRest>, workspace required: 94044160, provided ptr: 0x73e86b2d0000 size: 27328512
MIOpen(HIP): Warning [IsEnoughWorkspace] [GetSolutionsFallback AI] Solver <ConvHipImplicitGemmGroupFwdXdlops>, workspace required: 26935296, provided ptr: 0x73e86bfa0000 size: 26869760
MIOpen(HIP): Warning [IsEnoughWorkspace] [GetSolutionsFallback WTI] Solver <ConvAsmImplicitGemmGTCDynamicBwdXdlopsNHWC>, workspace required: 27000832, provided ptr: 0x73e86b2d0000 size: 26869760
MIOpen(HIP): Warning [IsEnoughWorkspace] [GetSolutionsFallback WTI] Solver <ConvHipImplicitGemmGroupBwdXdlops>, workspace required: 27000832, provided ptr: 0x73e86b2d0000 size: 26869760
MIOpen(HIP): Warning [IsEnoughWorkspace] [GetSolutionsFallback AI] Solver <GemmFwdRest>, workspace required: 94044160, provided ptr: 0x73e86bfa0000 size: 26984448
MIOpen(HIP): Warning [IsEnoughWorkspace] [GetSolutionsFallback AI] Solver <ConvHipImplicitGemmGroupFwdXdlops>, workspace required: 26886144, provided ptr: 0x73e86cc70000 size: 26869760
MIOpen(HIP): Warning [IsEnoughWorkspace] [GetSolutionsFallback AI] Solver <GemmFwdRest>, workspace required: 141066240, provided ptr: 0x73e871200000 size: 40333312
MIOpen(HIP): Warning [IsEnoughWorkspace] [GetSolutionsFallback AI] Solver <ConvHipImplicitGemmGroupFwdXdlops>, workspace required: 40308736, provided ptr: 0x73e872538000 size: 40304640
MIOpen(HIP): Warning [IsEnoughWorkspace] [GetSolutionsFallback AI] Solver <ConvHipImplicitGemmGroupFwdXdlops>, workspace required: 20783104, provided ptr: 0x73e86a600000 size: 20153344
MIOpen(HIP): Warning [IsEnoughWorkspace] [GetSolutionsFallback AI] Solver <GemmFwdRest>, workspace required: 141066240, provided ptr: 0x73e86a600000 size: 20153344
[0;36m(APIServer pid=73252)[0;0m [32mINFO[0m [90m10-07 15:26:41[0m [90m[stats.py:902][0m [OmniTiming] req=speech-becddede733560de-b56bd629 total=6.17s engine=6.17s stages=[0:6.16s]
INFO:     127.0.0.1:34026 - "POST /v1/audio/speech HTTP/1.1" 200 OK
[0;36m(APIServer pid=73252)[0;0m [32mINFO[0m [90m10-07 15:26:41[0m [90m[serving_speech.py:2423][0m Diffusion TTS speech request speech-98bca5bd83d48ab7: voice_clone=False
[0;36m(APIServer pid=73252)[0;0m [32mINFO[0m [90m10-07 15:26:41[0m [90m[serving_speech.py:2471][0m Applied diffusion speech params: seed=42 extra_params={}
[0;36m(APIServer pid=73252)[0;0m [32mINFO[0m [90m10-07 15:26:41[0m [90m[diffusion_engine.py:764][0m [RequestBatch] admission wait done waiting=1 max_batch=8 waited_ms=2.1
MIOpen(HIP): Warning [IsEnoughWorkspace] [GetSolutionsFallback AI] Solver <ConvHipImplicitGemmGroupFwdXdlops>, workspace required: 9239552, provided ptr: 0x73e780cc0000 size: 2659328
MIOpen(HIP): Warning [IsEnoughWorkspace] [GetSolutionsFallback AI] Solver <ConvAsmImplicitGemmGTCDynamicFwdXdlopsNHWC>, workspace required: 9239552, provided ptr: 0x73e780cc0000 size: 2659328
MIOpen(HIP): Warning [IsEnoughWorkspace] [GetSolutionsFallback WTI] Solver <ConvAsmImplicitGemmGTCDynamicBwdXdlopsNHWC>, workspace required: 41152512, provided ptr: 0x73e913cc0000 size: 12156928
MIOpen(HIP): Warning [IsEnoughWorkspace] [GetSolutionsFallback WTI] Solver <ConvHipImplicitGemmGroupBwdXdlops>, workspace required: 41152512, provided ptr: 0x73e913cc0000 size: 12156928
MIOpen(HIP): Warning [IsEnoughWorkspace] [GetSolutionsFallback AI] Solver <GemmFwdRest>, workspace required: 42549248, provided ptr: 0x73e86a600000 size: 19496960
MIOpen(HIP): Warning [IsEnoughWorkspace] [GetSolutionsFallback AI] Solver <GemmFwdRest>, workspace required: 106373120, provided ptr: 0x73e86c2fc000 size: 32227328
MIOpen(HIP): Warning [IsEnoughWorkspace] [GetSolutionsFallback AI] Solver <ConvHipImplicitGemmGroupFwdXdlops>, workspace required: 30654464, provided ptr: 0x73e86d17a000 size: 30392320
MIOpen(HIP): Warning [IsEnoughWorkspace] [GetSolutionsFallback AI] Solver <GemmFwdRest>, workspace required: 212746240, provided ptr: 0x73e872efc000 size: 61243392
MIOpen(HIP): Warning [IsEnoughWorkspace] [GetSolutionsFallback AI] Solver <ConvHipImplicitGemmGroupFwdXdlops>, workspace required: 60850176, provided ptr: 0x73e874bf8000 size: 60784640
MIOpen(HIP): Warning [IsEnoughWorkspace] [GetSolutionsFallback WTI] Solver <ConvAsmImplicitGemmGTCDynamicBwdXdlopsNHWC>, workspace required: 60915712, provided ptr: 0x73e872efc000 size: 60784640
MIOpen(HIP): Warning [IsEnoughWorkspace] [GetSolutionsFallback WTI] Solver <ConvHipImplicitGemmGroupBwdXdlops>, workspace required: 60915712, provided ptr: 0x73e872efc000 size: 60784640
MIOpen(HIP): Warning [IsEnoughWorkspace] [GetSolutionsFallback AI] Solver <GemmFwdRest>, workspace required: 212746240, provided ptr: 0x73e874bf8000 size: 60899328
MIOpen(HIP): Warning [IsEnoughWorkspace] [GetSolutionsFallback AI] Solver <ConvHipImplicitGemmGroupFwdXdlops>, workspace required: 60801024, provided ptr: 0x73e8768f4000 size: 60784640
MIOpen(HIP): Warning [IsEnoughWorkspace] [GetSolutionsFallback AI] Solver <GemmFwdRest>, workspace required: 319119360, provided ptr: 0x73e8768f4000 size: 91205632
MIOpen(HIP): Warning [IsEnoughWorkspace] [GetSolutionsFallback AI] Solver <ConvHipImplicitGemmGroupFwdXdlops>, workspace required: 91181056, provided ptr: 0x73e87946e000 size: 91176960
MIOpen(HIP): Warning [IsEnoughWorkspace] [GetSolutionsFallback AI] Solver <ConvHipImplicitGemmGroupFwdXdlops>, workspace required: 47014144, provided ptr: 0x73e86a600000 size: 45589504
MIOpen(HIP): Warning [IsEnoughWorkspace] [GetSolutionsFallback AI] Solver <GemmFwdRest>, workspace required: 319119360, provided ptr: 0x73e86a600000 size: 45589504
MIOpen(HIP): Warning [IsEnoughWorkspace] [GetSolutionsFallback AI] Solver <ConvHipImplicitGemmGroupFwdXdlops>, workspace required: 7862272, provided ptr: 0x73e7e9e00000 size: 731136
MIOpen(HIP): Warning [IsEnoughWorkspace] [GetSolutionsFallback AI] Solver <ConvAsmImplicitGemmGTCDynamicFwdXdlopsNHWC>, workspace required: 7862272, provided ptr: 0x73e7e9e00000 size: 731136
MIOpen(HIP): Warning [IsEnoughWorkspace] [GetSolutionsFallback WTI] Solver <ConvAsmImplicitGemmGTCDynamicBwdXdlopsNHWC>, workspace required: 35643392, provided ptr: 0x73e784400000 size: 3342336
MIOpen(HIP): Warning [IsEnoughWorkspace] [GetSolutionsFallback WTI] Solver <ConvHipImplicitGemmGroupBwdXdlops>, workspace required: 35643392, provided ptr: 0x73e784400000 size: 3342336
MIOpen(HIP): Warning [IsEnoughWorkspace] [GetSolutionsFallback WTI] Solver <ConvAsmImplicitGemmGTCDynamicBwdXdlopsNHWC>, workspace required: 11091968, provided ptr: 0x73e845c00000 size: 8355840
MIOpen(HIP): Warning [IsEnoughWorkspace] [GetSolutionsFallback WTI] Solver <ConvHipImplicitGemmGroupBwdXdlops>, workspace required: 11091968, provided ptr: 0x73e845c00000 size: 8355840
MIOpen(HIP): Warning [IsEnoughWorkspace] [GetSolutionsFallback AI] Solver <GemmFwdRest>, workspace required: 29245440, provided ptr: 0x73e913cc0000 size: 10190848
MIOpen(HIP): Warning [IsEnoughWorkspace] [GetSolutionsFallback AI] Solver <ConvHipImplicitGemmGroupFwdXdlops>, workspace required: 8617984, provided ptr: 0x73e913cc0000 size: 8355840
MIOpen(HIP): Warning [IsEnoughWorkspace] [GetSolutionsFallback AI] Solver <GemmFwdRest>, workspace required: 58490880, provided ptr: 0x73e86a600000 size: 17170432
MIOpen(HIP): Warning [IsEnoughWorkspace] [GetSolutionsFallback AI] Solver <ConvHipImplicitGemmGroupFwdXdlops>, workspace required: 16777216, provided ptr: 0x73e86adf8000 size: 16711680
MIOpen(HIP): Warning [IsEnoughWorkspace] [GetSolutionsFallback WTI] Solver <ConvAsmImplicitGemmGTCDynamicBwdXdlopsNHWC>, workspace required: 16842752, provided ptr: 0x73e86a600000 size: 16711680
MIOpen(HIP): Warning [IsEnoughWorkspace] [GetSolutionsFallback WTI] Solver <ConvHipImplicitGemmGroupBwdXdlops>, workspace required: 16842752, provided ptr: 0x73e86a600000 size: 16711680
MIOpen(HIP): Warning [IsEnoughWorkspace] [GetSolutionsFallback AI] Solver <GemmFwdRest>, workspace required: 58490880, provided ptr: 0x73e86adf8000 size: 16826368
MIOpen(HIP): Warning [IsEnoughWorkspace] [GetSolutionsFallback AI] Solver <ConvHipImplicitGemmGroupFwdXdlops>, workspace required: 16728064, provided ptr: 0x73e86b5f0000 size: 16711680
MIOpen(HIP): Warning [IsEnoughWorkspace] [GetSolutionsFallback AI] Solver <GemmFwdRest>, workspace required: 87736320, provided ptr: 0x73e86b9ec000 size: 25096192
MIOpen(HIP): Warning [IsEnoughWorkspace] [GetSolutionsFallback AI] Solver <ConvHipImplicitGemmGroupFwdXdlops>, workspace required: 25071616, provided ptr: 0x73e86c5e0000 size: 25067520
MIOpen(HIP): Warning [IsEnoughWorkspace] [GetSolutionsFallback AI] Solver <ConvHipImplicitGemmGroupFwdXdlops>, workspace required: 12926464, provided ptr: 0x73e913cc0000 size: 12534784
MIOpen(HIP): Warning [IsEnoughWorkspace] [GetSolutionsFallback AI] Solver <GemmFwdRest>, workspace required: 87736320, provided ptr: 0x73e913cc0000 size: 12534784
MIOpen(HIP): Warning [IsEnoughWorkspace] [GetSolutionsFallback AI] Solver <ConvHipImplicitGemmGroupFwdXdlops>, workspace required: 8532992, provided ptr: 0x73e780cc0000 size: 1670144
MIOpen(HIP): Warning [IsEnoughWorkspace] [GetSolutionsFallback AI] Solver <ConvAsmImplicitGemmGTCDynamicFwdXdlopsNHWC>, workspace required: 8532992, provided ptr: 0x73e780cc0000 size: 1670144
MIOpen(HIP): Warning [IsEnoughWorkspace] [GetSolutionsFallback WTI] Solver <ConvAsmImplicitGemmGTCDynamicBwdXdlopsNHWC>, workspace required: 38326272, provided ptr: 0x73e845c00000 size: 7634944
MIOpen(HIP): Warning [IsEnoughWorkspace] [GetSolutionsFallback WTI] Solver <ConvHipImplicitGemmGroupBwdXdlops>, workspace required: 38326272, provided ptr: 0x73e845c00000 size: 7634944
MIOpen(HIP): Warning [IsEnoughWorkspace] [GetSolutionsFallback AI] Solver <GemmFwdRest>, workspace required: 26722304, provided ptr: 0x73e913cc0000 size: 14974976
MIOpen(HIP): Warning [IsEnoughWorkspace] [GetSolutionsFallback AI] Solver <GemmFwdRest>, workspace required: 66805760, provided ptr: 0x73e86a600000 size: 20922368
MIOpen(HIP): Warning [IsEnoughWorkspace] [GetSolutionsFallback AI] Solver <ConvHipImplicitGemmGroupFwdXdlops>, workspace required: 19349504, provided ptr: 0x73e86af1a000 size: 19087360
MIOpen(HIP): Warning [IsEnoughWorkspace] [GetSolutionsFallback AI] Solver <GemmFwdRest>, workspace required: 133611520, provided ptr: 0x73e871200000 size: 38633472
MIOpen(HIP): Warning [IsEnoughWorkspace] [GetSolutionsFallback AI] Solver <ConvHipImplicitGemmGroupFwdXdlops>, workspace required: 38240256, provided ptr: 0x73e871200000 size: 38174720
MIOpen(HIP): Warning [IsEnoughWorkspace] [GetSolutionsFallback WTI] Solver <ConvAsmImplicitGemmGTCDynamicBwdXdlopsNHWC>, workspace required: 38305792, provided ptr: 0x73e86ca68000 size: 38174720
MIOpen(HIP): Warning [IsEnoughWorkspace] [GetSolutionsFallback WTI] Solver <ConvHipImplicitGemmGroupBwdXdlops>, workspace required: 38305792, provided ptr: 0x73e86ca68000 size: 38174720
MIOpen(HIP): Warning [IsEnoughWorkspace] [GetSolutionsFallback AI] Solver <GemmFwdRest>, workspace required: 133611520, provided ptr: 0x73e871200000 size: 38289408
MIOpen(HIP): Warning [IsEnoughWorkspace] [GetSolutionsFallback AI] Solver <ConvHipImplicitGemmGroupFwdXdlops>, workspace required: 38191104, provided ptr: 0x73e871200000 size: 38174720
MIOpen(HIP): Warning [IsEnoughWorkspace] [GetSolutionsFallback AI] Solver <GemmFwdRest>, workspace required: 200417280, provided ptr: 0x73e872d4e000 size: 57290752
MIOpen(HIP): Warning [IsEnoughWorkspace] [GetSolutionsFallback AI] Solver <ConvHipImplicitGemmGroupFwdXdlops>, workspace required: 57266176, provided ptr: 0x73e87489c000 size: 57262080
MIOpen(HIP): Warning [IsEnoughWorkspace] [GetSolutionsFallback AI] Solver <ConvHipImplicitGemmGroupFwdXdlops>, workspace required: 29526784, provided ptr: 0x73e86c14e000 size: 28632064
MIOpen(HIP): Warning [IsEnoughWorkspace] [GetSolutionsFallback AI] Solver <GemmFwdRest>, workspace required: 200417280, provided ptr: 0x73e86c14e000 size: 28632064
MIOpen(HIP): Warning [IsEnoughWorkspace] [GetSolutionsFallback AI] Solver <ConvHipImplicitGemmGroupFwdXdlops>, workspace required: 8292352, provided ptr: 0x73e781c80000 size: 1333248
MIOpen(HIP): Warning [IsEnoughWorkspace] [GetSolutionsFallback AI] Solver <ConvAsmImplicitGemmGTCDynamicFwdXdlopsNHWC>, workspace required: 8292352, provided ptr: 0x73e781c80000 size: 1333248
MIOpen(HIP): Warning [IsEnoughWorkspace] [GetSolutionsFallback WTI] Solver <ConvAsmImplicitGemmGTCDynamicBwdXdlopsNHWC>, workspace required: 37363712, provided ptr: 0x73e845c00000 size: 6094848
MIOpen(HIP): Warning [IsEnoughWorkspace] [GetSolutionsFallback WTI] Solver <ConvHipImplicitGemmGroupBwdXdlops>, workspace required: 37363712, provided ptr: 0x73e845c00000 size: 6094848
MIOpen(HIP): Warning [IsEnoughWorkspace] [GetSolutionsFallback AI] Solver <GemmFwdRest>, workspace required: 21331968, provided ptr: 0x73e913cc0000 size: 13434880
MIOpen(HIP): Warning [IsEnoughWorkspace] [GetSolutionsFallback WTI] Solver <ConvAsmImplicitGemmGTCDynamicBwdXdlopsNHWC>, workspace required: 15908864, provided ptr: 0x73e913cc0000 size: 15237120
MIOpen(HIP): Warning [IsEnoughWorkspace] [GetSolutionsFallback WTI] Solver <ConvHipImplicitGemmGroupBwdXdlops>, workspace required: 15908864, provided ptr: 0x73e913cc0000 size: 15237120
MIOpen(HIP): Warning [IsEnoughWorkspace] [GetSolutionsFallback AI] Solver <GemmFwdRest>, workspace required: 53329920, provided ptr: 0x73e86a600000 size: 17072128
MIOpen(HIP): Warning [IsEnoughWorkspace] [GetSolutionsFallback AI] Solver <ConvAsmImplicitGemmGTCDynamicFwdXdlopsNHWC>, workspace required: 15237120, provided ptr: 0 size: 0
MIOpen(HIP): Warning [IsEnoughWorkspace] [GetSolutionsFallback AI] Solver <ConvHipImplicitGemmGroupFwdXdlops>, workspace required: 15499264, provided ptr: 0 size: 0
MIOpen(HIP): Warning [IsEnoughWorkspace] [GetSolutionsFallback AI] Solver <GemmFwdRest>, workspace required: 106659840, provided ptr: 0x73e86d198000 size: 30932992
MIOpen(HIP): Warning [IsEnoughWorkspace] [GetSolutionsFallback AI] Solver <ConvHipImplicitGemmGroupFwdXdlops>, workspace required: 30539776, provided ptr: 0x73e871200000 size: 30474240
MIOpen(HIP): Warning [IsEnoughWorkspace] [GetSolutionsFallback WTI] Solver <ConvAsmImplicitGemmGTCDynamicBwdXdlopsNHWC>, workspace required: 30605312, provided ptr: 0x73e86c310000 size: 30474240
MIOpen(HIP): Warning [IsEnoughWorkspace] [GetSolutionsFallback WTI] Solver <ConvHipImplicitGemmGroupBwdXdlops>, workspace required: 30605312, provided ptr: 0x73e86c310000 size: 30474240
MIOpen(HIP): Warning [IsEnoughWorkspace] [GetSolutionsFallback AI] Solver <GemmFwdRest>, workspace required: 106659840, provided ptr: 0x73e86d198000 size: 30588928
MIOpen(HIP): Warning [IsEnoughWorkspace] [GetSolutionsFallback AI] Solver <ConvHipImplicitGemmGroupFwdXdlops>, workspace required: 30490624, provided ptr: 0x73e871200000 size: 30474240
MIOpen(HIP): Warning [IsEnoughWorkspace] [GetSolutionsFallback AI] Solver <GemmFwdRest>, workspace required: 159989760, provided ptr: 0x73e8727cc000 size: 45740032
MIOpen(HIP): Warning [IsEnoughWorkspace] [GetSolutionsFallback AI] Solver <ConvHipImplicitGemmGroupFwdXdlops>, workspace required: 45715456, provided ptr: 0x73e873d98000 size: 45711360
MIOpen(HIP): Warning [IsEnoughWorkspace] [GetSolutionsFallback AI] Solver <ConvHipImplicitGemmGroupFwdXdlops>, workspace required: 23570944, provided ptr: 0x73e86bbcc000 size: 22856704
MIOpen(HIP): Warning [IsEnoughWorkspace] [GetSolutionsFallback AI] Solver <GemmFwdRest>, workspace required: 159989760, provided ptr: 0x73e86bbcc000 size: 22856704
MIOpen(HIP): Warning [IsEnoughWorkspace] [GetSolutionsFallback AI] Solver <ConvHipImplicitGemmGroupFwdXdlops>, workspace required: 9265152, provided ptr: 0x73e780cc0000 size: 2695168
MIOpen(HIP): Warning [IsEnoughWorkspace] [GetSolutionsFallback AI] Solver <ConvAsmImplicitGemmGTCDynamicFwdXdlopsNHWC>, workspace required: 9265152, provided ptr: 0x73e780cc0000 size: 2695168
MIOpen(HIP): Warning [IsEnoughWorkspace] [GetSolutionsFallback WTI] Solver <ConvAsmImplicitGemmGTCDynamicBwdXdlopsNHWC>, workspace required: 41254912, provided ptr: 0x73e913cc0000 size: 12320768
MIOpen(HIP): Warning [IsEnoughWorkspace] [GetSolutionsFallback WTI] Solver <ConvHipImplicitGemmGroupBwdXdlops>, workspace required: 41254912, provided ptr: 0x73e913cc0000 size: 12320768
MIOpen(HIP): Warning [IsEnoughWorkspace] [GetSolutionsFallback AI] Solver <GemmFwdRest>, workspace required: 43122688, provided ptr: 0x73e86a600000 size: 19660800
MIOpen(HIP): Warning [IsEnoughWorkspace] [GetSolutionsFallback AI] Solver <GemmFwdRest>, workspace required: 107806720, provided ptr: 0x73e86c360000 size: 32636928
MIOpen(HIP): Warning [IsEnoughWorkspace] [GetSolutionsFallback AI] Solver <ConvHipImplicitGemmGroupFwdXdlops>, workspace required: 31064064, provided ptr: 0x73e86d210000 size: 30801920
MIOpen(HIP): Warning [IsEnoughWorkspace] [GetSolutionsFallback AI] Solver <GemmFwdRest>, workspace required: 215613440, provided ptr: 0x73e872f60000 size: 62062592
MIOpen(HIP): Warning [IsEnoughWorkspace] [GetSolutionsFallback AI] Solver <ConvHipImplicitGemmGroupFwdXdlops>, workspace required: 61669376, provided ptr: 0x73e874cc0000 size: 61603840
MIOpen(HIP): Warning [IsEnoughWorkspace] [GetSolutionsFallback WTI] Solver <ConvAsmImplicitGemmGTCDynamicBwdXdlopsNHWC>, workspace required: 61734912, provided ptr: 0x73e872f60000 size: 61603840
MIOpen(HIP): Warning [IsEnoughWorkspace] [GetSolutionsFallback WTI] Solver <ConvHipImplicitGemmGroupBwdXdlops>, workspace required: 61734912, provided ptr: 0x73e872f60000 size: 61603840
MIOpen(HIP): Warning [IsEnoughWorkspace] [GetSolutionsFallback AI] Solver <GemmFwdRest>, workspace required: 215613440, provided ptr: 0x73e874cc0000 size: 61718528
MIOpen(HIP): Warning [IsEnoughWorkspace] [GetSolutionsFallback AI] Solver <ConvHipImplicitGemmGroupFwdXdlops>, workspace required: 61620224, provided ptr: 0x73e876a20000 size: 61603840
MIOpen(HIP): Warning [IsEnoughWorkspace] [GetSolutionsFallback AI] Solver <GemmFwdRest>, workspace required: 323420160, provided ptr: 0x73e876a20000 size: 92434432
MIOpen(HIP): Warning [IsEnoughWorkspace] [GetSolutionsFallback AI] Solver <ConvHipImplicitGemmGroupFwdXdlops>, workspace required: 92409856, provided ptr: 0x73e879630000 size: 92405760
MIOpen(HIP): Warning [IsEnoughWorkspace] [GetSolutionsFallback AI] Solver <ConvHipImplicitGemmGroupFwdXdlops>, workspace required: 47647744, provided ptr: 0x73e86a600000 size: 46203904
MIOpen(HIP): Warning [IsEnoughWorkspace] [GetSolutionsFallback AI] Solver <GemmFwdRest>, workspace required: 323420160, provided ptr: 0x73e86a600000 size: 46203904
MIOpen(HIP): Warning [IsEnoughWorkspace] [GetSolutionsFallback AI] Solver <ConvAsmImplicitGemmGTCDynamicFwdXdlopsNHWC>, workspace required: 7672832, provided ptr: 0x73e8a1b4b000 size: 465920
MIOpen(HIP): Warning [IsEnoughWorkspace] [GetSolutionsFallback AI] Solver <ConvHipImplicitGemmGroupFwdXdlops>, workspace required: 7672832, provided ptr: 0x73e8a1b4b000 size: 465920
MIOpen(HIP): Warning [IsEnoughWorkspace] [GetSolutionsFallback WTI] Solver <ConvAsmImplicitGemmGTCDynamicBwdXdlopsNHWC>, workspace required: 34885632, provided ptr: 0x73e780cc0000 size: 2129920
MIOpen(HIP): Warning [IsEnoughWorkspace] [GetSolutionsFallback WTI] Solver <ConvHipImplicitGemmGroupBwdXdlops>, workspace required: 34885632, provided ptr: 0x73e780cc0000 size: 2129920
MIOpen(HIP): Warning [IsEnoughWorkspace] [GetSolutionsFallback AI] Solver <ConvAsmImplicitGemmGTCDynamicFwdXdlopsNHWC>, workspace required: 9469952, provided ptr: 0x73e845c00000 size: 7454720
MIOpen(HIP): Warning [IsEnoughWorkspace] [GetSolutionsFallback AI] Solver <ConvHipImplicitGemmGroupFwdXdlops>, workspace required: 9469952, provided ptr: 0x73e845c00000 size: 7454720
MIOpen(HIP): Warning [IsEnoughWorkspace] [GetSolutionsFallback AI] Solver <ConvHipImplicitGemmGroupFwdXdlops>, workspace required: 3178496, provided ptr: 0 size: 0
MIOpen(HIP): Warning [IsEnoughWorkspace] [GetSolutionsFallback AI] Solver <ConvAsmImplicitGemmGTCDynamicFwdXdlopsNHWC>, workspace required: 2129920, provided ptr: 0 size: 0
MIOpen(HIP): Warning [IsEnoughWorkspace] [GetSolutionsFallback WTI] Solver <ConvAsmImplicitGemmGTCDynamicFwdXdlopsNHWC>, workspace required: 9469952, provided ptr: 0x73e845c00000 size: 7454720
MIOpen(HIP): Warning [IsEnoughWorkspace] [GetSolutionsFallback WTI] Solver <ConvHipImplicitGemmGroupFwdXdlops>, workspace required: 9469952, provided ptr: 0x73e845c00000 size: 7454720
MIOpen(HIP): Warning [IsEnoughWorkspace] [GetSolutionsFallback WTI] Solver <ConvAsmImplicitGemmGTCDynamicFwdXdlopsNHWC>, workspace required: 9469952, provided ptr: 0x73e845c00000 size: 7454720
MIOpen(HIP): Warning [IsEnoughWorkspace] [GetSolutionsFallback WTI] Solver <ConvHipImplicitGemmGroupFwdXdlops>, workspace required: 9469952, provided ptr: 0x73e845c00000 size: 7454720
MIOpen(HIP): Warning [IsEnoughWorkspace] [GetSolutionsFallback WTI] Solver <ConvAsmImplicitGemmGTCDynamicBwdXdlopsNHWC>, workspace required: 8970240, provided ptr: 0x73e845c00000 size: 5324800
MIOpen(HIP): Warning [IsEnoughWorkspace] [GetSolutionsFallback WTI] Solver <ConvHipImplicitGemmGroupBwdXdlops>, workspace required: 8970240, provided ptr: 0x73e845c00000 size: 5324800
MIOpen(HIP): Warning [IsEnoughWorkspace] [GetSolutionsFallback AI] Solver <GemmFwdRest>, workspace required: 18636800, provided ptr: 0x73e846114000 size: 7159808
MIOpen(HIP): Warning [IsEnoughWorkspace] [GetSolutionsFallback AI] Solver <GemmFwdRest>, workspace required: 37273600, provided ptr: 0x73e9141d4000 size: 11108352
MIOpen(HIP): Warning [IsEnoughWorkspace] [GetSolutionsFallback AI] Solver <ConvHipImplicitGemmGroupFwdXdlops>, workspace required: 10715136, provided ptr: 0x73e9146e8000 size: 10649600
MIOpen(HIP): Warning [IsEnoughWorkspace] [GetSolutionsFallback WTI] Solver <ConvAsmImplicitGemmGTCDynamicBwdXdlopsNHWC>, workspace required: 10780672, provided ptr: 0x73e9141d4000 size: 10649600
MIOpen(HIP): Warning [IsEnoughWorkspace] [GetSolutionsFallback WTI] Solver <ConvHipImplicitGemmGroupBwdXdlops>, workspace required: 10780672, provided ptr: 0x73e9141d4000 size: 10649600
MIOpen(HIP): Warning [IsEnoughWorkspace] [GetSolutionsFallback AI] Solver <GemmFwdRest>, workspace required: 37273600, provided ptr: 0x73e9146e8000 size: 10764288
MIOpen(HIP): Warning [IsEnoughWorkspace] [GetSolutionsFallback AI] Solver <ConvHipImplicitGemmGroupFwdXdlops>, workspace required: 10665984, provided ptr: 0x73e86a600000 size: 10649600
MIOpen(HIP): Warning [IsEnoughWorkspace] [GetSolutionsFallback AI] Solver <GemmFwdRest>, workspace required: 55910400, provided ptr: 0x73e86ad9e000 size: 16003072
MIOpen(HIP): Warning [IsEnoughWorkspace] [GetSolutionsFallback AI] Solver <ConvHipImplicitGemmGroupFwdXdlops>, workspace required: 15978496, provided ptr: 0x73e86b53c000 size: 15974400
MIOpen(HIP): Warning [IsEnoughWorkspace] [GetSolutionsFallback AI] Solver <ConvHipImplicitGemmGroupFwdXdlops>, workspace required: 8237824, provided ptr: 0x73e845c00000 size: 7988224
MIOpen(HIP): Warning [IsEnoughWorkspace] [GetSolutionsFallback AI] Solver <GemmFwdRest>, workspace required: 55910400, provided ptr: 0x73e845c00000 size: 7988224
MIOpen(HIP): Warning [IsEnoughWorkspace] [GetSolutionsFallback AI] Solver <ConvHipImplicitGemmGroupFwdXdlops>, workspace required: 9116672, provided ptr: 0x73e780cc0000 size: 2487296
MIOpen(HIP): Warning [IsEnoughWorkspace] [GetSolutionsFallback AI] Solver <ConvAsmImplicitGemmGTCDynamicFwdXdlopsNHWC>, workspace required: 9116672, provided ptr: 0x73e780cc0000 size: 2487296
MIOpen(HIP): Warning [IsEnoughWorkspace] [GetSolutionsFallback WTI] Solver <ConvAsmImplicitGemmGTCDynamicBwdXdlopsNHWC>, workspace required: 40660992, provided ptr: 0x73e913cc0000 size: 11370496
MIOpen(HIP): Warning [IsEnoughWorkspace] [GetSolutionsFallback WTI] Solver <ConvHipImplicitGemmGroupBwdXdlops>, workspace required: 40660992, provided ptr: 0x73e913cc0000 size: 11370496
MIOpen(HIP): Warning [IsEnoughWorkspace] [GetSolutionsFallback AI] Solver <GemmFwdRest>, workspace required: 39796736, provided ptr: 0x73e86a600000 size: 18710528
MIOpen(HIP): Warning [IsEnoughWorkspace] [GetSolutionsFallback AI] Solver <GemmFwdRest>, workspace required: 99491840, provided ptr: 0x73e86c11c000 size: 30261248
MIOpen(HIP): Warning [IsEnoughWorkspace] [GetSolutionsFallback AI] Solver <ConvHipImplicitGemmGroupFwdXdlops>, workspace required: 28688384, provided ptr: 0x73e86ceaa000 size: 28426240
MIOpen(HIP): Warning [IsEnoughWorkspace] [GetSolutionsFallback AI] Solver <GemmFwdRest>, workspace required: 198983680, provided ptr: 0x73e872d1c000 size: 57311232
MIOpen(HIP): Warning [IsEnoughWorkspace] [GetSolutionsFallback AI] Solver <ConvHipImplicitGemmGroupFwdXdlops>, workspace required: 56918016, provided ptr: 0x73e874838000 size: 56852480
MIOpen(HIP): Warning [IsEnoughWorkspace] [GetSolutionsFallback WTI] Solver <ConvAsmImplicitGemmGTCDynamicBwdXdlopsNHWC>, workspace required: 56983552, provided ptr: 0x73e872d1c000 size: 56852480
MIOpen(HIP): Warning [IsEnoughWorkspace] [GetSolutionsFallback WTI] Solver <ConvHipImplicitGemmGroupBwdXdlops>, workspace required: 56983552, provided ptr: 0x73e872d1c000 size: 56852480
MIOpen(HIP): Warning [IsEnoughWorkspace] [GetSolutionsFallback AI] Solver <GemmFwdRest>, workspace required: 198983680, provided ptr: 0x73e874838000 size: 56967168
MIOpen(HIP): Warning [IsEnoughWorkspace] [GetSolutionsFallback AI] Solver <ConvHipImplicitGemmGroupFwdXdlops>, workspace required: 56868864, provided ptr: 0x73e876354000 size: 56852480
MIOpen(HIP): Warning [IsEnoughWorkspace] [GetSolutionsFallback AI] Solver <GemmFwdRest>, workspace required: 298475520, provided ptr: 0x73e876354000 size: 85307392
MIOpen(HIP): Warning [IsEnoughWorkspace] [GetSolutionsFallback AI] Solver <ConvHipImplicitGemmGroupFwdXdlops>, workspace required: 85282816, provided ptr: 0x73e878bfe000 size: 85278720
MIOpen(HIP): Warning [IsEnoughWorkspace] [GetSolutionsFallback AI] Solver <ConvHipImplicitGemmGroupFwdXdlops>, workspace required: 43972864, provided ptr: 0x73e86a600000 size: 42640384
MIOpen(HIP): Warning [IsEnoughWorkspace] [GetSolutionsFallback AI] Solver <GemmFwdRest>, workspace required: 298475520, provided ptr: 0x73e86a600000 size: 42640384
MIOpen(HIP): Warning [IsEnoughWorkspace] [GetSolutionsFallback AI] Solver <ConvAsmImplicitGemmGTCDynamicFwdXdlopsNHWC>, workspace required: 7555072, provided ptr: 0x73e8a1b34000 size: 301056
MIOpen(HIP): Warning [IsEnoughWorkspace] [GetSolutionsFallback AI] Solver <ConvHipImplicitGemmGroupFwdXdlops>, workspace required: 7555072, provided ptr: 0x73e8a1b34000 size: 301056
MIOpen(HIP): Warning [IsEnoughWorkspace] [GetSolutionsFallback WTI] Solver <ConvAsmImplicitGemmGTCDynamicBwdXdlopsNHWC>, workspace required: 34414592, provided ptr: 0x73e781c80000 size: 1376256
MIOpen(HIP): Warning [IsEnoughWorkspace] [GetSolutionsFallback WTI] Solver <ConvHipImplicitGemmGroupBwdXdlops>, workspace required: 34414592, provided ptr: 0x73e781c80000 size: 1376256
MIOpen(HIP): Warning [IsEnoughWorkspace] [GetSolutionsFallback AI] Solver <ConvHipImplicitGemmGroupFwdXdlops>, workspace required: 2424832, provided ptr: 0 size: 0
MIOpen(HIP): Warning [IsEnoughWorkspace] [GetSolutionsFallback AI] Solver <ConvAsmImplicitGemmGTCDynamicFwdXdlopsNHWC>, workspace required: 1376256, provided ptr: 0 size: 0
MIOpen(HIP): Warning [IsEnoughWorkspace] [GetSolutionsFallback WTI] Solver <ConvAsmImplicitGemmGTCDynamicFwdXdlopsNHWC>, workspace required: 8716288, provided ptr: 0x73e784400000 size: 4816896
MIOpen(HIP): Warning [IsEnoughWorkspace] [GetSolutionsFallback WTI] Solver <ConvHipImplicitGemmGroupFwdXdlops>, workspace required: 8716288, provided ptr: 0x73e784400000 size: 4816896
MIOpen(HIP): Warning [IsEnoughWorkspace] [GetSolutionsFallback WTI] Solver <ConvAsmImplicitGemmGTCDynamicFwdXdlopsNHWC>, workspace required: 8716288, provided ptr: 0x73e784400000 size: 4816896
MIOpen(HIP): Warning [IsEnoughWorkspace] [GetSolutionsFallback WTI] Solver <ConvHipImplicitGemmGroupFwdXdlops>, workspace required: 8716288, provided ptr: 0x73e784400000 size: 4816896
MIOpen(HIP): Warning [IsEnoughWorkspace] [GetSolutionsFallback WTI] Solver <ConvAsmImplicitGemmGTCDynamicBwdXdlopsNHWC>, workspace required: 7651328, provided ptr: 0x73e784400000 size: 3440640
MIOpen(HIP): Warning [IsEnoughWorkspace] [GetSolutionsFallback WTI] Solver <ConvHipImplicitGemmGroupBwdXdlops>, workspace required: 7651328, provided ptr: 0x73e784400000 size: 3440640
MIOpen(HIP): Warning [IsEnoughWorkspace] [GetSolutionsFallback AI] Solver <GemmFwdRest>, workspace required: 12042240, provided ptr: 0x73e845c00000 size: 5275648
MIOpen(HIP): Warning [IsEnoughWorkspace] [GetSolutionsFallback AI] Solver <GemmFwdRest>, workspace required: 24084480, provided ptr: 0x73e846290000 size: 7340032
MIOpen(HIP): Warning [IsEnoughWorkspace] [GetSolutionsFallback AI] Solver <ConvAsmImplicitGemmGTCDynamicFwdXdlopsNHWC>, workspace required: 6881280, provided ptr: 0 size: 0
MIOpen(HIP): Warning [IsEnoughWorkspace] [GetSolutionsFallback AI] Solver <ConvHipImplicitGemmGroupFwdXdlops>, workspace required: 6946816, provided ptr: 0 size: 0
MIOpen(HIP): Warning [IsEnoughWorkspace] [GetSolutionsFallback WTI] Solver <ConvAsmImplicitGemmGTCDynamicBwdXdlopsNHWC>, workspace required: 7012352, provided ptr: 0x73e846290000 size: 6881280
MIOpen(HIP): Warning [IsEnoughWorkspace] [GetSolutionsFallback WTI] Solver <ConvHipImplicitGemmGroupBwdXdlops>, workspace required: 7012352, provided ptr: 0x73e846290000 size: 6881280
MIOpen(HIP): Warning [IsEnoughWorkspace] [GetSolutionsFallback AI] Solver <GemmFwdRest>, workspace required: 24084480, provided ptr: 0x73e913cc0000 size: 6995968
MIOpen(HIP): Warning [IsEnoughWorkspace] [GetSolutionsFallback AI] Solver <ConvHipImplicitGemmGroupFwdXdlops>, workspace required: 6897664, provided ptr: 0x73e913cc0000 size: 6881280
MIOpen(HIP): Warning [IsEnoughWorkspace] [GetSolutionsFallback AI] Solver <GemmFwdRest>, workspace required: 36126720, provided ptr: 0x73e913cc0000 size: 10350592
MIOpen(HIP): Warning [IsEnoughWorkspace] [GetSolutionsFallback AI] Solver <ConvHipImplicitGemmGroupFwdXdlops>, workspace required: 10326016, provided ptr: 0x73e9141ac000 size: 10321920
MIOpen(HIP): Warning [IsEnoughWorkspace] [GetSolutionsFallback AI] Solver <ConvHipImplicitGemmGroupFwdXdlops>, workspace required: 5323264, provided ptr: 0x73e784400000 size: 5161984
MIOpen(HIP): Warning [IsEnoughWorkspace] [GetSolutionsFallback AI] Solver <GemmFwdRest>, workspace required: 36126720, provided ptr: 0x73e784400000 size: 5161984
MIOpen(HIP): Warning [IsEnoughWorkspace] [GetSolutionsFallback AI] Solver <ConvHipImplicitGemmGroupFwdXdlops>, workspace required: 9213952, provided ptr: 0x73e780cc0000 size: 2623488
MIOpen(HIP): Warning [IsEnoughWorkspace] [GetSolutionsFallback AI] Solver <ConvAsmImplicitGemmGTCDynamicFwdXdlopsNHWC>, workspace required: 9213952, provided ptr: 0x73e780cc0000 size: 2623488
MIOpen(HIP): Warning [IsEnoughWorkspace] [GetSolutionsFallback WTI] Solver <ConvAsmImplicitGemmGTCDynamicBwdXdlopsNHWC>, workspace required: 41050112, provided ptr: 0x73e913cc0000 size: 11993088
MIOpen(HIP): Warning [IsEnoughWorkspace] [GetSolutionsFallback WTI] Solver <ConvHipImplicitGemmGroupBwdXdlops>, workspace required: 41050112, provided ptr: 0x73e913cc0000 size: 11993088
MIOpen(HIP): Warning [IsEnoughWorkspace] [GetSolutionsFallback AI] Solver <GemmFwdRest>, workspace required: 41975808, provided ptr: 0x73e86a600000 size: 19333120
MIOpen(HIP): Warning [IsEnoughWorkspace] [GetSolutionsFallback AI] Solver <GemmFwdRest>, workspace required: 104939520, provided ptr: 0x73e86c298000 size: 31817728
MIOpen(HIP): Warning [IsEnoughWorkspace] [GetSolutionsFallback AI] Solver <ConvHipImplicitGemmGroupFwdXdlops>, workspace required: 30244864, provided ptr: 0x73e86d0e4000 size: 29982720
MIOpen(HIP): Warning [IsEnoughWorkspace] [GetSolutionsFallback AI] Solver <GemmFwdRest>, workspace required: 209879040, provided ptr: 0x73e872e98000 size: 60424192
MIOpen(HIP): Warning [IsEnoughWorkspace] [GetSolutionsFallback AI] Solver <ConvHipImplicitGemmGroupFwdXdlops>, workspace required: 60030976, provided ptr: 0x73e874b30000 size: 59965440
MIOpen(HIP): Warning [IsEnoughWorkspace] [GetSolutionsFallback WTI] Solver <ConvAsmImplicitGemmGTCDynamicBwdXdlopsNHWC>, workspace required: 60096512, provided ptr: 0x73e872e98000 size: 59965440
MIOpen(HIP): Warning [IsEnoughWorkspace] [GetSolutionsFallback WTI] Solver <ConvHipImplicitGemmGroupBwdXdlops>, workspace required: 60096512, provided ptr: 0x73e872e98000 size: 59965440
MIOpen(HIP): Warning [IsEnoughWorkspace] [GetSolutionsFallback AI] Solver <GemmFwdRest>, workspace required: 209879040, provided ptr: 0x73e874b30000 size: 60080128
MIOpen(HIP): Warning [IsEnoughWorkspace] [GetSolutionsFallback AI] Solver <ConvHipImplicitGemmGroupFwdXdlops>, workspace required: 59981824, provided ptr: 0x73e8767c8000 size: 59965440
MIOpen(HIP): Warning [IsEnoughWorkspace] [GetSolutionsFallback AI] Solver <GemmFwdRest>, workspace required: 314818560, provided ptr: 0x73e8767c8000 size: 89976832
MIOpen(HIP): Warning [IsEnoughWorkspace] [GetSolutionsFallback AI] Solver <ConvHipImplicitGemmGroupFwdXdlops>, workspace required: 89952256, provided ptr: 0x73e8792ac000 size: 89948160
MIOpen(HIP): Warning [IsEnoughWorkspace] [GetSolutionsFallback AI] Solver <ConvHipImplicitGemmGroupFwdXdlops>, workspace required: 46380544, provided ptr: 0x73e86a600000 size: 44975104
MIOpen(HIP): Warning [IsEnoughWorkspace] [GetSolutionsFallback AI] Solver <GemmFwdRest>, workspace required: 314818560, provided ptr: 0x73e86a600000 size: 44975104
MIOpen(HIP): Warning [IsEnoughWorkspace] [GetSolutionsFallback AI] Solver <ConvAsmImplicitGemmGTCDynamicFwdXdlopsNHWC>, workspace required: 7570432, provided ptr: 0x73e8a1b37000 size: 322560
MIOpen(HIP): Warning [IsEnoughWorkspace] [GetSolutionsFallback AI] Solver <ConvHipImplicitGemmGroupFwdXdlops>, workspace required: 7570432, provided ptr: 0x73e8a1b37000 size: 322560
MIOpen(HIP): Warning [IsEnoughWorkspace] [GetSolutionsFallback WTI] Solver <ConvAsmImplicitGemmGTCDynamicBwdXdlopsNHWC>, workspace required: 34476032, provided ptr: 0x73e781c80000 size: 1474560
MIOpen(HIP): Warning [IsEnoughWorkspace] [GetSolutionsFallback WTI] Solver <ConvHipImplicitGemmGroupBwdXdlops>, workspace required: 34476032, provided ptr: 0x73e781c80000 size: 1474560
MIOpen(HIP): Warning [IsEnoughWorkspace] [GetSolutionsFallback AI] Solver <ConvHipImplicitGemmGroupFwdXdlops>, workspace required: 2523136, provided ptr: 0 size: 0
MIOpen(HIP): Warning [IsEnoughWorkspace] [GetSolutionsFallback AI] Solver <ConvAsmImplicitGemmGTCDynamicFwdXdlopsNHWC>, workspace required: 1474560, provided ptr: 0 size: 0
MIOpen(HIP): Warning [IsEnoughWorkspace] [GetSolutionsFallback WTI] Solver <ConvAsmImplicitGemmGTCDynamicFwdXdlopsNHWC>, workspace required: 8814592, provided ptr: 0x73e784400000 size: 5160960
MIOpen(HIP): Warning [IsEnoughWorkspace] [GetSolutionsFallback WTI] Solver <ConvHipImplicitGemmGroupFwdXdlops>, workspace required: 8814592, provided ptr: 0x73e784400000 size: 5160960
MIOpen(HIP): Warning [IsEnoughWorkspace] [GetSolutionsFallback WTI] Solver <ConvAsmImplicitGemmGTCDynamicFwdXdlopsNHWC>, workspace required: 8814592, provided ptr: 0x73e784400000 size: 5160960
MIOpen(HIP): Warning [IsEnoughWorkspace] [GetSolutionsFallback WTI] Solver <ConvHipImplicitGemmGroupFwdXdlops>, workspace required: 8814592, provided ptr: 0x73e784400000 size: 5160960
MIOpen(HIP): Warning [IsEnoughWorkspace] [GetSolutionsFallback WTI] Solver <ConvAsmImplicitGemmGTCDynamicBwdXdlopsNHWC>, workspace required: 7823360, provided ptr: 0x73e784400000 size: 3686400
MIOpen(HIP): Warning [IsEnoughWorkspace] [GetSolutionsFallback WTI] Solver <ConvHipImplicitGemmGroupBwdXdlops>, workspace required: 7823360, provided ptr: 0x73e784400000 size: 3686400
MIOpen(HIP): Warning [IsEnoughWorkspace] [GetSolutionsFallback AI] Solver <GemmFwdRest>, workspace required: 12902400, provided ptr: 0x73e845c00000 size: 5521408
MIOpen(HIP): Warning [IsEnoughWorkspace] [GetSolutionsFallback AI] Solver <ConvAsmImplicitGemmGTCDynamicFwdXdlopsNHWC>, workspace required: 7831552, provided ptr: 0 size: 0
MIOpen(HIP): Warning [IsEnoughWorkspace] [GetSolutionsFallback AI] Solver <ConvHipImplicitGemmGroupFwdXdlops>, workspace required: 7831552, provided ptr: 0 size: 0
MIOpen(HIP): Warning [IsEnoughWorkspace] [GetSolutionsFallback AI] Solver <GemmFwdRest>, workspace required: 25804800, provided ptr: 0 size: 0
MIOpen(HIP): Warning [IsEnoughWorkspace] [GetSolutionsFallback AI] Solver <ConvAsmImplicitGemmGTCDynamicFwdXdlopsNHWC>, workspace required: 7372800, provided ptr: 0 size: 0
MIOpen(HIP): Warning [IsEnoughWorkspace] [GetSolutionsFallback AI] Solver <ConvHipImplicitGemmGroupFwdXdlops>, workspace required: 7438336, provided ptr: 0 size: 0
MIOpen(HIP): Warning [IsEnoughWorkspace] [GetSolutionsFallback WTI] Solver <ConvAsmImplicitGemmGTCDynamicBwdXdlopsNHWC>, workspace required: 7503872, provided ptr: 0x73e913cc0000 size: 7372800
MIOpen(HIP): Warning [IsEnoughWorkspace] [GetSolutionsFallback WTI] Solver <ConvHipImplicitGemmGroupBwdXdlops>, workspace required: 7503872, provided ptr: 0x73e913cc0000 size: 7372800
MIOpen(HIP): Warning [IsEnoughWorkspace] [GetSolutionsFallback AI] Solver <GemmFwdRest>, workspace required: 25804800, provided ptr: 0x73e913cc0000 size: 7487488
MIOpen(HIP): Warning [IsEnoughWorkspace] [GetSolutionsFallback AI] Solver <ConvHipImplicitGemmGroupFwdXdlops>, workspace required: 7389184, provided ptr: 0x73e914044000 size: 7372800
MIOpen(HIP): Warning [IsEnoughWorkspace] [GetSolutionsFallback AI] Solver <GemmFwdRest>, workspace required: 38707200, provided ptr: 0x73e91474c000 size: 11087872
MIOpen(HIP): Warning [IsEnoughWorkspace] [GetSolutionsFallback AI] Solver <ConvHipImplicitGemmGroupFwdXdlops>, workspace required: 11063296, provided ptr: 0x73e86a600000 size: 11059200
MIOpen(HIP): Warning [IsEnoughWorkspace] [GetSolutionsFallback AI] Solver <ConvHipImplicitGemmGroupFwdXdlops>, workspace required: 5703424, provided ptr: 0x73e845c00000 size: 5530624
MIOpen(HIP): Warning [IsEnoughWorkspace] [GetSolutionsFallback AI] Solver <GemmFwdRest>, workspace required: 38707200, provided ptr: 0x73e845c00000 size: 5530624
[0;36m(APIServer pid=73252)[0;0m [32mINFO[0m [90m10-07 15:26:49[0m [90m[stats.py:902][0m [OmniTiming] req=speech-98bca5bd83d48ab7-bb765a5e total=7.85s engine=7.85s stages=[0:7.85s]
INFO:     127.0.0.1:34026 - "POST /v1/audio/speech HTTP/1.1" 200 OK
[0;36m(APIServer pid=73252)[0;0m [32mINFO[0m [90m10-07 15:26:49[0m [90m[serving_speech.py:2423][0m Diffusion TTS speech request speech-9bb7501636db0969: voice_clone=False
[0;36m(APIServer pid=73252)[0;0m [32mINFO[0m [90m10-07 15:26:49[0m [90m[serving_speech.py:2471][0m Applied diffusion speech params: seed=42 extra_params={}
[0;36m(APIServer pid=73252)[0;0m [32mINFO[0m [90m10-07 15:26:49[0m [90m[diffusion_engine.py:764][0m [RequestBatch] admission wait done waiting=1 max_batch=8 waited_ms=2.1
MIOpen(HIP): Warning [IsEnoughWorkspace] [GetSolutionsFallback AI] Solver <ConvHipImplicitGemmGroupFwdXdlops>, workspace required: 9121792, provided ptr: 0x73e780cc0000 size: 2494464
MIOpen(HIP): Warning [IsEnoughWorkspace] [GetSolutionsFallback AI] Solver <ConvAsmImplicitGemmGTCDynamicFwdXdlopsNHWC>, workspace required: 9121792, provided ptr: 0x73e780cc0000 size: 2494464
MIOpen(HIP): Warning [IsEnoughWorkspace] [GetSolutionsFallback WTI] Solver <ConvAsmImplicitGemmGTCDynamicBwdXdlopsNHWC>, workspace required: 40681472, provided ptr: 0x73e913cc0000 size: 11403264
MIOpen(HIP): Warning [IsEnoughWorkspace] [GetSolutionsFallback WTI] Solver <ConvHipImplicitGemmGroupBwdXdlops>, workspace required: 40681472, provided ptr: 0x73e913cc0000 size: 11403264
MIOpen(HIP): Warning [IsEnoughWorkspace] [GetSolutionsFallback AI] Solver <GemmFwdRest>, workspace required: 39911424, provided ptr: 0x73e86a600000 size: 18743296
MIOpen(HIP): Warning [IsEnoughWorkspace] [GetSolutionsFallback AI] Solver <GemmFwdRest>, workspace required: 99778560, provided ptr: 0x73e86c130000 size: 30343168
MIOpen(HIP): Warning [IsEnoughWorkspace] [GetSolutionsFallback AI] Solver <ConvHipImplicitGemmGroupFwdXdlops>, workspace required: 28770304, provided ptr: 0x73e86cec8000 size: 28508160
MIOpen(HIP): Warning [IsEnoughWorkspace] [GetSolutionsFallback AI] Solver <GemmFwdRest>, workspace required: 199557120, provided ptr: 0x73e872d30000 size: 57475072
MIOpen(HIP): Warning [IsEnoughWorkspace] [GetSolutionsFallback AI] Solver <ConvHipImplicitGemmGroupFwdXdlops>, workspace required: 57081856, provided ptr: 0x73e874860000 size: 57016320
MIOpen(HIP): Warning [IsEnoughWorkspace] [GetSolutionsFallback WTI] Solver <ConvAsmImplicitGemmGTCDynamicBwdXdlopsNHWC>, workspace required: 57147392, provided ptr: 0x73e872d30000 size: 57016320
MIOpen(HIP): Warning [IsEnoughWorkspace] [GetSolutionsFallback WTI] Solver <ConvHipImplicitGemmGroupBwdXdlops>, workspace required: 57147392, provided ptr: 0x73e872d30000 size: 57016320
MIOpen(HIP): Warning [IsEnoughWorkspace] [GetSolutionsFallback AI] Solver <GemmFwdRest>, workspace required: 199557120, provided ptr: 0x73e874860000 size: 57131008
MIOpen(HIP): Warning [IsEnoughWorkspace] [GetSolutionsFallback AI] Solver <ConvHipImplicitGemmGroupFwdXdlops>, workspace required: 57032704, provided ptr: 0x73e876390000 size: 57016320
MIOpen(HIP): Warning [IsEnoughWorkspace] [GetSolutionsFallback AI] Solver <GemmFwdRest>, workspace required: 299335680, provided ptr: 0x73e876390000 size: 85553152
MIOpen(HIP): Warning [IsEnoughWorkspace] [GetSolutionsFallback AI] Solver <ConvHipImplicitGemmGroupFwdXdlops>, workspace required: 85528576, provided ptr: 0x73e878c58000 size: 85524480
MIOpen(HIP): Warning [IsEnoughWorkspace] [GetSolutionsFallback AI] Solver <ConvHipImplicitGemmGroupFwdXdlops>, workspace required: 44099584, provided ptr: 0x73e86a600000 size: 42763264
MIOpen(HIP): Warning [IsEnoughWorkspace] [GetSolutionsFallback AI] Solver <GemmFwdRest>, workspace required: 299335680, provided ptr: 0x73e86a600000 size: 42763264
MIOpen(HIP): Warning [IsEnoughWorkspace] [GetSolutionsFallback AI] Solver <ConvHipImplicitGemmGroupFwdXdlops>, workspace required: 8497152, provided ptr: 0x73e780cc0000 size: 1619968
MIOpen(HIP): Warning [IsEnoughWorkspace] [GetSolutionsFallback AI] Solver <ConvAsmImplicitGemmGTCDynamicFwdXdlopsNHWC>, workspace required: 8497152, provided ptr: 0x73e780cc0000 size: 1619968
MIOpen(HIP): Warning [IsEnoughWorkspace] [GetSolutionsFallback WTI] Solver <ConvAsmImplicitGemmGTCDynamicBwdXdlopsNHWC>, workspace required: 38182912, provided ptr: 0x73e845c00000 size: 7405568
MIOpen(HIP): Warning [IsEnoughWorkspace] [GetSolutionsFallback WTI] Solver <ConvHipImplicitGemmGroupBwdXdlops>, workspace required: 38182912, provided ptr: 0x73e845c00000 size: 7405568
MIOpen(HIP): Warning [IsEnoughWorkspace] [GetSolutionsFallback AI] Solver <GemmFwdRest>, workspace required: 25919488, provided ptr: 0x73e913cc0000 size: 14745600
MIOpen(HIP): Warning [IsEnoughWorkspace] [GetSolutionsFallback AI] Solver <GemmFwdRest>, workspace required: 64798720, provided ptr: 0x73e86a600000 size: 20348928
MIOpen(HIP): Warning [IsEnoughWorkspace] [GetSolutionsFallback AI] Solver <ConvHipImplicitGemmGroupFwdXdlops>, workspace required: 18776064, provided ptr: 0x73e86aed4000 size: 18513920
MIOpen(HIP): Warning [IsEnoughWorkspace] [GetSolutionsFallback AI] Solver <GemmFwdRest>, workspace required: 129597440, provided ptr: 0x73e871200000 size: 37486592
MIOpen(HIP): Warning [IsEnoughWorkspace] [GetSolutionsFallback AI] Solver <ConvHipImplicitGemmGroupFwdXdlops>, workspace required: 37093376, provided ptr: 0x73e871200000 size: 37027840
MIOpen(HIP): Warning [IsEnoughWorkspace] [GetSolutionsFallback WTI] Solver <ConvAsmImplicitGemmGTCDynamicBwdXdlopsNHWC>, workspace required: 37158912, provided ptr: 0x73e86c950000 size: 37027840
MIOpen(HIP): Warning [IsEnoughWorkspace] [GetSolutionsFallback WTI] Solver <ConvHipImplicitGemmGroupBwdXdlops>, workspace required: 37158912, provided ptr: 0x73e86c950000 size: 37027840
MIOpen(HIP): Warning [IsEnoughWorkspace] [GetSolutionsFallback AI] Solver <GemmFwdRest>, workspace required: 129597440, provided ptr: 0x73e871200000 size: 37142528
MIOpen(HIP): Warning [IsEnoughWorkspace] [GetSolutionsFallback AI] Solver <ConvHipImplicitGemmGroupFwdXdlops>, workspace required: 37044224, provided ptr: 0x73e871200000 size: 37027840
MIOpen(HIP): Warning [IsEnoughWorkspace] [GetSolutionsFallback AI] Solver <GemmFwdRest>, workspace required: 194396160, provided ptr: 0x73e872c7c000 size: 55570432
MIOpen(HIP): Warning [IsEnoughWorkspace] [GetSolutionsFallback AI] Solver <ConvHipImplicitGemmGroupFwdXdlops>, workspace required: 55545856, provided ptr: 0x73e8746f8000 size: 55541760
MIOpen(HIP): Warning [IsEnoughWorkspace] [GetSolutionsFallback AI] Solver <ConvHipImplicitGemmGroupFwdXdlops>, workspace required: 28639744, provided ptr: 0x73e86c07c000 size: 27771904
MIOpen(HIP): Warning [IsEnoughWorkspace] [GetSolutionsFallback AI] Solver <GemmFwdRest>, workspace required: 194396160, provided ptr: 0x73e86c07c000 size: 27771904
MIOpen(HIP): Warning [IsEnoughWorkspace] [GetSolutionsFallback AI] Solver <ConvHipImplicitGemmGroupFwdXdlops>, workspace required: 8963072, provided ptr: 0x73e780cc0000 size: 2272256
MIOpen(HIP): Warning [IsEnoughWorkspace] [GetSolutionsFallback AI] Solver <ConvAsmImplicitGemmGTCDynamicFwdXdlopsNHWC>, workspace required: 8963072, provided ptr: 0x73e780cc0000 size: 2272256
MIOpen(HIP): Warning [IsEnoughWorkspace] [GetSolutionsFallback WTI] Solver <ConvAsmImplicitGemmGTCDynamicBwdXdlopsNHWC>, workspace required: 40046592, provided ptr: 0x73e845c00000 size: 10387456
MIOpen(HIP): Warning [IsEnoughWorkspace] [GetSolutionsFallback WTI] Solver <ConvHipImplicitGemmGroupBwdXdlops>, workspace required: 40046592, provided ptr: 0x73e845c00000 size: 10387456
MIOpen(HIP): Warning [IsEnoughWorkspace] [GetSolutionsFallback AI] Solver <GemmFwdRest>, workspace required: 36356096, provided ptr: 0x73e913cc0000 size: 17727488
MIOpen(HIP): Warning [IsEnoughWorkspace] [GetSolutionsFallback AI] Solver <GemmFwdRest>, workspace required: 90890240, provided ptr: 0x73e86bec4000 size: 27803648
MIOpen(HIP): Warning [IsEnoughWorkspace] [GetSolutionsFallback AI] Solver <ConvHipImplicitGemmGroupFwdXdlops>, workspace required: 26230784, provided ptr: 0x73e86cb26000 size: 25968640
MIOpen(HIP): Warning [IsEnoughWorkspace] [GetSolutionsFallback AI] Solver <GemmFwdRest>, workspace required: 181780480, provided ptr: 0x73e872ac4000 size: 52396032
MIOpen(HIP): Warning [IsEnoughWorkspace] [GetSolutionsFallback AI] Solver <ConvHipImplicitGemmGroupFwdXdlops>, workspace required: 52002816, provided ptr: 0x73e874388000 size: 51937280
MIOpen(HIP): Warning [IsEnoughWorkspace] [GetSolutionsFallback WTI] Solver <ConvAsmImplicitGemmGTCDynamicBwdXdlopsNHWC>, workspace required: 52068352, provided ptr: 0x73e872ac4000 size: 51937280
MIOpen(HIP): Warning [IsEnoughWorkspace] [GetSolutionsFallback WTI] Solver <ConvHipImplicitGemmGroupBwdXdlops>, workspace required: 52068352, provided ptr: 0x73e872ac4000 size: 51937280
MIOpen(HIP): Warning [IsEnoughWorkspace] [GetSolutionsFallback AI] Solver <GemmFwdRest>, workspace required: 181780480, provided ptr: 0x73e872ac4000 size: 52051968
MIOpen(HIP): Warning [IsEnoughWorkspace] [GetSolutionsFallback AI] Solver <ConvHipImplicitGemmGroupFwdXdlops>, workspace required: 51953664, provided ptr: 0x73e874388000 size: 51937280
MIOpen(HIP): Warning [IsEnoughWorkspace] [GetSolutionsFallback AI] Solver <GemmFwdRest>, workspace required: 272670720, provided ptr: 0x73e875c4c000 size: 77934592
MIOpen(HIP): Warning [IsEnoughWorkspace] [GetSolutionsFallback AI] Solver <ConvHipImplicitGemmGroupFwdXdlops>, workspace required: 77910016, provided ptr: 0x73e878172000 size: 77905920
MIOpen(HIP): Warning [IsEnoughWorkspace] [GetSolutionsFallback AI] Solver <ConvHipImplicitGemmGroupFwdXdlops>, workspace required: 40171264, provided ptr: 0x73e86a600000 size: 38953984
MIOpen(HIP): Warning [IsEnoughWorkspace] [GetSolutionsFallback AI] Solver <GemmFwdRest>, workspace required: 272670720, provided ptr: 0x73e86a600000 size: 38953984
MIOpen(HIP): Warning [IsEnoughWorkspace] [GetSolutionsFallback AI] Solver <ConvHipImplicitGemmGroupFwdXdlops>, workspace required: 8169472, provided ptr: 0x73e781c80000 size: 1161216
MIOpen(HIP): Warning [IsEnoughWorkspace] [GetSolutionsFallback AI] Solver <ConvAsmImplicitGemmGTCDynamicFwdXdlopsNHWC>, workspace required: 8169472, provided ptr: 0x73e781c80000 size: 1161216
MIOpen(HIP): Warning [IsEnoughWorkspace] [GetSolutionsFallback WTI] Solver <ConvAsmImplicitGemmGTCDynamicBwdXdlopsNHWC>, workspace required: 36872192, provided ptr: 0x73e845c00000 size: 5308416
MIOpen(HIP): Warning [IsEnoughWorkspace] [GetSolutionsFallback WTI] Solver <ConvHipImplicitGemmGroupBwdXdlops>, workspace required: 36872192, provided ptr: 0x73e845c00000 size: 5308416
MIOpen(HIP): Warning [IsEnoughWorkspace] [GetSolutionsFallback AI] Solver <GemmFwdRest>, workspace required: 18579456, provided ptr: 0x73e913cc0000 size: 12648448
MIOpen(HIP): Warning [IsEnoughWorkspace] [GetSolutionsFallback WTI] Solver <ConvAsmImplicitGemmGTCDynamicBwdXdlopsNHWC>, workspace required: 14532608, provided ptr: 0x73e913cc0000 size: 13271040
MIOpen(HIP): Warning [IsEnoughWorkspace] [GetSolutionsFallback WTI] Solver <ConvHipImplicitGemmGroupBwdXdlops>, workspace required: 14532608, provided ptr: 0x73e913cc0000 size: 13271040
MIOpen(HIP): Warning [IsEnoughWorkspace] [GetSolutionsFallback AI] Solver <GemmFwdRest>, workspace required: 46448640, provided ptr: 0x73e86a600000 size: 15106048
MIOpen(HIP): Warning [IsEnoughWorkspace] [GetSolutionsFallback AI] Solver <ConvHipImplicitGemmGroupFwdXdlops>, workspace required: 13533184, provided ptr: 0x73e86a600000 size: 13271040
MIOpen(HIP): Warning [IsEnoughWorkspace] [GetSolutionsFallback AI] Solver <GemmFwdRest>, workspace required: 92897280, provided ptr: 0x73e86b2a8000 size: 27000832
MIOpen(HIP): Warning [IsEnoughWorkspace] [GetSolutionsFallback AI] Solver <ConvHipImplicitGemmGroupFwdXdlops>, workspace required: 26607616, provided ptr: 0x73e86bf50000 size: 26542080
MIOpen(HIP): Warning [IsEnoughWorkspace] [GetSolutionsFallback WTI] Solver <ConvAsmImplicitGemmGTCDynamicBwdXdlopsNHWC>, workspace required: 26673152, provided ptr: 0x73e86b2a8000 size: 26542080
MIOpen(HIP): Warning [IsEnoughWorkspace] [GetSolutionsFallback WTI] Solver <ConvHipImplicitGemmGroupBwdXdlops>, workspace required: 26673152, provided ptr: 0x73e86b2a8000 size: 26542080
MIOpen(HIP): Warning [IsEnoughWorkspace] [GetSolutionsFallback AI] Solver <GemmFwdRest>, workspace required: 92897280, provided ptr: 0x73e86bf50000 size: 26656768
MIOpen(HIP): Warning [IsEnoughWorkspace] [GetSolutionsFallback AI] Solver <ConvHipImplicitGemmGroupFwdXdlops>, workspace required: 26558464, provided ptr: 0x73e86cbf8000 size: 26542080
MIOpen(HIP): Warning [IsEnoughWorkspace] [GetSolutionsFallback AI] Solver <GemmFwdRest>, workspace required: 139345920, provided ptr: 0x73e871200000 size: 39841792
MIOpen(HIP): Warning [IsEnoughWorkspace] [GetSolutionsFallback AI] Solver <ConvHipImplicitGemmGroupFwdXdlops>, workspace required: 39817216, provided ptr: 0x73e8724fc000 size: 39813120
MIOpen(HIP): Warning [IsEnoughWorkspace] [GetSolutionsFallback AI] Solver <ConvHipImplicitGemmGroupFwdXdlops>, workspace required: 20529664, provided ptr: 0x73e86a600000 size: 19907584
MIOpen(HIP): Warning [IsEnoughWorkspace] [GetSolutionsFallback AI] Solver <GemmFwdRest>, workspace required: 139345920, provided ptr: 0x73e86a600000 size: 19907584
MIOpen(HIP): Warning [IsEnoughWorkspace] [GetSolutionsFallback AI] Solver <ConvHipImplicitGemmGroupFwdXdlops>, workspace required: 7949312, provided ptr: 0x73e7e9e00000 size: 852992
MIOpen(HIP): Warning [IsEnoughWorkspace] [GetSolutionsFallback AI] Solver <ConvAsmImplicitGemmGTCDynamicFwdXdlopsNHWC>, workspace required: 7949312, provided ptr: 0x73e7e9e00000 size: 852992
MIOpen(HIP): Warning [IsEnoughWorkspace] [GetSolutionsFallback WTI] Solver <ConvAsmImplicitGemmGTCDynamicBwdXdlopsNHWC>, workspace required: 35991552, provided ptr: 0x73e784400000 size: 3899392
MIOpen(HIP): Warning [IsEnoughWorkspace] [GetSolutionsFallback WTI] Solver <ConvHipImplicitGemmGroupBwdXdlops>, workspace required: 35991552, provided ptr: 0x73e784400000 size: 3899392
MIOpen(HIP): Warning [IsEnoughWorkspace] [GetSolutionsFallback AI] Solver <GemmFwdRest>, workspace required: 13647872, provided ptr: 0x73e845c00000 size: 11239424
MIOpen(HIP): Warning [IsEnoughWorkspace] [GetSolutionsFallback WTI] Solver <ConvAsmImplicitGemmGTCDynamicBwdXdlopsNHWC>, workspace required: 12066816, provided ptr: 0x73e8460a6000 size: 9748480
MIOpen(HIP): Warning [IsEnoughWorkspace] [GetSolutionsFallback WTI] Solver <ConvHipImplicitGemmGroupBwdXdlops>, workspace required: 12066816, provided ptr: 0x73e8460a6000 size: 9748480
MIOpen(HIP): Warning [IsEnoughWorkspace] [GetSolutionsFallback AI] Solver <GemmFwdRest>, workspace required: 34119680, provided ptr: 0x73e913cc0000 size: 11583488
MIOpen(HIP): Warning [IsEnoughWorkspace] [GetSolutionsFallback AI] Solver <ConvHipImplicitGemmGroupFwdXdlops>, workspace required: 10010624, provided ptr: 0x73e914166000 size: 9748480
MIOpen(HIP): Warning [IsEnoughWorkspace] [GetSolutionsFallback AI] Solver <GemmFwdRest>, workspace required: 68239360, provided ptr: 0x73e86af4c000 size: 19955712
MIOpen(HIP): Warning [IsEnoughWorkspace] [GetSolutionsFallback AI] Solver <ConvHipImplicitGemmGroupFwdXdlops>, workspace required: 19562496, provided ptr: 0x73e86b898000 size: 19496960
MIOpen(HIP): Warning [IsEnoughWorkspace] [GetSolutionsFallback WTI] Solver <ConvAsmImplicitGemmGTCDynamicBwdXdlopsNHWC>, workspace required: 19628032, provided ptr: 0x73e86af4c000 size: 19496960
MIOpen(HIP): Warning [IsEnoughWorkspace] [GetSolutionsFallback WTI] Solver <ConvHipImplicitGemmGroupBwdXdlops>, workspace required: 19628032, provided ptr: 0x73e86af4c000 size: 19496960
MIOpen(HIP): Warning [IsEnoughWorkspace] [GetSolutionsFallback AI] Solver <GemmFwdRest>, workspace required: 68239360, provided ptr: 0x73e86af4c000 size: 19611648
MIOpen(HIP): Warning [IsEnoughWorkspace] [GetSolutionsFallback AI] Solver <ConvHipImplicitGemmGroupFwdXdlops>, workspace required: 19513344, provided ptr: 0x73e86b898000 size: 19496960
MIOpen(HIP): Warning [IsEnoughWorkspace] [GetSolutionsFallback AI] Solver <GemmFwdRest>, workspace required: 102359040, provided ptr: 0x73e86c1e4000 size: 29274112
MIOpen(HIP): Warning [IsEnoughWorkspace] [GetSolutionsFallback AI] Solver <ConvHipImplicitGemmGroupFwdXdlops>, workspace required: 29249536, provided ptr: 0x73e86cfd6000 size: 29245440
MIOpen(HIP): Warning [IsEnoughWorkspace] [GetSolutionsFallback AI] Solver <ConvHipImplicitGemmGroupFwdXdlops>, workspace required: 15080704, provided ptr: 0x73e913cc0000 size: 14623744
MIOpen(HIP): Warning [IsEnoughWorkspace] [GetSolutionsFallback AI] Solver <GemmFwdRest>, workspace required: 102359040, provided ptr: 0x73e913cc0000 size: 14623744
MIOpen(HIP): Warning [IsEnoughWorkspace] [GetSolutionsFallback AI] Solver <ConvHipImplicitGemmGroupFwdXdlops>, workspace required: 8389632, provided ptr: 0x73e781c80000 size: 1469440
MIOpen(HIP): Warning [IsEnoughWorkspace] [GetSolutionsFallback AI] Solver <ConvAsmImplicitGemmGTCDynamicFwdXdlopsNHWC>, workspace required: 8389632, provided ptr: 0x73e781c80000 size: 1469440
MIOpen(HIP): Warning [IsEnoughWorkspace] [GetSolutionsFallback WTI] Solver <ConvAsmImplicitGemmGTCDynamicBwdXdlopsNHWC>, workspace required: 37752832, provided ptr: 0x73e845c00000 size: 6717440
MIOpen(HIP): Warning [IsEnoughWorkspace] [GetSolutionsFallback WTI] Solver <ConvHipImplicitGemmGroupBwdXdlops>, workspace required: 37752832, provided ptr: 0x73e845c00000 size: 6717440
MIOpen(HIP): Warning [IsEnoughWorkspace] [GetSolutionsFallback AI] Solver <GemmFwdRest>, workspace required: 23511040, provided ptr: 0x73e913cc0000 size: 14057472
MIOpen(HIP): Warning [IsEnoughWorkspace] [GetSolutionsFallback WTI] Solver <ConvAsmImplicitGemmGTCDynamicBwdXdlopsNHWC>, workspace required: 16998400, provided ptr: 0x73e913cc0000 size: 16793600
MIOpen(HIP): Warning [IsEnoughWorkspace] [GetSolutionsFallback WTI] Solver <ConvHipImplicitGemmGroupBwdXdlops>, workspace required: 16998400, provided ptr: 0x73e913cc0000 size: 16793600
MIOpen(HIP): Warning [IsEnoughWorkspace] [GetSolutionsFallback AI] Solver <GemmFwdRest>, workspace required: 58777600, provided ptr: 0x73e86a600000 size: 18628608
MIOpen(HIP): Warning [IsEnoughWorkspace] [GetSolutionsFallback AI] Solver <ConvAsmImplicitGemmGTCDynamicFwdXdlopsNHWC>, workspace required: 16793600, provided ptr: 0 size: 0
MIOpen(HIP): Warning [IsEnoughWorkspace] [GetSolutionsFallback AI] Solver <ConvHipImplicitGemmGroupFwdXdlops>, workspace required: 17055744, provided ptr: 0 size: 0
MIOpen(HIP): Warning [IsEnoughWorkspace] [GetSolutionsFallback AI] Solver <GemmFwdRest>, workspace required: 117555200, provided ptr: 0x73e871200000 size: 34045952
MIOpen(HIP): Warning [IsEnoughWorkspace] [GetSolutionsFallback AI] Solver <ConvHipImplicitGemmGroupFwdXdlops>, workspace required: 33652736, provided ptr: 0x73e871200000 size: 33587200
MIOpen(HIP): Warning [IsEnoughWorkspace] [GetSolutionsFallback WTI] Solver <ConvAsmImplicitGemmGTCDynamicBwdXdlopsNHWC>, workspace required: 33718272, provided ptr: 0x73e86c608000 size: 33587200
MIOpen(HIP): Warning [IsEnoughWorkspace] [GetSolutionsFallback WTI] Solver <ConvHipImplicitGemmGroupBwdXdlops>, workspace required: 33718272, provided ptr: 0x73e86c608000 size: 33587200
MIOpen(HIP): Warning [IsEnoughWorkspace] [GetSolutionsFallback AI] Solver <GemmFwdRest>, workspace required: 117555200, provided ptr: 0x73e871200000 size: 33701888
MIOpen(HIP): Warning [IsEnoughWorkspace] [GetSolutionsFallback AI] Solver <ConvHipImplicitGemmGroupFwdXdlops>, workspace required: 33603584, provided ptr: 0x73e871200000 size: 33587200
MIOpen(HIP): Warning [IsEnoughWorkspace] [GetSolutionsFallback AI] Solver <GemmFwdRest>, workspace required: 176332800, provided ptr: 0x73e872a06000 size: 50409472
MIOpen(HIP): Warning [IsEnoughWorkspace] [GetSolutionsFallback AI] Solver <ConvHipImplicitGemmGroupFwdXdlops>, workspace required: 50384896, provided ptr: 0x73e87420c000 size: 50380800
MIOpen(HIP): Warning [IsEnoughWorkspace] [GetSolutionsFallback AI] Solver <ConvHipImplicitGemmGroupFwdXdlops>, workspace required: 25978624, provided ptr: 0x73e86be06000 size: 25191424
MIOpen(HIP): Warning [IsEnoughWorkspace] [GetSolutionsFallback AI] Solver <GemmFwdRest>, workspace required: 176332800, provided ptr: 0x73e86be06000 size: 25191424
MIOpen(HIP): Warning [IsEnoughWorkspace] [GetSolutionsFallback AI] Solver <ConvHipImplicitGemmGroupFwdXdlops>, workspace required: 8819712, provided ptr: 0x73e780cc0000 size: 2071552
MIOpen(HIP): Warning [IsEnoughWorkspace] [GetSolutionsFallback AI] Solver <ConvAsmImplicitGemmGTCDynamicFwdXdlopsNHWC>, workspace required: 8819712, provided ptr: 0x73e780cc0000 size: 2071552
MIOpen(HIP): Warning [IsEnoughWorkspace] [GetSolutionsFallback WTI] Solver <ConvAsmImplicitGemmGTCDynamicBwdXdlopsNHWC>, workspace required: 39473152, provided ptr: 0x73e845c00000 size: 9469952
MIOpen(HIP): Warning [IsEnoughWorkspace] [GetSolutionsFallback WTI] Solver <ConvHipImplicitGemmGroupBwdXdlops>, workspace required: 39473152, provided ptr: 0x73e845c00000 size: 9469952
MIOpen(HIP): Warning [IsEnoughWorkspace] [GetSolutionsFallback AI] Solver <GemmFwdRest>, workspace required: 33144832, provided ptr: 0x73e913cc0000 size: 16809984
MIOpen(HIP): Warning [IsEnoughWorkspace] [GetSolutionsFallback AI] Solver <GemmFwdRest>, workspace required: 82862080, provided ptr: 0x73e86bc94000 size: 25509888
MIOpen(HIP): Warning [IsEnoughWorkspace] [GetSolutionsFallback AI] Solver <ConvHipImplicitGemmGroupFwdXdlops>, workspace required: 23937024, provided ptr: 0x73e86c7de000 size: 23674880
MIOpen(HIP): Warning [IsEnoughWorkspace] [GetSolutionsFallback AI] Solver <GemmFwdRest>, workspace required: 165724160, provided ptr: 0x73e872894000 size: 47808512
MIOpen(HIP): Warning [IsEnoughWorkspace] [GetSolutionsFallback AI] Solver <ConvHipImplicitGemmGroupFwdXdlops>, workspace required: 47415296, provided ptr: 0x73e873f28000 size: 47349760
MIOpen(HIP): Warning [IsEnoughWorkspace] [GetSolutionsFallback WTI] Solver <ConvAsmImplicitGemmGTCDynamicBwdXdlopsNHWC>, workspace required: 47480832, provided ptr: 0x73e872894000 size: 47349760
MIOpen(HIP): Warning [IsEnoughWorkspace] [GetSolutionsFallback WTI] Solver <ConvHipImplicitGemmGroupBwdXdlops>, workspace required: 47480832, provided ptr: 0x73e872894000 size: 47349760
MIOpen(HIP): Warning [IsEnoughWorkspace] [GetSolutionsFallback AI] Solver <GemmFwdRest>, workspace required: 165724160, provided ptr: 0x73e872894000 size: 47464448
MIOpen(HIP): Warning [IsEnoughWorkspace] [GetSolutionsFallback AI] Solver <ConvHipImplicitGemmGroupFwdXdlops>, workspace required: 47366144, provided ptr: 0x73e873f28000 size: 47349760
MIOpen(HIP): Warning [IsEnoughWorkspace] [GetSolutionsFallback AI] Solver <GemmFwdRest>, workspace required: 248586240, provided ptr: 0x73e8755bc000 size: 71053312
MIOpen(HIP): Warning [IsEnoughWorkspace] [GetSolutionsFallback AI] Solver <ConvHipImplicitGemmGroupFwdXdlops>, workspace required: 71028736, provided ptr: 0x73e87779a000 size: 71024640
MIOpen(HIP): Warning [IsEnoughWorkspace] [GetSolutionsFallback AI] Solver <ConvHipImplicitGemmGroupFwdXdlops>, workspace required: 36623104, provided ptr: 0x73e86a600000 size: 35513344
MIOpen(HIP): Warning [IsEnoughWorkspace] [GetSolutionsFallback AI] Solver <GemmFwdRest>, workspace required: 248586240, provided ptr: 0x73e86a600000 size: 35513344
MIOpen(HIP): Warning [IsEnoughWorkspace] [GetSolutionsFallback AI] Solver <ConvHipImplicitGemmGroupFwdXdlops>, workspace required: 8732672, provided ptr: 0x73e780cc0000 size: 1949696
MIOpen(HIP): Warning [IsEnoughWorkspace] [GetSolutionsFallback AI] Solver <ConvAsmImplicitGemmGTCDynamicFwdXdlopsNHWC>, workspace required: 8732672, provided ptr: 0x73e780cc0000 size: 1949696
MIOpen(HIP): Warning [IsEnoughWorkspace] [GetSolutionsFallback WTI] Solver <ConvAsmImplicitGemmGTCDynamicBwdXdlopsNHWC>, workspace required: 39124992, provided ptr: 0x73e845c00000 size: 8912896
MIOpen(HIP): Warning [IsEnoughWorkspace] [GetSolutionsFallback WTI] Solver <ConvHipImplicitGemmGroupBwdXdlops>, workspace required: 39124992, provided ptr: 0x73e845c00000 size: 8912896
MIOpen(HIP): Warning [IsEnoughWorkspace] [GetSolutionsFallback AI] Solver <GemmFwdRest>, workspace required: 31195136, provided ptr: 0x73e913cc0000 size: 16252928
MIOpen(HIP): Warning [IsEnoughWorkspace] [GetSolutionsFallback AI] Solver <GemmFwdRest>, workspace required: 77987840, provided ptr: 0x73e86b0a0000 size: 24117248
MIOpen(HIP): Warning [IsEnoughWorkspace] [GetSolutionsFallback AI] Solver <ConvHipImplicitGemmGroupFwdXdlops>, workspace required: 22544384, provided ptr: 0x73e86bb40000 size: 22282240
MIOpen(HIP): Warning [IsEnoughWorkspace] [GetSolutionsFallback AI] Solver <GemmFwdRest>, workspace required: 155975680, provided ptr: 0x73e871200000 size: 45023232
MIOpen(HIP): Warning [IsEnoughWorkspace] [GetSolutionsFallback AI] Solver <ConvHipImplicitGemmGroupFwdXdlops>, workspace required: 44630016, provided ptr: 0x73e872740000 size: 44564480
MIOpen(HIP): Warning [IsEnoughWorkspace] [GetSolutionsFallback WTI] Solver <ConvAsmImplicitGemmGTCDynamicBwdXdlopsNHWC>, workspace required: 44695552, provided ptr: 0x73e871200000 size: 44564480
MIOpen(HIP): Warning [IsEnoughWorkspace] [GetSolutionsFallback WTI] Solver <ConvHipImplicitGemmGroupBwdXdlops>, workspace required: 44695552, provided ptr: 0x73e871200000 size: 44564480
MIOpen(HIP): Warning [IsEnoughWorkspace] [GetSolutionsFallback AI] Solver <GemmFwdRest>, workspace required: 155975680, provided ptr: 0x73e871200000 size: 44679168
MIOpen(HIP): Warning [IsEnoughWorkspace] [GetSolutionsFallback AI] Solver <ConvHipImplicitGemmGroupFwdXdlops>, workspace required: 44580864, provided ptr: 0x73e872740000 size: 44564480
MIOpen(HIP): Warning [IsEnoughWorkspace] [GetSolutionsFallback AI] Solver <GemmFwdRest>, workspace required: 233963520, provided ptr: 0x73e8751c0000 size: 66875392
MIOpen(HIP): Warning [IsEnoughWorkspace] [GetSolutionsFallback AI] Solver <ConvHipImplicitGemmGroupFwdXdlops>, workspace required: 66850816, provided ptr: 0x73e8771a0000 size: 66846720
MIOpen(HIP): Warning [IsEnoughWorkspace] [GetSolutionsFallback AI] Solver <ConvHipImplicitGemmGroupFwdXdlops>, workspace required: 34468864, provided ptr: 0x73e86c5e0000 size: 33424384
MIOpen(HIP): Warning [IsEnoughWorkspace] [GetSolutionsFallback AI] Solver <GemmFwdRest>, workspace required: 233963520, provided ptr: 0x73e86c5e0000 size: 33424384
MIOpen(HIP): Warning [IsEnoughWorkspace] [GetSolutionsFallback AI] Solver <ConvHipImplicitGemmGroupFwdXdlops>, workspace required: 7882752, provided ptr: 0x73e7e9e00000 size: 759808
MIOpen(HIP): Warning [IsEnoughWorkspace] [GetSolutionsFallback AI] Solver <ConvAsmImplicitGemmGTCDynamicFwdXdlopsNHWC>, workspace required: 7882752, provided ptr: 0x73e7e9e00000 size: 759808
MIOpen(HIP): Warning [IsEnoughWorkspace] [GetSolutionsFallback WTI] Solver <ConvAsmImplicitGemmGTCDynamicBwdXdlopsNHWC>, workspace required: 35725312, provided ptr: 0x73e784400000 size: 3473408
MIOpen(HIP): Warning [IsEnoughWorkspace] [GetSolutionsFallback WTI] Solver <ConvHipImplicitGemmGroupBwdXdlops>, workspace required: 35725312, provided ptr: 0x73e784400000 size: 3473408
MIOpen(HIP): Warning [IsEnoughWorkspace] [GetSolutionsFallback WTI] Solver <ConvAsmImplicitGemmGTCDynamicBwdXdlopsNHWC>, workspace required: 11321344, provided ptr: 0x73e846024000 size: 8683520
MIOpen(HIP): Warning [IsEnoughWorkspace] [GetSolutionsFallback WTI] Solver <ConvHipImplicitGemmGroupBwdXdlops>, workspace required: 11321344, provided ptr: 0x73e846024000 size: 8683520
MIOpen(HIP): Warning [IsEnoughWorkspace] [GetSolutionsFallback AI] Solver <GemmFwdRest>, workspace required: 30392320, provided ptr: 0x73e913cc0000 size: 10518528
MIOpen(HIP): Warning [IsEnoughWorkspace] [GetSolutionsFallback AI] Solver <ConvHipImplicitGemmGroupFwdXdlops>, workspace required: 8945664, provided ptr: 0x73e9140e4000 size: 8683520
MIOpen(HIP): Warning [IsEnoughWorkspace] [GetSolutionsFallback AI] Solver <GemmFwdRest>, workspace required: 60784640, provided ptr: 0x73e86ae48000 size: 17825792
MIOpen(HIP): Warning [IsEnoughWorkspace] [GetSolutionsFallback AI] Solver <ConvHipImplicitGemmGroupFwdXdlops>, workspace required: 17432576, provided ptr: 0x73e86b690000 size: 17367040
MIOpen(HIP): Warning [IsEnoughWorkspace] [GetSolutionsFallback WTI] Solver <ConvAsmImplicitGemmGTCDynamicBwdXdlopsNHWC>, workspace required: 17498112, provided ptr: 0x73e86ae48000 size: 17367040
MIOpen(HIP): Warning [IsEnoughWorkspace] [GetSolutionsFallback WTI] Solver <ConvHipImplicitGemmGroupBwdXdlops>, workspace required: 17498112, provided ptr: 0x73e86ae48000 size: 17367040
MIOpen(HIP): Warning [IsEnoughWorkspace] [GetSolutionsFallback AI] Solver <GemmFwdRest>, workspace required: 60784640, provided ptr: 0x73e86ae48000 size: 17481728
MIOpen(HIP): Warning [IsEnoughWorkspace] [GetSolutionsFallback AI] Solver <ConvHipImplicitGemmGroupFwdXdlops>, workspace required: 17383424, provided ptr: 0x73e86b690000 size: 17367040
MIOpen(HIP): Warning [IsEnoughWorkspace] [GetSolutionsFallback AI] Solver <GemmFwdRest>, workspace required: 91176960, provided ptr: 0x73e86bed8000 size: 26079232
MIOpen(HIP): Warning [IsEnoughWorkspace] [GetSolutionsFallback AI] Solver <ConvHipImplicitGemmGroupFwdXdlops>, workspace required: 26054656, provided ptr: 0x73e86cb44000 size: 26050560
MIOpen(HIP): Warning [IsEnoughWorkspace] [GetSolutionsFallback AI] Solver <ConvHipImplicitGemmGroupFwdXdlops>, workspace required: 13433344, provided ptr: 0x73e913cc0000 size: 13026304
MIOpen(HIP): Warning [IsEnoughWorkspace] [GetSolutionsFallback AI] Solver <GemmFwdRest>, workspace required: 91176960, provided ptr: 0x73e913cc0000 size: 13026304
[0;36m(APIServer pid=73252)[0;0m [32mINFO[0m [90m10-07 15:26:56[0m [90m[stats.py:902][0m [OmniTiming] req=speech-9bb7501636db0969-80f122f6 total=6.60s engine=6.60s stages=[0:6.60s]
INFO:     127.0.0.1:34026 - "POST /v1/audio/speech HTTP/1.1" 200 OK
[0;36m(APIServer pid=73252)[0;0m [32mINFO[0m [90m10-07 15:26:56[0m [90m[serving_speech.py:2423][0m Diffusion TTS speech request speech-a26d5f7dc09defc2: voice_clone=False
[0;36m(APIServer pid=73252)[0;0m [32mINFO[0m [90m10-07 15:26:56[0m [90m[serving_speech.py:2471][0m Applied diffusion speech params: seed=42 extra_params={}
[0;36m(APIServer pid=73252)[0;0m [32mINFO[0m [90m10-07 15:26:56[0m [90m[diffusion_engine.py:764][0m [RequestBatch] admission wait done waiting=1 max_batch=8 waited_ms=2.1
MIOpen(HIP): Warning [IsEnoughWorkspace] [GetSolutionsFallback AI] Solver <ConvHipImplicitGemmGroupFwdXdlops>, workspace required: 8881152, provided ptr: 0x73e780cc0000 size: 2157568
MIOpen(HIP): Warning [IsEnoughWorkspace] [GetSolutionsFallback AI] Solver <ConvAsmImplicitGemmGTCDynamicFwdXdlopsNHWC>, workspace required: 8881152, provided ptr: 0x73e780cc0000 size: 2157568
MIOpen(HIP): Warning [IsEnoughWorkspace] [GetSolutionsFallback WTI] Solver <ConvAsmImplicitGemmGTCDynamicBwdXdlopsNHWC>, workspace required: 39718912, provided ptr: 0x73e845c00000 size: 9863168
MIOpen(HIP): Warning [IsEnoughWorkspace] [GetSolutionsFallback WTI] Solver <ConvHipImplicitGemmGroupBwdXdlops>, workspace required: 39718912, provided ptr: 0x73e845c00000 size: 9863168
MIOpen(HIP): Warning [IsEnoughWorkspace] [GetSolutionsFallback AI] Solver <GemmFwdRest>, workspace required: 34521088, provided ptr: 0x73e913cc0000 size: 17203200
MIOpen(HIP): Warning [IsEnoughWorkspace] [GetSolutionsFallback AI] Solver <GemmFwdRest>, workspace required: 86302720, provided ptr: 0x73e86bd84000 size: 26492928
MIOpen(HIP): Warning [IsEnoughWorkspace] [GetSolutionsFallback AI] Solver <ConvHipImplicitGemmGroupFwdXdlops>, workspace required: 24920064, provided ptr: 0x73e86c946000 size: 24657920
MIOpen(HIP): Warning [IsEnoughWorkspace] [GetSolutionsFallback AI] Solver <GemmFwdRest>, workspace required: 172605440, provided ptr: 0x73e872984000 size: 49774592
MIOpen(HIP): Warning [IsEnoughWorkspace] [GetSolutionsFallback AI] Solver <ConvHipImplicitGemmGroupFwdXdlops>, workspace required: 49381376, provided ptr: 0x73e874108000 size: 49315840
MIOpen(HIP): Warning [IsEnoughWorkspace] [GetSolutionsFallback WTI] Solver <ConvAsmImplicitGemmGTCDynamicBwdXdlopsNHWC>, workspace required: 49446912, provided ptr: 0x73e872984000 size: 49315840
MIOpen(HIP): Warning [IsEnoughWorkspace] [GetSolutionsFallback WTI] Solver <ConvHipImplicitGemmGroupBwdXdlops>, workspace required: 49446912, provided ptr: 0x73e872984000 size: 49315840
MIOpen(HIP): Warning [IsEnoughWorkspace] [GetSolutionsFallback AI] Solver <GemmFwdRest>, workspace required: 172605440, provided ptr: 0x73e872984000 size: 49430528
MIOpen(HIP): Warning [IsEnoughWorkspace] [GetSolutionsFallback AI] Solver <ConvHipImplicitGemmGroupFwdXdlops>, workspace required: 49332224, provided ptr: 0x73e874108000 size: 49315840
MIOpen(HIP): Warning [IsEnoughWorkspace] [GetSolutionsFallback AI] Solver <GemmFwdRest>, workspace required: 258908160, provided ptr: 0x73e87588c000 size: 74002432
MIOpen(HIP): Warning [IsEnoughWorkspace] [GetSolutionsFallback AI] Solver <ConvHipImplicitGemmGroupFwdXdlops>, workspace required: 73977856, provided ptr: 0x73e877bd2000 size: 73973760
MIOpen(HIP): Warning [IsEnoughWorkspace] [GetSolutionsFallback AI] Solver <ConvHipImplicitGemmGroupFwdXdlops>, workspace required: 38143744, provided ptr: 0x73e86a600000 size: 36987904
MIOpen(HIP): Warning [IsEnoughWorkspace] [GetSolutionsFallback AI] Solver <GemmFwdRest>, workspace required: 258908160, provided ptr: 0x73e86a600000 size: 36987904
MIOpen(HIP): Warning [IsEnoughWorkspace] [GetSolutionsFallback AI] Solver <ConvHipImplicitGemmGroupFwdXdlops>, workspace required: 8824832, provided ptr: 0x73e780cc0000 size: 2078720
MIOpen(HIP): Warning [IsEnoughWorkspace] [GetSolutionsFallback AI] Solver <ConvAsmImplicitGemmGTCDynamicFwdXdlopsNHWC>, workspace required: 8824832, provided ptr: 0x73e780cc0000 size: 2078720
MIOpen(HIP): Warning [IsEnoughWorkspace] [GetSolutionsFallback WTI] Solver <ConvAsmImplicitGemmGTCDynamicBwdXdlopsNHWC>, workspace required: 39493632, provided ptr: 0x73e845c00000 size: 9502720
MIOpen(HIP): Warning [IsEnoughWorkspace] [GetSolutionsFallback WTI] Solver <ConvHipImplicitGemmGroupBwdXdlops>, workspace required: 39493632, provided ptr: 0x73e845c00000 size: 9502720
MIOpen(HIP): Warning [IsEnoughWorkspace] [GetSolutionsFallback AI] Solver <GemmFwdRest>, workspace required: 33259520, provided ptr: 0x73e913cc0000 size: 16842752
MIOpen(HIP): Warning [IsEnoughWorkspace] [GetSolutionsFallback AI] Solver <GemmFwdRest>, workspace required: 83148800, provided ptr: 0x73e86bca8000 size: 25591808
MIOpen(HIP): Warning [IsEnoughWorkspace] [GetSolutionsFallback AI] Solver <ConvHipImplicitGemmGroupFwdXdlops>, workspace required: 24018944, provided ptr: 0x73e86c7fc000 size: 23756800
MIOpen(HIP): Warning [IsEnoughWorkspace] [GetSolutionsFallback AI] Solver <GemmFwdRest>, workspace required: 166297600, provided ptr: 0x73e8728a8000 size: 47972352
MIOpen(HIP): Warning [IsEnoughWorkspace] [GetSolutionsFallback AI] Solver <ConvHipImplicitGemmGroupFwdXdlops>, workspace required: 47579136, provided ptr: 0x73e873f50000 size: 47513600
MIOpen(HIP): Warning [IsEnoughWorkspace] [GetSolutionsFallback WTI] Solver <ConvAsmImplicitGemmGTCDynamicBwdXdlopsNHWC>, workspace required: 47644672, provided ptr: 0x73e8728a8000 size: 47513600
MIOpen(HIP): Warning [IsEnoughWorkspace] [GetSolutionsFallback WTI] Solver <ConvHipImplicitGemmGroupBwdXdlops>, workspace required: 47644672, provided ptr: 0x73e8728a8000 size: 47513600
MIOpen(HIP): Warning [IsEnoughWorkspace] [GetSolutionsFallback AI] Solver <GemmFwdRest>, workspace required: 166297600, provided ptr: 0x73e8728a8000 size: 47628288
MIOpen(HIP): Warning [IsEnoughWorkspace] [GetSolutionsFallback AI] Solver <ConvHipImplicitGemmGroupFwdXdlops>, workspace required: 47529984, provided ptr: 0x73e873f50000 size: 47513600
MIOpen(HIP): Warning [IsEnoughWorkspace] [GetSolutionsFallback AI] Solver <GemmFwdRest>, workspace required: 249446400, provided ptr: 0x73e8755f8000 size: 71299072
MIOpen(HIP): Warning [IsEnoughWorkspace] [GetSolutionsFallback AI] Solver <ConvHipImplicitGemmGroupFwdXdlops>, workspace required: 71274496, provided ptr: 0x73e8777f4000 size: 71270400
MIOpen(HIP): Warning [IsEnoughWorkspace] [GetSolutionsFallback AI] Solver <ConvHipImplicitGemmGroupFwdXdlops>, workspace required: 36749824, provided ptr: 0x73e86a600000 size: 35636224
MIOpen(HIP): Warning [IsEnoughWorkspace] [GetSolutionsFallback AI] Solver <GemmFwdRest>, workspace required: 249446400, provided ptr: 0x73e86a600000 size: 35636224
MIOpen(HIP): Warning [IsEnoughWorkspace] [GetSolutionsFallback AI] Solver <ConvHipImplicitGemmGroupFwdXdlops>, workspace required: 8543232, provided ptr: 0x73e780cc0000 size: 1684480
MIOpen(HIP): Warning [IsEnoughWorkspace] [GetSolutionsFallback AI] Solver <ConvAsmImplicitGemmGTCDynamicFwdXdlopsNHWC>, workspace required: 8543232, provided ptr: 0x73e780cc0000 size: 1684480
MIOpen(HIP): Warning [IsEnoughWorkspace] [GetSolutionsFallback WTI] Solver <ConvAsmImplicitGemmGTCDynamicBwdXdlopsNHWC>, workspace required: 38367232, provided ptr: 0x73e845c00000 size: 7700480
MIOpen(HIP): Warning [IsEnoughWorkspace] [GetSolutionsFallback WTI] Solver <ConvHipImplicitGemmGroupBwdXdlops>, workspace required: 38367232, provided ptr: 0x73e845c00000 size: 7700480
MIOpen(HIP): Warning [IsEnoughWorkspace] [GetSolutionsFallback AI] Solver <GemmFwdRest>, workspace required: 26951680, provided ptr: 0x73e913cc0000 size: 15040512
MIOpen(HIP): Warning [IsEnoughWorkspace] [GetSolutionsFallback AI] Solver <GemmFwdRest>, workspace required: 67379200, provided ptr: 0x73e86a600000 size: 21086208
MIOpen(HIP): Warning [IsEnoughWorkspace] [GetSolutionsFallback AI] Solver <ConvHipImplicitGemmGroupFwdXdlops>, workspace required: 19513344, provided ptr: 0x73e86af2e000 size: 19251200
MIOpen(HIP): Warning [IsEnoughWorkspace] [GetSolutionsFallback AI] Solver <GemmFwdRest>, workspace required: 134758400, provided ptr: 0x73e871200000 size: 38961152
MIOpen(HIP): Warning [IsEnoughWorkspace] [GetSolutionsFallback AI] Solver <ConvHipImplicitGemmGroupFwdXdlops>, workspace required: 38567936, provided ptr: 0x73e871200000 size: 38502400
MIOpen(HIP): Warning [IsEnoughWorkspace] [GetSolutionsFallback WTI] Solver <ConvAsmImplicitGemmGTCDynamicBwdXdlopsNHWC>, workspace required: 38633472, provided ptr: 0x73e86cab8000 size: 38502400
MIOpen(HIP): Warning [IsEnoughWorkspace] [GetSolutionsFallback WTI] Solver <ConvHipImplicitGemmGroupBwdXdlops>, workspace required: 38633472, provided ptr: 0x73e86cab8000 size: 38502400
MIOpen(HIP): Warning [IsEnoughWorkspace] [GetSolutionsFallback AI] Solver <GemmFwdRest>, workspace required: 134758400, provided ptr: 0x73e871200000 size: 38617088
MIOpen(HIP): Warning [IsEnoughWorkspace] [GetSolutionsFallback AI] Solver <ConvHipImplicitGemmGroupFwdXdlops>, workspace required: 38518784, provided ptr: 0x73e871200000 size: 38502400
MIOpen(HIP): Warning [IsEnoughWorkspace] [GetSolutionsFallback AI] Solver <GemmFwdRest>, workspace required: 202137600, provided ptr: 0x73e872d8a000 size: 57782272
MIOpen(HIP): Warning [IsEnoughWorkspace] [GetSolutionsFallback AI] Solver <ConvHipImplicitGemmGroupFwdXdlops>, workspace required: 57757696, provided ptr: 0x73e874914000 size: 57753600
MIOpen(HIP): Warning [IsEnoughWorkspace] [GetSolutionsFallback AI] Solver <ConvHipImplicitGemmGroupFwdXdlops>, workspace required: 29780224, provided ptr: 0x73e86c18a000 size: 28877824
MIOpen(HIP): Warning [IsEnoughWorkspace] [GetSolutionsFallback AI] Solver <GemmFwdRest>, workspace required: 202137600, provided ptr: 0x73e86c18a000 size: 28877824
MIOpen(HIP): Warning [IsEnoughWorkspace] [GetSolutionsFallback AI] Solver <ConvHipImplicitGemmGroupFwdXdlops>, workspace required: 8138752, provided ptr: 0x73e781c80000 size: 1118208
MIOpen(HIP): Warning [IsEnoughWorkspace] [GetSolutionsFallback AI] Solver <ConvAsmImplicitGemmGTCDynamicFwdXdlopsNHWC>, workspace required: 8138752, provided ptr: 0x73e781c80000 size: 1118208
MIOpen(HIP): Warning [IsEnoughWorkspace] [GetSolutionsFallback WTI] Solver <ConvAsmImplicitGemmGTCDynamicBwdXdlopsNHWC>, workspace required: 36749312, provided ptr: 0x73e784400000 size: 5111808
MIOpen(HIP): Warning [IsEnoughWorkspace] [GetSolutionsFallback WTI] Solver <ConvHipImplicitGemmGroupBwdXdlops>, workspace required: 36749312, provided ptr: 0x73e784400000 size: 5111808
MIOpen(HIP): Warning [IsEnoughWorkspace] [GetSolutionsFallback AI] Solver <GemmFwdRest>, workspace required: 17891328, provided ptr: 0x73e845c00000 size: 12451840
MIOpen(HIP): Warning [IsEnoughWorkspace] [GetSolutionsFallback WTI] Solver <ConvAsmImplicitGemmGTCDynamicBwdXdlopsNHWC>, workspace required: 14188544, provided ptr: 0x73e913cc0000 size: 12779520
MIOpen(HIP): Warning [IsEnoughWorkspace] [GetSolutionsFallback WTI] Solver <ConvHipImplicitGemmGroupBwdXdlops>, workspace required: 14188544, provided ptr: 0x73e913cc0000 size: 12779520
MIOpen(HIP): Warning [IsEnoughWorkspace] [GetSolutionsFallback AI] Solver <GemmFwdRest>, workspace required: 44728320, provided ptr: 0x73e9142d8000 size: 14614528
MIOpen(HIP): Warning [IsEnoughWorkspace] [GetSolutionsFallback AI] Solver <ConvHipImplicitGemmGroupFwdXdlops>, workspace required: 13041664, provided ptr: 0x73e86a600000 size: 12779520
MIOpen(HIP): Warning [IsEnoughWorkspace] [GetSolutionsFallback AI] Solver <GemmFwdRest>, workspace required: 89456640, provided ptr: 0x73e86be60000 size: 26017792
MIOpen(HIP): Warning [IsEnoughWorkspace] [GetSolutionsFallback AI] Solver <ConvHipImplicitGemmGroupFwdXdlops>, workspace required: 25624576, provided ptr: 0x73e86ca90000 size: 25559040
MIOpen(HIP): Warning [IsEnoughWorkspace] [GetSolutionsFallback WTI] Solver <ConvAsmImplicitGemmGTCDynamicBwdXdlopsNHWC>, workspace required: 25690112, provided ptr: 0x73e86b230000 size: 25559040
MIOpen(HIP): Warning [IsEnoughWorkspace] [GetSolutionsFallback WTI] Solver <ConvHipImplicitGemmGroupBwdXdlops>, workspace required: 25690112, provided ptr: 0x73e86b230000 size: 25559040
MIOpen(HIP): Warning [IsEnoughWorkspace] [GetSolutionsFallback AI] Solver <GemmFwdRest>, workspace required: 89456640, provided ptr: 0x73e86be60000 size: 25673728
MIOpen(HIP): Warning [IsEnoughWorkspace] [GetSolutionsFallback AI] Solver <ConvHipImplicitGemmGroupFwdXdlops>, workspace required: 25575424, provided ptr: 0x73e86ca90000 size: 25559040
MIOpen(HIP): Warning [IsEnoughWorkspace] [GetSolutionsFallback AI] Solver <GemmFwdRest>, workspace required: 134184960, provided ptr: 0x73e871200000 size: 38367232
MIOpen(HIP): Warning [IsEnoughWorkspace] [GetSolutionsFallback AI] Solver <ConvHipImplicitGemmGroupFwdXdlops>, workspace required: 38342656, provided ptr: 0x73e872448000 size: 38338560
MIOpen(HIP): Warning [IsEnoughWorkspace] [GetSolutionsFallback AI] Solver <ConvHipImplicitGemmGroupFwdXdlops>, workspace required: 19769344, provided ptr: 0x73e86a600000 size: 19170304
MIOpen(HIP): Warning [IsEnoughWorkspace] [GetSolutionsFallback AI] Solver <GemmFwdRest>, workspace required: 134184960, provided ptr: 0x73e86a600000 size: 19170304
MIOpen(HIP): Warning [IsEnoughWorkspace] [GetSolutionsFallback AI] Solver <ConvHipImplicitGemmGroupFwdXdlops>, workspace required: 7980032, provided ptr: 0x73e7e9e00000 size: 896000
MIOpen(HIP): Warning [IsEnoughWorkspace] [GetSolutionsFallback AI] Solver <ConvAsmImplicitGemmGTCDynamicFwdXdlopsNHWC>, workspace required: 7980032, provided ptr: 0x73e7e9e00000 size: 896000
MIOpen(HIP): Warning [IsEnoughWorkspace] [GetSolutionsFallback WTI] Solver <ConvAsmImplicitGemmGTCDynamicBwdXdlopsNHWC>, workspace required: 36114432, provided ptr: 0x73e784400000 size: 4096000
MIOpen(HIP): Warning [IsEnoughWorkspace] [GetSolutionsFallback WTI] Solver <ConvHipImplicitGemmGroupBwdXdlops>, workspace required: 36114432, provided ptr: 0x73e784400000 size: 4096000
MIOpen(HIP): Warning [IsEnoughWorkspace] [GetSolutionsFallback AI] Solver <GemmFwdRest>, workspace required: 14336000, provided ptr: 0x73e845c00000 size: 11436032
MIOpen(HIP): Warning [IsEnoughWorkspace] [GetSolutionsFallback WTI] Solver <ConvAsmImplicitGemmGTCDynamicBwdXdlopsNHWC>, workspace required: 12410880, provided ptr: 0x73e913cc0000 size: 10240000
MIOpen(HIP): Warning [IsEnoughWorkspace] [GetSolutionsFallback WTI] Solver <ConvHipImplicitGemmGroupBwdXdlops>, workspace required: 12410880, provided ptr: 0x73e913cc0000 size: 10240000
MIOpen(HIP): Warning [IsEnoughWorkspace] [GetSolutionsFallback AI] Solver <GemmFwdRest>, workspace required: 35840000, provided ptr: 0x73e9141a2000 size: 12075008
MIOpen(HIP): Warning [IsEnoughWorkspace] [GetSolutionsFallback AI] Solver <ConvHipImplicitGemmGroupFwdXdlops>, workspace required: 10502144, provided ptr: 0x73e914684000 size: 10240000
MIOpen(HIP): Warning [IsEnoughWorkspace] [GetSolutionsFallback AI] Solver <GemmFwdRest>, workspace required: 71680000, provided ptr: 0x73e86afc4000 size: 20938752
MIOpen(HIP): Warning [IsEnoughWorkspace] [GetSolutionsFallback AI] Solver <ConvHipImplicitGemmGroupFwdXdlops>, workspace required: 20545536, provided ptr: 0x73e86b988000 size: 20480000
MIOpen(HIP): Warning [IsEnoughWorkspace] [GetSolutionsFallback WTI] Solver <ConvAsmImplicitGemmGTCDynamicBwdXdlopsNHWC>, workspace required: 20611072, provided ptr: 0x73e86afc4000 size: 20480000
MIOpen(HIP): Warning [IsEnoughWorkspace] [GetSolutionsFallback WTI] Solver <ConvHipImplicitGemmGroupBwdXdlops>, workspace required: 20611072, provided ptr: 0x73e86afc4000 size: 20480000
MIOpen(HIP): Warning [IsEnoughWorkspace] [GetSolutionsFallback AI] Solver <GemmFwdRest>, workspace required: 71680000, provided ptr: 0x73e86afc4000 size: 20594688
MIOpen(HIP): Warning [IsEnoughWorkspace] [GetSolutionsFallback AI] Solver <ConvHipImplicitGemmGroupFwdXdlops>, workspace required: 20496384, provided ptr: 0x73e86b988000 size: 20480000
MIOpen(HIP): Warning [IsEnoughWorkspace] [GetSolutionsFallback AI] Solver <GemmFwdRest>, workspace required: 107520000, provided ptr: 0x73e86d1f2000 size: 30748672
MIOpen(HIP): Warning [IsEnoughWorkspace] [GetSolutionsFallback AI] Solver <ConvHipImplicitGemmGroupFwdXdlops>, workspace required: 30724096, provided ptr: 0x73e871200000 size: 30720000
MIOpen(HIP): Warning [IsEnoughWorkspace] [GetSolutionsFallback AI] Solver <ConvHipImplicitGemmGroupFwdXdlops>, workspace required: 15841024, provided ptr: 0x73e86a600000 size: 15361024
MIOpen(HIP): Warning [IsEnoughWorkspace] [GetSolutionsFallback AI] Solver <GemmFwdRest>, workspace required: 107520000, provided ptr: 0x73e86a600000 size: 15361024
[0;36m(APIServer pid=73252)[0;0m [32mINFO[0m [90m10-07 15:27:02[0m [90m[stats.py:902][0m [OmniTiming] req=speech-a26d5f7dc09defc2-972c26f2 total=5.99s engine=5.99s stages=[0:5.99s]
INFO:     127.0.0.1:34026 - "POST /v1/audio/speech HTTP/1.1" 200 OK
[0;36m(APIServer pid=73252)[0;0m [32mINFO[0m [90m10-07 15:27:02[0m [90m[serving_speech.py:2423][0m Diffusion TTS speech request speech-af12f9160638875b: voice_clone=False
[0;36m(APIServer pid=73252)[0;0m [32mINFO[0m [90m10-07 15:27:02[0m [90m[serving_speech.py:2471][0m Applied diffusion speech params: seed=42 extra_params={}
[0;36m(APIServer pid=73252)[0;0m [32mINFO[0m [90m10-07 15:27:02[0m [90m[diffusion_engine.py:764][0m [RequestBatch] admission wait done waiting=1 max_batch=8 waited_ms=2.2
MIOpen(HIP): Warning [IsEnoughWorkspace] [GetSolutionsFallback AI] Solver <ConvHipImplicitGemmGroupFwdXdlops>, workspace required: 8589312, provided ptr: 0x73e780cc0000 size: 1748992
MIOpen(HIP): Warning [IsEnoughWorkspace] [GetSolutionsFallback AI] Solver <ConvAsmImplicitGemmGTCDynamicFwdXdlopsNHWC>, workspace required: 8589312, provided ptr: 0x73e780cc0000 size: 1748992
MIOpen(HIP): Warning [IsEnoughWorkspace] [GetSolutionsFallback WTI] Solver <ConvAsmImplicitGemmGTCDynamicBwdXdlopsNHWC>, workspace required: 38551552, provided ptr: 0x73e845c00000 size: 7995392
MIOpen(HIP): Warning [IsEnoughWorkspace] [GetSolutionsFallback WTI] Solver <ConvHipImplicitGemmGroupBwdXdlops>, workspace required: 38551552, provided ptr: 0x73e845c00000 size: 7995392
MIOpen(HIP): Warning [IsEnoughWorkspace] [GetSolutionsFallback AI] Solver <GemmFwdRest>, workspace required: 27983872, provided ptr: 0x73e913cc0000 size: 15335424
MIOpen(HIP): Warning [IsEnoughWorkspace] [GetSolutionsFallback AI] Solver <GemmFwdRest>, workspace required: 69959680, provided ptr: 0x73e86a600000 size: 21823488
MIOpen(HIP): Warning [IsEnoughWorkspace] [GetSolutionsFallback AI] Solver <ConvHipImplicitGemmGroupFwdXdlops>, workspace required: 20250624, provided ptr: 0x73e86af88000 size: 19988480
MIOpen(HIP): Warning [IsEnoughWorkspace] [GetSolutionsFallback AI] Solver <GemmFwdRest>, workspace required: 139919360, provided ptr: 0x73e871200000 size: 40435712
MIOpen(HIP): Warning [IsEnoughWorkspace] [GetSolutionsFallback AI] Solver <ConvHipImplicitGemmGroupFwdXdlops>, workspace required: 40042496, provided ptr: 0x73e872510000 size: 39976960
MIOpen(HIP): Warning [IsEnoughWorkspace] [GetSolutionsFallback WTI] Solver <ConvAsmImplicitGemmGTCDynamicBwdXdlopsNHWC>, workspace required: 40108032, provided ptr: 0x73e871200000 size: 39976960
MIOpen(HIP): Warning [IsEnoughWorkspace] [GetSolutionsFallback WTI] Solver <ConvHipImplicitGemmGroupBwdXdlops>, workspace required: 40108032, provided ptr: 0x73e871200000 size: 39976960
MIOpen(HIP): Warning [IsEnoughWorkspace] [GetSolutionsFallback AI] Solver <GemmFwdRest>, workspace required: 139919360, provided ptr: 0x73e871200000 size: 40091648
MIOpen(HIP): Warning [IsEnoughWorkspace] [GetSolutionsFallback AI] Solver <ConvHipImplicitGemmGroupFwdXdlops>, workspace required: 39993344, provided ptr: 0x73e872510000 size: 39976960
MIOpen(HIP): Warning [IsEnoughWorkspace] [GetSolutionsFallback AI] Solver <GemmFwdRest>, workspace required: 209879040, provided ptr: 0x73e874b30000 size: 59994112
MIOpen(HIP): Warning [IsEnoughWorkspace] [GetSolutionsFallback AI] Solver <ConvHipImplicitGemmGroupFwdXdlops>, workspace required: 59969536, provided ptr: 0x73e8767c8000 size: 59965440
MIOpen(HIP): Warning [IsEnoughWorkspace] [GetSolutionsFallback AI] Solver <ConvHipImplicitGemmGroupFwdXdlops>, workspace required: 30920704, provided ptr: 0x73e86c298000 size: 29983744
MIOpen(HIP): Warning [IsEnoughWorkspace] [GetSolutionsFallback AI] Solver <GemmFwdRest>, workspace required: 209879040, provided ptr: 0x73e86c298000 size: 29983744
MIOpen(HIP): Warning [IsEnoughWorkspace] [GetSolutionsFallback AI] Solver <ConvHipImplicitGemmGroupFwdXdlops>, workspace required: 9106432, provided ptr: 0x73e780cc0000 size: 2472960
MIOpen(HIP): Warning [IsEnoughWorkspace] [GetSolutionsFallback AI] Solver <ConvAsmImplicitGemmGTCDynamicFwdXdlopsNHWC>, workspace required: 9106432, provided ptr: 0x73e780cc0000 size: 2472960
MIOpen(HIP): Warning [IsEnoughWorkspace] [GetSolutionsFallback WTI] Solver <ConvAsmImplicitGemmGTCDynamicBwdXdlopsNHWC>, workspace required: 40620032, provided ptr: 0x73e913cc0000 size: 11304960
MIOpen(HIP): Warning [IsEnoughWorkspace] [GetSolutionsFallback WTI] Solver <ConvHipImplicitGemmGroupBwdXdlops>, workspace required: 40620032, provided ptr: 0x73e913cc0000 size: 11304960
MIOpen(HIP): Warning [IsEnoughWorkspace] [GetSolutionsFallback AI] Solver <GemmFwdRest>, workspace required: 39567360, provided ptr: 0x73e86a600000 size: 18644992
MIOpen(HIP): Warning [IsEnoughWorkspace] [GetSolutionsFallback AI] Solver <GemmFwdRest>, workspace required: 98918400, provided ptr: 0x73e86c0f4000 size: 30097408
MIOpen(HIP): Warning [IsEnoughWorkspace] [GetSolutionsFallback AI] Solver <ConvHipImplicitGemmGroupFwdXdlops>, workspace required: 28524544, provided ptr: 0x73e86ce6e000 size: 28262400
MIOpen(HIP): Warning [IsEnoughWorkspace] [GetSolutionsFallback AI] Solver <GemmFwdRest>, workspace required: 197836800, provided ptr: 0x73e872cf4000 size: 56983552
MIOpen(HIP): Warning [IsEnoughWorkspace] [GetSolutionsFallback AI] Solver <ConvHipImplicitGemmGroupFwdXdlops>, workspace required: 56590336, provided ptr: 0x73e8747e8000 size: 56524800
MIOpen(HIP): Warning [IsEnoughWorkspace] [GetSolutionsFallback WTI] Solver <ConvAsmImplicitGemmGTCDynamicBwdXdlopsNHWC>, workspace required: 56655872, provided ptr: 0x73e872cf4000 size: 56524800
MIOpen(HIP): Warning [IsEnoughWorkspace] [GetSolutionsFallback WTI] Solver <ConvHipImplicitGemmGroupBwdXdlops>, workspace required: 56655872, provided ptr: 0x73e872cf4000 size: 56524800
MIOpen(HIP): Warning [IsEnoughWorkspace] [GetSolutionsFallback AI] Solver <GemmFwdRest>, workspace required: 197836800, provided ptr: 0x73e8747e8000 size: 56639488
MIOpen(HIP): Warning [IsEnoughWorkspace] [GetSolutionsFallback AI] Solver <ConvHipImplicitGemmGroupFwdXdlops>, workspace required: 56541184, provided ptr: 0x73e8762dc000 size: 56524800
MIOpen(HIP): Warning [IsEnoughWorkspace] [GetSolutionsFallback AI] Solver <GemmFwdRest>, workspace required: 296755200, provided ptr: 0x73e8762dc000 size: 84815872
MIOpen(HIP): Warning [IsEnoughWorkspace] [GetSolutionsFallback AI] Solver <ConvHipImplicitGemmGroupFwdXdlops>, workspace required: 84791296, provided ptr: 0x73e878b4a000 size: 84787200
MIOpen(HIP): Warning [IsEnoughWorkspace] [GetSolutionsFallback AI] Solver <ConvHipImplicitGemmGroupFwdXdlops>, workspace required: 43719424, provided ptr: 0x73e86a600000 size: 42394624
MIOpen(HIP): Warning [IsEnoughWorkspace] [GetSolutionsFallback AI] Solver <GemmFwdRest>, workspace required: 296755200, provided ptr: 0x73e86a600000 size: 42394624
MIOpen(HIP): Warning [IsEnoughWorkspace] [GetSolutionsFallback AI] Solver <ConvHipImplicitGemmGroupFwdXdlops>, workspace required: 9055232, provided ptr: 0x73e780cc0000 size: 2401280
MIOpen(HIP): Warning [IsEnoughWorkspace] [GetSolutionsFallback AI] Solver <ConvAsmImplicitGemmGTCDynamicFwdXdlopsNHWC>, workspace required: 9055232, provided ptr: 0x73e780cc0000 size: 2401280
MIOpen(HIP): Warning [IsEnoughWorkspace] [GetSolutionsFallback WTI] Solver <ConvAsmImplicitGemmGTCDynamicBwdXdlopsNHWC>, workspace required: 40415232, provided ptr: 0x73e913cc0000 size: 10977280
MIOpen(HIP): Warning [IsEnoughWorkspace] [GetSolutionsFallback WTI] Solver <ConvHipImplicitGemmGroupBwdXdlops>, workspace required: 40415232, provided ptr: 0x73e913cc0000 size: 10977280
MIOpen(HIP): Warning [IsEnoughWorkspace] [GetSolutionsFallback AI] Solver <GemmFwdRest>, workspace required: 38420480, provided ptr: 0x73e86a600000 size: 18317312
MIOpen(HIP): Warning [IsEnoughWorkspace] [GetSolutionsFallback AI] Solver <GemmFwdRest>, workspace required: 96051200, provided ptr: 0x73e86b316000 size: 29278208
MIOpen(HIP): Warning [IsEnoughWorkspace] [GetSolutionsFallback AI] Solver <ConvHipImplicitGemmGroupFwdXdlops>, workspace required: 27705344, provided ptr: 0x73e86c02c000 size: 27443200
MIOpen(HIP): Warning [IsEnoughWorkspace] [GetSolutionsFallback AI] Solver <GemmFwdRest>, workspace required: 192102400, provided ptr: 0x73e872c2c000 size: 55345152
MIOpen(HIP): Warning [IsEnoughWorkspace] [GetSolutionsFallback AI] Solver <ConvHipImplicitGemmGroupFwdXdlops>, workspace required: 54951936, provided ptr: 0x73e874658000 size: 54886400
MIOpen(HIP): Warning [IsEnoughWorkspace] [GetSolutionsFallback WTI] Solver <ConvAsmImplicitGemmGTCDynamicBwdXdlopsNHWC>, workspace required: 55017472, provided ptr: 0x73e872c2c000 size: 54886400
MIOpen(HIP): Warning [IsEnoughWorkspace] [GetSolutionsFallback WTI] Solver <ConvHipImplicitGemmGroupBwdXdlops>, workspace required: 55017472, provided ptr: 0x73e872c2c000 size: 54886400
MIOpen(HIP): Warning [IsEnoughWorkspace] [GetSolutionsFallback AI] Solver <GemmFwdRest>, workspace required: 192102400, provided ptr: 0x73e874658000 size: 55001088
MIOpen(HIP): Warning [IsEnoughWorkspace] [GetSolutionsFallback AI] Solver <ConvHipImplicitGemmGroupFwdXdlops>, workspace required: 54902784, provided ptr: 0x73e876084000 size: 54886400
MIOpen(HIP): Warning [IsEnoughWorkspace] [GetSolutionsFallback AI] Solver <GemmFwdRest>, workspace required: 288153600, provided ptr: 0x73e876084000 size: 82358272
MIOpen(HIP): Warning [IsEnoughWorkspace] [GetSolutionsFallback AI] Solver <ConvHipImplicitGemmGroupFwdXdlops>, workspace required: 82333696, provided ptr: 0x73e8787c6000 size: 82329600
MIOpen(HIP): Warning [IsEnoughWorkspace] [GetSolutionsFallback AI] Solver <ConvHipImplicitGemmGroupFwdXdlops>, workspace required: 42452224, provided ptr: 0x73e86a600000 size: 41165824
MIOpen(HIP): Warning [IsEnoughWorkspace] [GetSolutionsFallback AI] Solver <GemmFwdRest>, workspace required: 288153600, provided ptr: 0x73e86a600000 size: 41165824
[0;36m(APIServer pid=73252)[0;0m [32mINFO[0m [90m10-07 15:27:06[0m [90m[stats.py:902][0m [OmniTiming] req=speech-af12f9160638875b-a0a08d6a total=3.92s engine=3.92s stages=[0:3.92s]
INFO:     127.0.0.1:34026 - "POST /v1/audio/speech HTTP/1.1" 200 OK
[0;36m(APIServer pid=73252)[0;0m [32mINFO[0m [90m10-07 15:27:06[0m [90m[serving_speech.py:2423][0m Diffusion TTS speech request speech-b7a7e494843a9372: voice_clone=False
[0;36m(APIServer pid=73252)[0;0m [32mINFO[0m [90m10-07 15:27:06[0m [90m[serving_speech.py:2471][0m Applied diffusion speech params: seed=42 extra_params={}
[0;36m(APIServer pid=73252)[0;0m [32mINFO[0m [90m10-07 15:27:06[0m [90m[diffusion_engine.py:764][0m [RequestBatch] admission wait done waiting=1 max_batch=8 waited_ms=2.1
MIOpen(HIP): Warning [IsEnoughWorkspace] [GetSolutionsFallback AI] Solver <ConvHipImplicitGemmGroupFwdXdlops>, workspace required: 9085952, provided ptr: 0x73e780cc0000 size: 2444288
MIOpen(HIP): Warning [IsEnoughWorkspace] [GetSolutionsFallback AI] Solver <ConvAsmImplicitGemmGTCDynamicFwdXdlopsNHWC>, workspace required: 9085952, provided ptr: 0x73e780cc0000 size: 2444288
MIOpen(HIP): Warning [IsEnoughWorkspace] [GetSolutionsFallback WTI] Solver <ConvAsmImplicitGemmGTCDynamicBwdXdlopsNHWC>, workspace required: 40538112, provided ptr: 0x73e913cc0000 size: 11173888
MIOpen(HIP): Warning [IsEnoughWorkspace] [GetSolutionsFallback WTI] Solver <ConvHipImplicitGemmGroupBwdXdlops>, workspace required: 40538112, provided ptr: 0x73e913cc0000 size: 11173888
MIOpen(HIP): Warning [IsEnoughWorkspace] [GetSolutionsFallback AI] Solver <GemmFwdRest>, workspace required: 39108608, provided ptr: 0x73e86a600000 size: 18513920
MIOpen(HIP): Warning [IsEnoughWorkspace] [GetSolutionsFallback AI] Solver <GemmFwdRest>, workspace required: 97771520, provided ptr: 0x73e86c0a4000 size: 29769728
MIOpen(HIP): Warning [IsEnoughWorkspace] [GetSolutionsFallback AI] Solver <ConvHipImplicitGemmGroupFwdXdlops>, workspace required: 28196864, provided ptr: 0x73e86cdf6000 size: 27934720
MIOpen(HIP): Warning [IsEnoughWorkspace] [GetSolutionsFallback AI] Solver <GemmFwdRest>, workspace required: 195543040, provided ptr: 0x73e872ca4000 size: 56328192
MIOpen(HIP): Warning [IsEnoughWorkspace] [GetSolutionsFallback AI] Solver <ConvHipImplicitGemmGroupFwdXdlops>, workspace required: 55934976, provided ptr: 0x73e874748000 size: 55869440
MIOpen(HIP): Warning [IsEnoughWorkspace] [GetSolutionsFallback WTI] Solver <ConvAsmImplicitGemmGTCDynamicBwdXdlopsNHWC>, workspace required: 56000512, provided ptr: 0x73e872ca4000 size: 55869440
MIOpen(HIP): Warning [IsEnoughWorkspace] [GetSolutionsFallback WTI] Solver <ConvHipImplicitGemmGroupBwdXdlops>, workspace required: 56000512, provided ptr: 0x73e872ca4000 size: 55869440
MIOpen(HIP): Warning [IsEnoughWorkspace] [GetSolutionsFallback AI] Solver <GemmFwdRest>, workspace required: 195543040, provided ptr: 0x73e874748000 size: 55984128
MIOpen(HIP): Warning [IsEnoughWorkspace] [GetSolutionsFallback AI] Solver <ConvHipImplicitGemmGroupFwdXdlops>, workspace required: 55885824, provided ptr: 0x73e8761ec000 size: 55869440
MIOpen(HIP): Warning [IsEnoughWorkspace] [GetSolutionsFallback AI] Solver <GemmFwdRest>, workspace required: 293314560, provided ptr: 0x73e8761ec000 size: 83832832
MIOpen(HIP): Warning [IsEnoughWorkspace] [GetSolutionsFallback AI] Solver <ConvHipImplicitGemmGroupFwdXdlops>, workspace required: 83808256, provided ptr: 0x73e8789e2000 size: 83804160
MIOpen(HIP): Warning [IsEnoughWorkspace] [GetSolutionsFallback AI] Solver <ConvHipImplicitGemmGroupFwdXdlops>, workspace required: 43212544, provided ptr: 0x73e86a600000 size: 41903104
MIOpen(HIP): Warning [IsEnoughWorkspace] [GetSolutionsFallback AI] Solver <GemmFwdRest>, workspace required: 293314560, provided ptr: 0x73e86a600000 size: 41903104
MIOpen(HIP): Warning [IsEnoughWorkspace] [GetSolutionsFallback AI] Solver <ConvHipImplicitGemmGroupFwdXdlops>, workspace required: 8507392, provided ptr: 0x73e780cc0000 size: 1634304
MIOpen(HIP): Warning [IsEnoughWorkspace] [GetSolutionsFallback AI] Solver <ConvAsmImplicitGemmGTCDynamicFwdXdlopsNHWC>, workspace required: 8507392, provided ptr: 0x73e780cc0000 size: 1634304
MIOpen(HIP): Warning [IsEnoughWorkspace] [GetSolutionsFallback WTI] Solver <ConvAsmImplicitGemmGTCDynamicBwdXdlopsNHWC>, workspace required: 38223872, provided ptr: 0x73e845c00000 size: 7471104
MIOpen(HIP): Warning [IsEnoughWorkspace] [GetSolutionsFallback WTI] Solver <ConvHipImplicitGemmGroupBwdXdlops>, workspace required: 38223872, provided ptr: 0x73e845c00000 size: 7471104
MIOpen(HIP): Warning [IsEnoughWorkspace] [GetSolutionsFallback AI] Solver <GemmFwdRest>, workspace required: 26148864, provided ptr: 0x73e913cc0000 size: 14811136
MIOpen(HIP): Warning [IsEnoughWorkspace] [GetSolutionsFallback AI] Solver <GemmFwdRest>, workspace required: 65372160, provided ptr: 0x73e86a600000 size: 20512768
MIOpen(HIP): Warning [IsEnoughWorkspace] [GetSolutionsFallback AI] Solver <ConvHipImplicitGemmGroupFwdXdlops>, workspace required: 18939904, provided ptr: 0x73e86aee8000 size: 18677760
MIOpen(HIP): Warning [IsEnoughWorkspace] [GetSolutionsFallback AI] Solver <GemmFwdRest>, workspace required: 130744320, provided ptr: 0x73e871200000 size: 37814272
MIOpen(HIP): Warning [IsEnoughWorkspace] [GetSolutionsFallback AI] Solver <ConvHipImplicitGemmGroupFwdXdlops>, workspace required: 37421056, provided ptr: 0x73e871200000 size: 37355520
MIOpen(HIP): Warning [IsEnoughWorkspace] [GetSolutionsFallback WTI] Solver <ConvAsmImplicitGemmGTCDynamicBwdXdlopsNHWC>, workspace required: 37486592, provided ptr: 0x73e86c9a0000 size: 37355520
MIOpen(HIP): Warning [IsEnoughWorkspace] [GetSolutionsFallback WTI] Solver <ConvHipImplicitGemmGroupBwdXdlops>, workspace required: 37486592, provided ptr: 0x73e86c9a0000 size: 37355520
MIOpen(HIP): Warning [IsEnoughWorkspace] [GetSolutionsFallback AI] Solver <GemmFwdRest>, workspace required: 130744320, provided ptr: 0x73e871200000 size: 37470208
MIOpen(HIP): Warning [IsEnoughWorkspace] [GetSolutionsFallback AI] Solver <ConvHipImplicitGemmGroupFwdXdlops>, workspace required: 37371904, provided ptr: 0x73e871200000 size: 37355520
MIOpen(HIP): Warning [IsEnoughWorkspace] [GetSolutionsFallback AI] Solver <GemmFwdRest>, workspace required: 196116480, provided ptr: 0x73e872cb8000 size: 56061952
MIOpen(HIP): Warning [IsEnoughWorkspace] [GetSolutionsFallback AI] Solver <ConvHipImplicitGemmGroupFwdXdlops>, workspace required: 56037376, provided ptr: 0x73e874770000 size: 56033280
MIOpen(HIP): Warning [IsEnoughWorkspace] [GetSolutionsFallback AI] Solver <ConvHipImplicitGemmGroupFwdXdlops>, workspace required: 28893184, provided ptr: 0x73e86c0b8000 size: 28017664
MIOpen(HIP): Warning [IsEnoughWorkspace] [GetSolutionsFallback AI] Solver <GemmFwdRest>, workspace required: 196116480, provided ptr: 0x73e86c0b8000 size: 28017664
MIOpen(HIP): Warning [IsEnoughWorkspace] [GetSolutionsFallback AI] Solver <ConvHipImplicitGemmGroupFwdXdlops>, workspace required: 9290752, provided ptr: 0x73e780cc0000 size: 2731008
MIOpen(HIP): Warning [IsEnoughWorkspace] [GetSolutionsFallback AI] Solver <ConvAsmImplicitGemmGTCDynamicFwdXdlopsNHWC>, workspace required: 9290752, provided ptr: 0x73e780cc0000 size: 2731008
MIOpen(HIP): Warning [IsEnoughWorkspace] [GetSolutionsFallback WTI] Solver <ConvAsmImplicitGemmGTCDynamicBwdXdlopsNHWC>, workspace required: 41357312, provided ptr: 0x73e913cc0000 size: 12484608
MIOpen(HIP): Warning [IsEnoughWorkspace] [GetSolutionsFallback WTI] Solver <ConvHipImplicitGemmGroupBwdXdlops>, workspace required: 41357312, provided ptr: 0x73e913cc0000 size: 12484608
MIOpen(HIP): Warning [IsEnoughWorkspace] [GetSolutionsFallback AI] Solver <GemmFwdRest>, workspace required: 43696128, provided ptr: 0x73e86a600000 size: 19824640
MIOpen(HIP): Warning [IsEnoughWorkspace] [GetSolutionsFallback AI] Solver <GemmFwdRest>, workspace required: 109240320, provided ptr: 0x73e86c3c4000 size: 33046528
MIOpen(HIP): Warning [IsEnoughWorkspace] [GetSolutionsFallback AI] Solver <ConvHipImplicitGemmGroupFwdXdlops>, workspace required: 31473664, provided ptr: 0x73e86d2a6000 size: 31211520
MIOpen(HIP): Warning [IsEnoughWorkspace] [GetSolutionsFallback AI] Solver <GemmFwdRest>, workspace required: 218480640, provided ptr: 0x73e872fc4000 size: 62881792
MIOpen(HIP): Warning [IsEnoughWorkspace] [GetSolutionsFallback AI] Solver <ConvHipImplicitGemmGroupFwdXdlops>, workspace required: 62488576, provided ptr: 0x73e874d88000 size: 62423040
MIOpen(HIP): Warning [IsEnoughWorkspace] [GetSolutionsFallback WTI] Solver <ConvAsmImplicitGemmGTCDynamicBwdXdlopsNHWC>, workspace required: 62554112, provided ptr: 0x73e872fc4000 size: 62423040
MIOpen(HIP): Warning [IsEnoughWorkspace] [GetSolutionsFallback WTI] Solver <ConvHipImplicitGemmGroupBwdXdlops>, workspace required: 62554112, provided ptr: 0x73e872fc4000 size: 62423040
MIOpen(HIP): Warning [IsEnoughWorkspace] [GetSolutionsFallback AI] Solver <GemmFwdRest>, workspace required: 218480640, provided ptr: 0x73e874d88000 size: 62537728
MIOpen(HIP): Warning [IsEnoughWorkspace] [GetSolutionsFallback AI] Solver <ConvHipImplicitGemmGroupFwdXdlops>, workspace required: 62439424, provided ptr: 0x73e876b4c000 size: 62423040
MIOpen(HIP): Warning [IsEnoughWorkspace] [GetSolutionsFallback AI] Solver <GemmFwdRest>, workspace required: 327720960, provided ptr: 0x73e876b4c000 size: 93663232
MIOpen(HIP): Warning [IsEnoughWorkspace] [GetSolutionsFallback AI] Solver <ConvHipImplicitGemmGroupFwdXdlops>, workspace required: 93638656, provided ptr: 0x73e8797f2000 size: 93634560
MIOpen(HIP): Warning [IsEnoughWorkspace] [GetSolutionsFallback AI] Solver <ConvHipImplicitGemmGroupFwdXdlops>, workspace required: 48281344, provided ptr: 0x73e86a600000 size: 46818304
MIOpen(HIP): Warning [IsEnoughWorkspace] [GetSolutionsFallback AI] Solver <GemmFwdRest>, workspace required: 327720960, provided ptr: 0x73e86a600000 size: 46818304
MIOpen(HIP): Warning [IsEnoughWorkspace] [GetSolutionsFallback AI] Solver <ConvHipImplicitGemmGroupFwdXdlops>, workspace required: 8865792, provided ptr: 0x73e780cc0000 size: 2136064
MIOpen(HIP): Warning [IsEnoughWorkspace] [GetSolutionsFallback AI] Solver <ConvAsmImplicitGemmGTCDynamicFwdXdlopsNHWC>, workspace required: 8865792, provided ptr: 0x73e780cc0000 size: 2136064
MIOpen(HIP): Warning [IsEnoughWorkspace] [GetSolutionsFallback WTI] Solver <ConvAsmImplicitGemmGTCDynamicBwdXdlopsNHWC>, workspace required: 39657472, provided ptr: 0x73e845c00000 size: 9764864
MIOpen(HIP): Warning [IsEnoughWorkspace] [GetSolutionsFallback WTI] Solver <ConvHipImplicitGemmGroupBwdXdlops>, workspace required: 39657472, provided ptr: 0x73e845c00000 size: 9764864
MIOpen(HIP): Warning [IsEnoughWorkspace] [GetSolutionsFallback AI] Solver <GemmFwdRest>, workspace required: 34177024, provided ptr: 0x73e913cc0000 size: 17104896
MIOpen(HIP): Warning [IsEnoughWorkspace] [GetSolutionsFallback AI] Solver <GemmFwdRest>, workspace required: 85442560, provided ptr: 0x73e86bd48000 size: 26247168
MIOpen(HIP): Warning [IsEnoughWorkspace] [GetSolutionsFallback AI] Solver <ConvHipImplicitGemmGroupFwdXdlops>, workspace required: 24674304, provided ptr: 0x73e86c8ec000 size: 24412160
MIOpen(HIP): Warning [IsEnoughWorkspace] [GetSolutionsFallback AI] Solver <GemmFwdRest>, workspace required: 170885120, provided ptr: 0x73e872948000 size: 49283072
MIOpen(HIP): Warning [IsEnoughWorkspace] [GetSolutionsFallback AI] Solver <ConvHipImplicitGemmGroupFwdXdlops>, workspace required: 48889856, provided ptr: 0x73e874090000 size: 48824320
MIOpen(HIP): Warning [IsEnoughWorkspace] [GetSolutionsFallback WTI] Solver <ConvAsmImplicitGemmGTCDynamicBwdXdlopsNHWC>, workspace required: 48955392, provided ptr: 0x73e872948000 size: 48824320
MIOpen(HIP): Warning [IsEnoughWorkspace] [GetSolutionsFallback WTI] Solver <ConvHipImplicitGemmGroupBwdXdlops>, workspace required: 48955392, provided ptr: 0x73e872948000 size: 48824320
MIOpen(HIP): Warning [IsEnoughWorkspace] [GetSolutionsFallback AI] Solver <GemmFwdRest>, workspace required: 170885120, provided ptr: 0x73e872948000 size: 48939008
MIOpen(HIP): Warning [IsEnoughWorkspace] [GetSolutionsFallback AI] Solver <ConvHipImplicitGemmGroupFwdXdlops>, workspace required: 48840704, provided ptr: 0x73e874090000 size: 48824320
MIOpen(HIP): Warning [IsEnoughWorkspace] [GetSolutionsFallback AI] Solver <GemmFwdRest>, workspace required: 256327680, provided ptr: 0x73e8757d8000 size: 73265152
MIOpen(HIP): Warning [IsEnoughWorkspace] [GetSolutionsFallback AI] Solver <ConvHipImplicitGemmGroupFwdXdlops>, workspace required: 73240576, provided ptr: 0x73e877ac4000 size: 73236480
MIOpen(HIP): Warning [IsEnoughWorkspace] [GetSolutionsFallback AI] Solver <ConvHipImplicitGemmGroupFwdXdlops>, workspace required: 37763584, provided ptr: 0x73e86a600000 size: 36619264
MIOpen(HIP): Warning [IsEnoughWorkspace] [GetSolutionsFallback AI] Solver <GemmFwdRest>, workspace required: 256327680, provided ptr: 0x73e86a600000 size: 36619264
MIOpen(HIP): Warning [IsEnoughWorkspace] [GetSolutionsFallback AI] Solver <ConvHipImplicitGemmGroupFwdXdlops>, workspace required: 8993792, provided ptr: 0x73e780cc0000 size: 2315264
MIOpen(HIP): Warning [IsEnoughWorkspace] [GetSolutionsFallback AI] Solver <ConvAsmImplicitGemmGTCDynamicFwdXdlopsNHWC>, workspace required: 8993792, provided ptr: 0x73e780cc0000 size: 2315264
MIOpen(HIP): Warning [IsEnoughWorkspace] [GetSolutionsFallback WTI] Solver <ConvAsmImplicitGemmGTCDynamicBwdXdlopsNHWC>, workspace required: 40169472, provided ptr: 0x73e913cc0000 size: 10584064
MIOpen(HIP): Warning [IsEnoughWorkspace] [GetSolutionsFallback WTI] Solver <ConvHipImplicitGemmGroupBwdXdlops>, workspace required: 40169472, provided ptr: 0x73e913cc0000 size: 10584064
MIOpen(HIP): Warning [IsEnoughWorkspace] [GetSolutionsFallback AI] Solver <GemmFwdRest>, workspace required: 37044224, provided ptr: 0x73e86a600000 size: 17924096
MIOpen(HIP): Warning [IsEnoughWorkspace] [GetSolutionsFallback AI] Solver <GemmFwdRest>, workspace required: 92610560, provided ptr: 0x73e86b29e000 size: 28295168
MIOpen(HIP): Warning [IsEnoughWorkspace] [GetSolutionsFallback AI] Solver <ConvHipImplicitGemmGroupFwdXdlops>, workspace required: 26722304, provided ptr: 0x73e86bf3c000 size: 26460160
MIOpen(HIP): Warning [IsEnoughWorkspace] [GetSolutionsFallback AI] Solver <GemmFwdRest>, workspace required: 185221120, provided ptr: 0x73e872b3c000 size: 53379072
MIOpen(HIP): Warning [IsEnoughWorkspace] [GetSolutionsFallback AI] Solver <ConvHipImplicitGemmGroupFwdXdlops>, workspace required: 52985856, provided ptr: 0x73e874478000 size: 52920320
MIOpen(HIP): Warning [IsEnoughWorkspace] [GetSolutionsFallback WTI] Solver <ConvAsmImplicitGemmGTCDynamicBwdXdlopsNHWC>, workspace required: 53051392, provided ptr: 0x73e872b3c000 size: 52920320
MIOpen(HIP): Warning [IsEnoughWorkspace] [GetSolutionsFallback WTI] Solver <ConvHipImplicitGemmGroupBwdXdlops>, workspace required: 53051392, provided ptr: 0x73e872b3c000 size: 52920320
MIOpen(HIP): Warning [IsEnoughWorkspace] [GetSolutionsFallback AI] Solver <GemmFwdRest>, workspace required: 185221120, provided ptr: 0x73e872b3c000 size: 53035008
MIOpen(HIP): Warning [IsEnoughWorkspace] [GetSolutionsFallback AI] Solver <ConvHipImplicitGemmGroupFwdXdlops>, workspace required: 52936704, provided ptr: 0x73e874478000 size: 52920320
MIOpen(HIP): Warning [IsEnoughWorkspace] [GetSolutionsFallback AI] Solver <GemmFwdRest>, workspace required: 277831680, provided ptr: 0x73e875db4000 size: 79409152
MIOpen(HIP): Warning [IsEnoughWorkspace] [GetSolutionsFallback AI] Solver <ConvHipImplicitGemmGroupFwdXdlops>, workspace required: 79384576, provided ptr: 0x73e87838e000 size: 79380480
MIOpen(HIP): Warning [IsEnoughWorkspace] [GetSolutionsFallback AI] Solver <ConvHipImplicitGemmGroupFwdXdlops>, workspace required: 40931584, provided ptr: 0x73e86a600000 size: 39691264
MIOpen(HIP): Warning [IsEnoughWorkspace] [GetSolutionsFallback AI] Solver <GemmFwdRest>, workspace required: 277831680, provided ptr: 0x73e86a600000 size: 39691264
MIOpen(HIP): Warning [IsEnoughWorkspace] [GetSolutionsFallback AI] Solver <ConvHipImplicitGemmGroupFwdXdlops>, workspace required: 8353792, provided ptr: 0x73e781c80000 size: 1419264
MIOpen(HIP): Warning [IsEnoughWorkspace] [GetSolutionsFallback AI] Solver <ConvAsmImplicitGemmGTCDynamicFwdXdlopsNHWC>, workspace required: 8353792, provided ptr: 0x73e781c80000 size: 1419264
MIOpen(HIP): Warning [IsEnoughWorkspace] [GetSolutionsFallback WTI] Solver <ConvAsmImplicitGemmGTCDynamicBwdXdlopsNHWC>, workspace required: 37609472, provided ptr: 0x73e845c00000 size: 6488064
MIOpen(HIP): Warning [IsEnoughWorkspace] [GetSolutionsFallback WTI] Solver <ConvHipImplicitGemmGroupBwdXdlops>, workspace required: 37609472, provided ptr: 0x73e845c00000 size: 6488064
MIOpen(HIP): Warning [IsEnoughWorkspace] [GetSolutionsFallback AI] Solver <GemmFwdRest>, workspace required: 22708224, provided ptr: 0x73e913cc0000 size: 13828096
MIOpen(HIP): Warning [IsEnoughWorkspace] [GetSolutionsFallback WTI] Solver <ConvAsmImplicitGemmGTCDynamicBwdXdlopsNHWC>, workspace required: 16596992, provided ptr: 0x73e913cc0000 size: 16220160
MIOpen(HIP): Warning [IsEnoughWorkspace] [GetSolutionsFallback WTI] Solver <ConvHipImplicitGemmGroupBwdXdlops>, workspace required: 16596992, provided ptr: 0x73e913cc0000 size: 16220160
MIOpen(HIP): Warning [IsEnoughWorkspace] [GetSolutionsFallback AI] Solver <GemmFwdRest>, workspace required: 56770560, provided ptr: 0x73e86a600000 size: 18055168
MIOpen(HIP): Warning [IsEnoughWorkspace] [GetSolutionsFallback AI] Solver <ConvAsmImplicitGemmGTCDynamicFwdXdlopsNHWC>, workspace required: 16220160, provided ptr: 0 size: 0
MIOpen(HIP): Warning [IsEnoughWorkspace] [GetSolutionsFallback AI] Solver <ConvHipImplicitGemmGroupFwdXdlops>, workspace required: 16482304, provided ptr: 0 size: 0
MIOpen(HIP): Warning [IsEnoughWorkspace] [GetSolutionsFallback AI] Solver <GemmFwdRest>, workspace required: 113541120, provided ptr: 0x73e871200000 size: 32899072
MIOpen(HIP): Warning [IsEnoughWorkspace] [GetSolutionsFallback AI] Solver <ConvHipImplicitGemmGroupFwdXdlops>, workspace required: 32505856, provided ptr: 0x73e871200000 size: 32440320
MIOpen(HIP): Warning [IsEnoughWorkspace] [GetSolutionsFallback WTI] Solver <ConvAsmImplicitGemmGTCDynamicBwdXdlopsNHWC>, workspace required: 32571392, provided ptr: 0x73e86c4f0000 size: 32440320
MIOpen(HIP): Warning [IsEnoughWorkspace] [GetSolutionsFallback WTI] Solver <ConvHipImplicitGemmGroupBwdXdlops>, workspace required: 32571392, provided ptr: 0x73e86c4f0000 size: 32440320
MIOpen(HIP): Warning [IsEnoughWorkspace] [GetSolutionsFallback AI] Solver <GemmFwdRest>, workspace required: 113541120, provided ptr: 0x73e871200000 size: 32555008
MIOpen(HIP): Warning [IsEnoughWorkspace] [GetSolutionsFallback AI] Solver <ConvHipImplicitGemmGroupFwdXdlops>, workspace required: 32456704, provided ptr: 0x73e871200000 size: 32440320
MIOpen(HIP): Warning [IsEnoughWorkspace] [GetSolutionsFallback AI] Solver <GemmFwdRest>, workspace required: 170311680, provided ptr: 0x73e872934000 size: 48689152
MIOpen(HIP): Warning [IsEnoughWorkspace] [GetSolutionsFallback AI] Solver <ConvHipImplicitGemmGroupFwdXdlops>, workspace required: 48664576, provided ptr: 0x73e874068000 size: 48660480
MIOpen(HIP): Warning [IsEnoughWorkspace] [GetSolutionsFallback AI] Solver <ConvHipImplicitGemmGroupFwdXdlops>, workspace required: 25091584, provided ptr: 0x73e86bd34000 size: 24331264
MIOpen(HIP): Warning [IsEnoughWorkspace] [GetSolutionsFallback AI] Solver <GemmFwdRest>, workspace required: 170311680, provided ptr: 0x73e86bd34000 size: 24331264
[0;36m(APIServer pid=73252)[0;0m [32mINFO[0m [90m10-07 15:27:13[0m [90m[stats.py:902][0m [OmniTiming] req=speech-b7a7e494843a9372-b8cea1e7 total=6.64s engine=6.64s stages=[0:6.64s]
INFO:     127.0.0.1:34026 - "POST /v1/audio/speech HTTP/1.1" 200 OK
[0;36m(APIServer pid=73252)[0;0m [32mINFO[0m [90m10-07 15:27:13[0m [90m[serving_speech.py:2423][0m Diffusion TTS speech request speech-bbb8c959c779bcd6: voice_clone=False
[0;36m(APIServer pid=73252)[0;0m [32mINFO[0m [90m10-07 15:27:13[0m [90m[serving_speech.py:2471][0m Applied diffusion speech params: seed=42 extra_params={}
[0;36m(APIServer pid=73252)[0;0m [32mINFO[0m [90m10-07 15:27:13[0m [90m[diffusion_engine.py:764][0m [RequestBatch] admission wait done waiting=1 max_batch=8 waited_ms=2.1
MIOpen(HIP): Warning [IsEnoughWorkspace] [GetSolutionsFallback AI] Solver <ConvAsmImplicitGemmGTCDynamicFwdXdlopsNHWC>, workspace required: 7724032, provided ptr: 0x73e8a1b55000 size: 537600
MIOpen(HIP): Warning [IsEnoughWorkspace] [GetSolutionsFallback AI] Solver <ConvHipImplicitGemmGroupFwdXdlops>, workspace required: 7724032, provided ptr: 0x73e8a1b55000 size: 537600
MIOpen(HIP): Warning [IsEnoughWorkspace] [GetSolutionsFallback WTI] Solver <ConvAsmImplicitGemmGTCDynamicBwdXdlopsNHWC>, workspace required: 35090432, provided ptr: 0x73e780cc0000 size: 2457600
MIOpen(HIP): Warning [IsEnoughWorkspace] [GetSolutionsFallback WTI] Solver <ConvHipImplicitGemmGroupBwdXdlops>, workspace required: 35090432, provided ptr: 0x73e780cc0000 size: 2457600
MIOpen(HIP): Warning [IsEnoughWorkspace] [GetSolutionsFallback AI] Solver <ConvAsmImplicitGemmGTCDynamicFwdXdlopsNHWC>, workspace required: 9797632, provided ptr: 0x73e845c00000 size: 8601600
MIOpen(HIP): Warning [IsEnoughWorkspace] [GetSolutionsFallback AI] Solver <ConvHipImplicitGemmGroupFwdXdlops>, workspace required: 9797632, provided ptr: 0x73e845c00000 size: 8601600
MIOpen(HIP): Warning [IsEnoughWorkspace] [GetSolutionsFallback AI] Solver <ConvHipImplicitGemmGroupFwdXdlops>, workspace required: 3506176, provided ptr: 0 size: 0
MIOpen(HIP): Warning [IsEnoughWorkspace] [GetSolutionsFallback AI] Solver <ConvAsmImplicitGemmGTCDynamicFwdXdlopsNHWC>, workspace required: 2457600, provided ptr: 0 size: 0
MIOpen(HIP): Warning [IsEnoughWorkspace] [GetSolutionsFallback WTI] Solver <ConvAsmImplicitGemmGTCDynamicFwdXdlopsNHWC>, workspace required: 9797632, provided ptr: 0x73e845c00000 size: 8601600
MIOpen(HIP): Warning [IsEnoughWorkspace] [GetSolutionsFallback WTI] Solver <ConvHipImplicitGemmGroupFwdXdlops>, workspace required: 9797632, provided ptr: 0x73e845c00000 size: 8601600
MIOpen(HIP): Warning [IsEnoughWorkspace] [GetSolutionsFallback WTI] Solver <ConvAsmImplicitGemmGTCDynamicFwdXdlopsNHWC>, workspace required: 9797632, provided ptr: 0x73e845c00000 size: 8601600
MIOpen(HIP): Warning [IsEnoughWorkspace] [GetSolutionsFallback WTI] Solver <ConvHipImplicitGemmGroupFwdXdlops>, workspace required: 9797632, provided ptr: 0x73e845c00000 size: 8601600
MIOpen(HIP): Warning [IsEnoughWorkspace] [GetSolutionsFallback WTI] Solver <ConvAsmImplicitGemmGTCDynamicBwdXdlopsNHWC>, workspace required: 9543680, provided ptr: 0x73e845c00000 size: 6144000
MIOpen(HIP): Warning [IsEnoughWorkspace] [GetSolutionsFallback WTI] Solver <ConvHipImplicitGemmGroupBwdXdlops>, workspace required: 9543680, provided ptr: 0x73e845c00000 size: 6144000
MIOpen(HIP): Warning [IsEnoughWorkspace] [GetSolutionsFallback AI] Solver <GemmFwdRest>, workspace required: 21504000, provided ptr: 0x73e8461dc000 size: 7979008
MIOpen(HIP): Warning [IsEnoughWorkspace] [GetSolutionsFallback AI] Solver <GemmFwdRest>, workspace required: 43008000, provided ptr: 0x73e86a600000 size: 12746752
MIOpen(HIP): Warning [IsEnoughWorkspace] [GetSolutionsFallback AI] Solver <ConvHipImplicitGemmGroupFwdXdlops>, workspace required: 12353536, provided ptr: 0x73e86a600000 size: 12288000
MIOpen(HIP): Warning [IsEnoughWorkspace] [GetSolutionsFallback WTI] Solver <ConvAsmImplicitGemmGTCDynamicBwdXdlopsNHWC>, workspace required: 12419072, provided ptr: 0x73e91429c000 size: 12288000
MIOpen(HIP): Warning [IsEnoughWorkspace] [GetSolutionsFallback WTI] Solver <ConvHipImplicitGemmGroupBwdXdlops>, workspace required: 12419072, provided ptr: 0x73e91429c000 size: 12288000
MIOpen(HIP): Warning [IsEnoughWorkspace] [GetSolutionsFallback AI] Solver <GemmFwdRest>, workspace required: 43008000, provided ptr: 0x73e86a600000 size: 12402688
MIOpen(HIP): Warning [IsEnoughWorkspace] [GetSolutionsFallback AI] Solver <ConvHipImplicitGemmGroupFwdXdlops>, workspace required: 12304384, provided ptr: 0x73e86a600000 size: 12288000
MIOpen(HIP): Warning [IsEnoughWorkspace] [GetSolutionsFallback AI] Solver <GemmFwdRest>, workspace required: 64512000, provided ptr: 0x73e86aeca000 size: 18460672
MIOpen(HIP): Warning [IsEnoughWorkspace] [GetSolutionsFallback AI] Solver <ConvHipImplicitGemmGroupFwdXdlops>, workspace required: 18436096, provided ptr: 0x73e86b794000 size: 18432000
MIOpen(HIP): Warning [IsEnoughWorkspace] [GetSolutionsFallback AI] Solver <ConvHipImplicitGemmGroupFwdXdlops>, workspace required: 9505024, provided ptr: 0x73e845c00000 size: 9217024
MIOpen(HIP): Warning [IsEnoughWorkspace] [GetSolutionsFallback AI] Solver <GemmFwdRest>, workspace required: 64512000, provided ptr: 0x73e845c00000 size: 9217024
MIOpen(HIP): Warning [IsEnoughWorkspace] [GetSolutionsFallback AI] Solver <ConvHipImplicitGemmGroupFwdXdlops>, workspace required: 9004032, provided ptr: 0x73e780cc0000 size: 2329600
MIOpen(HIP): Warning [IsEnoughWorkspace] [GetSolutionsFallback AI] Solver <ConvAsmImplicitGemmGTCDynamicFwdXdlopsNHWC>, workspace required: 9004032, provided ptr: 0x73e780cc0000 size: 2329600
MIOpen(HIP): Warning [IsEnoughWorkspace] [GetSolutionsFallback WTI] Solver <ConvAsmImplicitGemmGTCDynamicBwdXdlopsNHWC>, workspace required: 40210432, provided ptr: 0x73e913cc0000 size: 10649600
MIOpen(HIP): Warning [IsEnoughWorkspace] [GetSolutionsFallback WTI] Solver <ConvHipImplicitGemmGroupBwdXdlops>, workspace required: 40210432, provided ptr: 0x73e913cc0000 size: 10649600
MIOpen(HIP): Warning [IsEnoughWorkspace] [GetSolutionsFallback AI] Solver <GemmFwdRest>, workspace required: 37273600, provided ptr: 0x73e86a600000 size: 17989632
MIOpen(HIP): Warning [IsEnoughWorkspace] [GetSolutionsFallback AI] Solver <GemmFwdRest>, workspace required: 93184000, provided ptr: 0x73e86b2b2000 size: 28459008
MIOpen(HIP): Warning [IsEnoughWorkspace] [GetSolutionsFallback AI] Solver <ConvHipImplicitGemmGroupFwdXdlops>, workspace required: 26886144, provided ptr: 0x73e86bf64000 size: 26624000
MIOpen(HIP): Warning [IsEnoughWorkspace] [GetSolutionsFallback AI] Solver <GemmFwdRest>, workspace required: 186368000, provided ptr: 0x73e872b64000 size: 53706752
MIOpen(HIP): Warning [IsEnoughWorkspace] [GetSolutionsFallback AI] Solver <ConvHipImplicitGemmGroupFwdXdlops>, workspace required: 53313536, provided ptr: 0x73e8744c8000 size: 53248000
MIOpen(HIP): Warning [IsEnoughWorkspace] [GetSolutionsFallback WTI] Solver <ConvAsmImplicitGemmGTCDynamicBwdXdlopsNHWC>, workspace required: 53379072, provided ptr: 0x73e872b64000 size: 53248000
MIOpen(HIP): Warning [IsEnoughWorkspace] [GetSolutionsFallback WTI] Solver <ConvHipImplicitGemmGroupBwdXdlops>, workspace required: 53379072, provided ptr: 0x73e872b64000 size: 53248000
MIOpen(HIP): Warning [IsEnoughWorkspace] [GetSolutionsFallback AI] Solver <GemmFwdRest>, workspace required: 186368000, provided ptr: 0x73e8744c8000 size: 53362688
MIOpen(HIP): Warning [IsEnoughWorkspace] [GetSolutionsFallback AI] Solver <ConvHipImplicitGemmGroupFwdXdlops>, workspace required: 53264384, provided ptr: 0x73e875e2c000 size: 53248000
MIOpen(HIP): Warning [IsEnoughWorkspace] [GetSolutionsFallback AI] Solver <GemmFwdRest>, workspace required: 279552000, provided ptr: 0x73e875e2c000 size: 79900672
MIOpen(HIP): Warning [IsEnoughWorkspace] [GetSolutionsFallback AI] Solver <ConvHipImplicitGemmGroupFwdXdlops>, workspace required: 79876096, provided ptr: 0x73e878442000 size: 79872000
MIOpen(HIP): Warning [IsEnoughWorkspace] [GetSolutionsFallback AI] Solver <ConvHipImplicitGemmGroupFwdXdlops>, workspace required: 41185024, provided ptr: 0x73e86a600000 size: 39937024
MIOpen(HIP): Warning [IsEnoughWorkspace] [GetSolutionsFallback AI] Solver <GemmFwdRest>, workspace required: 279552000, provided ptr: 0x73e86a600000 size: 39937024
MIOpen(HIP): Warning [IsEnoughWorkspace] [GetSolutionsFallback AI] Solver <ConvHipImplicitGemmGroupFwdXdlops>, workspace required: 9362432, provided ptr: 0x73e784400000 size: 2831360
MIOpen(HIP): Warning [IsEnoughWorkspace] [GetSolutionsFallback AI] Solver <ConvAsmImplicitGemmGTCDynamicFwdXdlopsNHWC>, workspace required: 9362432, provided ptr: 0x73e784400000 size: 2831360
MIOpen(HIP): Warning [IsEnoughWorkspace] [GetSolutionsFallback WTI] Solver <ConvAsmImplicitGemmGTCDynamicBwdXdlopsNHWC>, workspace required: 41644032, provided ptr: 0x73e913cc0000 size: 12943360
MIOpen(HIP): Warning [IsEnoughWorkspace] [GetSolutionsFallback WTI] Solver <ConvHipImplicitGemmGroupBwdXdlops>, workspace required: 41644032, provided ptr: 0x73e913cc0000 size: 12943360
MIOpen(HIP): Warning [IsEnoughWorkspace] [GetSolutionsFallback AI] Solver <GemmFwdRest>, workspace required: 45301760, provided ptr: 0x73e86a600000 size: 20283392
MIOpen(HIP): Warning [IsEnoughWorkspace] [GetSolutionsFallback AI] Solver <GemmFwdRest>, workspace required: 113254400, provided ptr: 0x73e86c4dc000 size: 34193408
MIOpen(HIP): Warning [IsEnoughWorkspace] [GetSolutionsFallback AI] Solver <ConvHipImplicitGemmGroupFwdXdlops>, workspace required: 32620544, provided ptr: 0x73e871200000 size: 32358400
MIOpen(HIP): Warning [IsEnoughWorkspace] [GetSolutionsFallback AI] Solver <GemmFwdRest>, workspace required: 226508800, provided ptr: 0x73e874fb8000 size: 65175552
MIOpen(HIP): Warning [IsEnoughWorkspace] [GetSolutionsFallback AI] Solver <ConvHipImplicitGemmGroupFwdXdlops>, workspace required: 64782336, provided ptr: 0x73e876e94000 size: 64716800
MIOpen(HIP): Warning [IsEnoughWorkspace] [GetSolutionsFallback WTI] Solver <ConvAsmImplicitGemmGTCDynamicBwdXdlopsNHWC>, workspace required: 64847872, provided ptr: 0x73e8730dc000 size: 64716800
MIOpen(HIP): Warning [IsEnoughWorkspace] [GetSolutionsFallback WTI] Solver <ConvHipImplicitGemmGroupBwdXdlops>, workspace required: 64847872, provided ptr: 0x73e8730dc000 size: 64716800
MIOpen(HIP): Warning [IsEnoughWorkspace] [GetSolutionsFallback AI] Solver <GemmFwdRest>, workspace required: 226508800, provided ptr: 0x73e874fb8000 size: 64831488
MIOpen(HIP): Warning [IsEnoughWorkspace] [GetSolutionsFallback AI] Solver <ConvHipImplicitGemmGroupFwdXdlops>, workspace required: 64733184, provided ptr: 0x73e876e94000 size: 64716800
MIOpen(HIP): Warning [IsEnoughWorkspace] [GetSolutionsFallback AI] Solver <GemmFwdRest>, workspace required: 339763200, provided ptr: 0x73e879cde000 size: 97103872
MIOpen(HIP): Warning [IsEnoughWorkspace] [GetSolutionsFallback AI] Solver <ConvHipImplicitGemmGroupFwdXdlops>, workspace required: 97079296, provided ptr: 0x73e87cb28000 size: 97075200
MIOpen(HIP): Warning [IsEnoughWorkspace] [GetSolutionsFallback AI] Solver <ConvHipImplicitGemmGroupFwdXdlops>, workspace required: 50055424, provided ptr: 0x73e86a600000 size: 48538624
MIOpen(HIP): Warning [IsEnoughWorkspace] [GetSolutionsFallback AI] Solver <GemmFwdRest>, workspace required: 339763200, provided ptr: 0x73e86a600000 size: 48538624
MIOpen(HIP): Warning [IsEnoughWorkspace] [GetSolutionsFallback AI] Solver <ConvAsmImplicitGemmGTCDynamicFwdXdlopsNHWC>, workspace required: 7519232, provided ptr: 0x73e8a1b0a000 size: 250880
MIOpen(HIP): Warning [IsEnoughWorkspace] [GetSolutionsFallback AI] Solver <ConvHipImplicitGemmGroupFwdXdlops>, workspace required: 7519232, provided ptr: 0x73e8a1b0a000 size: 250880
MIOpen(HIP): Warning [IsEnoughWorkspace] [GetSolutionsFallback WTI] Solver <ConvAsmImplicitGemmGTCDynamicBwdXdlopsNHWC>, workspace required: 34271232, provided ptr: 0x73e781c80000 size: 1146880
MIOpen(HIP): Warning [IsEnoughWorkspace] [GetSolutionsFallback WTI] Solver <ConvHipImplicitGemmGroupBwdXdlops>, workspace required: 34271232, provided ptr: 0x73e781c80000 size: 1146880
MIOpen(HIP): Warning [IsEnoughWorkspace] [GetSolutionsFallback AI] Solver <ConvHipImplicitGemmGroupFwdXdlops>, workspace required: 2195456, provided ptr: 0 size: 0
MIOpen(HIP): Warning [IsEnoughWorkspace] [GetSolutionsFallback AI] Solver <ConvAsmImplicitGemmGTCDynamicFwdXdlopsNHWC>, workspace required: 1146880, provided ptr: 0 size: 0
MIOpen(HIP): Warning [IsEnoughWorkspace] [GetSolutionsFallback WTI] Solver <ConvAsmImplicitGemmGTCDynamicFwdXdlopsNHWC>, workspace required: 8486912, provided ptr: 0x73e784400000 size: 4014080
MIOpen(HIP): Warning [IsEnoughWorkspace] [GetSolutionsFallback WTI] Solver <ConvHipImplicitGemmGroupFwdXdlops>, workspace required: 8486912, provided ptr: 0x73e784400000 size: 4014080
MIOpen(HIP): Warning [IsEnoughWorkspace] [GetSolutionsFallback WTI] Solver <ConvAsmImplicitGemmGTCDynamicFwdXdlopsNHWC>, workspace required: 8486912, provided ptr: 0x73e784400000 size: 4014080
MIOpen(HIP): Warning [IsEnoughWorkspace] [GetSolutionsFallback WTI] Solver <ConvHipImplicitGemmGroupFwdXdlops>, workspace required: 8486912, provided ptr: 0x73e784400000 size: 4014080
MIOpen(HIP): Warning [IsEnoughWorkspace] [GetSolutionsFallback WTI] Solver <ConvAsmImplicitGemmGTCDynamicBwdXdlopsNHWC>, workspace required: 7249920, provided ptr: 0x73e780cc0000 size: 2867200
MIOpen(HIP): Warning [IsEnoughWorkspace] [GetSolutionsFallback WTI] Solver <ConvHipImplicitGemmGroupBwdXdlops>, workspace required: 7249920, provided ptr: 0x73e780cc0000 size: 2867200
MIOpen(HIP): Warning [IsEnoughWorkspace] [GetSolutionsFallback AI] Solver <GemmFwdRest>, workspace required: 10035200, provided ptr: 0x73e784400000 size: 4702208
MIOpen(HIP): Warning [IsEnoughWorkspace] [GetSolutionsFallback AI] Solver <GemmFwdRest>, workspace required: 20070400, provided ptr: 0x73e846178000 size: 6193152
MIOpen(HIP): Warning [IsEnoughWorkspace] [GetSolutionsFallback AI] Solver <ConvAsmImplicitGemmGTCDynamicFwdXdlopsNHWC>, workspace required: 5734400, provided ptr: 0 size: 0
MIOpen(HIP): Warning [IsEnoughWorkspace] [GetSolutionsFallback AI] Solver <ConvHipImplicitGemmGroupFwdXdlops>, workspace required: 5799936, provided ptr: 0 size: 0
MIOpen(HIP): Warning [IsEnoughWorkspace] [GetSolutionsFallback WTI] Solver <ConvAsmImplicitGemmGTCDynamicBwdXdlopsNHWC>, workspace required: 5865472, provided ptr: 0x73e845ebc000 size: 5734400
MIOpen(HIP): Warning [IsEnoughWorkspace] [GetSolutionsFallback WTI] Solver <ConvHipImplicitGemmGroupBwdXdlops>, workspace required: 5865472, provided ptr: 0x73e845ebc000 size: 5734400
MIOpen(HIP): Warning [IsEnoughWorkspace] [GetSolutionsFallback AI] Solver <GemmFwdRest>, workspace required: 20070400, provided ptr: 0x73e846178000 size: 5849088
MIOpen(HIP): Warning [IsEnoughWorkspace] [GetSolutionsFallback AI] Solver <ConvHipImplicitGemmGroupFwdXdlops>, workspace required: 5750784, provided ptr: 0x73e846434000 size: 5734400
MIOpen(HIP): Warning [IsEnoughWorkspace] [GetSolutionsFallback AI] Solver <GemmFwdRest>, workspace required: 30105600, provided ptr: 0x73e913cc0000 size: 8630272
MIOpen(HIP): Warning [IsEnoughWorkspace] [GetSolutionsFallback AI] Solver <ConvHipImplicitGemmGroupFwdXdlops>, workspace required: 8605696, provided ptr: 0x73e9140da000 size: 8601600
MIOpen(HIP): Warning [IsEnoughWorkspace] [GetSolutionsFallback AI] Solver <ConvHipImplicitGemmGroupFwdXdlops>, workspace required: 4436224, provided ptr: 0x73e784400000 size: 4301824
MIOpen(HIP): Warning [IsEnoughWorkspace] [GetSolutionsFallback AI] Solver <GemmFwdRest>, workspace required: 30105600, provided ptr: 0x73e784400000 size: 4301824
MIOpen(HIP): Warning [IsEnoughWorkspace] [GetSolutionsFallback AI] Solver <ConvHipImplicitGemmGroupFwdXdlops>, workspace required: 9229312, provided ptr: 0x73e780cc0000 size: 2644992
MIOpen(HIP): Warning [IsEnoughWorkspace] [GetSolutionsFallback AI] Solver <ConvAsmImplicitGemmGTCDynamicFwdXdlopsNHWC>, workspace required: 9229312, provided ptr: 0x73e780cc0000 size: 2644992
MIOpen(HIP): Warning [IsEnoughWorkspace] [GetSolutionsFallback WTI] Solver <ConvAsmImplicitGemmGTCDynamicBwdXdlopsNHWC>, workspace required: 41111552, provided ptr: 0x73e913cc0000 size: 12091392
MIOpen(HIP): Warning [IsEnoughWorkspace] [GetSolutionsFallback WTI] Solver <ConvHipImplicitGemmGroupBwdXdlops>, workspace required: 41111552, provided ptr: 0x73e913cc0000 size: 12091392
MIOpen(HIP): Warning [IsEnoughWorkspace] [GetSolutionsFallback AI] Solver <GemmFwdRest>, workspace required: 42319872, provided ptr: 0x73e86a600000 size: 19431424
MIOpen(HIP): Warning [IsEnoughWorkspace] [GetSolutionsFallback AI] Solver <GemmFwdRest>, workspace required: 105799680, provided ptr: 0x73e86c2d4000 size: 32063488
MIOpen(HIP): Warning [IsEnoughWorkspace] [GetSolutionsFallback AI] Solver <ConvHipImplicitGemmGroupFwdXdlops>, workspace required: 30490624, provided ptr: 0x73e86d13e000 size: 30228480
MIOpen(HIP): Warning [IsEnoughWorkspace] [GetSolutionsFallback AI] Solver <GemmFwdRest>, workspace required: 211599360, provided ptr: 0x73e872ed4000 size: 60915712
MIOpen(HIP): Warning [IsEnoughWorkspace] [GetSolutionsFallback AI] Solver <ConvHipImplicitGemmGroupFwdXdlops>, workspace required: 60522496, provided ptr: 0x73e874ba8000 size: 60456960
MIOpen(HIP): Warning [IsEnoughWorkspace] [GetSolutionsFallback WTI] Solver <ConvAsmImplicitGemmGTCDynamicBwdXdlopsNHWC>, workspace required: 60588032, provided ptr: 0x73e872ed4000 size: 60456960
MIOpen(HIP): Warning [IsEnoughWorkspace] [GetSolutionsFallback WTI] Solver <ConvHipImplicitGemmGroupBwdXdlops>, workspace required: 60588032, provided ptr: 0x73e872ed4000 size: 60456960
MIOpen(HIP): Warning [IsEnoughWorkspace] [GetSolutionsFallback AI] Solver <GemmFwdRest>, workspace required: 211599360, provided ptr: 0x73e874ba8000 size: 60571648
MIOpen(HIP): Warning [IsEnoughWorkspace] [GetSolutionsFallback AI] Solver <ConvHipImplicitGemmGroupFwdXdlops>, workspace required: 60473344, provided ptr: 0x73e87687c000 size: 60456960
MIOpen(HIP): Warning [IsEnoughWorkspace] [GetSolutionsFallback AI] Solver <GemmFwdRest>, workspace required: 317399040, provided ptr: 0x73e87687c000 size: 90714112
MIOpen(HIP): Warning [IsEnoughWorkspace] [GetSolutionsFallback AI] Solver <ConvHipImplicitGemmGroupFwdXdlops>, workspace required: 90689536, provided ptr: 0x73e8793ba000 size: 90685440
MIOpen(HIP): Warning [IsEnoughWorkspace] [GetSolutionsFallback AI] Solver <ConvHipImplicitGemmGroupFwdXdlops>, workspace required: 46760704, provided ptr: 0x73e86a600000 size: 45343744
MIOpen(HIP): Warning [IsEnoughWorkspace] [GetSolutionsFallback AI] Solver <GemmFwdRest>, workspace required: 317399040, provided ptr: 0x73e86a600000 size: 45343744
MIOpen(HIP): Warning [IsEnoughWorkspace] [GetSolutionsFallback AI] Solver <ConvHipImplicitGemmGroupFwdXdlops>, workspace required: 8205312, provided ptr: 0x73e781c80000 size: 1211392
MIOpen(HIP): Warning [IsEnoughWorkspace] [GetSolutionsFallback AI] Solver <ConvAsmImplicitGemmGTCDynamicFwdXdlopsNHWC>, workspace required: 8205312, provided ptr: 0x73e781c80000 size: 1211392
MIOpen(HIP): Warning [IsEnoughWorkspace] [GetSolutionsFallback WTI] Solver <ConvAsmImplicitGemmGTCDynamicBwdXdlopsNHWC>, workspace required: 37015552, provided ptr: 0x73e845c00000 size: 5537792
MIOpen(HIP): Warning [IsEnoughWorkspace] [GetSolutionsFallback WTI] Solver <ConvHipImplicitGemmGroupBwdXdlops>, workspace required: 37015552, provided ptr: 0x73e845c00000 size: 5537792
MIOpen(HIP): Warning [IsEnoughWorkspace] [GetSolutionsFallback AI] Solver <GemmFwdRest>, workspace required: 19382272, provided ptr: 0x73e913cc0000 size: 12877824
MIOpen(HIP): Warning [IsEnoughWorkspace] [GetSolutionsFallback WTI] Solver <ConvAsmImplicitGemmGTCDynamicBwdXdlopsNHWC>, workspace required: 14934016, provided ptr: 0x73e913cc0000 size: 13844480
MIOpen(HIP): Warning [IsEnoughWorkspace] [GetSolutionsFallback WTI] Solver <ConvHipImplicitGemmGroupBwdXdlops>, workspace required: 14934016, provided ptr: 0x73e913cc0000 size: 13844480
MIOpen(HIP): Warning [IsEnoughWorkspace] [GetSolutionsFallback AI] Solver <GemmFwdRest>, workspace required: 48455680, provided ptr: 0x73e86a600000 size: 15679488
MIOpen(HIP): Warning [IsEnoughWorkspace] [GetSolutionsFallback AI] Solver <ConvAsmImplicitGemmGTCDynamicFwdXdlopsNHWC>, workspace required: 13844480, provided ptr: 0 size: 0
MIOpen(HIP): Warning [IsEnoughWorkspace] [GetSolutionsFallback AI] Solver <ConvHipImplicitGemmGroupFwdXdlops>, workspace required: 14106624, provided ptr: 0 size: 0
MIOpen(HIP): Warning [IsEnoughWorkspace] [GetSolutionsFallback AI] Solver <GemmFwdRest>, workspace required: 96911360, provided ptr: 0x73e86b334000 size: 28147712
MIOpen(HIP): Warning [IsEnoughWorkspace] [GetSolutionsFallback AI] Solver <ConvHipImplicitGemmGroupFwdXdlops>, workspace required: 27754496, provided ptr: 0x73e86c068000 size: 27688960
MIOpen(HIP): Warning [IsEnoughWorkspace] [GetSolutionsFallback WTI] Solver <ConvAsmImplicitGemmGTCDynamicBwdXdlopsNHWC>, workspace required: 27820032, provided ptr: 0x73e86b334000 size: 27688960
MIOpen(HIP): Warning [IsEnoughWorkspace] [GetSolutionsFallback WTI] Solver <ConvHipImplicitGemmGroupBwdXdlops>, workspace required: 27820032, provided ptr: 0x73e86b334000 size: 27688960
MIOpen(HIP): Warning [IsEnoughWorkspace] [GetSolutionsFallback AI] Solver <GemmFwdRest>, workspace required: 96911360, provided ptr: 0x73e86c068000 size: 27803648
MIOpen(HIP): Warning [IsEnoughWorkspace] [GetSolutionsFallback AI] Solver <ConvHipImplicitGemmGroupFwdXdlops>, workspace required: 27705344, provided ptr: 0x73e86cd9c000 size: 27688960
MIOpen(HIP): Warning [IsEnoughWorkspace] [GetSolutionsFallback AI] Solver <GemmFwdRest>, workspace required: 145367040, provided ptr: 0x73e871200000 size: 41562112
MIOpen(HIP): Warning [IsEnoughWorkspace] [GetSolutionsFallback AI] Solver <ConvHipImplicitGemmGroupFwdXdlops>, workspace required: 41537536, provided ptr: 0x73e8725ce000 size: 41533440
MIOpen(HIP): Warning [IsEnoughWorkspace] [GetSolutionsFallback AI] Solver <ConvHipImplicitGemmGroupFwdXdlops>, workspace required: 21416704, provided ptr: 0x73e86a600000 size: 20767744
MIOpen(HIP): Warning [IsEnoughWorkspace] [GetSolutionsFallback AI] Solver <GemmFwdRest>, workspace required: 145367040, provided ptr: 0x73e86a600000 size: 20767744
MIOpen(HIP): Warning [IsEnoughWorkspace] [GetSolutionsFallback AI] Solver <ConvHipImplicitGemmGroupFwdXdlops>, workspace required: 8763392, provided ptr: 0x73e780cc0000 size: 1992704
MIOpen(HIP): Warning [IsEnoughWorkspace] [GetSolutionsFallback AI] Solver <ConvAsmImplicitGemmGTCDynamicFwdXdlopsNHWC>, workspace required: 8763392, provided ptr: 0x73e780cc0000 size: 1992704
MIOpen(HIP): Warning [IsEnoughWorkspace] [GetSolutionsFallback WTI] Solver <ConvAsmImplicitGemmGTCDynamicBwdXdlopsNHWC>, workspace required: 39247872, provided ptr: 0x73e845c00000 size: 9109504
MIOpen(HIP): Warning [IsEnoughWorkspace] [GetSolutionsFallback WTI] Solver <ConvHipImplicitGemmGroupBwdXdlops>, workspace required: 39247872, provided ptr: 0x73e845c00000 size: 9109504
MIOpen(HIP): Warning [IsEnoughWorkspace] [GetSolutionsFallback AI] Solver <GemmFwdRest>, workspace required: 31883264, provided ptr: 0x73e913cc0000 size: 16449536
MIOpen(HIP): Warning [IsEnoughWorkspace] [GetSolutionsFallback AI] Solver <GemmFwdRest>, workspace required: 79708160, provided ptr: 0x73e86bbb8000 size: 24608768
MIOpen(HIP): Warning [IsEnoughWorkspace] [GetSolutionsFallback AI] Solver <ConvHipImplicitGemmGroupFwdXdlops>, workspace required: 23035904, provided ptr: 0x73e86c694000 size: 22773760
MIOpen(HIP): Warning [IsEnoughWorkspace] [GetSolutionsFallback AI] Solver <GemmFwdRest>, workspace required: 159416320, provided ptr: 0x73e8727b8000 size: 46006272
MIOpen(HIP): Warning [IsEnoughWorkspace] [GetSolutionsFallback AI] Solver <ConvHipImplicitGemmGroupFwdXdlops>, workspace required: 45613056, provided ptr: 0x73e873d70000 size: 45547520
MIOpen(HIP): Warning [IsEnoughWorkspace] [GetSolutionsFallback WTI] Solver <ConvAsmImplicitGemmGTCDynamicBwdXdlopsNHWC>, workspace required: 45678592, provided ptr: 0x73e8727b8000 size: 45547520
MIOpen(HIP): Warning [IsEnoughWorkspace] [GetSolutionsFallback WTI] Solver <ConvHipImplicitGemmGroupBwdXdlops>, workspace required: 45678592, provided ptr: 0x73e8727b8000 size: 45547520
MIOpen(HIP): Warning [IsEnoughWorkspace] [GetSolutionsFallback AI] Solver <GemmFwdRest>, workspace required: 159416320, provided ptr: 0x73e8727b8000 size: 45662208
MIOpen(HIP): Warning [IsEnoughWorkspace] [GetSolutionsFallback AI] Solver <ConvHipImplicitGemmGroupFwdXdlops>, workspace required: 45563904, provided ptr: 0x73e873d70000 size: 45547520
MIOpen(HIP): Warning [IsEnoughWorkspace] [GetSolutionsFallback AI] Solver <GemmFwdRest>, workspace required: 239124480, provided ptr: 0x73e875328000 size: 68349952
MIOpen(HIP): Warning [IsEnoughWorkspace] [GetSolutionsFallback AI] Solver <ConvHipImplicitGemmGroupFwdXdlops>, workspace required: 68325376, provided ptr: 0x73e8773bc000 size: 68321280
MIOpen(HIP): Warning [IsEnoughWorkspace] [GetSolutionsFallback AI] Solver <ConvHipImplicitGemmGroupFwdXdlops>, workspace required: 35229184, provided ptr: 0x73e86a600000 size: 34161664
MIOpen(HIP): Warning [IsEnoughWorkspace] [GetSolutionsFallback AI] Solver <GemmFwdRest>, workspace required: 239124480, provided ptr: 0x73e86a600000 size: 34161664
MIOpen(HIP): Warning [IsEnoughWorkspace] [GetSolutionsFallback AI] Solver <ConvHipImplicitGemmGroupFwdXdlops>, workspace required: 8358912, provided ptr: 0x73e781c80000 size: 1426432
MIOpen(HIP): Warning [IsEnoughWorkspace] [GetSolutionsFallback AI] Solver <ConvAsmImplicitGemmGTCDynamicFwdXdlopsNHWC>, workspace required: 8358912, provided ptr: 0x73e781c80000 size: 1426432
MIOpen(HIP): Warning [IsEnoughWorkspace] [GetSolutionsFallback WTI] Solver <ConvAsmImplicitGemmGTCDynamicBwdXdlopsNHWC>, workspace required: 37629952, provided ptr: 0x73e845c00000 size: 6520832
MIOpen(HIP): Warning [IsEnoughWorkspace] [GetSolutionsFallback WTI] Solver <ConvHipImplicitGemmGroupBwdXdlops>, workspace required: 37629952, provided ptr: 0x73e845c00000 size: 6520832
MIOpen(HIP): Warning [IsEnoughWorkspace] [GetSolutionsFallback AI] Solver <GemmFwdRest>, workspace required: 22822912, provided ptr: 0x73e913cc0000 size: 13860864
MIOpen(HIP): Warning [IsEnoughWorkspace] [GetSolutionsFallback WTI] Solver <ConvAsmImplicitGemmGTCDynamicBwdXdlopsNHWC>, workspace required: 16654336, provided ptr: 0x73e913cc0000 size: 16302080
MIOpen(HIP): Warning [IsEnoughWorkspace] [GetSolutionsFallback WTI] Solver <ConvHipImplicitGemmGroupBwdXdlops>, workspace required: 16654336, provided ptr: 0x73e913cc0000 size: 16302080
MIOpen(HIP): Warning [IsEnoughWorkspace] [GetSolutionsFallback AI] Solver <GemmFwdRest>, workspace required: 57057280, provided ptr: 0x73e86a600000 size: 18137088
MIOpen(HIP): Warning [IsEnoughWorkspace] [GetSolutionsFallback AI] Solver <ConvHipImplicitGemmGroupFwdXdlops>, workspace required: 16564224, provided ptr: 0x73e86adc6000 size: 16302080
MIOpen(HIP): Warning [IsEnoughWorkspace] [GetSolutionsFallback AI] Solver <GemmFwdRest>, workspace required: 114114560, provided ptr: 0x73e871200000 size: 33062912
MIOpen(HIP): Warning [IsEnoughWorkspace] [GetSolutionsFallback AI] Solver <ConvHipImplicitGemmGroupFwdXdlops>, workspace required: 32669696, provided ptr: 0x73e871200000 size: 32604160
MIOpen(HIP): Warning [IsEnoughWorkspace] [GetSolutionsFallback WTI] Solver <ConvAsmImplicitGemmGTCDynamicBwdXdlopsNHWC>, workspace required: 32735232, provided ptr: 0x73e86c518000 size: 32604160
MIOpen(HIP): Warning [IsEnoughWorkspace] [GetSolutionsFallback WTI] Solver <ConvHipImplicitGemmGroupBwdXdlops>, workspace required: 32735232, provided ptr: 0x73e86c518000 size: 32604160
MIOpen(HIP): Warning [IsEnoughWorkspace] [GetSolutionsFallback AI] Solver <GemmFwdRest>, workspace required: 114114560, provided ptr: 0x73e871200000 size: 32718848
MIOpen(HIP): Warning [IsEnoughWorkspace] [GetSolutionsFallback AI] Solver <ConvHipImplicitGemmGroupFwdXdlops>, workspace required: 32620544, provided ptr: 0x73e871200000 size: 32604160
MIOpen(HIP): Warning [IsEnoughWorkspace] [GetSolutionsFallback AI] Solver <GemmFwdRest>, workspace required: 171171840, provided ptr: 0x73e872952000 size: 48934912
MIOpen(HIP): Warning [IsEnoughWorkspace] [GetSolutionsFallback AI] Solver <ConvHipImplicitGemmGroupFwdXdlops>, workspace required: 48910336, provided ptr: 0x73e8740a4000 size: 48906240
MIOpen(HIP): Warning [IsEnoughWorkspace] [GetSolutionsFallback AI] Solver <ConvHipImplicitGemmGroupFwdXdlops>, workspace required: 25218304, provided ptr: 0x73e86bd52000 size: 24454144
MIOpen(HIP): Warning [IsEnoughWorkspace] [GetSolutionsFallback AI] Solver <GemmFwdRest>, workspace required: 171171840, provided ptr: 0x73e86bd52000 size: 24454144
MIOpen(HIP): Warning [IsEnoughWorkspace] [GetSolutionsFallback AI] Solver <ConvAsmImplicitGemmGTCDynamicFwdXdlopsNHWC>, workspace required: 7590912, provided ptr: 0x73e8a1b3b000 size: 351232
MIOpen(HIP): Warning [IsEnoughWorkspace] [GetSolutionsFallback AI] Solver <ConvHipImplicitGemmGroupFwdXdlops>, workspace required: 7590912, provided ptr: 0x73e8a1b3b000 size: 351232
MIOpen(HIP): Warning [IsEnoughWorkspace] [GetSolutionsFallback WTI] Solver <ConvAsmImplicitGemmGTCDynamicBwdXdlopsNHWC>, workspace required: 34557952, provided ptr: 0x73e780cc0000 size: 1605632
MIOpen(HIP): Warning [IsEnoughWorkspace] [GetSolutionsFallback WTI] Solver <ConvHipImplicitGemmGroupBwdXdlops>, workspace required: 34557952, provided ptr: 0x73e780cc0000 size: 1605632
MIOpen(HIP): Warning [IsEnoughWorkspace] [GetSolutionsFallback AI] Solver <ConvAsmImplicitGemmGTCDynamicFwdXdlopsNHWC>, workspace required: 8945664, provided ptr: 0x73e845c00000 size: 5619712
MIOpen(HIP): Warning [IsEnoughWorkspace] [GetSolutionsFallback AI] Solver <ConvHipImplicitGemmGroupFwdXdlops>, workspace required: 8945664, provided ptr: 0x73e845c00000 size: 5619712
MIOpen(HIP): Warning [IsEnoughWorkspace] [GetSolutionsFallback AI] Solver <ConvHipImplicitGemmGroupFwdXdlops>, workspace required: 2654208, provided ptr: 0 size: 0
MIOpen(HIP): Warning [IsEnoughWorkspace] [GetSolutionsFallback AI] Solver <ConvAsmImplicitGemmGTCDynamicFwdXdlopsNHWC>, workspace required: 1605632, provided ptr: 0 size: 0
MIOpen(HIP): Warning [IsEnoughWorkspace] [GetSolutionsFallback WTI] Solver <ConvAsmImplicitGemmGTCDynamicFwdXdlopsNHWC>, workspace required: 8945664, provided ptr: 0x73e845c00000 size: 5619712
MIOpen(HIP): Warning [IsEnoughWorkspace] [GetSolutionsFallback WTI] Solver <ConvHipImplicitGemmGroupFwdXdlops>, workspace required: 8945664, provided ptr: 0x73e845c00000 size: 5619712
MIOpen(HIP): Warning [IsEnoughWorkspace] [GetSolutionsFallback WTI] Solver <ConvAsmImplicitGemmGTCDynamicFwdXdlopsNHWC>, workspace required: 8945664, provided ptr: 0x73e845c00000 size: 5619712
MIOpen(HIP): Warning [IsEnoughWorkspace] [GetSolutionsFallback WTI] Solver <ConvHipImplicitGemmGroupFwdXdlops>, workspace required: 8945664, provided ptr: 0x73e845c00000 size: 5619712
MIOpen(HIP): Warning [IsEnoughWorkspace] [GetSolutionsFallback WTI] Solver <ConvAsmImplicitGemmGTCDynamicBwdXdlopsNHWC>, workspace required: 8052736, provided ptr: 0x73e784400000 size: 4014080
MIOpen(HIP): Warning [IsEnoughWorkspace] [GetSolutionsFallback WTI] Solver <ConvHipImplicitGemmGroupBwdXdlops>, workspace required: 8052736, provided ptr: 0x73e784400000 size: 4014080
MIOpen(HIP): Warning [IsEnoughWorkspace] [GetSolutionsFallback AI] Solver <GemmFwdRest>, workspace required: 14049280, provided ptr: 0x73e845c00000 size: 5849088
MIOpen(HIP): Warning [IsEnoughWorkspace] [GetSolutionsFallback AI] Solver <ConvAsmImplicitGemmGTCDynamicFwdXdlopsNHWC>, workspace required: 8486912, provided ptr: 0 size: 0
MIOpen(HIP): Warning [IsEnoughWorkspace] [GetSolutionsFallback AI] Solver <ConvHipImplicitGemmGroupFwdXdlops>, workspace required: 8486912, provided ptr: 0 size: 0
MIOpen(HIP): Warning [IsEnoughWorkspace] [GetSolutionsFallback AI] Solver <GemmFwdRest>, workspace required: 28098560, provided ptr: 0 size: 0
MIOpen(HIP): Warning [IsEnoughWorkspace] [GetSolutionsFallback AI] Solver <ConvAsmImplicitGemmGTCDynamicFwdXdlopsNHWC>, workspace required: 8028160, provided ptr: 0 size: 0
MIOpen(HIP): Warning [IsEnoughWorkspace] [GetSolutionsFallback AI] Solver <ConvHipImplicitGemmGroupFwdXdlops>, workspace required: 8093696, provided ptr: 0 size: 0
MIOpen(HIP): Warning [IsEnoughWorkspace] [GetSolutionsFallback WTI] Solver <ConvAsmImplicitGemmGTCDynamicBwdXdlopsNHWC>, workspace required: 8159232, provided ptr: 0x73e913cc0000 size: 8028160
MIOpen(HIP): Warning [IsEnoughWorkspace] [GetSolutionsFallback WTI] Solver <ConvHipImplicitGemmGroupBwdXdlops>, workspace required: 8159232, provided ptr: 0x73e913cc0000 size: 8028160
MIOpen(HIP): Warning [IsEnoughWorkspace] [GetSolutionsFallback AI] Solver <GemmFwdRest>, workspace required: 28098560, provided ptr: 0x73e913cc0000 size: 8142848
MIOpen(HIP): Warning [IsEnoughWorkspace] [GetSolutionsFallback AI] Solver <ConvHipImplicitGemmGroupFwdXdlops>, workspace required: 8044544, provided ptr: 0x73e914094000 size: 8028160
MIOpen(HIP): Warning [IsEnoughWorkspace] [GetSolutionsFallback AI] Solver <GemmFwdRest>, workspace required: 42147840, provided ptr: 0x73e86a600000 size: 12070912
MIOpen(HIP): Warning [IsEnoughWorkspace] [GetSolutionsFallback AI] Solver <ConvHipImplicitGemmGroupFwdXdlops>, workspace required: 12046336, provided ptr: 0x73e86a600000 size: 12042240
MIOpen(HIP): Warning [IsEnoughWorkspace] [GetSolutionsFallback AI] Solver <ConvHipImplicitGemmGroupFwdXdlops>, workspace required: 6210304, provided ptr: 0x73e8461be000 size: 6022144
MIOpen(HIP): Warning [IsEnoughWorkspace] [GetSolutionsFallback AI] Solver <GemmFwdRest>, workspace required: 42147840, provided ptr: 0x73e8461be000 size: 6022144
[0;36m(APIServer pid=73252)[0;0m [32mINFO[0m [90m10-07 15:27:19[0m [90m[stats.py:902][0m [OmniTiming] req=speech-bbb8c959c779bcd6-91a15c77 total=6.58s engine=6.58s stages=[0:6.58s]
INFO:     127.0.0.1:34026 - "POST /v1/audio/speech HTTP/1.1" 200 OK
[0;36m(APIServer pid=73252)[0;0m [32mINFO[0m [90m10-07 15:27:19[0m [90m[serving_speech.py:2423][0m Diffusion TTS speech request speech-83a75b40a4bf61b8: voice_clone=False
[0;36m(APIServer pid=73252)[0;0m [32mINFO[0m [90m10-07 15:27:19[0m [90m[serving_speech.py:2471][0m Applied diffusion speech params: seed=42 extra_params={}
[0;36m(APIServer pid=73252)[0;0m [32mINFO[0m [90m10-07 15:27:19[0m [90m[diffusion_engine.py:764][0m [RequestBatch] admission wait done waiting=1 max_batch=8 waited_ms=2.1
MIOpen(HIP): Warning [IsEnoughWorkspace] [GetSolutionsFallback AI] Solver <ConvHipImplicitGemmGroupFwdXdlops>, workspace required: 9065472, provided ptr: 0x73e780cc0000 size: 2415616
MIOpen(HIP): Warning [IsEnoughWorkspace] [GetSolutionsFallback AI] Solver <ConvAsmImplicitGemmGTCDynamicFwdXdlopsNHWC>, workspace required: 9065472, provided ptr: 0x73e780cc0000 size: 2415616
MIOpen(HIP): Warning [IsEnoughWorkspace] [GetSolutionsFallback WTI] Solver <ConvAsmImplicitGemmGTCDynamicBwdXdlopsNHWC>, workspace required: 40456192, provided ptr: 0x73e913cc0000 size: 11042816
MIOpen(HIP): Warning [IsEnoughWorkspace] [GetSolutionsFallback WTI] Solver <ConvHipImplicitGemmGroupBwdXdlops>, workspace required: 40456192, provided ptr: 0x73e913cc0000 size: 11042816
MIOpen(HIP): Warning [IsEnoughWorkspace] [GetSolutionsFallback AI] Solver <GemmFwdRest>, workspace required: 38649856, provided ptr: 0x73e86a600000 size: 18382848
MIOpen(HIP): Warning [IsEnoughWorkspace] [GetSolutionsFallback AI] Solver <GemmFwdRest>, workspace required: 96624640, provided ptr: 0x73e86b32a000 size: 29442048
MIOpen(HIP): Warning [IsEnoughWorkspace] [GetSolutionsFallback AI] Solver <ConvHipImplicitGemmGroupFwdXdlops>, workspace required: 27869184, provided ptr: 0x73e86c054000 size: 27607040
MIOpen(HIP): Warning [IsEnoughWorkspace] [GetSolutionsFallback AI] Solver <GemmFwdRest>, workspace required: 193249280, provided ptr: 0x73e872c54000 size: 55672832
MIOpen(HIP): Warning [IsEnoughWorkspace] [GetSolutionsFallback AI] Solver <ConvHipImplicitGemmGroupFwdXdlops>, workspace required: 55279616, provided ptr: 0x73e8746a8000 size: 55214080
MIOpen(HIP): Warning [IsEnoughWorkspace] [GetSolutionsFallback WTI] Solver <ConvAsmImplicitGemmGTCDynamicBwdXdlopsNHWC>, workspace required: 55345152, provided ptr: 0x73e872c54000 size: 55214080
MIOpen(HIP): Warning [IsEnoughWorkspace] [GetSolutionsFallback WTI] Solver <ConvHipImplicitGemmGroupBwdXdlops>, workspace required: 55345152, provided ptr: 0x73e872c54000 size: 55214080
MIOpen(HIP): Warning [IsEnoughWorkspace] [GetSolutionsFallback AI] Solver <GemmFwdRest>, workspace required: 193249280, provided ptr: 0x73e8746a8000 size: 55328768
MIOpen(HIP): Warning [IsEnoughWorkspace] [GetSolutionsFallback AI] Solver <ConvHipImplicitGemmGroupFwdXdlops>, workspace required: 55230464, provided ptr: 0x73e8760fc000 size: 55214080
MIOpen(HIP): Warning [IsEnoughWorkspace] [GetSolutionsFallback AI] Solver <GemmFwdRest>, workspace required: 289873920, provided ptr: 0x73e8760fc000 size: 82849792
MIOpen(HIP): Warning [IsEnoughWorkspace] [GetSolutionsFallback AI] Solver <ConvHipImplicitGemmGroupFwdXdlops>, workspace required: 82825216, provided ptr: 0x73e87887a000 size: 82821120
MIOpen(HIP): Warning [IsEnoughWorkspace] [GetSolutionsFallback AI] Solver <ConvHipImplicitGemmGroupFwdXdlops>, workspace required: 42705664, provided ptr: 0x73e86a600000 size: 41411584
MIOpen(HIP): Warning [IsEnoughWorkspace] [GetSolutionsFallback AI] Solver <GemmFwdRest>, workspace required: 289873920, provided ptr: 0x73e86a600000 size: 41411584
MIOpen(HIP): Warning [IsEnoughWorkspace] [GetSolutionsFallback AI] Solver <ConvHipImplicitGemmGroupFwdXdlops>, workspace required: 9060352, provided ptr: 0x73e780cc0000 size: 2408448
MIOpen(HIP): Warning [IsEnoughWorkspace] [GetSolutionsFallback AI] Solver <ConvAsmImplicitGemmGTCDynamicFwdXdlopsNHWC>, workspace required: 9060352, provided ptr: 0x73e780cc0000 size: 2408448
MIOpen(HIP): Warning [IsEnoughWorkspace] [GetSolutionsFallback WTI] Solver <ConvAsmImplicitGemmGTCDynamicBwdXdlopsNHWC>, workspace required: 40435712, provided ptr: 0x73e913cc0000 size: 11010048
MIOpen(HIP): Warning [IsEnoughWorkspace] [GetSolutionsFallback WTI] Solver <ConvHipImplicitGemmGroupBwdXdlops>, workspace required: 40435712, provided ptr: 0x73e913cc0000 size: 11010048
MIOpen(HIP): Warning [IsEnoughWorkspace] [GetSolutionsFallback AI] Solver <GemmFwdRest>, workspace required: 38535168, provided ptr: 0x73e86a600000 size: 18350080
MIOpen(HIP): Warning [IsEnoughWorkspace] [GetSolutionsFallback AI] Solver <GemmFwdRest>, workspace required: 96337920, provided ptr: 0x73e86b320000 size: 29360128
MIOpen(HIP): Warning [IsEnoughWorkspace] [GetSolutionsFallback AI] Solver <ConvHipImplicitGemmGroupFwdXdlops>, workspace required: 27787264, provided ptr: 0x73e86c040000 size: 27525120
MIOpen(HIP): Warning [IsEnoughWorkspace] [GetSolutionsFallback AI] Solver <GemmFwdRest>, workspace required: 192675840, provided ptr: 0x73e872c40000 size: 55508992
MIOpen(HIP): Warning [IsEnoughWorkspace] [GetSolutionsFallback AI] Solver <ConvHipImplicitGemmGroupFwdXdlops>, workspace required: 55115776, provided ptr: 0x73e874680000 size: 55050240
MIOpen(HIP): Warning [IsEnoughWorkspace] [GetSolutionsFallback WTI] Solver <ConvAsmImplicitGemmGTCDynamicBwdXdlopsNHWC>, workspace required: 55181312, provided ptr: 0x73e872c40000 size: 55050240
MIOpen(HIP): Warning [IsEnoughWorkspace] [GetSolutionsFallback WTI] Solver <ConvHipImplicitGemmGroupBwdXdlops>, workspace required: 55181312, provided ptr: 0x73e872c40000 size: 55050240
MIOpen(HIP): Warning [IsEnoughWorkspace] [GetSolutionsFallback AI] Solver <GemmFwdRest>, workspace required: 192675840, provided ptr: 0x73e874680000 size: 55164928
MIOpen(HIP): Warning [IsEnoughWorkspace] [GetSolutionsFallback AI] Solver <ConvHipImplicitGemmGroupFwdXdlops>, workspace required: 55066624, provided ptr: 0x73e8760c0000 size: 55050240
MIOpen(HIP): Warning [IsEnoughWorkspace] [GetSolutionsFallback AI] Solver <GemmFwdRest>, workspace required: 289013760, provided ptr: 0x73e8760c0000 size: 82604032
MIOpen(HIP): Warning [IsEnoughWorkspace] [GetSolutionsFallback AI] Solver <ConvHipImplicitGemmGroupFwdXdlops>, workspace required: 82579456, provided ptr: 0x73e878820000 size: 82575360
MIOpen(HIP): Warning [IsEnoughWorkspace] [GetSolutionsFallback AI] Solver <ConvHipImplicitGemmGroupFwdXdlops>, workspace required: 42578944, provided ptr: 0x73e86a600000 size: 41288704
MIOpen(HIP): Warning [IsEnoughWorkspace] [GetSolutionsFallback AI] Solver <GemmFwdRest>, workspace required: 289013760, provided ptr: 0x73e86a600000 size: 41288704
MIOpen(HIP): Warning [IsEnoughWorkspace] [GetSolutionsFallback AI] Solver <ConvHipImplicitGemmGroupFwdXdlops>, workspace required: 9034752, provided ptr: 0x73e780cc0000 size: 2372608
MIOpen(HIP): Warning [IsEnoughWorkspace] [GetSolutionsFallback AI] Solver <ConvAsmImplicitGemmGTCDynamicFwdXdlopsNHWC>, workspace required: 9034752, provided ptr: 0x73e780cc0000 size: 2372608
MIOpen(HIP): Warning [IsEnoughWorkspace] [GetSolutionsFallback WTI] Solver <ConvAsmImplicitGemmGTCDynamicBwdXdlopsNHWC>, workspace required: 40333312, provided ptr: 0x73e913cc0000 size: 10846208
MIOpen(HIP): Warning [IsEnoughWorkspace] [GetSolutionsFallback WTI] Solver <ConvHipImplicitGemmGroupBwdXdlops>, workspace required: 40333312, provided ptr: 0x73e913cc0000 size: 10846208
MIOpen(HIP): Warning [IsEnoughWorkspace] [GetSolutionsFallback AI] Solver <GemmFwdRest>, workspace required: 37961728, provided ptr: 0x73e86a600000 size: 18186240
MIOpen(HIP): Warning [IsEnoughWorkspace] [GetSolutionsFallback AI] Solver <GemmFwdRest>, workspace required: 94904320, provided ptr: 0x73e86b2ee000 size: 28950528
MIOpen(HIP): Warning [IsEnoughWorkspace] [GetSolutionsFallback AI] Solver <ConvHipImplicitGemmGroupFwdXdlops>, workspace required: 27377664, provided ptr: 0x73e86bfdc000 size: 27115520
MIOpen(HIP): Warning [IsEnoughWorkspace] [GetSolutionsFallback AI] Solver <GemmFwdRest>, workspace required: 189808640, provided ptr: 0x73e872bdc000 size: 54689792
MIOpen(HIP): Warning [IsEnoughWorkspace] [GetSolutionsFallback AI] Solver <ConvHipImplicitGemmGroupFwdXdlops>, workspace required: 54296576, provided ptr: 0x73e8745b8000 size: 54231040
MIOpen(HIP): Warning [IsEnoughWorkspace] [GetSolutionsFallback WTI] Solver <ConvAsmImplicitGemmGTCDynamicBwdXdlopsNHWC>, workspace required: 54362112, provided ptr: 0x73e872bdc000 size: 54231040
MIOpen(HIP): Warning [IsEnoughWorkspace] [GetSolutionsFallback WTI] Solver <ConvHipImplicitGemmGroupBwdXdlops>, workspace required: 54362112, provided ptr: 0x73e872bdc000 size: 54231040
MIOpen(HIP): Warning [IsEnoughWorkspace] [GetSolutionsFallback AI] Solver <GemmFwdRest>, workspace required: 189808640, provided ptr: 0x73e8745b8000 size: 54345728
MIOpen(HIP): Warning [IsEnoughWorkspace] [GetSolutionsFallback AI] Solver <ConvHipImplicitGemmGroupFwdXdlops>, workspace required: 54247424, provided ptr: 0x73e875f94000 size: 54231040
MIOpen(HIP): Warning [IsEnoughWorkspace] [GetSolutionsFallback AI] Solver <GemmFwdRest>, workspace required: 284712960, provided ptr: 0x73e875f94000 size: 81375232
MIOpen(HIP): Warning [IsEnoughWorkspace] [GetSolutionsFallback AI] Solver <ConvHipImplicitGemmGroupFwdXdlops>, workspace required: 81350656, provided ptr: 0x73e87865e000 size: 81346560
MIOpen(HIP): Warning [IsEnoughWorkspace] [GetSolutionsFallback AI] Solver <ConvHipImplicitGemmGroupFwdXdlops>, workspace required: 41945344, provided ptr: 0x73e86a600000 size: 40674304
MIOpen(HIP): Warning [IsEnoughWorkspace] [GetSolutionsFallback AI] Solver <GemmFwdRest>, workspace required: 284712960, provided ptr: 0x73e86a600000 size: 40674304
MIOpen(HIP): Warning [IsEnoughWorkspace] [GetSolutionsFallback AI] Solver <ConvHipImplicitGemmGroupFwdXdlops>, workspace required: 8630272, provided ptr: 0x73e780cc0000 size: 1806336
MIOpen(HIP): Warning [IsEnoughWorkspace] [GetSolutionsFallback AI] Solver <ConvAsmImplicitGemmGTCDynamicFwdXdlopsNHWC>, workspace required: 8630272, provided ptr: 0x73e780cc0000 size: 1806336
MIOpen(HIP): Warning [IsEnoughWorkspace] [GetSolutionsFallback WTI] Solver <ConvAsmImplicitGemmGTCDynamicBwdXdlopsNHWC>, workspace required: 38715392, provided ptr: 0x73e845c00000 size: 8257536
MIOpen(HIP): Warning [IsEnoughWorkspace] [GetSolutionsFallback WTI] Solver <ConvHipImplicitGemmGroupBwdXdlops>, workspace required: 38715392, provided ptr: 0x73e845c00000 size: 8257536
MIOpen(HIP): Warning [IsEnoughWorkspace] [GetSolutionsFallback AI] Solver <GemmFwdRest>, workspace required: 28901376, provided ptr: 0x73e913cc0000 size: 15597568
MIOpen(HIP): Warning [IsEnoughWorkspace] [GetSolutionsFallback AI] Solver <GemmFwdRest>, workspace required: 72253440, provided ptr: 0x73e86a600000 size: 22478848
MIOpen(HIP): Warning [IsEnoughWorkspace] [GetSolutionsFallback AI] Solver <ConvHipImplicitGemmGroupFwdXdlops>, workspace required: 20905984, provided ptr: 0x73e86afd8000 size: 20643840
MIOpen(HIP): Warning [IsEnoughWorkspace] [GetSolutionsFallback AI] Solver <GemmFwdRest>, workspace required: 144506880, provided ptr: 0x73e871200000 size: 41746432
MIOpen(HIP): Warning [IsEnoughWorkspace] [GetSolutionsFallback AI] Solver <ConvHipImplicitGemmGroupFwdXdlops>, workspace required: 41353216, provided ptr: 0x73e8725b0000 size: 41287680
MIOpen(HIP): Warning [IsEnoughWorkspace] [GetSolutionsFallback WTI] Solver <ConvAsmImplicitGemmGTCDynamicBwdXdlopsNHWC>, workspace required: 41418752, provided ptr: 0x73e871200000 size: 41287680
MIOpen(HIP): Warning [IsEnoughWorkspace] [GetSolutionsFallback WTI] Solver <ConvHipImplicitGemmGroupBwdXdlops>, workspace required: 41418752, provided ptr: 0x73e871200000 size: 41287680
MIOpen(HIP): Warning [IsEnoughWorkspace] [GetSolutionsFallback AI] Solver <GemmFwdRest>, workspace required: 144506880, provided ptr: 0x73e871200000 size: 41402368
MIOpen(HIP): Warning [IsEnoughWorkspace] [GetSolutionsFallback AI] Solver <ConvHipImplicitGemmGroupFwdXdlops>, workspace required: 41304064, provided ptr: 0x73e8725b0000 size: 41287680
MIOpen(HIP): Warning [IsEnoughWorkspace] [GetSolutionsFallback AI] Solver <GemmFwdRest>, workspace required: 216760320, provided ptr: 0x73e874d10000 size: 61960192
MIOpen(HIP): Warning [IsEnoughWorkspace] [GetSolutionsFallback AI] Solver <ConvHipImplicitGemmGroupFwdXdlops>, workspace required: 61935616, provided ptr: 0x73e876a98000 size: 61931520
MIOpen(HIP): Warning [IsEnoughWorkspace] [GetSolutionsFallback AI] Solver <ConvHipImplicitGemmGroupFwdXdlops>, workspace required: 31934464, provided ptr: 0x73e86c388000 size: 30966784
MIOpen(HIP): Warning [IsEnoughWorkspace] [GetSolutionsFallback AI] Solver <GemmFwdRest>, workspace required: 216760320, provided ptr: 0x73e86c388000 size: 30966784
MIOpen(HIP): Warning [IsEnoughWorkspace] [GetSolutionsFallback AI] Solver <ConvHipImplicitGemmGroupFwdXdlops>, workspace required: 9075712, provided ptr: 0x73e780cc0000 size: 2429952
MIOpen(HIP): Warning [IsEnoughWorkspace] [GetSolutionsFallback AI] Solver <ConvAsmImplicitGemmGTCDynamicFwdXdlopsNHWC>, workspace required: 9075712, provided ptr: 0x73e780cc0000 size: 2429952
MIOpen(HIP): Warning [IsEnoughWorkspace] [GetSolutionsFallback WTI] Solver <ConvAsmImplicitGemmGTCDynamicBwdXdlopsNHWC>, workspace required: 40497152, provided ptr: 0x73e913cc0000 size: 11108352
MIOpen(HIP): Warning [IsEnoughWorkspace] [GetSolutionsFallback WTI] Solver <ConvHipImplicitGemmGroupBwdXdlops>, workspace required: 40497152, provided ptr: 0x73e913cc0000 size: 11108352
MIOpen(HIP): Warning [IsEnoughWorkspace] [GetSolutionsFallback AI] Solver <GemmFwdRest>, workspace required: 38879232, provided ptr: 0x73e86a600000 size: 18448384
MIOpen(HIP): Warning [IsEnoughWorkspace] [GetSolutionsFallback AI] Solver <GemmFwdRest>, workspace required: 97198080, provided ptr: 0x73e86b33e000 size: 29605888
MIOpen(HIP): Warning [IsEnoughWorkspace] [GetSolutionsFallback AI] Solver <ConvHipImplicitGemmGroupFwdXdlops>, workspace required: 28033024, provided ptr: 0x73e86c07c000 size: 27770880
MIOpen(HIP): Warning [IsEnoughWorkspace] [GetSolutionsFallback AI] Solver <GemmFwdRest>, workspace required: 194396160, provided ptr: 0x73e872c7c000 size: 56000512
MIOpen(HIP): Warning [IsEnoughWorkspace] [GetSolutionsFallback AI] Solver <ConvHipImplicitGemmGroupFwdXdlops>, workspace required: 55607296, provided ptr: 0x73e8746f8000 size: 55541760
MIOpen(HIP): Warning [IsEnoughWorkspace] [GetSolutionsFallback WTI] Solver <ConvAsmImplicitGemmGTCDynamicBwdXdlopsNHWC>, workspace required: 55672832, provided ptr: 0x73e872c7c000 size: 55541760
MIOpen(HIP): Warning [IsEnoughWorkspace] [GetSolutionsFallback WTI] Solver <ConvHipImplicitGemmGroupBwdXdlops>, workspace required: 55672832, provided ptr: 0x73e872c7c000 size: 55541760
MIOpen(HIP): Warning [IsEnoughWorkspace] [GetSolutionsFallback AI] Solver <GemmFwdRest>, workspace required: 194396160, provided ptr: 0x73e8746f8000 size: 55656448
MIOpen(HIP): Warning [IsEnoughWorkspace] [GetSolutionsFallback AI] Solver <ConvHipImplicitGemmGroupFwdXdlops>, workspace required: 55558144, provided ptr: 0x73e876174000 size: 55541760
MIOpen(HIP): Warning [IsEnoughWorkspace] [GetSolutionsFallback AI] Solver <GemmFwdRest>, workspace required: 291594240, provided ptr: 0x73e876174000 size: 83341312
MIOpen(HIP): Warning [IsEnoughWorkspace] [GetSolutionsFallback AI] Solver <ConvHipImplicitGemmGroupFwdXdlops>, workspace required: 83316736, provided ptr: 0x73e87892e000 size: 83312640
MIOpen(HIP): Warning [IsEnoughWorkspace] [GetSolutionsFallback AI] Solver <ConvHipImplicitGemmGroupFwdXdlops>, workspace required: 42959104, provided ptr: 0x73e86a600000 size: 41657344
MIOpen(HIP): Warning [IsEnoughWorkspace] [GetSolutionsFallback AI] Solver <GemmFwdRest>, workspace required: 291594240, provided ptr: 0x73e86a600000 size: 41657344
MIOpen(HIP): Warning [IsEnoughWorkspace] [GetSolutionsFallback AI] Solver <ConvHipImplicitGemmGroupFwdXdlops>, workspace required: 8850432, provided ptr: 0x73e780cc0000 size: 2114560
MIOpen(HIP): Warning [IsEnoughWorkspace] [GetSolutionsFallback AI] Solver <ConvAsmImplicitGemmGTCDynamicFwdXdlopsNHWC>, workspace required: 8850432, provided ptr: 0x73e780cc0000 size: 2114560
MIOpen(HIP): Warning [IsEnoughWorkspace] [GetSolutionsFallback WTI] Solver <ConvAsmImplicitGemmGTCDynamicBwdXdlopsNHWC>, workspace required: 39596032, provided ptr: 0x73e845c00000 size: 9666560
MIOpen(HIP): Warning [IsEnoughWorkspace] [GetSolutionsFallback WTI] Solver <ConvHipImplicitGemmGroupBwdXdlops>, workspace required: 39596032, provided ptr: 0x73e845c00000 size: 9666560
MIOpen(HIP): Warning [IsEnoughWorkspace] [GetSolutionsFallback AI] Solver <GemmFwdRest>, workspace required: 33832960, provided ptr: 0x73e913cc0000 size: 17006592
MIOpen(HIP): Warning [IsEnoughWorkspace] [GetSolutionsFallback AI] Solver <GemmFwdRest>, workspace required: 84582400, provided ptr: 0x73e86bd0c000 size: 26001408
MIOpen(HIP): Warning [IsEnoughWorkspace] [GetSolutionsFallback AI] Solver <ConvHipImplicitGemmGroupFwdXdlops>, workspace required: 24428544, provided ptr: 0x73e86c892000 size: 24166400
MIOpen(HIP): Warning [IsEnoughWorkspace] [GetSolutionsFallback AI] Solver <GemmFwdRest>, workspace required: 169164800, provided ptr: 0x73e87290c000 size: 48791552
MIOpen(HIP): Warning [IsEnoughWorkspace] [GetSolutionsFallback AI] Solver <ConvHipImplicitGemmGroupFwdXdlops>, workspace required: 48398336, provided ptr: 0x73e874018000 size: 48332800
MIOpen(HIP): Warning [IsEnoughWorkspace] [GetSolutionsFallback WTI] Solver <ConvAsmImplicitGemmGTCDynamicBwdXdlopsNHWC>, workspace required: 48463872, provided ptr: 0x73e87290c000 size: 48332800
MIOpen(HIP): Warning [IsEnoughWorkspace] [GetSolutionsFallback WTI] Solver <ConvHipImplicitGemmGroupBwdXdlops>, workspace required: 48463872, provided ptr: 0x73e87290c000 size: 48332800
MIOpen(HIP): Warning [IsEnoughWorkspace] [GetSolutionsFallback AI] Solver <GemmFwdRest>, workspace required: 169164800, provided ptr: 0x73e87290c000 size: 48447488
MIOpen(HIP): Warning [IsEnoughWorkspace] [GetSolutionsFallback AI] Solver <ConvHipImplicitGemmGroupFwdXdlops>, workspace required: 48349184, provided ptr: 0x73e874018000 size: 48332800
MIOpen(HIP): Warning [IsEnoughWorkspace] [GetSolutionsFallback AI] Solver <GemmFwdRest>, workspace required: 253747200, provided ptr: 0x73e875724000 size: 72527872
MIOpen(HIP): Warning [IsEnoughWorkspace] [GetSolutionsFallback AI] Solver <ConvHipImplicitGemmGroupFwdXdlops>, workspace required: 72503296, provided ptr: 0x73e8779b6000 size: 72499200
MIOpen(HIP): Warning [IsEnoughWorkspace] [GetSolutionsFallback AI] Solver <ConvHipImplicitGemmGroupFwdXdlops>, workspace required: 37383424, provided ptr: 0x73e86a600000 size: 36250624
MIOpen(HIP): Warning [IsEnoughWorkspace] [GetSolutionsFallback AI] Solver <GemmFwdRest>, workspace required: 253747200, provided ptr: 0x73e86a600000 size: 36250624
MIOpen(HIP): Warning [IsEnoughWorkspace] [GetSolutionsFallback AI] Solver <ConvHipImplicitGemmGroupFwdXdlops>, workspace required: 8845312, provided ptr: 0x73e780cc0000 size: 2107392
MIOpen(HIP): Warning [IsEnoughWorkspace] [GetSolutionsFallback AI] Solver <ConvAsmImplicitGemmGTCDynamicFwdXdlopsNHWC>, workspace required: 8845312, provided ptr: 0x73e780cc0000 size: 2107392
MIOpen(HIP): Warning [IsEnoughWorkspace] [GetSolutionsFallback WTI] Solver <ConvAsmImplicitGemmGTCDynamicBwdXdlopsNHWC>, workspace required: 39575552, provided ptr: 0x73e845c00000 size: 9633792
MIOpen(HIP): Warning [IsEnoughWorkspace] [GetSolutionsFallback WTI] Solver <ConvHipImplicitGemmGroupBwdXdlops>, workspace required: 39575552, provided ptr: 0x73e845c00000 size: 9633792
MIOpen(HIP): Warning [IsEnoughWorkspace] [GetSolutionsFallback AI] Solver <GemmFwdRest>, workspace required: 33718272, provided ptr: 0x73e913cc0000 size: 16973824
MIOpen(HIP): Warning [IsEnoughWorkspace] [GetSolutionsFallback AI] Solver <GemmFwdRest>, workspace required: 84295680, provided ptr: 0x73e86bcf8000 size: 25919488
MIOpen(HIP): Warning [IsEnoughWorkspace] [GetSolutionsFallback AI] Solver <ConvHipImplicitGemmGroupFwdXdlops>, workspace required: 24346624, provided ptr: 0x73e86c874000 size: 24084480
MIOpen(HIP): Warning [IsEnoughWorkspace] [GetSolutionsFallback AI] Solver <GemmFwdRest>, workspace required: 168591360, provided ptr: 0x73e8728f8000 size: 48627712
MIOpen(HIP): Warning [IsEnoughWorkspace] [GetSolutionsFallback AI] Solver <ConvHipImplicitGemmGroupFwdXdlops>, workspace required: 48234496, provided ptr: 0x73e873ff0000 size: 48168960
MIOpen(HIP): Warning [IsEnoughWorkspace] [GetSolutionsFallback WTI] Solver <ConvAsmImplicitGemmGTCDynamicBwdXdlopsNHWC>, workspace required: 48300032, provided ptr: 0x73e8728f8000 size: 48168960
MIOpen(HIP): Warning [IsEnoughWorkspace] [GetSolutionsFallback WTI] Solver <ConvHipImplicitGemmGroupBwdXdlops>, workspace required: 48300032, provided ptr: 0x73e8728f8000 size: 48168960
MIOpen(HIP): Warning [IsEnoughWorkspace] [GetSolutionsFallback AI] Solver <GemmFwdRest>, workspace required: 168591360, provided ptr: 0x73e8728f8000 size: 48283648
MIOpen(HIP): Warning [IsEnoughWorkspace] [GetSolutionsFallback AI] Solver <ConvHipImplicitGemmGroupFwdXdlops>, workspace required: 48185344, provided ptr: 0x73e873ff0000 size: 48168960
MIOpen(HIP): Warning [IsEnoughWorkspace] [GetSolutionsFallback AI] Solver <GemmFwdRest>, workspace required: 252887040, provided ptr: 0x73e8756e8000 size: 72282112
MIOpen(HIP): Warning [IsEnoughWorkspace] [GetSolutionsFallback AI] Solver <ConvHipImplicitGemmGroupFwdXdlops>, workspace required: 72257536, provided ptr: 0x73e87795c000 size: 72253440
MIOpen(HIP): Warning [IsEnoughWorkspace] [GetSolutionsFallback AI] Solver <ConvHipImplicitGemmGroupFwdXdlops>, workspace required: 37256704, provided ptr: 0x73e86a600000 size: 36127744
MIOpen(HIP): Warning [IsEnoughWorkspace] [GetSolutionsFallback AI] Solver <GemmFwdRest>, workspace required: 252887040, provided ptr: 0x73e86a600000 size: 36127744
[0;36m(APIServer pid=73252)[0;0m [32mINFO[0m [90m10-07 15:27:26[0m [90m[stats.py:902][0m [OmniTiming] req=speech-83a75b40a4bf61b8-a3481e02 total=6.35s engine=6.35s stages=[0:6.35s]
INFO:     127.0.0.1:34026 - "POST /v1/audio/speech HTTP/1.1" 200 OK
[0;36m(APIServer pid=73252)[0;0m [32mINFO[0m [90m10-07 15:27:26[0m [90m[serving_speech.py:2423][0m Diffusion TTS speech request speech-962200de3784c617: voice_clone=False
[0;36m(APIServer pid=73252)[0;0m [32mINFO[0m [90m10-07 15:27:26[0m [90m[serving_speech.py:2471][0m Applied diffusion speech params: seed=42 extra_params={}
[0;36m(APIServer pid=73252)[0;0m [32mINFO[0m [90m10-07 15:27:26[0m [90m[diffusion_engine.py:764][0m [RequestBatch] admission wait done waiting=1 max_batch=8 waited_ms=2.1
MIOpen(HIP): Warning [IsEnoughWorkspace] [GetSolutionsFallback AI] Solver <ConvHipImplicitGemmGroupFwdXdlops>, workspace required: 7928832, provided ptr: 0x73e7e9e00000 size: 824320
MIOpen(HIP): Warning [IsEnoughWorkspace] [GetSolutionsFallback AI] Solver <ConvAsmImplicitGemmGTCDynamicFwdXdlopsNHWC>, workspace required: 7928832, provided ptr: 0x73e7e9e00000 size: 824320
MIOpen(HIP): Warning [IsEnoughWorkspace] [GetSolutionsFallback WTI] Solver <ConvAsmImplicitGemmGTCDynamicBwdXdlopsNHWC>, workspace required: 35909632, provided ptr: 0x73e784400000 size: 3768320
MIOpen(HIP): Warning [IsEnoughWorkspace] [GetSolutionsFallback WTI] Solver <ConvHipImplicitGemmGroupBwdXdlops>, workspace required: 35909632, provided ptr: 0x73e784400000 size: 3768320
MIOpen(HIP): Warning [IsEnoughWorkspace] [GetSolutionsFallback WTI] Solver <ConvAsmImplicitGemmGTCDynamicBwdXdlopsNHWC>, workspace required: 11837440, provided ptr: 0x73e84607e000 size: 9420800
MIOpen(HIP): Warning [IsEnoughWorkspace] [GetSolutionsFallback WTI] Solver <ConvHipImplicitGemmGroupBwdXdlops>, workspace required: 11837440, provided ptr: 0x73e84607e000 size: 9420800
MIOpen(HIP): Warning [IsEnoughWorkspace] [GetSolutionsFallback AI] Solver <GemmFwdRest>, workspace required: 32972800, provided ptr: 0x73e913cc0000 size: 11255808
MIOpen(HIP): Warning [IsEnoughWorkspace] [GetSolutionsFallback AI] Solver <ConvHipImplicitGemmGroupFwdXdlops>, workspace required: 9682944, provided ptr: 0x73e91413e000 size: 9420800
MIOpen(HIP): Warning [IsEnoughWorkspace] [GetSolutionsFallback AI] Solver <GemmFwdRest>, workspace required: 65945600, provided ptr: 0x73e86aefc000 size: 19300352
MIOpen(HIP): Warning [IsEnoughWorkspace] [GetSolutionsFallback AI] Solver <ConvHipImplicitGemmGroupFwdXdlops>, workspace required: 18907136, provided ptr: 0x73e86b7f8000 size: 18841600
MIOpen(HIP): Warning [IsEnoughWorkspace] [GetSolutionsFallback WTI] Solver <ConvAsmImplicitGemmGTCDynamicBwdXdlopsNHWC>, workspace required: 18972672, provided ptr: 0x73e86aefc000 size: 18841600
MIOpen(HIP): Warning [IsEnoughWorkspace] [GetSolutionsFallback WTI] Solver <ConvHipImplicitGemmGroupBwdXdlops>, workspace required: 18972672, provided ptr: 0x73e86aefc000 size: 18841600
MIOpen(HIP): Warning [IsEnoughWorkspace] [GetSolutionsFallback AI] Solver <GemmFwdRest>, workspace required: 65945600, provided ptr: 0x73e86aefc000 size: 18956288
MIOpen(HIP): Warning [IsEnoughWorkspace] [GetSolutionsFallback AI] Solver <ConvHipImplicitGemmGroupFwdXdlops>, workspace required: 18857984, provided ptr: 0x73e86b7f8000 size: 18841600
MIOpen(HIP): Warning [IsEnoughWorkspace] [GetSolutionsFallback AI] Solver <GemmFwdRest>, workspace required: 98918400, provided ptr: 0x73e86c0f4000 size: 28291072
MIOpen(HIP): Warning [IsEnoughWorkspace] [GetSolutionsFallback AI] Solver <ConvHipImplicitGemmGroupFwdXdlops>, workspace required: 28266496, provided ptr: 0x73e86ce6e000 size: 28262400
MIOpen(HIP): Warning [IsEnoughWorkspace] [GetSolutionsFallback AI] Solver <ConvHipImplicitGemmGroupFwdXdlops>, workspace required: 14573824, provided ptr: 0x73e913cc0000 size: 14132224
MIOpen(HIP): Warning [IsEnoughWorkspace] [GetSolutionsFallback AI] Solver <GemmFwdRest>, workspace required: 98918400, provided ptr: 0x73e913cc0000 size: 14132224
MIOpen(HIP): Warning [IsEnoughWorkspace] [GetSolutionsFallback AI] Solver <ConvHipImplicitGemmGroupFwdXdlops>, workspace required: 9050112, provided ptr: 0x73e780cc0000 size: 2394112
MIOpen(HIP): Warning [IsEnoughWorkspace] [GetSolutionsFallback AI] Solver <ConvAsmImplicitGemmGTCDynamicFwdXdlopsNHWC>, workspace required: 9050112, provided ptr: 0x73e780cc0000 size: 2394112
MIOpen(HIP): Warning [IsEnoughWorkspace] [GetSolutionsFallback WTI] Solver <ConvAsmImplicitGemmGTCDynamicBwdXdlopsNHWC>, workspace required: 40394752, provided ptr: 0x73e913cc0000 size: 10944512
MIOpen(HIP): Warning [IsEnoughWorkspace] [GetSolutionsFallback WTI] Solver <ConvHipImplicitGemmGroupBwdXdlops>, workspace required: 40394752, provided ptr: 0x73e913cc0000 size: 10944512
MIOpen(HIP): Warning [IsEnoughWorkspace] [GetSolutionsFallback AI] Solver <GemmFwdRest>, workspace required: 38305792, provided ptr: 0x73e86a600000 size: 18284544
MIOpen(HIP): Warning [IsEnoughWorkspace] [GetSolutionsFallback AI] Solver <GemmFwdRest>, workspace required: 95764480, provided ptr: 0x73e86b30c000 size: 29196288
MIOpen(HIP): Warning [IsEnoughWorkspace] [GetSolutionsFallback AI] Solver <ConvHipImplicitGemmGroupFwdXdlops>, workspace required: 27623424, provided ptr: 0x73e86c018000 size: 27361280
MIOpen(HIP): Warning [IsEnoughWorkspace] [GetSolutionsFallback AI] Solver <GemmFwdRest>, workspace required: 191528960, provided ptr: 0x73e872c18000 size: 55181312
MIOpen(HIP): Warning [IsEnoughWorkspace] [GetSolutionsFallback AI] Solver <ConvHipImplicitGemmGroupFwdXdlops>, workspace required: 54788096, provided ptr: 0x73e874630000 size: 54722560
MIOpen(HIP): Warning [IsEnoughWorkspace] [GetSolutionsFallback WTI] Solver <ConvAsmImplicitGemmGTCDynamicBwdXdlopsNHWC>, workspace required: 54853632, provided ptr: 0x73e872c18000 size: 54722560
MIOpen(HIP): Warning [IsEnoughWorkspace] [GetSolutionsFallback WTI] Solver <ConvHipImplicitGemmGroupBwdXdlops>, workspace required: 54853632, provided ptr: 0x73e872c18000 size: 54722560
MIOpen(HIP): Warning [IsEnoughWorkspace] [GetSolutionsFallback AI] Solver <GemmFwdRest>, workspace required: 191528960, provided ptr: 0x73e874630000 size: 54837248
MIOpen(HIP): Warning [IsEnoughWorkspace] [GetSolutionsFallback AI] Solver <ConvHipImplicitGemmGroupFwdXdlops>, workspace required: 54738944, provided ptr: 0x73e876048000 size: 54722560
MIOpen(HIP): Warning [IsEnoughWorkspace] [GetSolutionsFallback AI] Solver <GemmFwdRest>, workspace required: 287293440, provided ptr: 0x73e876048000 size: 82112512
MIOpen(HIP): Warning [IsEnoughWorkspace] [GetSolutionsFallback AI] Solver <ConvHipImplicitGemmGroupFwdXdlops>, workspace required: 82087936, provided ptr: 0x73e87876c000 size: 82083840
MIOpen(HIP): Warning [IsEnoughWorkspace] [GetSolutionsFallback AI] Solver <ConvHipImplicitGemmGroupFwdXdlops>, workspace required: 42325504, provided ptr: 0x73e86a600000 size: 41042944
MIOpen(HIP): Warning [IsEnoughWorkspace] [GetSolutionsFallback AI] Solver <GemmFwdRest>, workspace required: 287293440, provided ptr: 0x73e86a600000 size: 41042944
MIOpen(HIP): Warning [IsEnoughWorkspace] [GetSolutionsFallback AI] Solver <ConvHipImplicitGemmGroupFwdXdlops>, workspace required: 8338432, provided ptr: 0x73e781c80000 size: 1397760
MIOpen(HIP): Warning [IsEnoughWorkspace] [GetSolutionsFallback AI] Solver <ConvAsmImplicitGemmGTCDynamicFwdXdlopsNHWC>, workspace required: 8338432, provided ptr: 0x73e781c80000 size: 1397760
MIOpen(HIP): Warning [IsEnoughWorkspace] [GetSolutionsFallback WTI] Solver <ConvAsmImplicitGemmGTCDynamicBwdXdlopsNHWC>, workspace required: 37548032, provided ptr: 0x73e845c00000 size: 6389760
MIOpen(HIP): Warning [IsEnoughWorkspace] [GetSolutionsFallback WTI] Solver <ConvHipImplicitGemmGroupBwdXdlops>, workspace required: 37548032, provided ptr: 0x73e845c00000 size: 6389760
MIOpen(HIP): Warning [IsEnoughWorkspace] [GetSolutionsFallback AI] Solver <GemmFwdRest>, workspace required: 22364160, provided ptr: 0x73e913cc0000 size: 13729792
MIOpen(HIP): Warning [IsEnoughWorkspace] [GetSolutionsFallback WTI] Solver <ConvAsmImplicitGemmGTCDynamicBwdXdlopsNHWC>, workspace required: 16424960, provided ptr: 0x73e913cc0000 size: 15974400
MIOpen(HIP): Warning [IsEnoughWorkspace] [GetSolutionsFallback WTI] Solver <ConvHipImplicitGemmGroupBwdXdlops>, workspace required: 16424960, provided ptr: 0x73e913cc0000 size: 15974400
MIOpen(HIP): Warning [IsEnoughWorkspace] [GetSolutionsFallback AI] Solver <GemmFwdRest>, workspace required: 55910400, provided ptr: 0x73e86a600000 size: 17809408
MIOpen(HIP): Warning [IsEnoughWorkspace] [GetSolutionsFallback AI] Solver <ConvAsmImplicitGemmGTCDynamicFwdXdlopsNHWC>, workspace required: 15974400, provided ptr: 0 size: 0
MIOpen(HIP): Warning [IsEnoughWorkspace] [GetSolutionsFallback AI] Solver <ConvHipImplicitGemmGroupFwdXdlops>, workspace required: 16236544, provided ptr: 0 size: 0
MIOpen(HIP): Warning [IsEnoughWorkspace] [GetSolutionsFallback AI] Solver <GemmFwdRest>, workspace required: 111820800, provided ptr: 0x73e871200000 size: 32407552
MIOpen(HIP): Warning [IsEnoughWorkspace] [GetSolutionsFallback AI] Solver <ConvHipImplicitGemmGroupFwdXdlops>, workspace required: 32014336, provided ptr: 0x73e871200000 size: 31948800
MIOpen(HIP): Warning [IsEnoughWorkspace] [GetSolutionsFallback WTI] Solver <ConvAsmImplicitGemmGTCDynamicBwdXdlopsNHWC>, workspace required: 32079872, provided ptr: 0x73e86c478000 size: 31948800
MIOpen(HIP): Warning [IsEnoughWorkspace] [GetSolutionsFallback WTI] Solver <ConvHipImplicitGemmGroupBwdXdlops>, workspace required: 32079872, provided ptr: 0x73e86c478000 size: 31948800
MIOpen(HIP): Warning [IsEnoughWorkspace] [GetSolutionsFallback AI] Solver <GemmFwdRest>, workspace required: 111820800, provided ptr: 0x73e871200000 size: 32063488
MIOpen(HIP): Warning [IsEnoughWorkspace] [GetSolutionsFallback AI] Solver <ConvHipImplicitGemmGroupFwdXdlops>, workspace required: 31965184, provided ptr: 0x73e871200000 size: 31948800
MIOpen(HIP): Warning [IsEnoughWorkspace] [GetSolutionsFallback AI] Solver <GemmFwdRest>, workspace required: 167731200, provided ptr: 0x73e8728da000 size: 47951872
MIOpen(HIP): Warning [IsEnoughWorkspace] [GetSolutionsFallback AI] Solver <ConvHipImplicitGemmGroupFwdXdlops>, workspace required: 47927296, provided ptr: 0x73e873fb4000 size: 47923200
MIOpen(HIP): Warning [IsEnoughWorkspace] [GetSolutionsFallback AI] Solver <ConvHipImplicitGemmGroupFwdXdlops>, workspace required: 24711424, provided ptr: 0x73e86bcda000 size: 23962624
MIOpen(HIP): Warning [IsEnoughWorkspace] [GetSolutionsFallback AI] Solver <GemmFwdRest>, workspace required: 167731200, provided ptr: 0x73e86bcda000 size: 23962624
MIOpen(HIP): Warning [IsEnoughWorkspace] [GetSolutionsFallback AI] Solver <ConvHipImplicitGemmGroupFwdXdlops>, workspace required: 8256512, provided ptr: 0x73e781c80000 size: 1283072
MIOpen(HIP): Warning [IsEnoughWorkspace] [GetSolutionsFallback AI] Solver <ConvAsmImplicitGemmGTCDynamicFwdXdlopsNHWC>, workspace required: 8256512, provided ptr: 0x73e781c80000 size: 1283072
MIOpen(HIP): Warning [IsEnoughWorkspace] [GetSolutionsFallback WTI] Solver <ConvAsmImplicitGemmGTCDynamicBwdXdlopsNHWC>, workspace required: 37220352, provided ptr: 0x73e845c00000 size: 5865472
MIOpen(HIP): Warning [IsEnoughWorkspace] [GetSolutionsFallback WTI] Solver <ConvHipImplicitGemmGroupBwdXdlops>, workspace required: 37220352, provided ptr: 0x73e845c00000 size: 5865472
MIOpen(HIP): Warning [IsEnoughWorkspace] [GetSolutionsFallback AI] Solver <GemmFwdRest>, workspace required: 20529152, provided ptr: 0x73e913cc0000 size: 13205504
MIOpen(HIP): Warning [IsEnoughWorkspace] [GetSolutionsFallback WTI] Solver <ConvAsmImplicitGemmGTCDynamicBwdXdlopsNHWC>, workspace required: 15507456, provided ptr: 0x73e913cc0000 size: 14663680
MIOpen(HIP): Warning [IsEnoughWorkspace] [GetSolutionsFallback WTI] Solver <ConvHipImplicitGemmGroupBwdXdlops>, workspace required: 15507456, provided ptr: 0x73e913cc0000 size: 14663680
MIOpen(HIP): Warning [IsEnoughWorkspace] [GetSolutionsFallback AI] Solver <GemmFwdRest>, workspace required: 51322880, provided ptr: 0x73e86a600000 size: 16498688
MIOpen(HIP): Warning [IsEnoughWorkspace] [GetSolutionsFallback AI] Solver <ConvAsmImplicitGemmGTCDynamicFwdXdlopsNHWC>, workspace required: 14663680, provided ptr: 0 size: 0
MIOpen(HIP): Warning [IsEnoughWorkspace] [GetSolutionsFallback AI] Solver <ConvHipImplicitGemmGroupFwdXdlops>, workspace required: 14925824, provided ptr: 0 size: 0
MIOpen(HIP): Warning [IsEnoughWorkspace] [GetSolutionsFallback AI] Solver <GemmFwdRest>, workspace required: 102645760, provided ptr: 0x73e86b3fc000 size: 29786112
MIOpen(HIP): Warning [IsEnoughWorkspace] [GetSolutionsFallback AI] Solver <ConvHipImplicitGemmGroupFwdXdlops>, workspace required: 29392896, provided ptr: 0x73e86c1f8000 size: 29327360
MIOpen(HIP): Warning [IsEnoughWorkspace] [GetSolutionsFallback WTI] Solver <ConvAsmImplicitGemmGTCDynamicBwdXdlopsNHWC>, workspace required: 29458432, provided ptr: 0x73e86b3fc000 size: 29327360
MIOpen(HIP): Warning [IsEnoughWorkspace] [GetSolutionsFallback WTI] Solver <ConvHipImplicitGemmGroupBwdXdlops>, workspace required: 29458432, provided ptr: 0x73e86b3fc000 size: 29327360
MIOpen(HIP): Warning [IsEnoughWorkspace] [GetSolutionsFallback AI] Solver <GemmFwdRest>, workspace required: 102645760, provided ptr: 0x73e86c1f8000 size: 29442048
MIOpen(HIP): Warning [IsEnoughWorkspace] [GetSolutionsFallback AI] Solver <ConvHipImplicitGemmGroupFwdXdlops>, workspace required: 29343744, provided ptr: 0x73e86cff4000 size: 29327360
MIOpen(HIP): Warning [IsEnoughWorkspace] [GetSolutionsFallback AI] Solver <GemmFwdRest>, workspace required: 153968640, provided ptr: 0x73e871200000 size: 44019712
MIOpen(HIP): Warning [IsEnoughWorkspace] [GetSolutionsFallback AI] Solver <ConvHipImplicitGemmGroupFwdXdlops>, workspace required: 43995136, provided ptr: 0x73e8726fa000 size: 43991040
MIOpen(HIP): Warning [IsEnoughWorkspace] [GetSolutionsFallback AI] Solver <ConvHipImplicitGemmGroupFwdXdlops>, workspace required: 22683904, provided ptr: 0x73e86a600000 size: 21996544
MIOpen(HIP): Warning [IsEnoughWorkspace] [GetSolutionsFallback AI] Solver <GemmFwdRest>, workspace required: 153968640, provided ptr: 0x73e86a600000 size: 21996544
MIOpen(HIP): Warning [IsEnoughWorkspace] [GetSolutionsFallback AI] Solver <ConvHipImplicitGemmGroupFwdXdlops>, workspace required: 8000512, provided ptr: 0x73e7e9e00000 size: 924672
MIOpen(HIP): Warning [IsEnoughWorkspace] [GetSolutionsFallback AI] Solver <ConvAsmImplicitGemmGTCDynamicFwdXdlopsNHWC>, workspace required: 8000512, provided ptr: 0x73e7e9e00000 size: 924672
MIOpen(HIP): Warning [IsEnoughWorkspace] [GetSolutionsFallback WTI] Solver <ConvAsmImplicitGemmGTCDynamicBwdXdlopsNHWC>, workspace required: 36196352, provided ptr: 0x73e784400000 size: 4227072
MIOpen(HIP): Warning [IsEnoughWorkspace] [GetSolutionsFallback WTI] Solver <ConvHipImplicitGemmGroupBwdXdlops>, workspace required: 36196352, provided ptr: 0x73e784400000 size: 4227072
MIOpen(HIP): Warning [IsEnoughWorkspace] [GetSolutionsFallback AI] Solver <GemmFwdRest>, workspace required: 14794752, provided ptr: 0x73e845c00000 size: 11567104
MIOpen(HIP): Warning [IsEnoughWorkspace] [GetSolutionsFallback WTI] Solver <ConvAsmImplicitGemmGTCDynamicBwdXdlopsNHWC>, workspace required: 12640256, provided ptr: 0x73e913cc0000 size: 10567680
MIOpen(HIP): Warning [IsEnoughWorkspace] [GetSolutionsFallback WTI] Solver <ConvHipImplicitGemmGroupBwdXdlops>, workspace required: 12640256, provided ptr: 0x73e913cc0000 size: 10567680
MIOpen(HIP): Warning [IsEnoughWorkspace] [GetSolutionsFallback AI] Solver <GemmFwdRest>, workspace required: 36986880, provided ptr: 0x73e9141ca000 size: 12402688
MIOpen(HIP): Warning [IsEnoughWorkspace] [GetSolutionsFallback AI] Solver <ConvHipImplicitGemmGroupFwdXdlops>, workspace required: 10829824, provided ptr: 0x73e9146d4000 size: 10567680
MIOpen(HIP): Warning [IsEnoughWorkspace] [GetSolutionsFallback AI] Solver <GemmFwdRest>, workspace required: 73973760, provided ptr: 0x73e86b014000 size: 21594112
MIOpen(HIP): Warning [IsEnoughWorkspace] [GetSolutionsFallback AI] Solver <ConvHipImplicitGemmGroupFwdXdlops>, workspace required: 21200896, provided ptr: 0x73e86ba28000 size: 21135360
MIOpen(HIP): Warning [IsEnoughWorkspace] [GetSolutionsFallback WTI] Solver <ConvAsmImplicitGemmGTCDynamicBwdXdlopsNHWC>, workspace required: 21266432, provided ptr: 0x73e86b014000 size: 21135360
MIOpen(HIP): Warning [IsEnoughWorkspace] [GetSolutionsFallback WTI] Solver <ConvHipImplicitGemmGroupBwdXdlops>, workspace required: 21266432, provided ptr: 0x73e86b014000 size: 21135360
MIOpen(HIP): Warning [IsEnoughWorkspace] [GetSolutionsFallback AI] Solver <GemmFwdRest>, workspace required: 73973760, provided ptr: 0x73e86b014000 size: 21250048
MIOpen(HIP): Warning [IsEnoughWorkspace] [GetSolutionsFallback AI] Solver <ConvHipImplicitGemmGroupFwdXdlops>, workspace required: 21151744, provided ptr: 0x73e86ba28000 size: 21135360
MIOpen(HIP): Warning [IsEnoughWorkspace] [GetSolutionsFallback AI] Solver <GemmFwdRest>, workspace required: 110960640, provided ptr: 0x73e86d35a000 size: 31731712
MIOpen(HIP): Warning [IsEnoughWorkspace] [GetSolutionsFallback AI] Solver <ConvHipImplicitGemmGroupFwdXdlops>, workspace required: 31707136, provided ptr: 0x73e871200000 size: 31703040
MIOpen(HIP): Warning [IsEnoughWorkspace] [GetSolutionsFallback AI] Solver <ConvHipImplicitGemmGroupFwdXdlops>, workspace required: 16347904, provided ptr: 0x73e86a600000 size: 15852544
MIOpen(HIP): Warning [IsEnoughWorkspace] [GetSolutionsFallback AI] Solver <GemmFwdRest>, workspace required: 110960640, provided ptr: 0x73e86a600000 size: 15852544
MIOpen(HIP): Warning [IsEnoughWorkspace] [GetSolutionsFallback AI] Solver <ConvHipImplicitGemmGroupFwdXdlops>, workspace required: 8753152, provided ptr: 0x73e780cc0000 size: 1978368
MIOpen(HIP): Warning [IsEnoughWorkspace] [GetSolutionsFallback AI] Solver <ConvAsmImplicitGemmGTCDynamicFwdXdlopsNHWC>, workspace required: 8753152, provided ptr: 0x73e780cc0000 size: 1978368
MIOpen(HIP): Warning [IsEnoughWorkspace] [GetSolutionsFallback WTI] Solver <ConvAsmImplicitGemmGTCDynamicBwdXdlopsNHWC>, workspace required: 39206912, provided ptr: 0x73e845c00000 size: 9043968
MIOpen(HIP): Warning [IsEnoughWorkspace] [GetSolutionsFallback WTI] Solver <ConvHipImplicitGemmGroupBwdXdlops>, workspace required: 39206912, provided ptr: 0x73e845c00000 size: 9043968
MIOpen(HIP): Warning [IsEnoughWorkspace] [GetSolutionsFallback AI] Solver <GemmFwdRest>, workspace required: 31653888, provided ptr: 0x73e913cc0000 size: 16384000
MIOpen(HIP): Warning [IsEnoughWorkspace] [GetSolutionsFallback AI] Solver <GemmFwdRest>, workspace required: 79134720, provided ptr: 0x73e86bb90000 size: 24444928
MIOpen(HIP): Warning [IsEnoughWorkspace] [GetSolutionsFallback AI] Solver <ConvHipImplicitGemmGroupFwdXdlops>, workspace required: 22872064, provided ptr: 0x73e86c658000 size: 22609920
MIOpen(HIP): Warning [IsEnoughWorkspace] [GetSolutionsFallback AI] Solver <GemmFwdRest>, workspace required: 158269440, provided ptr: 0x73e871200000 size: 45678592
MIOpen(HIP): Warning [IsEnoughWorkspace] [GetSolutionsFallback AI] Solver <ConvHipImplicitGemmGroupFwdXdlops>, workspace required: 45285376, provided ptr: 0x73e872790000 size: 45219840
MIOpen(HIP): Warning [IsEnoughWorkspace] [GetSolutionsFallback WTI] Solver <ConvAsmImplicitGemmGTCDynamicBwdXdlopsNHWC>, workspace required: 45350912, provided ptr: 0x73e871200000 size: 45219840
MIOpen(HIP): Warning [IsEnoughWorkspace] [GetSolutionsFallback WTI] Solver <ConvHipImplicitGemmGroupBwdXdlops>, workspace required: 45350912, provided ptr: 0x73e871200000 size: 45219840
MIOpen(HIP): Warning [IsEnoughWorkspace] [GetSolutionsFallback AI] Solver <GemmFwdRest>, workspace required: 158269440, provided ptr: 0x73e872790000 size: 45334528
MIOpen(HIP): Warning [IsEnoughWorkspace] [GetSolutionsFallback AI] Solver <ConvHipImplicitGemmGroupFwdXdlops>, workspace required: 45236224, provided ptr: 0x73e873d20000 size: 45219840
MIOpen(HIP): Warning [IsEnoughWorkspace] [GetSolutionsFallback AI] Solver <GemmFwdRest>, workspace required: 237404160, provided ptr: 0x73e876840000 size: 67858432
MIOpen(HIP): Warning [IsEnoughWorkspace] [GetSolutionsFallback AI] Solver <ConvHipImplicitGemmGroupFwdXdlops>, workspace required: 67833856, provided ptr: 0x73e878898000 size: 67829760
MIOpen(HIP): Warning [IsEnoughWorkspace] [GetSolutionsFallback AI] Solver <ConvHipImplicitGemmGroupFwdXdlops>, workspace required: 34975744, provided ptr: 0x73e86c658000 size: 33915904
MIOpen(HIP): Warning [IsEnoughWorkspace] [GetSolutionsFallback AI] Solver <GemmFwdRest>, workspace required: 237404160, provided ptr: 0x73e86c658000 size: 33915904
MIOpen(HIP): Warning [IsEnoughWorkspace] [GetSolutionsFallback AI] Solver <ConvHipImplicitGemmGroupFwdXdlops>, workspace required: 8471552, provided ptr: 0x73e780cc0000 size: 1584128
MIOpen(HIP): Warning [IsEnoughWorkspace] [GetSolutionsFallback AI] Solver <ConvAsmImplicitGemmGTCDynamicFwdXdlopsNHWC>, workspace required: 8471552, provided ptr: 0x73e780cc0000 size: 1584128
MIOpen(HIP): Warning [IsEnoughWorkspace] [GetSolutionsFallback WTI] Solver <ConvAsmImplicitGemmGTCDynamicBwdXdlopsNHWC>, workspace required: 38080512, provided ptr: 0x73e845c00000 size: 7241728
MIOpen(HIP): Warning [IsEnoughWorkspace] [GetSolutionsFallback WTI] Solver <ConvHipImplicitGemmGroupBwdXdlops>, workspace required: 38080512, provided ptr: 0x73e845c00000 size: 7241728
MIOpen(HIP): Warning [IsEnoughWorkspace] [GetSolutionsFallback AI] Solver <GemmFwdRest>, workspace required: 25346048, provided ptr: 0x73e913cc0000 size: 14581760
MIOpen(HIP): Warning [IsEnoughWorkspace] [GetSolutionsFallback AI] Solver <GemmFwdRest>, workspace required: 63365120, provided ptr: 0x73e86aea2000 size: 19939328
MIOpen(HIP): Warning [IsEnoughWorkspace] [GetSolutionsFallback AI] Solver <ConvHipImplicitGemmGroupFwdXdlops>, workspace required: 18366464, provided ptr: 0x73e86b744000 size: 18104320
MIOpen(HIP): Warning [IsEnoughWorkspace] [GetSolutionsFallback AI] Solver <GemmFwdRest>, workspace required: 126730240, provided ptr: 0x73e871200000 size: 36667392
MIOpen(HIP): Warning [IsEnoughWorkspace] [GetSolutionsFallback AI] Solver <ConvHipImplicitGemmGroupFwdXdlops>, workspace required: 36274176, provided ptr: 0x73e871200000 size: 36208640
MIOpen(HIP): Warning [IsEnoughWorkspace] [GetSolutionsFallback WTI] Solver <ConvAsmImplicitGemmGTCDynamicBwdXdlopsNHWC>, workspace required: 36339712, provided ptr: 0x73e871200000 size: 36208640
MIOpen(HIP): Warning [IsEnoughWorkspace] [GetSolutionsFallback WTI] Solver <ConvHipImplicitGemmGroupBwdXdlops>, workspace required: 36339712, provided ptr: 0x73e871200000 size: 36208640
MIOpen(HIP): Warning [IsEnoughWorkspace] [GetSolutionsFallback AI] Solver <GemmFwdRest>, workspace required: 126730240, provided ptr: 0x73e871200000 size: 36323328
MIOpen(HIP): Warning [IsEnoughWorkspace] [GetSolutionsFallback AI] Solver <ConvHipImplicitGemmGroupFwdXdlops>, workspace required: 36225024, provided ptr: 0x73e872344000 size: 36208640
MIOpen(HIP): Warning [IsEnoughWorkspace] [GetSolutionsFallback AI] Solver <GemmFwdRest>, workspace required: 190095360, provided ptr: 0x73e872be6000 size: 54341632
MIOpen(HIP): Warning [IsEnoughWorkspace] [GetSolutionsFallback AI] Solver <ConvHipImplicitGemmGroupFwdXdlops>, workspace required: 54317056, provided ptr: 0x73e8745cc000 size: 54312960
MIOpen(HIP): Warning [IsEnoughWorkspace] [GetSolutionsFallback AI] Solver <ConvHipImplicitGemmGroupFwdXdlops>, workspace required: 28006144, provided ptr: 0x73e86bfe6000 size: 27157504
MIOpen(HIP): Warning [IsEnoughWorkspace] [GetSolutionsFallback AI] Solver <GemmFwdRest>, workspace required: 190095360, provided ptr: 0x73e86bfe6000 size: 27157504
MIOpen(HIP): Warning [IsEnoughWorkspace] [GetSolutionsFallback AI] Solver <ConvHipImplicitGemmGroupFwdXdlops>, workspace required: 8717312, provided ptr: 0x73e780cc0000 size: 1928192
MIOpen(HIP): Warning [IsEnoughWorkspace] [GetSolutionsFallback AI] Solver <ConvAsmImplicitGemmGTCDynamicFwdXdlopsNHWC>, workspace required: 8717312, provided ptr: 0x73e780cc0000 size: 1928192
MIOpen(HIP): Warning [IsEnoughWorkspace] [GetSolutionsFallback WTI] Solver <ConvAsmImplicitGemmGTCDynamicBwdXdlopsNHWC>, workspace required: 39063552, provided ptr: 0x73e845c00000 size: 8814592
MIOpen(HIP): Warning [IsEnoughWorkspace] [GetSolutionsFallback WTI] Solver <ConvHipImplicitGemmGroupBwdXdlops>, workspace required: 39063552, provided ptr: 0x73e845c00000 size: 8814592
MIOpen(HIP): Warning [IsEnoughWorkspace] [GetSolutionsFallback AI] Solver <GemmFwdRest>, workspace required: 30851072, provided ptr: 0x73e913cc0000 size: 16154624
MIOpen(HIP): Warning [IsEnoughWorkspace] [GetSolutionsFallback AI] Solver <GemmFwdRest>, workspace required: 77127680, provided ptr: 0x73e86b082000 size: 23871488
MIOpen(HIP): Warning [IsEnoughWorkspace] [GetSolutionsFallback AI] Solver <ConvHipImplicitGemmGroupFwdXdlops>, workspace required: 22298624, provided ptr: 0x73e86bb04000 size: 22036480
MIOpen(HIP): Warning [IsEnoughWorkspace] [GetSolutionsFallback AI] Solver <GemmFwdRest>, workspace required: 154255360, provided ptr: 0x73e871200000 size: 44531712
MIOpen(HIP): Warning [IsEnoughWorkspace] [GetSolutionsFallback AI] Solver <ConvHipImplicitGemmGroupFwdXdlops>, workspace required: 44138496, provided ptr: 0x73e871200000 size: 44072960
MIOpen(HIP): Warning [IsEnoughWorkspace] [GetSolutionsFallback WTI] Solver <ConvAsmImplicitGemmGTCDynamicBwdXdlopsNHWC>, workspace required: 44204032, provided ptr: 0x73e871200000 size: 44072960
MIOpen(HIP): Warning [IsEnoughWorkspace] [GetSolutionsFallback WTI] Solver <ConvHipImplicitGemmGroupBwdXdlops>, workspace required: 44204032, provided ptr: 0x73e871200000 size: 44072960
MIOpen(HIP): Warning [IsEnoughWorkspace] [GetSolutionsFallback AI] Solver <GemmFwdRest>, workspace required: 154255360, provided ptr: 0x73e871200000 size: 44187648
MIOpen(HIP): Warning [IsEnoughWorkspace] [GetSolutionsFallback AI] Solver <ConvHipImplicitGemmGroupFwdXdlops>, workspace required: 44089344, provided ptr: 0x73e872704000 size: 44072960
MIOpen(HIP): Warning [IsEnoughWorkspace] [GetSolutionsFallback AI] Solver <GemmFwdRest>, workspace required: 231383040, provided ptr: 0x73e87510c000 size: 66138112
MIOpen(HIP): Warning [IsEnoughWorkspace] [GetSolutionsFallback AI] Solver <ConvHipImplicitGemmGroupFwdXdlops>, workspace required: 66113536, provided ptr: 0x73e877092000 size: 66109440
MIOpen(HIP): Warning [IsEnoughWorkspace] [GetSolutionsFallback AI] Solver <ConvHipImplicitGemmGroupFwdXdlops>, workspace required: 34088704, provided ptr: 0x73e86c586000 size: 33055744
MIOpen(HIP): Warning [IsEnoughWorkspace] [GetSolutionsFallback AI] Solver <GemmFwdRest>, workspace required: 231383040, provided ptr: 0x73e86c586000 size: 33055744
MIOpen(HIP): Warning [IsEnoughWorkspace] [GetSolutionsFallback AI] Solver <ConvHipImplicitGemmGroupFwdXdlops>, workspace required: 8829952, provided ptr: 0x73e780cc0000 size: 2085888
MIOpen(HIP): Warning [IsEnoughWorkspace] [GetSolutionsFallback AI] Solver <ConvAsmImplicitGemmGTCDynamicFwdXdlopsNHWC>, workspace required: 8829952, provided ptr: 0x73e780cc0000 size: 2085888
MIOpen(HIP): Warning [IsEnoughWorkspace] [GetSolutionsFallback WTI] Solver <ConvAsmImplicitGemmGTCDynamicBwdXdlopsNHWC>, workspace required: 39514112, provided ptr: 0x73e845c00000 size: 9535488
MIOpen(HIP): Warning [IsEnoughWorkspace] [GetSolutionsFallback WTI] Solver <ConvHipImplicitGemmGroupBwdXdlops>, workspace required: 39514112, provided ptr: 0x73e845c00000 size: 9535488
MIOpen(HIP): Warning [IsEnoughWorkspace] [GetSolutionsFallback AI] Solver <GemmFwdRest>, workspace required: 33374208, provided ptr: 0x73e913cc0000 size: 16875520
MIOpen(HIP): Warning [IsEnoughWorkspace] [GetSolutionsFallback AI] Solver <GemmFwdRest>, workspace required: 83435520, provided ptr: 0x73e86bcbc000 size: 25673728
MIOpen(HIP): Warning [IsEnoughWorkspace] [GetSolutionsFallback AI] Solver <ConvHipImplicitGemmGroupFwdXdlops>, workspace required: 24100864, provided ptr: 0x73e86c81a000 size: 23838720
MIOpen(HIP): Warning [IsEnoughWorkspace] [GetSolutionsFallback AI] Solver <GemmFwdRest>, workspace required: 166871040, provided ptr: 0x73e8728bc000 size: 48136192
MIOpen(HIP): Warning [IsEnoughWorkspace] [GetSolutionsFallback AI] Solver <ConvHipImplicitGemmGroupFwdXdlops>, workspace required: 47742976, provided ptr: 0x73e873f78000 size: 47677440
MIOpen(HIP): Warning [IsEnoughWorkspace] [GetSolutionsFallback WTI] Solver <ConvAsmImplicitGemmGTCDynamicBwdXdlopsNHWC>, workspace required: 47808512, provided ptr: 0x73e8728bc000 size: 47677440
MIOpen(HIP): Warning [IsEnoughWorkspace] [GetSolutionsFallback WTI] Solver <ConvHipImplicitGemmGroupBwdXdlops>, workspace required: 47808512, provided ptr: 0x73e8728bc000 size: 47677440
MIOpen(HIP): Warning [IsEnoughWorkspace] [GetSolutionsFallback AI] Solver <GemmFwdRest>, workspace required: 166871040, provided ptr: 0x73e8728bc000 size: 47792128
MIOpen(HIP): Warning [IsEnoughWorkspace] [GetSolutionsFallback AI] Solver <ConvHipImplicitGemmGroupFwdXdlops>, workspace required: 47693824, provided ptr: 0x73e873f78000 size: 47677440
MIOpen(HIP): Warning [IsEnoughWorkspace] [GetSolutionsFallback AI] Solver <GemmFwdRest>, workspace required: 250306560, provided ptr: 0x73e875634000 size: 71544832
MIOpen(HIP): Warning [IsEnoughWorkspace] [GetSolutionsFallback AI] Solver <ConvHipImplicitGemmGroupFwdXdlops>, workspace required: 71520256, provided ptr: 0x73e87784e000 size: 71516160
MIOpen(HIP): Warning [IsEnoughWorkspace] [GetSolutionsFallback AI] Solver <ConvHipImplicitGemmGroupFwdXdlops>, workspace required: 36876544, provided ptr: 0x73e86a600000 size: 35759104
MIOpen(HIP): Warning [IsEnoughWorkspace] [GetSolutionsFallback AI] Solver <GemmFwdRest>, workspace required: 250306560, provided ptr: 0x73e86a600000 size: 35759104
MIOpen(HIP): Warning [IsEnoughWorkspace] [GetSolutionsFallback AI] Solver <ConvHipImplicitGemmGroupFwdXdlops>, workspace required: 7780352, provided ptr: 0x73e8a1b60000 size: 616448
MIOpen(HIP): Warning [IsEnoughWorkspace] [GetSolutionsFallback AI] Solver <ConvAsmImplicitGemmGTCDynamicFwdXdlopsNHWC>, workspace required: 7780352, provided ptr: 0x73e8a1b60000 size: 616448
MIOpen(HIP): Warning [IsEnoughWorkspace] [GetSolutionsFallback WTI] Solver <ConvAsmImplicitGemmGTCDynamicBwdXdlopsNHWC>, workspace required: 35315712, provided ptr: 0x73e780cc0000 size: 2818048
MIOpen(HIP): Warning [IsEnoughWorkspace] [GetSolutionsFallback WTI] Solver <ConvHipImplicitGemmGroupBwdXdlops>, workspace required: 35315712, provided ptr: 0x73e780cc0000 size: 2818048
MIOpen(HIP): Warning [IsEnoughWorkspace] [GetSolutionsFallback AI] Solver <ConvAsmImplicitGemmGTCDynamicFwdXdlopsNHWC>, workspace required: 10158080, provided ptr: 0x73e845c00000 size: 9863168
MIOpen(HIP): Warning [IsEnoughWorkspace] [GetSolutionsFallback AI] Solver <ConvHipImplicitGemmGroupFwdXdlops>, workspace required: 10158080, provided ptr: 0x73e845c00000 size: 9863168
MIOpen(HIP): Warning [IsEnoughWorkspace] [GetSolutionsFallback WTI] Solver <ConvAsmImplicitGemmGTCDynamicFwdXdlopsNHWC>, workspace required: 10158080, provided ptr: 0x73e845c00000 size: 9863168
MIOpen(HIP): Warning [IsEnoughWorkspace] [GetSolutionsFallback WTI] Solver <ConvHipImplicitGemmGroupFwdXdlops>, workspace required: 10158080, provided ptr: 0x73e845c00000 size: 9863168
MIOpen(HIP): Warning [IsEnoughWorkspace] [GetSolutionsFallback WTI] Solver <ConvAsmImplicitGemmGTCDynamicFwdXdlopsNHWC>, workspace required: 10158080, provided ptr: 0x73e845c00000 size: 9863168
MIOpen(HIP): Warning [IsEnoughWorkspace] [GetSolutionsFallback WTI] Solver <ConvHipImplicitGemmGroupFwdXdlops>, workspace required: 10158080, provided ptr: 0x73e845c00000 size: 9863168
MIOpen(HIP): Warning [IsEnoughWorkspace] [GetSolutionsFallback WTI] Solver <ConvAsmImplicitGemmGTCDynamicBwdXdlopsNHWC>, workspace required: 10174464, provided ptr: 0x73e845c00000 size: 7045120
MIOpen(HIP): Warning [IsEnoughWorkspace] [GetSolutionsFallback WTI] Solver <ConvHipImplicitGemmGroupBwdXdlops>, workspace required: 10174464, provided ptr: 0x73e845c00000 size: 7045120
MIOpen(HIP): Warning [IsEnoughWorkspace] [GetSolutionsFallback AI] Solver <GemmFwdRest>, workspace required: 24657920, provided ptr: 0x73e913cc0000 size: 8880128
MIOpen(HIP): Warning [IsEnoughWorkspace] [GetSolutionsFallback AI] Solver <ConvHipImplicitGemmGroupFwdXdlops>, workspace required: 7307264, provided ptr: 0x73e913cc0000 size: 7045120
MIOpen(HIP): Warning [IsEnoughWorkspace] [GetSolutionsFallback AI] Solver <GemmFwdRest>, workspace required: 49315840, provided ptr: 0x73e86a600000 size: 14548992
MIOpen(HIP): Warning [IsEnoughWorkspace] [GetSolutionsFallback AI] Solver <ConvHipImplicitGemmGroupFwdXdlops>, workspace required: 14155776, provided ptr: 0x73e86a600000 size: 14090240
MIOpen(HIP): Warning [IsEnoughWorkspace] [GetSolutionsFallback WTI] Solver <ConvAsmImplicitGemmGTCDynamicBwdXdlopsNHWC>, workspace required: 14221312, provided ptr: 0x73e914378000 size: 14090240
MIOpen(HIP): Warning [IsEnoughWorkspace] [GetSolutionsFallback WTI] Solver <ConvHipImplicitGemmGroupBwdXdlops>, workspace required: 14221312, provided ptr: 0x73e914378000 size: 14090240
MIOpen(HIP): Warning [IsEnoughWorkspace] [GetSolutionsFallback AI] Solver <GemmFwdRest>, workspace required: 49315840, provided ptr: 0x73e86a600000 size: 14204928
MIOpen(HIP): Warning [IsEnoughWorkspace] [GetSolutionsFallback AI] Solver <ConvHipImplicitGemmGroupFwdXdlops>, workspace required: 14106624, provided ptr: 0x73e86a600000 size: 14090240
MIOpen(HIP): Warning [IsEnoughWorkspace] [GetSolutionsFallback AI] Solver <GemmFwdRest>, workspace required: 73973760, provided ptr: 0x73e86ba28000 size: 21164032
MIOpen(HIP): Warning [IsEnoughWorkspace] [GetSolutionsFallback AI] Solver <ConvHipImplicitGemmGroupFwdXdlops>, workspace required: 21139456, provided ptr: 0x73e86c43c000 size: 21135360
MIOpen(HIP): Warning [IsEnoughWorkspace] [GetSolutionsFallback AI] Solver <ConvHipImplicitGemmGroupFwdXdlops>, workspace required: 10898944, provided ptr: 0x73e845c00000 size: 10568704
MIOpen(HIP): Warning [IsEnoughWorkspace] [GetSolutionsFallback AI] Solver <GemmFwdRest>, workspace required: 73973760, provided ptr: 0x73e845c00000 size: 10568704
[0;36m(APIServer pid=73252)[0;0m [32mINFO[0m [90m10-07 15:27:35[0m [90m[stats.py:902][0m [OmniTiming] req=speech-962200de3784c617-bc5eabee total=8.99s engine=8.99s stages=[0:8.99s]
INFO:     127.0.0.1:34026 - "POST /v1/audio/speech HTTP/1.1" 200 OK
[0;36m(APIServer pid=73252)[0;0m [32mINFO[0m [90m10-07 15:27:35[0m [90m[serving_speech.py:2423][0m Diffusion TTS speech request speech-bed615a672a60607: voice_clone=False
[0;36m(APIServer pid=73252)[0;0m [32mINFO[0m [90m10-07 15:27:35[0m [90m[serving_speech.py:2471][0m Applied diffusion speech params: seed=42 extra_params={}
[0;36m(APIServer pid=73252)[0;0m [32mINFO[0m [90m10-07 15:27:35[0m [90m[diffusion_engine.py:764][0m [RequestBatch] admission wait done waiting=1 max_batch=8 waited_ms=2.1
MIOpen(HIP): Warning [IsEnoughWorkspace] [GetSolutionsFallback AI] Solver <ConvHipImplicitGemmGroupFwdXdlops>, workspace required: 8210432, provided ptr: 0x73e781c80000 size: 1218560
MIOpen(HIP): Warning [IsEnoughWorkspace] [GetSolutionsFallback AI] Solver <ConvAsmImplicitGemmGTCDynamicFwdXdlopsNHWC>, workspace required: 8210432, provided ptr: 0x73e781c80000 size: 1218560
MIOpen(HIP): Warning [IsEnoughWorkspace] [GetSolutionsFallback WTI] Solver <ConvAsmImplicitGemmGTCDynamicBwdXdlopsNHWC>, workspace required: 37036032, provided ptr: 0x73e845c00000 size: 5570560
MIOpen(HIP): Warning [IsEnoughWorkspace] [GetSolutionsFallback WTI] Solver <ConvHipImplicitGemmGroupBwdXdlops>, workspace required: 37036032, provided ptr: 0x73e845c00000 size: 5570560
MIOpen(HIP): Warning [IsEnoughWorkspace] [GetSolutionsFallback AI] Solver <GemmFwdRest>, workspace required: 19496960, provided ptr: 0x73e913cc0000 size: 12910592
MIOpen(HIP): Warning [IsEnoughWorkspace] [GetSolutionsFallback WTI] Solver <ConvAsmImplicitGemmGTCDynamicBwdXdlopsNHWC>, workspace required: 14991360, provided ptr: 0x73e913cc0000 size: 13926400
MIOpen(HIP): Warning [IsEnoughWorkspace] [GetSolutionsFallback WTI] Solver <ConvHipImplicitGemmGroupBwdXdlops>, workspace required: 14991360, provided ptr: 0x73e913cc0000 size: 13926400
MIOpen(HIP): Warning [IsEnoughWorkspace] [GetSolutionsFallback AI] Solver <GemmFwdRest>, workspace required: 48742400, provided ptr: 0x73e86a600000 size: 15761408
MIOpen(HIP): Warning [IsEnoughWorkspace] [GetSolutionsFallback AI] Solver <ConvAsmImplicitGemmGTCDynamicFwdXdlopsNHWC>, workspace required: 13926400, provided ptr: 0 size: 0
MIOpen(HIP): Warning [IsEnoughWorkspace] [GetSolutionsFallback AI] Solver <ConvHipImplicitGemmGroupFwdXdlops>, workspace required: 14188544, provided ptr: 0 size: 0
MIOpen(HIP): Warning [IsEnoughWorkspace] [GetSolutionsFallback AI] Solver <GemmFwdRest>, workspace required: 97484800, provided ptr: 0x73e86b348000 size: 28311552
MIOpen(HIP): Warning [IsEnoughWorkspace] [GetSolutionsFallback AI] Solver <ConvHipImplicitGemmGroupFwdXdlops>, workspace required: 27918336, provided ptr: 0x73e86c090000 size: 27852800
MIOpen(HIP): Warning [IsEnoughWorkspace] [GetSolutionsFallback WTI] Solver <ConvAsmImplicitGemmGTCDynamicBwdXdlopsNHWC>, workspace required: 27983872, provided ptr: 0x73e86b348000 size: 27852800
MIOpen(HIP): Warning [IsEnoughWorkspace] [GetSolutionsFallback WTI] Solver <ConvHipImplicitGemmGroupBwdXdlops>, workspace required: 27983872, provided ptr: 0x73e86b348000 size: 27852800
MIOpen(HIP): Warning [IsEnoughWorkspace] [GetSolutionsFallback AI] Solver <GemmFwdRest>, workspace required: 97484800, provided ptr: 0x73e86c090000 size: 27967488
MIOpen(HIP): Warning [IsEnoughWorkspace] [GetSolutionsFallback AI] Solver <ConvHipImplicitGemmGroupFwdXdlops>, workspace required: 27869184, provided ptr: 0x73e86cdd8000 size: 27852800
MIOpen(HIP): Warning [IsEnoughWorkspace] [GetSolutionsFallback AI] Solver <GemmFwdRest>, workspace required: 146227200, provided ptr: 0x73e871200000 size: 41807872
MIOpen(HIP): Warning [IsEnoughWorkspace] [GetSolutionsFallback AI] Solver <ConvHipImplicitGemmGroupFwdXdlops>, workspace required: 41783296, provided ptr: 0x73e8725ec000 size: 41779200
MIOpen(HIP): Warning [IsEnoughWorkspace] [GetSolutionsFallback AI] Solver <ConvHipImplicitGemmGroupFwdXdlops>, workspace required: 21543424, provided ptr: 0x73e86a600000 size: 20890624
MIOpen(HIP): Warning [IsEnoughWorkspace] [GetSolutionsFallback AI] Solver <GemmFwdRest>, workspace required: 146227200, provided ptr: 0x73e86a600000 size: 20890624
MIOpen(HIP): Warning [IsEnoughWorkspace] [GetSolutionsFallback AI] Solver <ConvHipImplicitGemmGroupFwdXdlops>, workspace required: 8143872, provided ptr: 0x73e781c80000 size: 1125376
MIOpen(HIP): Warning [IsEnoughWorkspace] [GetSolutionsFallback AI] Solver <ConvAsmImplicitGemmGTCDynamicFwdXdlopsNHWC>, workspace required: 8143872, provided ptr: 0x73e781c80000 size: 1125376
MIOpen(HIP): Warning [IsEnoughWorkspace] [GetSolutionsFallback WTI] Solver <ConvAsmImplicitGemmGTCDynamicBwdXdlopsNHWC>, workspace required: 36769792, provided ptr: 0x73e784400000 size: 5144576
MIOpen(HIP): Warning [IsEnoughWorkspace] [GetSolutionsFallback WTI] Solver <ConvHipImplicitGemmGroupBwdXdlops>, workspace required: 36769792, provided ptr: 0x73e784400000 size: 5144576
MIOpen(HIP): Warning [IsEnoughWorkspace] [GetSolutionsFallback AI] Solver <GemmFwdRest>, workspace required: 18006016, provided ptr: 0x73e845c00000 size: 12484608
MIOpen(HIP): Warning [IsEnoughWorkspace] [GetSolutionsFallback WTI] Solver <ConvAsmImplicitGemmGTCDynamicBwdXdlopsNHWC>, workspace required: 14245888, provided ptr: 0x73e913cc0000 size: 12861440
MIOpen(HIP): Warning [IsEnoughWorkspace] [GetSolutionsFallback WTI] Solver <ConvHipImplicitGemmGroupBwdXdlops>, workspace required: 14245888, provided ptr: 0x73e913cc0000 size: 12861440
MIOpen(HIP): Warning [IsEnoughWorkspace] [GetSolutionsFallback AI] Solver <GemmFwdRest>, workspace required: 45015040, provided ptr: 0x73e9142e2000 size: 14696448
MIOpen(HIP): Warning [IsEnoughWorkspace] [GetSolutionsFallback AI] Solver <ConvHipImplicitGemmGroupFwdXdlops>, workspace required: 13123584, provided ptr: 0x73e86a600000 size: 12861440
MIOpen(HIP): Warning [IsEnoughWorkspace] [GetSolutionsFallback AI] Solver <GemmFwdRest>, workspace required: 90030080, provided ptr: 0x73e86be88000 size: 26181632
MIOpen(HIP): Warning [IsEnoughWorkspace] [GetSolutionsFallback AI] Solver <ConvHipImplicitGemmGroupFwdXdlops>, workspace required: 25788416, provided ptr: 0x73e86cacc000 size: 25722880
MIOpen(HIP): Warning [IsEnoughWorkspace] [GetSolutionsFallback WTI] Solver <ConvAsmImplicitGemmGTCDynamicBwdXdlopsNHWC>, workspace required: 25853952, provided ptr: 0x73e86b244000 size: 25722880
MIOpen(HIP): Warning [IsEnoughWorkspace] [GetSolutionsFallback WTI] Solver <ConvHipImplicitGemmGroupBwdXdlops>, workspace required: 25853952, provided ptr: 0x73e86b244000 size: 25722880
MIOpen(HIP): Warning [IsEnoughWorkspace] [GetSolutionsFallback AI] Solver <GemmFwdRest>, workspace required: 90030080, provided ptr: 0x73e86be88000 size: 25837568
MIOpen(HIP): Warning [IsEnoughWorkspace] [GetSolutionsFallback AI] Solver <ConvHipImplicitGemmGroupFwdXdlops>, workspace required: 25739264, provided ptr: 0x73e86cacc000 size: 25722880
MIOpen(HIP): Warning [IsEnoughWorkspace] [GetSolutionsFallback AI] Solver <GemmFwdRest>, workspace required: 135045120, provided ptr: 0x73e871200000 size: 38612992
MIOpen(HIP): Warning [IsEnoughWorkspace] [GetSolutionsFallback AI] Solver <ConvHipImplicitGemmGroupFwdXdlops>, workspace required: 38588416, provided ptr: 0x73e872466000 size: 38584320
MIOpen(HIP): Warning [IsEnoughWorkspace] [GetSolutionsFallback AI] Solver <ConvHipImplicitGemmGroupFwdXdlops>, workspace required: 19896064, provided ptr: 0x73e86a600000 size: 19293184
MIOpen(HIP): Warning [IsEnoughWorkspace] [GetSolutionsFallback AI] Solver <GemmFwdRest>, workspace required: 135045120, provided ptr: 0x73e86a600000 size: 19293184
MIOpen(HIP): Warning [IsEnoughWorkspace] [GetSolutionsFallback AI] Solver <ConvHipImplicitGemmGroupFwdXdlops>, workspace required: 8461312, provided ptr: 0x73e781c80000 size: 1569792
MIOpen(HIP): Warning [IsEnoughWorkspace] [GetSolutionsFallback AI] Solver <ConvAsmImplicitGemmGTCDynamicFwdXdlopsNHWC>, workspace required: 8461312, provided ptr: 0x73e781c80000 size: 1569792
MIOpen(HIP): Warning [IsEnoughWorkspace] [GetSolutionsFallback WTI] Solver <ConvAsmImplicitGemmGTCDynamicBwdXdlopsNHWC>, workspace required: 38039552, provided ptr: 0x73e845c00000 size: 7176192
MIOpen(HIP): Warning [IsEnoughWorkspace] [GetSolutionsFallback WTI] Solver <ConvHipImplicitGemmGroupBwdXdlops>, workspace required: 38039552, provided ptr: 0x73e845c00000 size: 7176192
MIOpen(HIP): Warning [IsEnoughWorkspace] [GetSolutionsFallback AI] Solver <GemmFwdRest>, workspace required: 25116672, provided ptr: 0x73e913cc0000 size: 14516224
MIOpen(HIP): Warning [IsEnoughWorkspace] [GetSolutionsFallback AI] Solver <GemmFwdRest>, workspace required: 62791680, provided ptr: 0x73e86ae8e000 size: 19775488
MIOpen(HIP): Warning [IsEnoughWorkspace] [GetSolutionsFallback AI] Solver <ConvHipImplicitGemmGroupFwdXdlops>, workspace required: 18202624, provided ptr: 0x73e86b71c000 size: 17940480
MIOpen(HIP): Warning [IsEnoughWorkspace] [GetSolutionsFallback AI] Solver <GemmFwdRest>, workspace required: 125583360, provided ptr: 0x73e871200000 size: 36339712
MIOpen(HIP): Warning [IsEnoughWorkspace] [GetSolutionsFallback AI] Solver <ConvHipImplicitGemmGroupFwdXdlops>, workspace required: 35946496, provided ptr: 0x73e871200000 size: 35880960
MIOpen(HIP): Warning [IsEnoughWorkspace] [GetSolutionsFallback WTI] Solver <ConvAsmImplicitGemmGTCDynamicBwdXdlopsNHWC>, workspace required: 36012032, provided ptr: 0x73e871200000 size: 35880960
MIOpen(HIP): Warning [IsEnoughWorkspace] [GetSolutionsFallback WTI] Solver <ConvHipImplicitGemmGroupBwdXdlops>, workspace required: 36012032, provided ptr: 0x73e871200000 size: 35880960
MIOpen(HIP): Warning [IsEnoughWorkspace] [GetSolutionsFallback AI] Solver <GemmFwdRest>, workspace required: 125583360, provided ptr: 0x73e871200000 size: 35995648
MIOpen(HIP): Warning [IsEnoughWorkspace] [GetSolutionsFallback AI] Solver <ConvHipImplicitGemmGroupFwdXdlops>, workspace required: 35897344, provided ptr: 0x73e87231c000 size: 35880960
MIOpen(HIP): Warning [IsEnoughWorkspace] [GetSolutionsFallback AI] Solver <GemmFwdRest>, workspace required: 188375040, provided ptr: 0x73e872baa000 size: 53850112
MIOpen(HIP): Warning [IsEnoughWorkspace] [GetSolutionsFallback AI] Solver <ConvHipImplicitGemmGroupFwdXdlops>, workspace required: 53825536, provided ptr: 0x73e874554000 size: 53821440
MIOpen(HIP): Warning [IsEnoughWorkspace] [GetSolutionsFallback AI] Solver <ConvHipImplicitGemmGroupFwdXdlops>, workspace required: 27752704, provided ptr: 0x73e86bfaa000 size: 26911744
MIOpen(HIP): Warning [IsEnoughWorkspace] [GetSolutionsFallback AI] Solver <GemmFwdRest>, workspace required: 188375040, provided ptr: 0x73e86bfaa000 size: 26911744
MIOpen(HIP): Warning [IsEnoughWorkspace] [GetSolutionsFallback AI] Solver <ConvHipImplicitGemmGroupFwdXdlops>, workspace required: 8932352, provided ptr: 0x73e780cc0000 size: 2229248
MIOpen(HIP): Warning [IsEnoughWorkspace] [GetSolutionsFallback AI] Solver <ConvAsmImplicitGemmGTCDynamicFwdXdlopsNHWC>, workspace required: 8932352, provided ptr: 0x73e780cc0000 size: 2229248
MIOpen(HIP): Warning [IsEnoughWorkspace] [GetSolutionsFallback WTI] Solver <ConvAsmImplicitGemmGTCDynamicBwdXdlopsNHWC>, workspace required: 39923712, provided ptr: 0x73e845c00000 size: 10190848
MIOpen(HIP): Warning [IsEnoughWorkspace] [GetSolutionsFallback WTI] Solver <ConvHipImplicitGemmGroupBwdXdlops>, workspace required: 39923712, provided ptr: 0x73e845c00000 size: 10190848
MIOpen(HIP): Warning [IsEnoughWorkspace] [GetSolutionsFallback AI] Solver <GemmFwdRest>, workspace required: 35667968, provided ptr: 0x73e913cc0000 size: 17530880
MIOpen(HIP): Warning [IsEnoughWorkspace] [GetSolutionsFallback AI] Solver <GemmFwdRest>, workspace required: 89169920, provided ptr: 0x73e86be4c000 size: 27312128
MIOpen(HIP): Warning [IsEnoughWorkspace] [GetSolutionsFallback AI] Solver <ConvHipImplicitGemmGroupFwdXdlops>, workspace required: 25739264, provided ptr: 0x73e86ca72000 size: 25477120
MIOpen(HIP): Warning [IsEnoughWorkspace] [GetSolutionsFallback AI] Solver <GemmFwdRest>, workspace required: 178339840, provided ptr: 0x73e872a4c000 size: 51412992
MIOpen(HIP): Warning [IsEnoughWorkspace] [GetSolutionsFallback AI] Solver <ConvHipImplicitGemmGroupFwdXdlops>, workspace required: 51019776, provided ptr: 0x73e874298000 size: 50954240
MIOpen(HIP): Warning [IsEnoughWorkspace] [GetSolutionsFallback WTI] Solver <ConvAsmImplicitGemmGTCDynamicBwdXdlopsNHWC>, workspace required: 51085312, provided ptr: 0x73e872a4c000 size: 50954240
MIOpen(HIP): Warning [IsEnoughWorkspace] [GetSolutionsFallback WTI] Solver <ConvHipImplicitGemmGroupBwdXdlops>, workspace required: 51085312, provided ptr: 0x73e872a4c000 size: 50954240
MIOpen(HIP): Warning [IsEnoughWorkspace] [GetSolutionsFallback AI] Solver <GemmFwdRest>, workspace required: 178339840, provided ptr: 0x73e872a4c000 size: 51068928
MIOpen(HIP): Warning [IsEnoughWorkspace] [GetSolutionsFallback AI] Solver <ConvHipImplicitGemmGroupFwdXdlops>, workspace required: 50970624, provided ptr: 0x73e874298000 size: 50954240
MIOpen(HIP): Warning [IsEnoughWorkspace] [GetSolutionsFallback AI] Solver <GemmFwdRest>, workspace required: 267509760, provided ptr: 0x73e875ae4000 size: 76460032
MIOpen(HIP): Warning [IsEnoughWorkspace] [GetSolutionsFallback AI] Solver <ConvHipImplicitGemmGroupFwdXdlops>, workspace required: 76435456, provided ptr: 0x73e877f56000 size: 76431360
MIOpen(HIP): Warning [IsEnoughWorkspace] [GetSolutionsFallback AI] Solver <ConvHipImplicitGemmGroupFwdXdlops>, workspace required: 39410944, provided ptr: 0x73e86a600000 size: 38216704
MIOpen(HIP): Warning [IsEnoughWorkspace] [GetSolutionsFallback AI] Solver <GemmFwdRest>, workspace required: 267509760, provided ptr: 0x73e86a600000 size: 38216704
MIOpen(HIP): Warning [IsEnoughWorkspace] [GetSolutionsFallback AI] Solver <ConvHipImplicitGemmGroupFwdXdlops>, workspace required: 8901632, provided ptr: 0x73e780cc0000 size: 2186240
MIOpen(HIP): Warning [IsEnoughWorkspace] [GetSolutionsFallback AI] Solver <ConvAsmImplicitGemmGTCDynamicFwdXdlopsNHWC>, workspace required: 8901632, provided ptr: 0x73e780cc0000 size: 2186240
MIOpen(HIP): Warning [IsEnoughWorkspace] [GetSolutionsFallback WTI] Solver <ConvAsmImplicitGemmGTCDynamicBwdXdlopsNHWC>, workspace required: 39800832, provided ptr: 0x73e845c00000 size: 9994240
MIOpen(HIP): Warning [IsEnoughWorkspace] [GetSolutionsFallback WTI] Solver <ConvHipImplicitGemmGroupBwdXdlops>, workspace required: 39800832, provided ptr: 0x73e845c00000 size: 9994240
MIOpen(HIP): Warning [IsEnoughWorkspace] [GetSolutionsFallback AI] Solver <GemmFwdRest>, workspace required: 34979840, provided ptr: 0x73e913cc0000 size: 17334272
MIOpen(HIP): Warning [IsEnoughWorkspace] [GetSolutionsFallback AI] Solver <GemmFwdRest>, workspace required: 87449600, provided ptr: 0x73e86bdd4000 size: 26820608
MIOpen(HIP): Warning [IsEnoughWorkspace] [GetSolutionsFallback AI] Solver <ConvHipImplicitGemmGroupFwdXdlops>, workspace required: 25247744, provided ptr: 0x73e86c9be000 size: 24985600
MIOpen(HIP): Warning [IsEnoughWorkspace] [GetSolutionsFallback AI] Solver <GemmFwdRest>, workspace required: 174899200, provided ptr: 0x73e8729d4000 size: 50429952
MIOpen(HIP): Warning [IsEnoughWorkspace] [GetSolutionsFallback AI] Solver <ConvHipImplicitGemmGroupFwdXdlops>, workspace required: 50036736, provided ptr: 0x73e8741a8000 size: 49971200
MIOpen(HIP): Warning [IsEnoughWorkspace] [GetSolutionsFallback WTI] Solver <ConvAsmImplicitGemmGTCDynamicBwdXdlopsNHWC>, workspace required: 50102272, provided ptr: 0x73e8729d4000 size: 49971200
MIOpen(HIP): Warning [IsEnoughWorkspace] [GetSolutionsFallback WTI] Solver <ConvHipImplicitGemmGroupBwdXdlops>, workspace required: 50102272, provided ptr: 0x73e8729d4000 size: 49971200
MIOpen(HIP): Warning [IsEnoughWorkspace] [GetSolutionsFallback AI] Solver <GemmFwdRest>, workspace required: 174899200, provided ptr: 0x73e8729d4000 size: 50085888
MIOpen(HIP): Warning [IsEnoughWorkspace] [GetSolutionsFallback AI] Solver <ConvHipImplicitGemmGroupFwdXdlops>, workspace required: 49987584, provided ptr: 0x73e8741a8000 size: 49971200
MIOpen(HIP): Warning [IsEnoughWorkspace] [GetSolutionsFallback AI] Solver <GemmFwdRest>, workspace required: 262348800, provided ptr: 0x73e87597c000 size: 74985472
MIOpen(HIP): Warning [IsEnoughWorkspace] [GetSolutionsFallback AI] Solver <ConvHipImplicitGemmGroupFwdXdlops>, workspace required: 74960896, provided ptr: 0x73e877d3a000 size: 74956800
MIOpen(HIP): Warning [IsEnoughWorkspace] [GetSolutionsFallback AI] Solver <ConvHipImplicitGemmGroupFwdXdlops>, workspace required: 38650624, provided ptr: 0x73e86a600000 size: 37479424
MIOpen(HIP): Warning [IsEnoughWorkspace] [GetSolutionsFallback AI] Solver <GemmFwdRest>, workspace required: 262348800, provided ptr: 0x73e86a600000 size: 37479424
MIOpen(HIP): Warning [IsEnoughWorkspace] [GetSolutionsFallback AI] Solver <ConvHipImplicitGemmGroupFwdXdlops>, workspace required: 8440832, provided ptr: 0x73e781c80000 size: 1541120
MIOpen(HIP): Warning [IsEnoughWorkspace] [GetSolutionsFallback AI] Solver <ConvAsmImplicitGemmGTCDynamicFwdXdlopsNHWC>, workspace required: 8440832, provided ptr: 0x73e781c80000 size: 1541120
MIOpen(HIP): Warning [IsEnoughWorkspace] [GetSolutionsFallback WTI] Solver <ConvAsmImplicitGemmGTCDynamicBwdXdlopsNHWC>, workspace required: 37957632, provided ptr: 0x73e845c00000 size: 7045120
MIOpen(HIP): Warning [IsEnoughWorkspace] [GetSolutionsFallback WTI] Solver <ConvHipImplicitGemmGroupBwdXdlops>, workspace required: 37957632, provided ptr: 0x73e845c00000 size: 7045120
MIOpen(HIP): Warning [IsEnoughWorkspace] [GetSolutionsFallback AI] Solver <GemmFwdRest>, workspace required: 24657920, provided ptr: 0x73e913cc0000 size: 14385152
MIOpen(HIP): Warning [IsEnoughWorkspace] [GetSolutionsFallback AI] Solver <GemmFwdRest>, workspace required: 61644800, provided ptr: 0x73e86ae66000 size: 19447808
MIOpen(HIP): Warning [IsEnoughWorkspace] [GetSolutionsFallback AI] Solver <ConvHipImplicitGemmGroupFwdXdlops>, workspace required: 17874944, provided ptr: 0x73e86b6cc000 size: 17612800
MIOpen(HIP): Warning [IsEnoughWorkspace] [GetSolutionsFallback AI] Solver <GemmFwdRest>, workspace required: 123289600, provided ptr: 0x73e871200000 size: 35684352
MIOpen(HIP): Warning [IsEnoughWorkspace] [GetSolutionsFallback AI] Solver <ConvHipImplicitGemmGroupFwdXdlops>, workspace required: 35291136, provided ptr: 0x73e871200000 size: 35225600
MIOpen(HIP): Warning [IsEnoughWorkspace] [GetSolutionsFallback WTI] Solver <ConvAsmImplicitGemmGTCDynamicBwdXdlopsNHWC>, workspace required: 35356672, provided ptr: 0x73e86cffe000 size: 35225600
MIOpen(HIP): Warning [IsEnoughWorkspace] [GetSolutionsFallback WTI] Solver <ConvHipImplicitGemmGroupBwdXdlops>, workspace required: 35356672, provided ptr: 0x73e86cffe000 size: 35225600
MIOpen(HIP): Warning [IsEnoughWorkspace] [GetSolutionsFallback AI] Solver <GemmFwdRest>, workspace required: 123289600, provided ptr: 0x73e871200000 size: 35340288
MIOpen(HIP): Warning [IsEnoughWorkspace] [GetSolutionsFallback AI] Solver <ConvHipImplicitGemmGroupFwdXdlops>, workspace required: 35241984, provided ptr: 0x73e871200000 size: 35225600
MIOpen(HIP): Warning [IsEnoughWorkspace] [GetSolutionsFallback AI] Solver <GemmFwdRest>, workspace required: 184934400, provided ptr: 0x73e874464000 size: 52867072
MIOpen(HIP): Warning [IsEnoughWorkspace] [GetSolutionsFallback AI] Solver <ConvHipImplicitGemmGroupFwdXdlops>, workspace required: 52842496, provided ptr: 0x73e875d96000 size: 52838400
MIOpen(HIP): Warning [IsEnoughWorkspace] [GetSolutionsFallback AI] Solver <ConvHipImplicitGemmGroupFwdXdlops>, workspace required: 27245824, provided ptr: 0x73e86bf32000 size: 26420224
MIOpen(HIP): Warning [IsEnoughWorkspace] [GetSolutionsFallback AI] Solver <GemmFwdRest>, workspace required: 184934400, provided ptr: 0x73e86bf32000 size: 26420224
MIOpen(HIP): Warning [IsEnoughWorkspace] [GetSolutionsFallback AI] Solver <ConvHipImplicitGemmGroupFwdXdlops>, workspace required: 8005632, provided ptr: 0x73e7e9e00000 size: 931840
MIOpen(HIP): Warning [IsEnoughWorkspace] [GetSolutionsFallback AI] Solver <ConvAsmImplicitGemmGTCDynamicFwdXdlopsNHWC>, workspace required: 8005632, provided ptr: 0x73e7e9e00000 size: 931840
MIOpen(HIP): Warning [IsEnoughWorkspace] [GetSolutionsFallback WTI] Solver <ConvAsmImplicitGemmGTCDynamicBwdXdlopsNHWC>, workspace required: 36216832, provided ptr: 0x73e784400000 size: 4259840
MIOpen(HIP): Warning [IsEnoughWorkspace] [GetSolutionsFallback WTI] Solver <ConvHipImplicitGemmGroupBwdXdlops>, workspace required: 36216832, provided ptr: 0x73e784400000 size: 4259840
MIOpen(HIP): Warning [IsEnoughWorkspace] [GetSolutionsFallback AI] Solver <GemmFwdRest>, workspace required: 14909440, provided ptr: 0x73e845c00000 size: 11599872
MIOpen(HIP): Warning [IsEnoughWorkspace] [GetSolutionsFallback WTI] Solver <ConvAsmImplicitGemmGTCDynamicBwdXdlopsNHWC>, workspace required: 12697600, provided ptr: 0x73e913cc0000 size: 10649600
MIOpen(HIP): Warning [IsEnoughWorkspace] [GetSolutionsFallback WTI] Solver <ConvHipImplicitGemmGroupBwdXdlops>, workspace required: 12697600, provided ptr: 0x73e913cc0000 size: 10649600
MIOpen(HIP): Warning [IsEnoughWorkspace] [GetSolutionsFallback AI] Solver <GemmFwdRest>, workspace required: 37273600, provided ptr: 0x73e9141d4000 size: 12484608
MIOpen(HIP): Warning [IsEnoughWorkspace] [GetSolutionsFallback AI] Solver <ConvHipImplicitGemmGroupFwdXdlops>, workspace required: 10911744, provided ptr: 0x73e9146e8000 size: 10649600
MIOpen(HIP): Warning [IsEnoughWorkspace] [GetSolutionsFallback AI] Solver <GemmFwdRest>, workspace required: 74547200, provided ptr: 0x73e86b028000 size: 21757952
MIOpen(HIP): Warning [IsEnoughWorkspace] [GetSolutionsFallback AI] Solver <ConvHipImplicitGemmGroupFwdXdlops>, workspace required: 21364736, provided ptr: 0x73e86ba50000 size: 21299200
MIOpen(HIP): Warning [IsEnoughWorkspace] [GetSolutionsFallback WTI] Solver <ConvAsmImplicitGemmGTCDynamicBwdXdlopsNHWC>, workspace required: 21430272, provided ptr: 0x73e86b028000 size: 21299200
MIOpen(HIP): Warning [IsEnoughWorkspace] [GetSolutionsFallback WTI] Solver <ConvHipImplicitGemmGroupBwdXdlops>, workspace required: 21430272, provided ptr: 0x73e86b028000 size: 21299200
MIOpen(HIP): Warning [IsEnoughWorkspace] [GetSolutionsFallback AI] Solver <GemmFwdRest>, workspace required: 74547200, provided ptr: 0x73e86b028000 size: 21413888
MIOpen(HIP): Warning [IsEnoughWorkspace] [GetSolutionsFallback AI] Solver <ConvHipImplicitGemmGroupFwdXdlops>, workspace required: 21315584, provided ptr: 0x73e86ba50000 size: 21299200
MIOpen(HIP): Warning [IsEnoughWorkspace] [GetSolutionsFallback AI] Solver <GemmFwdRest>, workspace required: 111820800, provided ptr: 0x73e871200000 size: 31977472
MIOpen(HIP): Warning [IsEnoughWorkspace] [GetSolutionsFallback AI] Solver <ConvHipImplicitGemmGroupFwdXdlops>, workspace required: 31952896, provided ptr: 0x73e871200000 size: 31948800
MIOpen(HIP): Warning [IsEnoughWorkspace] [GetSolutionsFallback AI] Solver <ConvHipImplicitGemmGroupFwdXdlops>, workspace required: 16474624, provided ptr: 0x73e913cc0000 size: 15975424
MIOpen(HIP): Warning [IsEnoughWorkspace] [GetSolutionsFallback AI] Solver <GemmFwdRest>, workspace required: 111820800, provided ptr: 0x73e913cc0000 size: 15975424
[0;36m(APIServer pid=73252)[0;0m [32mINFO[0m [90m10-07 15:27:40[0m [90m[stats.py:902][0m [OmniTiming] req=speech-bed615a672a60607-b50213cc total=5.45s engine=5.45s stages=[0:5.45s]
INFO:     127.0.0.1:34026 - "POST /v1/audio/speech HTTP/1.1" 200 OK
[0;36m(APIServer pid=73252)[0;0m [32mINFO[0m [90m10-07 15:27:40[0m [90m[serving_speech.py:2423][0m Diffusion TTS speech request speech-b15463bfa3ab77a0: voice_clone=False
[0;36m(APIServer pid=73252)[0;0m [32mINFO[0m [90m10-07 15:27:40[0m [90m[serving_speech.py:2471][0m Applied diffusion speech params: seed=42 extra_params={}
[0;36m(APIServer pid=73252)[0;0m [32mINFO[0m [90m10-07 15:27:40[0m [90m[diffusion_engine.py:764][0m [RequestBatch] admission wait done waiting=1 max_batch=8 waited_ms=2.1
MIOpen(HIP): Warning [IsEnoughWorkspace] [GetSolutionsFallback AI] Solver <ConvHipImplicitGemmGroupFwdXdlops>, workspace required: 9260032, provided ptr: 0x73e780cc0000 size: 2688000
MIOpen(HIP): Warning [IsEnoughWorkspace] [GetSolutionsFallback AI] Solver <ConvAsmImplicitGemmGTCDynamicFwdXdlopsNHWC>, workspace required: 9260032, provided ptr: 0x73e780cc0000 size: 2688000
MIOpen(HIP): Warning [IsEnoughWorkspace] [GetSolutionsFallback WTI] Solver <ConvAsmImplicitGemmGTCDynamicBwdXdlopsNHWC>, workspace required: 41234432, provided ptr: 0x73e913cc0000 size: 12288000
MIOpen(HIP): Warning [IsEnoughWorkspace] [GetSolutionsFallback WTI] Solver <ConvHipImplicitGemmGroupBwdXdlops>, workspace required: 41234432, provided ptr: 0x73e913cc0000 size: 12288000
MIOpen(HIP): Warning [IsEnoughWorkspace] [GetSolutionsFallback AI] Solver <GemmFwdRest>, workspace required: 43008000, provided ptr: 0x73e86a600000 size: 19628032
MIOpen(HIP): Warning [IsEnoughWorkspace] [GetSolutionsFallback AI] Solver <GemmFwdRest>, workspace required: 107520000, provided ptr: 0x73e86c34c000 size: 32555008
MIOpen(HIP): Warning [IsEnoughWorkspace] [GetSolutionsFallback AI] Solver <ConvHipImplicitGemmGroupFwdXdlops>, workspace required: 30982144, provided ptr: 0x73e86d1f2000 size: 30720000
MIOpen(HIP): Warning [IsEnoughWorkspace] [GetSolutionsFallback AI] Solver <GemmFwdRest>, workspace required: 215040000, provided ptr: 0x73e872f4c000 size: 61898752
MIOpen(HIP): Warning [IsEnoughWorkspace] [GetSolutionsFallback AI] Solver <ConvHipImplicitGemmGroupFwdXdlops>, workspace required: 61505536, provided ptr: 0x73e874c98000 size: 61440000
MIOpen(HIP): Warning [IsEnoughWorkspace] [GetSolutionsFallback WTI] Solver <ConvAsmImplicitGemmGTCDynamicBwdXdlopsNHWC>, workspace required: 61571072, provided ptr: 0x73e872f4c000 size: 61440000
MIOpen(HIP): Warning [IsEnoughWorkspace] [GetSolutionsFallback WTI] Solver <ConvHipImplicitGemmGroupBwdXdlops>, workspace required: 61571072, provided ptr: 0x73e872f4c000 size: 61440000
MIOpen(HIP): Warning [IsEnoughWorkspace] [GetSolutionsFallback AI] Solver <GemmFwdRest>, workspace required: 215040000, provided ptr: 0x73e874c98000 size: 61554688
MIOpen(HIP): Warning [IsEnoughWorkspace] [GetSolutionsFallback AI] Solver <ConvHipImplicitGemmGroupFwdXdlops>, workspace required: 61456384, provided ptr: 0x73e8769e4000 size: 61440000
MIOpen(HIP): Warning [IsEnoughWorkspace] [GetSolutionsFallback AI] Solver <GemmFwdRest>, workspace required: 322560000, provided ptr: 0x73e8769e4000 size: 92188672
MIOpen(HIP): Warning [IsEnoughWorkspace] [GetSolutionsFallback AI] Solver <ConvHipImplicitGemmGroupFwdXdlops>, workspace required: 92164096, provided ptr: 0x73e8795d6000 size: 92160000
MIOpen(HIP): Warning [IsEnoughWorkspace] [GetSolutionsFallback AI] Solver <ConvHipImplicitGemmGroupFwdXdlops>, workspace required: 47521024, provided ptr: 0x73e86a600000 size: 46081024
MIOpen(HIP): Warning [IsEnoughWorkspace] [GetSolutionsFallback AI] Solver <GemmFwdRest>, workspace required: 322560000, provided ptr: 0x73e86a600000 size: 46081024
MIOpen(HIP): Warning [IsEnoughWorkspace] [GetSolutionsFallback AI] Solver <ConvAsmImplicitGemmGTCDynamicFwdXdlopsNHWC>, workspace required: 7606272, provided ptr: 0x73e8a1b3e000 size: 372736
MIOpen(HIP): Warning [IsEnoughWorkspace] [GetSolutionsFallback AI] Solver <ConvHipImplicitGemmGroupFwdXdlops>, workspace required: 7606272, provided ptr: 0x73e8a1b3e000 size: 372736
MIOpen(HIP): Warning [IsEnoughWorkspace] [GetSolutionsFallback WTI] Solver <ConvAsmImplicitGemmGTCDynamicBwdXdlopsNHWC>, workspace required: 34619392, provided ptr: 0x73e780cc0000 size: 1703936
MIOpen(HIP): Warning [IsEnoughWorkspace] [GetSolutionsFallback WTI] Solver <ConvHipImplicitGemmGroupBwdXdlops>, workspace required: 34619392, provided ptr: 0x73e780cc0000 size: 1703936
MIOpen(HIP): Warning [IsEnoughWorkspace] [GetSolutionsFallback AI] Solver <ConvAsmImplicitGemmGTCDynamicFwdXdlopsNHWC>, workspace required: 9043968, provided ptr: 0x73e845c00000 size: 5963776
MIOpen(HIP): Warning [IsEnoughWorkspace] [GetSolutionsFallback AI] Solver <ConvHipImplicitGemmGroupFwdXdlops>, workspace required: 9043968, provided ptr: 0x73e845c00000 size: 5963776
MIOpen(HIP): Warning [IsEnoughWorkspace] [GetSolutionsFallback AI] Solver <ConvHipImplicitGemmGroupFwdXdlops>, workspace required: 2752512, provided ptr: 0 size: 0
MIOpen(HIP): Warning [IsEnoughWorkspace] [GetSolutionsFallback AI] Solver <ConvAsmImplicitGemmGTCDynamicFwdXdlopsNHWC>, workspace required: 1703936, provided ptr: 0 size: 0
MIOpen(HIP): Warning [IsEnoughWorkspace] [GetSolutionsFallback WTI] Solver <ConvAsmImplicitGemmGTCDynamicFwdXdlopsNHWC>, workspace required: 9043968, provided ptr: 0x73e845c00000 size: 5963776
MIOpen(HIP): Warning [IsEnoughWorkspace] [GetSolutionsFallback WTI] Solver <ConvHipImplicitGemmGroupFwdXdlops>, workspace required: 9043968, provided ptr: 0x73e845c00000 size: 5963776
MIOpen(HIP): Warning [IsEnoughWorkspace] [GetSolutionsFallback WTI] Solver <ConvAsmImplicitGemmGTCDynamicFwdXdlopsNHWC>, workspace required: 9043968, provided ptr: 0x73e845c00000 size: 5963776
MIOpen(HIP): Warning [IsEnoughWorkspace] [GetSolutionsFallback WTI] Solver <ConvHipImplicitGemmGroupFwdXdlops>, workspace required: 9043968, provided ptr: 0x73e845c00000 size: 5963776
MIOpen(HIP): Warning [IsEnoughWorkspace] [GetSolutionsFallback WTI] Solver <ConvAsmImplicitGemmGTCDynamicBwdXdlopsNHWC>, workspace required: 8224768, provided ptr: 0x73e784400000 size: 4259840
MIOpen(HIP): Warning [IsEnoughWorkspace] [GetSolutionsFallback WTI] Solver <ConvHipImplicitGemmGroupBwdXdlops>, workspace required: 8224768, provided ptr: 0x73e784400000 size: 4259840
MIOpen(HIP): Warning [IsEnoughWorkspace] [GetSolutionsFallback AI] Solver <GemmFwdRest>, workspace required: 14909440, provided ptr: 0x73e845c00000 size: 6094848
MIOpen(HIP): Warning [IsEnoughWorkspace] [GetSolutionsFallback AI] Solver <ConvAsmImplicitGemmGTCDynamicFwdXdlopsNHWC>, workspace required: 8978432, provided ptr: 0 size: 0
MIOpen(HIP): Warning [IsEnoughWorkspace] [GetSolutionsFallback AI] Solver <ConvHipImplicitGemmGroupFwdXdlops>, workspace required: 8978432, provided ptr: 0 size: 0
MIOpen(HIP): Warning [IsEnoughWorkspace] [GetSolutionsFallback AI] Solver <GemmFwdRest>, workspace required: 29818880, provided ptr: 0 size: 0
MIOpen(HIP): Warning [IsEnoughWorkspace] [GetSolutionsFallback AI] Solver <ConvAsmImplicitGemmGTCDynamicFwdXdlopsNHWC>, workspace required: 8519680, provided ptr: 0 size: 0
MIOpen(HIP): Warning [IsEnoughWorkspace] [GetSolutionsFallback AI] Solver <ConvHipImplicitGemmGroupFwdXdlops>, workspace required: 8585216, provided ptr: 0 size: 0
MIOpen(HIP): Warning [IsEnoughWorkspace] [GetSolutionsFallback WTI] Solver <ConvAsmImplicitGemmGTCDynamicBwdXdlopsNHWC>, workspace required: 8650752, provided ptr: 0x73e913cc0000 size: 8519680
MIOpen(HIP): Warning [IsEnoughWorkspace] [GetSolutionsFallback WTI] Solver <ConvHipImplicitGemmGroupBwdXdlops>, workspace required: 8650752, provided ptr: 0x73e913cc0000 size: 8519680
MIOpen(HIP): Warning [IsEnoughWorkspace] [GetSolutionsFallback AI] Solver <GemmFwdRest>, workspace required: 29818880, provided ptr: 0x73e913cc0000 size: 8634368
MIOpen(HIP): Warning [IsEnoughWorkspace] [GetSolutionsFallback AI] Solver <ConvHipImplicitGemmGroupFwdXdlops>, workspace required: 8536064, provided ptr: 0x73e9140d0000 size: 8519680
MIOpen(HIP): Warning [IsEnoughWorkspace] [GetSolutionsFallback AI] Solver <GemmFwdRest>, workspace required: 44728320, provided ptr: 0x73e86a600000 size: 12808192
MIOpen(HIP): Warning [IsEnoughWorkspace] [GetSolutionsFallback AI] Solver <ConvHipImplicitGemmGroupFwdXdlops>, workspace required: 12783616, provided ptr: 0x73e86a600000 size: 12779520
MIOpen(HIP): Warning [IsEnoughWorkspace] [GetSolutionsFallback AI] Solver <ConvHipImplicitGemmGroupFwdXdlops>, workspace required: 6590464, provided ptr: 0x73e846218000 size: 6390784
MIOpen(HIP): Warning [IsEnoughWorkspace] [GetSolutionsFallback AI] Solver <GemmFwdRest>, workspace required: 44728320, provided ptr: 0x73e846218000 size: 6390784
MIOpen(HIP): Warning [IsEnoughWorkspace] [GetSolutionsFallback AI] Solver <ConvHipImplicitGemmGroupFwdXdlops>, workspace required: 9157632, provided ptr: 0x73e780cc0000 size: 2544640
MIOpen(HIP): Warning [IsEnoughWorkspace] [GetSolutionsFallback AI] Solver <ConvAsmImplicitGemmGTCDynamicFwdXdlopsNHWC>, workspace required: 9157632, provided ptr: 0x73e780cc0000 size: 2544640
MIOpen(HIP): Warning [IsEnoughWorkspace] [GetSolutionsFallback WTI] Solver <ConvAsmImplicitGemmGTCDynamicBwdXdlopsNHWC>, workspace required: 40824832, provided ptr: 0x73e913cc0000 size: 11632640
MIOpen(HIP): Warning [IsEnoughWorkspace] [GetSolutionsFallback WTI] Solver <ConvHipImplicitGemmGroupBwdXdlops>, workspace required: 40824832, provided ptr: 0x73e913cc0000 size: 11632640
MIOpen(HIP): Warning [IsEnoughWorkspace] [GetSolutionsFallback AI] Solver <GemmFwdRest>, workspace required: 40714240, provided ptr: 0x73e86a600000 size: 18972672
MIOpen(HIP): Warning [IsEnoughWorkspace] [GetSolutionsFallback AI] Solver <GemmFwdRest>, workspace required: 101785600, provided ptr: 0x73e86c1bc000 size: 30916608
MIOpen(HIP): Warning [IsEnoughWorkspace] [GetSolutionsFallback AI] Solver <ConvHipImplicitGemmGroupFwdXdlops>, workspace required: 29343744, provided ptr: 0x73e86cf9a000 size: 29081600
MIOpen(HIP): Warning [IsEnoughWorkspace] [GetSolutionsFallback AI] Solver <GemmFwdRest>, workspace required: 203571200, provided ptr: 0x73e872dbc000 size: 58621952
MIOpen(HIP): Warning [IsEnoughWorkspace] [GetSolutionsFallback AI] Solver <ConvHipImplicitGemmGroupFwdXdlops>, workspace required: 58228736, provided ptr: 0x73e874978000 size: 58163200
MIOpen(HIP): Warning [IsEnoughWorkspace] [GetSolutionsFallback WTI] Solver <ConvAsmImplicitGemmGTCDynamicBwdXdlopsNHWC>, workspace required: 58294272, provided ptr: 0x73e872dbc000 size: 58163200
MIOpen(HIP): Warning [IsEnoughWorkspace] [GetSolutionsFallback WTI] Solver <ConvHipImplicitGemmGroupBwdXdlops>, workspace required: 58294272, provided ptr: 0x73e872dbc000 size: 58163200
MIOpen(HIP): Warning [IsEnoughWorkspace] [GetSolutionsFallback AI] Solver <GemmFwdRest>, workspace required: 203571200, provided ptr: 0x73e874978000 size: 58277888
MIOpen(HIP): Warning [IsEnoughWorkspace] [GetSolutionsFallback AI] Solver <ConvHipImplicitGemmGroupFwdXdlops>, workspace required: 58179584, provided ptr: 0x73e876534000 size: 58163200
MIOpen(HIP): Warning [IsEnoughWorkspace] [GetSolutionsFallback AI] Solver <GemmFwdRest>, workspace required: 305356800, provided ptr: 0x73e876534000 size: 87273472
MIOpen(HIP): Warning [IsEnoughWorkspace] [GetSolutionsFallback AI] Solver <ConvHipImplicitGemmGroupFwdXdlops>, workspace required: 87248896, provided ptr: 0x73e878ece000 size: 87244800
MIOpen(HIP): Warning [IsEnoughWorkspace] [GetSolutionsFallback AI] Solver <ConvHipImplicitGemmGroupFwdXdlops>, workspace required: 44986624, provided ptr: 0x73e86a600000 size: 43623424
MIOpen(HIP): Warning [IsEnoughWorkspace] [GetSolutionsFallback AI] Solver <GemmFwdRest>, workspace required: 305356800, provided ptr: 0x73e86a600000 size: 43623424
MIOpen(HIP): Warning [IsEnoughWorkspace] [GetSolutionsFallback AI] Solver <ConvHipImplicitGemmGroupFwdXdlops>, workspace required: 8860672, provided ptr: 0x73e780cc0000 size: 2128896
MIOpen(HIP): Warning [IsEnoughWorkspace] [GetSolutionsFallback AI] Solver <ConvAsmImplicitGemmGTCDynamicFwdXdlopsNHWC>, workspace required: 8860672, provided ptr: 0x73e780cc0000 size: 2128896
MIOpen(HIP): Warning [IsEnoughWorkspace] [GetSolutionsFallback WTI] Solver <ConvAsmImplicitGemmGTCDynamicBwdXdlopsNHWC>, workspace required: 39636992, provided ptr: 0x73e845c00000 size: 9732096
MIOpen(HIP): Warning [IsEnoughWorkspace] [GetSolutionsFallback WTI] Solver <ConvHipImplicitGemmGroupBwdXdlops>, workspace required: 39636992, provided ptr: 0x73e845c00000 size: 9732096
MIOpen(HIP): Warning [IsEnoughWorkspace] [GetSolutionsFallback AI] Solver <GemmFwdRest>, workspace required: 34062336, provided ptr: 0x73e913cc0000 size: 17072128
MIOpen(HIP): Warning [IsEnoughWorkspace] [GetSolutionsFallback AI] Solver <GemmFwdRest>, workspace required: 85155840, provided ptr: 0x73e86bd34000 size: 26165248
MIOpen(HIP): Warning [IsEnoughWorkspace] [GetSolutionsFallback AI] Solver <ConvHipImplicitGemmGroupFwdXdlops>, workspace required: 24592384, provided ptr: 0x73e86c8ce000 size: 24330240
MIOpen(HIP): Warning [IsEnoughWorkspace] [GetSolutionsFallback AI] Solver <GemmFwdRest>, workspace required: 170311680, provided ptr: 0x73e872934000 size: 49119232
MIOpen(HIP): Warning [IsEnoughWorkspace] [GetSolutionsFallback AI] Solver <ConvHipImplicitGemmGroupFwdXdlops>, workspace required: 48726016, provided ptr: 0x73e874068000 size: 48660480
MIOpen(HIP): Warning [IsEnoughWorkspace] [GetSolutionsFallback WTI] Solver <ConvAsmImplicitGemmGTCDynamicBwdXdlopsNHWC>, workspace required: 48791552, provided ptr: 0x73e872934000 size: 48660480
MIOpen(HIP): Warning [IsEnoughWorkspace] [GetSolutionsFallback WTI] Solver <ConvHipImplicitGemmGroupBwdXdlops>, workspace required: 48791552, provided ptr: 0x73e872934000 size: 48660480
MIOpen(HIP): Warning [IsEnoughWorkspace] [GetSolutionsFallback AI] Solver <GemmFwdRest>, workspace required: 170311680, provided ptr: 0x73e872934000 size: 48775168
MIOpen(HIP): Warning [IsEnoughWorkspace] [GetSolutionsFallback AI] Solver <ConvHipImplicitGemmGroupFwdXdlops>, workspace required: 48676864, provided ptr: 0x73e874068000 size: 48660480
MIOpen(HIP): Warning [IsEnoughWorkspace] [GetSolutionsFallback AI] Solver <GemmFwdRest>, workspace required: 255467520, provided ptr: 0x73e87579c000 size: 73019392
MIOpen(HIP): Warning [IsEnoughWorkspace] [GetSolutionsFallback AI] Solver <ConvHipImplicitGemmGroupFwdXdlops>, workspace required: 72994816, provided ptr: 0x73e877a6a000 size: 72990720
MIOpen(HIP): Warning [IsEnoughWorkspace] [GetSolutionsFallback AI] Solver <ConvHipImplicitGemmGroupFwdXdlops>, workspace required: 37636864, provided ptr: 0x73e86a600000 size: 36496384
MIOpen(HIP): Warning [IsEnoughWorkspace] [GetSolutionsFallback AI] Solver <GemmFwdRest>, workspace required: 255467520, provided ptr: 0x73e86a600000 size: 36496384
MIOpen(HIP): Warning [IsEnoughWorkspace] [GetSolutionsFallback AI] Solver <ConvHipImplicitGemmGroupFwdXdlops>, workspace required: 8251392, provided ptr: 0x73e781c80000 size: 1275904
MIOpen(HIP): Warning [IsEnoughWorkspace] [GetSolutionsFallback AI] Solver <ConvAsmImplicitGemmGTCDynamicFwdXdlopsNHWC>, workspace required: 8251392, provided ptr: 0x73e781c80000 size: 1275904
MIOpen(HIP): Warning [IsEnoughWorkspace] [GetSolutionsFallback WTI] Solver <ConvAsmImplicitGemmGTCDynamicBwdXdlopsNHWC>, workspace required: 37199872, provided ptr: 0x73e845c00000 size: 5832704
MIOpen(HIP): Warning [IsEnoughWorkspace] [GetSolutionsFallback WTI] Solver <ConvHipImplicitGemmGroupBwdXdlops>, workspace required: 37199872, provided ptr: 0x73e845c00000 size: 5832704
MIOpen(HIP): Warning [IsEnoughWorkspace] [GetSolutionsFallback AI] Solver <GemmFwdRest>, workspace required: 20414464, provided ptr: 0x73e913cc0000 size: 13172736
MIOpen(HIP): Warning [IsEnoughWorkspace] [GetSolutionsFallback WTI] Solver <ConvAsmImplicitGemmGTCDynamicBwdXdlopsNHWC>, workspace required: 15450112, provided ptr: 0x73e913cc0000 size: 14581760
MIOpen(HIP): Warning [IsEnoughWorkspace] [GetSolutionsFallback WTI] Solver <ConvHipImplicitGemmGroupBwdXdlops>, workspace required: 15450112, provided ptr: 0x73e913cc0000 size: 14581760
MIOpen(HIP): Warning [IsEnoughWorkspace] [GetSolutionsFallback AI] Solver <GemmFwdRest>, workspace required: 51036160, provided ptr: 0x73e86a600000 size: 16416768
MIOpen(HIP): Warning [IsEnoughWorkspace] [GetSolutionsFallback AI] Solver <ConvAsmImplicitGemmGTCDynamicFwdXdlopsNHWC>, workspace required: 14581760, provided ptr: 0 size: 0
MIOpen(HIP): Warning [IsEnoughWorkspace] [GetSolutionsFallback AI] Solver <ConvHipImplicitGemmGroupFwdXdlops>, workspace required: 14843904, provided ptr: 0 size: 0
MIOpen(HIP): Warning [IsEnoughWorkspace] [GetSolutionsFallback AI] Solver <GemmFwdRest>, workspace required: 102072320, provided ptr: 0x73e86b3e8000 size: 29622272
MIOpen(HIP): Warning [IsEnoughWorkspace] [GetSolutionsFallback AI] Solver <ConvHipImplicitGemmGroupFwdXdlops>, workspace required: 29229056, provided ptr: 0x73e86c1d0000 size: 29163520
MIOpen(HIP): Warning [IsEnoughWorkspace] [GetSolutionsFallback WTI] Solver <ConvAsmImplicitGemmGTCDynamicBwdXdlopsNHWC>, workspace required: 29294592, provided ptr: 0x73e86b3e8000 size: 29163520
MIOpen(HIP): Warning [IsEnoughWorkspace] [GetSolutionsFallback WTI] Solver <ConvHipImplicitGemmGroupBwdXdlops>, workspace required: 29294592, provided ptr: 0x73e86b3e8000 size: 29163520
MIOpen(HIP): Warning [IsEnoughWorkspace] [GetSolutionsFallback AI] Solver <GemmFwdRest>, workspace required: 102072320, provided ptr: 0x73e86c1d0000 size: 29278208
MIOpen(HIP): Warning [IsEnoughWorkspace] [GetSolutionsFallback AI] Solver <ConvHipImplicitGemmGroupFwdXdlops>, workspace required: 29179904, provided ptr: 0x73e86cfb8000 size: 29163520
MIOpen(HIP): Warning [IsEnoughWorkspace] [GetSolutionsFallback AI] Solver <GemmFwdRest>, workspace required: 153108480, provided ptr: 0x73e871200000 size: 43773952
MIOpen(HIP): Warning [IsEnoughWorkspace] [GetSolutionsFallback AI] Solver <ConvHipImplicitGemmGroupFwdXdlops>, workspace required: 43749376, provided ptr: 0x73e8726dc000 size: 43745280
MIOpen(HIP): Warning [IsEnoughWorkspace] [GetSolutionsFallback AI] Solver <ConvHipImplicitGemmGroupFwdXdlops>, workspace required: 22557184, provided ptr: 0x73e86a600000 size: 21873664
MIOpen(HIP): Warning [IsEnoughWorkspace] [GetSolutionsFallback AI] Solver <GemmFwdRest>, workspace required: 153108480, provided ptr: 0x73e86a600000 size: 21873664
MIOpen(HIP): Warning [IsEnoughWorkspace] [GetSolutionsFallback AI] Solver <ConvHipImplicitGemmGroupFwdXdlops>, workspace required: 9101312, provided ptr: 0x73e780cc0000 size: 2465792
MIOpen(HIP): Warning [IsEnoughWorkspace] [GetSolutionsFallback AI] Solver <ConvAsmImplicitGemmGTCDynamicFwdXdlopsNHWC>, workspace required: 9101312, provided ptr: 0x73e780cc0000 size: 2465792
MIOpen(HIP): Warning [IsEnoughWorkspace] [GetSolutionsFallback WTI] Solver <ConvAsmImplicitGemmGTCDynamicBwdXdlopsNHWC>, workspace required: 40599552, provided ptr: 0x73e913cc0000 size: 11272192
MIOpen(HIP): Warning [IsEnoughWorkspace] [GetSolutionsFallback WTI] Solver <ConvHipImplicitGemmGroupBwdXdlops>, workspace required: 40599552, provided ptr: 0x73e913cc0000 size: 11272192
MIOpen(HIP): Warning [IsEnoughWorkspace] [GetSolutionsFallback AI] Solver <GemmFwdRest>, workspace required: 39452672, provided ptr: 0x73e86a600000 size: 18612224
MIOpen(HIP): Warning [IsEnoughWorkspace] [GetSolutionsFallback AI] Solver <GemmFwdRest>, workspace required: 98631680, provided ptr: 0x73e86c0e0000 size: 30015488
MIOpen(HIP): Warning [IsEnoughWorkspace] [GetSolutionsFallback AI] Solver <ConvHipImplicitGemmGroupFwdXdlops>, workspace required: 28442624, provided ptr: 0x73e86ce50000 size: 28180480
MIOpen(HIP): Warning [IsEnoughWorkspace] [GetSolutionsFallback AI] Solver <GemmFwdRest>, workspace required: 197263360, provided ptr: 0x73e872ce0000 size: 56819712
MIOpen(HIP): Warning [IsEnoughWorkspace] [GetSolutionsFallback AI] Solver <ConvHipImplicitGemmGroupFwdXdlops>, workspace required: 56426496, provided ptr: 0x73e8747c0000 size: 56360960
MIOpen(HIP): Warning [IsEnoughWorkspace] [GetSolutionsFallback WTI] Solver <ConvAsmImplicitGemmGTCDynamicBwdXdlopsNHWC>, workspace required: 56492032, provided ptr: 0x73e872ce0000 size: 56360960
MIOpen(HIP): Warning [IsEnoughWorkspace] [GetSolutionsFallback WTI] Solver <ConvHipImplicitGemmGroupBwdXdlops>, workspace required: 56492032, provided ptr: 0x73e872ce0000 size: 56360960
MIOpen(HIP): Warning [IsEnoughWorkspace] [GetSolutionsFallback AI] Solver <GemmFwdRest>, workspace required: 197263360, provided ptr: 0x73e8747c0000 size: 56475648
MIOpen(HIP): Warning [IsEnoughWorkspace] [GetSolutionsFallback AI] Solver <ConvHipImplicitGemmGroupFwdXdlops>, workspace required: 56377344, provided ptr: 0x73e8762a0000 size: 56360960
MIOpen(HIP): Warning [IsEnoughWorkspace] [GetSolutionsFallback AI] Solver <GemmFwdRest>, workspace required: 295895040, provided ptr: 0x73e8762a0000 size: 84570112
MIOpen(HIP): Warning [IsEnoughWorkspace] [GetSolutionsFallback AI] Solver <ConvHipImplicitGemmGroupFwdXdlops>, workspace required: 84545536, provided ptr: 0x73e878af0000 size: 84541440
MIOpen(HIP): Warning [IsEnoughWorkspace] [GetSolutionsFallback AI] Solver <ConvHipImplicitGemmGroupFwdXdlops>, workspace required: 43592704, provided ptr: 0x73e86a600000 size: 42271744
MIOpen(HIP): Warning [IsEnoughWorkspace] [GetSolutionsFallback AI] Solver <GemmFwdRest>, workspace required: 295895040, provided ptr: 0x73e86a600000 size: 42271744
MIOpen(HIP): Warning [IsEnoughWorkspace] [GetSolutionsFallback AI] Solver <ConvHipImplicitGemmGroupFwdXdlops>, workspace required: 7954432, provided ptr: 0x73e7e9e00000 size: 860160
MIOpen(HIP): Warning [IsEnoughWorkspace] [GetSolutionsFallback AI] Solver <ConvAsmImplicitGemmGTCDynamicFwdXdlopsNHWC>, workspace required: 7954432, provided ptr: 0x73e7e9e00000 size: 860160
MIOpen(HIP): Warning [IsEnoughWorkspace] [GetSolutionsFallback WTI] Solver <ConvAsmImplicitGemmGTCDynamicBwdXdlopsNHWC>, workspace required: 36012032, provided ptr: 0x73e784400000 size: 3932160
MIOpen(HIP): Warning [IsEnoughWorkspace] [GetSolutionsFallback WTI] Solver <ConvHipImplicitGemmGroupBwdXdlops>, workspace required: 36012032, provided ptr: 0x73e784400000 size: 3932160
MIOpen(HIP): Warning [IsEnoughWorkspace] [GetSolutionsFallback AI] Solver <GemmFwdRest>, workspace required: 13762560, provided ptr: 0x73e845c00000 size: 11272192
MIOpen(HIP): Warning [IsEnoughWorkspace] [GetSolutionsFallback WTI] Solver <ConvAsmImplicitGemmGTCDynamicBwdXdlopsNHWC>, workspace required: 12124160, provided ptr: 0x73e913cc0000 size: 9830400
MIOpen(HIP): Warning [IsEnoughWorkspace] [GetSolutionsFallback WTI] Solver <ConvHipImplicitGemmGroupBwdXdlops>, workspace required: 12124160, provided ptr: 0x73e913cc0000 size: 9830400
MIOpen(HIP): Warning [IsEnoughWorkspace] [GetSolutionsFallback AI] Solver <GemmFwdRest>, workspace required: 34406400, provided ptr: 0x73e914170000 size: 11665408
MIOpen(HIP): Warning [IsEnoughWorkspace] [GetSolutionsFallback AI] Solver <ConvHipImplicitGemmGroupFwdXdlops>, workspace required: 10092544, provided ptr: 0x73e914620000 size: 9830400
MIOpen(HIP): Warning [IsEnoughWorkspace] [GetSolutionsFallback AI] Solver <GemmFwdRest>, workspace required: 68812800, provided ptr: 0x73e86af60000 size: 20119552
MIOpen(HIP): Warning [IsEnoughWorkspace] [GetSolutionsFallback AI] Solver <ConvHipImplicitGemmGroupFwdXdlops>, workspace required: 19726336, provided ptr: 0x73e86b8c0000 size: 19660800
MIOpen(HIP): Warning [IsEnoughWorkspace] [GetSolutionsFallback WTI] Solver <ConvAsmImplicitGemmGTCDynamicBwdXdlopsNHWC>, workspace required: 19791872, provided ptr: 0x73e86af60000 size: 19660800
MIOpen(HIP): Warning [IsEnoughWorkspace] [GetSolutionsFallback WTI] Solver <ConvHipImplicitGemmGroupBwdXdlops>, workspace required: 19791872, provided ptr: 0x73e86af60000 size: 19660800
MIOpen(HIP): Warning [IsEnoughWorkspace] [GetSolutionsFallback AI] Solver <GemmFwdRest>, workspace required: 68812800, provided ptr: 0x73e86af60000 size: 19775488
MIOpen(HIP): Warning [IsEnoughWorkspace] [GetSolutionsFallback AI] Solver <ConvHipImplicitGemmGroupFwdXdlops>, workspace required: 19677184, provided ptr: 0x73e86b8c0000 size: 19660800
MIOpen(HIP): Warning [IsEnoughWorkspace] [GetSolutionsFallback AI] Solver <GemmFwdRest>, workspace required: 103219200, provided ptr: 0x73e86d030000 size: 29519872
MIOpen(HIP): Warning [IsEnoughWorkspace] [GetSolutionsFallback AI] Solver <ConvHipImplicitGemmGroupFwdXdlops>, workspace required: 29495296, provided ptr: 0x73e871200000 size: 29491200
MIOpen(HIP): Warning [IsEnoughWorkspace] [GetSolutionsFallback AI] Solver <ConvHipImplicitGemmGroupFwdXdlops>, workspace required: 15207424, provided ptr: 0x73e86a600000 size: 14746624
MIOpen(HIP): Warning [IsEnoughWorkspace] [GetSolutionsFallback AI] Solver <GemmFwdRest>, workspace required: 103219200, provided ptr: 0x73e86a600000 size: 14746624
MIOpen(HIP): Warning [IsEnoughWorkspace] [GetSolutionsFallback AI] Solver <ConvHipImplicitGemmGroupFwdXdlops>, workspace required: 9203712, provided ptr: 0x73e780cc0000 size: 2609152
MIOpen(HIP): Warning [IsEnoughWorkspace] [GetSolutionsFallback AI] Solver <ConvAsmImplicitGemmGTCDynamicFwdXdlopsNHWC>, workspace required: 9203712, provided ptr: 0x73e780cc0000 size: 2609152
MIOpen(HIP): Warning [IsEnoughWorkspace] [GetSolutionsFallback WTI] Solver <ConvAsmImplicitGemmGTCDynamicBwdXdlopsNHWC>, workspace required: 41009152, provided ptr: 0x73e913cc0000 size: 11927552
MIOpen(HIP): Warning [IsEnoughWorkspace] [GetSolutionsFallback WTI] Solver <ConvHipImplicitGemmGroupBwdXdlops>, workspace required: 41009152, provided ptr: 0x73e913cc0000 size: 11927552
MIOpen(HIP): Warning [IsEnoughWorkspace] [GetSolutionsFallback AI] Solver <GemmFwdRest>, workspace required: 41746432, provided ptr: 0x73e86a600000 size: 19267584
MIOpen(HIP): Warning [IsEnoughWorkspace] [GetSolutionsFallback AI] Solver <GemmFwdRest>, workspace required: 104366080, provided ptr: 0x73e86c270000 size: 31653888
MIOpen(HIP): Warning [IsEnoughWorkspace] [GetSolutionsFallback AI] Solver <ConvHipImplicitGemmGroupFwdXdlops>, workspace required: 30081024, provided ptr: 0x73e86d0a8000 size: 29818880
MIOpen(HIP): Warning [IsEnoughWorkspace] [GetSolutionsFallback AI] Solver <GemmFwdRest>, workspace required: 208732160, provided ptr: 0x73e872e70000 size: 60096512
MIOpen(HIP): Warning [IsEnoughWorkspace] [GetSolutionsFallback AI] Solver <ConvHipImplicitGemmGroupFwdXdlops>, workspace required: 59703296, provided ptr: 0x73e874ae0000 size: 59637760
MIOpen(HIP): Warning [IsEnoughWorkspace] [GetSolutionsFallback WTI] Solver <ConvAsmImplicitGemmGTCDynamicBwdXdlopsNHWC>, workspace required: 59768832, provided ptr: 0x73e872e70000 size: 59637760
MIOpen(HIP): Warning [IsEnoughWorkspace] [GetSolutionsFallback WTI] Solver <ConvHipImplicitGemmGroupBwdXdlops>, workspace required: 59768832, provided ptr: 0x73e872e70000 size: 59637760
MIOpen(HIP): Warning [IsEnoughWorkspace] [GetSolutionsFallback AI] Solver <GemmFwdRest>, workspace required: 208732160, provided ptr: 0x73e874ae0000 size: 59752448
MIOpen(HIP): Warning [IsEnoughWorkspace] [GetSolutionsFallback AI] Solver <ConvHipImplicitGemmGroupFwdXdlops>, workspace required: 59654144, provided ptr: 0x73e876750000 size: 59637760
MIOpen(HIP): Warning [IsEnoughWorkspace] [GetSolutionsFallback AI] Solver <GemmFwdRest>, workspace required: 313098240, provided ptr: 0x73e876750000 size: 89485312
MIOpen(HIP): Warning [IsEnoughWorkspace] [GetSolutionsFallback AI] Solver <ConvHipImplicitGemmGroupFwdXdlops>, workspace required: 89460736, provided ptr: 0x73e8791f8000 size: 89456640
MIOpen(HIP): Warning [IsEnoughWorkspace] [GetSolutionsFallback AI] Solver <ConvHipImplicitGemmGroupFwdXdlops>, workspace required: 46127104, provided ptr: 0x73e86a600000 size: 44729344
MIOpen(HIP): Warning [IsEnoughWorkspace] [GetSolutionsFallback AI] Solver <GemmFwdRest>, workspace required: 313098240, provided ptr: 0x73e86a600000 size: 44729344
[0;36m(APIServer pid=73252)[0;0m [32mINFO[0m [90m10-07 15:27:48[0m [90m[stats.py:902][0m [OmniTiming] req=speech-b15463bfa3ab77a0-9fcd2e16 total=7.76s engine=7.76s stages=[0:7.76s]
INFO:     127.0.0.1:34026 - "POST /v1/audio/speech HTTP/1.1" 200 OK
[0;36m(APIServer pid=73252)[0;0m [32mINFO[0m [90m10-07 15:27:48[0m [90m[serving_speech.py:2423][0m Diffusion TTS speech request speech-b485cf8aae73ffd2: voice_clone=False
[0;36m(APIServer pid=73252)[0;0m [32mINFO[0m [90m10-07 15:27:48[0m [90m[serving_speech.py:2471][0m Applied diffusion speech params: seed=42 extra_params={}
[0;36m(APIServer pid=73252)[0;0m [32mINFO[0m [90m10-07 15:27:48[0m [90m[diffusion_engine.py:764][0m [RequestBatch] admission wait done waiting=1 max_batch=8 waited_ms=2.1
MIOpen(HIP): Warning [IsEnoughWorkspace] [GetSolutionsFallback AI] Solver <ConvHipImplicitGemmGroupFwdXdlops>, workspace required: 8840192, provided ptr: 0x73e780cc0000 size: 2100224
MIOpen(HIP): Warning [IsEnoughWorkspace] [GetSolutionsFallback AI] Solver <ConvAsmImplicitGemmGTCDynamicFwdXdlopsNHWC>, workspace required: 8840192, provided ptr: 0x73e780cc0000 size: 2100224
MIOpen(HIP): Warning [IsEnoughWorkspace] [GetSolutionsFallback WTI] Solver <ConvAsmImplicitGemmGTCDynamicBwdXdlopsNHWC>, workspace required: 39555072, provided ptr: 0x73e845c00000 size: 9601024
MIOpen(HIP): Warning [IsEnoughWorkspace] [GetSolutionsFallback WTI] Solver <ConvHipImplicitGemmGroupBwdXdlops>, workspace required: 39555072, provided ptr: 0x73e845c00000 size: 9601024
MIOpen(HIP): Warning [IsEnoughWorkspace] [GetSolutionsFallback AI] Solver <GemmFwdRest>, workspace required: 33603584, provided ptr: 0x73e913cc0000 size: 16941056
MIOpen(HIP): Warning [IsEnoughWorkspace] [GetSolutionsFallback AI] Solver <GemmFwdRest>, workspace required: 84008960, provided ptr: 0x73e86bce4000 size: 25837568
MIOpen(HIP): Warning [IsEnoughWorkspace] [GetSolutionsFallback AI] Solver <ConvHipImplicitGemmGroupFwdXdlops>, workspace required: 24264704, provided ptr: 0x73e86c856000 size: 24002560
MIOpen(HIP): Warning [IsEnoughWorkspace] [GetSolutionsFallback AI] Solver <GemmFwdRest>, workspace required: 168017920, provided ptr: 0x73e8728e4000 size: 48463872
MIOpen(HIP): Warning [IsEnoughWorkspace] [GetSolutionsFallback AI] Solver <ConvHipImplicitGemmGroupFwdXdlops>, workspace required: 48070656, provided ptr: 0x73e873fc8000 size: 48005120
MIOpen(HIP): Warning [IsEnoughWorkspace] [GetSolutionsFallback WTI] Solver <ConvAsmImplicitGemmGTCDynamicBwdXdlopsNHWC>, workspace required: 48136192, provided ptr: 0x73e8728e4000 size: 48005120
MIOpen(HIP): Warning [IsEnoughWorkspace] [GetSolutionsFallback WTI] Solver <ConvHipImplicitGemmGroupBwdXdlops>, workspace required: 48136192, provided ptr: 0x73e8728e4000 size: 48005120
MIOpen(HIP): Warning [IsEnoughWorkspace] [GetSolutionsFallback AI] Solver <GemmFwdRest>, workspace required: 168017920, provided ptr: 0x73e8728e4000 size: 48119808
MIOpen(HIP): Warning [IsEnoughWorkspace] [GetSolutionsFallback AI] Solver <ConvHipImplicitGemmGroupFwdXdlops>, workspace required: 48021504, provided ptr: 0x73e873fc8000 size: 48005120
MIOpen(HIP): Warning [IsEnoughWorkspace] [GetSolutionsFallback AI] Solver <GemmFwdRest>, workspace required: 252026880, provided ptr: 0x73e8756ac000 size: 72036352
MIOpen(HIP): Warning [IsEnoughWorkspace] [GetSolutionsFallback AI] Solver <ConvHipImplicitGemmGroupFwdXdlops>, workspace required: 72011776, provided ptr: 0x73e877902000 size: 72007680
MIOpen(HIP): Warning [IsEnoughWorkspace] [GetSolutionsFallback AI] Solver <ConvHipImplicitGemmGroupFwdXdlops>, workspace required: 37129984, provided ptr: 0x73e86a600000 size: 36004864
MIOpen(HIP): Warning [IsEnoughWorkspace] [GetSolutionsFallback AI] Solver <GemmFwdRest>, workspace required: 252026880, provided ptr: 0x73e86a600000 size: 36004864
MIOpen(HIP): Warning [IsEnoughWorkspace] [GetSolutionsFallback AI] Solver <ConvHipImplicitGemmGroupFwdXdlops>, workspace required: 9167872, provided ptr: 0x73e780cc0000 size: 2558976
MIOpen(HIP): Warning [IsEnoughWorkspace] [GetSolutionsFallback AI] Solver <ConvAsmImplicitGemmGTCDynamicFwdXdlopsNHWC>, workspace required: 9167872, provided ptr: 0x73e780cc0000 size: 2558976
MIOpen(HIP): Warning [IsEnoughWorkspace] [GetSolutionsFallback WTI] Solver <ConvAsmImplicitGemmGTCDynamicBwdXdlopsNHWC>, workspace required: 40865792, provided ptr: 0x73e913cc0000 size: 11698176
MIOpen(HIP): Warning [IsEnoughWorkspace] [GetSolutionsFallback WTI] Solver <ConvHipImplicitGemmGroupBwdXdlops>, workspace required: 40865792, provided ptr: 0x73e913cc0000 size: 11698176
MIOpen(HIP): Warning [IsEnoughWorkspace] [GetSolutionsFallback AI] Solver <GemmFwdRest>, workspace required: 40943616, provided ptr: 0x73e86a600000 size: 19038208
MIOpen(HIP): Warning [IsEnoughWorkspace] [GetSolutionsFallback AI] Solver <GemmFwdRest>, workspace required: 102359040, provided ptr: 0x73e86c1e4000 size: 31080448
MIOpen(HIP): Warning [IsEnoughWorkspace] [GetSolutionsFallback AI] Solver <ConvHipImplicitGemmGroupFwdXdlops>, workspace required: 29507584, provided ptr: 0x73e86cfd6000 size: 29245440
MIOpen(HIP): Warning [IsEnoughWorkspace] [GetSolutionsFallback AI] Solver <GemmFwdRest>, workspace required: 204718080, provided ptr: 0x73e872de4000 size: 58949632
MIOpen(HIP): Warning [IsEnoughWorkspace] [GetSolutionsFallback AI] Solver <ConvHipImplicitGemmGroupFwdXdlops>, workspace required: 58556416, provided ptr: 0x73e8749c8000 size: 58490880
MIOpen(HIP): Warning [IsEnoughWorkspace] [GetSolutionsFallback WTI] Solver <ConvAsmImplicitGemmGTCDynamicBwdXdlopsNHWC>, workspace required: 58621952, provided ptr: 0x73e872de4000 size: 58490880
MIOpen(HIP): Warning [IsEnoughWorkspace] [GetSolutionsFallback WTI] Solver <ConvHipImplicitGemmGroupBwdXdlops>, workspace required: 58621952, provided ptr: 0x73e872de4000 size: 58490880
MIOpen(HIP): Warning [IsEnoughWorkspace] [GetSolutionsFallback AI] Solver <GemmFwdRest>, workspace required: 204718080, provided ptr: 0x73e8749c8000 size: 58605568
MIOpen(HIP): Warning [IsEnoughWorkspace] [GetSolutionsFallback AI] Solver <ConvHipImplicitGemmGroupFwdXdlops>, workspace required: 58507264, provided ptr: 0x73e8765ac000 size: 58490880
MIOpen(HIP): Warning [IsEnoughWorkspace] [GetSolutionsFallback AI] Solver <GemmFwdRest>, workspace required: 307077120, provided ptr: 0x73e8765ac000 size: 87764992
MIOpen(HIP): Warning [IsEnoughWorkspace] [GetSolutionsFallback AI] Solver <ConvHipImplicitGemmGroupFwdXdlops>, workspace required: 87740416, provided ptr: 0x73e878f82000 size: 87736320
MIOpen(HIP): Warning [IsEnoughWorkspace] [GetSolutionsFallback AI] Solver <ConvHipImplicitGemmGroupFwdXdlops>, workspace required: 45240064, provided ptr: 0x73e86a600000 size: 43869184
MIOpen(HIP): Warning [IsEnoughWorkspace] [GetSolutionsFallback AI] Solver <GemmFwdRest>, workspace required: 307077120, provided ptr: 0x73e86a600000 size: 43869184
MIOpen(HIP): Warning [IsEnoughWorkspace] [GetSolutionsFallback AI] Solver <ConvHipImplicitGemmGroupFwdXdlops>, workspace required: 8748032, provided ptr: 0x73e780cc0000 size: 1971200
MIOpen(HIP): Warning [IsEnoughWorkspace] [GetSolutionsFallback AI] Solver <ConvAsmImplicitGemmGTCDynamicFwdXdlopsNHWC>, workspace required: 8748032, provided ptr: 0x73e780cc0000 size: 1971200
MIOpen(HIP): Warning [IsEnoughWorkspace] [GetSolutionsFallback WTI] Solver <ConvAsmImplicitGemmGTCDynamicBwdXdlopsNHWC>, workspace required: 39186432, provided ptr: 0x73e845c00000 size: 9011200
MIOpen(HIP): Warning [IsEnoughWorkspace] [GetSolutionsFallback WTI] Solver <ConvHipImplicitGemmGroupBwdXdlops>, workspace required: 39186432, provided ptr: 0x73e845c00000 size: 9011200
MIOpen(HIP): Warning [IsEnoughWorkspace] [GetSolutionsFallback AI] Solver <GemmFwdRest>, workspace required: 31539200, provided ptr: 0x73e913cc0000 size: 16351232
MIOpen(HIP): Warning [IsEnoughWorkspace] [GetSolutionsFallback AI] Solver <GemmFwdRest>, workspace required: 78848000, provided ptr: 0x73e86bb7c000 size: 24363008
MIOpen(HIP): Warning [IsEnoughWorkspace] [GetSolutionsFallback AI] Solver <ConvHipImplicitGemmGroupFwdXdlops>, workspace required: 22790144, provided ptr: 0x73e86c63a000 size: 22528000
MIOpen(HIP): Warning [IsEnoughWorkspace] [GetSolutionsFallback AI] Solver <GemmFwdRest>, workspace required: 157696000, provided ptr: 0x73e871200000 size: 45514752
MIOpen(HIP): Warning [IsEnoughWorkspace] [GetSolutionsFallback AI] Solver <ConvHipImplicitGemmGroupFwdXdlops>, workspace required: 45121536, provided ptr: 0x73e87277c000 size: 45056000
MIOpen(HIP): Warning [IsEnoughWorkspace] [GetSolutionsFallback WTI] Solver <ConvAsmImplicitGemmGTCDynamicBwdXdlopsNHWC>, workspace required: 45187072, provided ptr: 0x73e871200000 size: 45056000
MIOpen(HIP): Warning [IsEnoughWorkspace] [GetSolutionsFallback WTI] Solver <ConvHipImplicitGemmGroupBwdXdlops>, workspace required: 45187072, provided ptr: 0x73e871200000 size: 45056000
MIOpen(HIP): Warning [IsEnoughWorkspace] [GetSolutionsFallback AI] Solver <GemmFwdRest>, workspace required: 157696000, provided ptr: 0x73e87277c000 size: 45170688
MIOpen(HIP): Warning [IsEnoughWorkspace] [GetSolutionsFallback AI] Solver <ConvHipImplicitGemmGroupFwdXdlops>, workspace required: 45072384, provided ptr: 0x73e873cf8000 size: 45056000
MIOpen(HIP): Warning [IsEnoughWorkspace] [GetSolutionsFallback AI] Solver <GemmFwdRest>, workspace required: 236544000, provided ptr: 0x73e8767f0000 size: 67612672
MIOpen(HIP): Warning [IsEnoughWorkspace] [GetSolutionsFallback AI] Solver <ConvHipImplicitGemmGroupFwdXdlops>, workspace required: 67588096, provided ptr: 0x73e87882a000 size: 67584000
MIOpen(HIP): Warning [IsEnoughWorkspace] [GetSolutionsFallback AI] Solver <ConvHipImplicitGemmGroupFwdXdlops>, workspace required: 34849024, provided ptr: 0x73e86c63a000 size: 33793024
MIOpen(HIP): Warning [IsEnoughWorkspace] [GetSolutionsFallback AI] Solver <GemmFwdRest>, workspace required: 236544000, provided ptr: 0x73e86c63a000 size: 33793024
[0;36m(APIServer pid=73252)[0;0m [32mINFO[0m [90m10-07 15:27:53[0m [90m[stats.py:902][0m [OmniTiming] req=speech-b485cf8aae73ffd2-b2134bce total=5.28s engine=5.28s stages=[0:5.28s]
INFO:     127.0.0.1:34026 - "POST /v1/audio/speech HTTP/1.1" 200 OK
[0;36m(APIServer pid=73252)[0;0m [32mINFO[0m [90m10-07 15:27:53[0m [90m[serving_speech.py:2423][0m Diffusion TTS speech request speech-b243ce4b763b621c: voice_clone=False
[0;36m(APIServer pid=73252)[0;0m [32mINFO[0m [90m10-07 15:27:53[0m [90m[serving_speech.py:2471][0m Applied diffusion speech params: seed=42 extra_params={}
[0;36m(APIServer pid=73252)[0;0m [32mINFO[0m [90m10-07 15:27:53[0m [90m[diffusion_engine.py:764][0m [RequestBatch] admission wait done waiting=1 max_batch=8 waited_ms=2.1
MIOpen(HIP): Warning [IsEnoughWorkspace] [GetSolutionsFallback AI] Solver <ConvHipImplicitGemmGroupFwdXdlops>, workspace required: 8266752, provided ptr: 0x73e781c80000 size: 1297408
MIOpen(HIP): Warning [IsEnoughWorkspace] [GetSolutionsFallback AI] Solver <ConvAsmImplicitGemmGTCDynamicFwdXdlopsNHWC>, workspace required: 8266752, provided ptr: 0x73e781c80000 size: 1297408
MIOpen(HIP): Warning [IsEnoughWorkspace] [GetSolutionsFallback WTI] Solver <ConvAsmImplicitGemmGTCDynamicBwdXdlopsNHWC>, workspace required: 37261312, provided ptr: 0x73e845c00000 size: 5931008
MIOpen(HIP): Warning [IsEnoughWorkspace] [GetSolutionsFallback WTI] Solver <ConvHipImplicitGemmGroupBwdXdlops>, workspace required: 37261312, provided ptr: 0x73e845c00000 size: 5931008
MIOpen(HIP): Warning [IsEnoughWorkspace] [GetSolutionsFallback AI] Solver <GemmFwdRest>, workspace required: 20758528, provided ptr: 0x73e913cc0000 size: 13271040
MIOpen(HIP): Warning [IsEnoughWorkspace] [GetSolutionsFallback WTI] Solver <ConvAsmImplicitGemmGTCDynamicBwdXdlopsNHWC>, workspace required: 15622144, provided ptr: 0x73e913cc0000 size: 14827520
MIOpen(HIP): Warning [IsEnoughWorkspace] [GetSolutionsFallback WTI] Solver <ConvHipImplicitGemmGroupBwdXdlops>, workspace required: 15622144, provided ptr: 0x73e913cc0000 size: 14827520
MIOpen(HIP): Warning [IsEnoughWorkspace] [GetSolutionsFallback AI] Solver <GemmFwdRest>, workspace required: 51896320, provided ptr: 0x73e86a600000 size: 16662528
MIOpen(HIP): Warning [IsEnoughWorkspace] [GetSolutionsFallback AI] Solver <ConvAsmImplicitGemmGTCDynamicFwdXdlopsNHWC>, workspace required: 14827520, provided ptr: 0 size: 0
MIOpen(HIP): Warning [IsEnoughWorkspace] [GetSolutionsFallback AI] Solver <ConvHipImplicitGemmGroupFwdXdlops>, workspace required: 15089664, provided ptr: 0 size: 0
MIOpen(HIP): Warning [IsEnoughWorkspace] [GetSolutionsFallback AI] Solver <GemmFwdRest>, workspace required: 103792640, provided ptr: 0x73e86c248000 size: 30113792
MIOpen(HIP): Warning [IsEnoughWorkspace] [GetSolutionsFallback AI] Solver <ConvHipImplicitGemmGroupFwdXdlops>, workspace required: 29720576, provided ptr: 0x73e86d06c000 size: 29655040
MIOpen(HIP): Warning [IsEnoughWorkspace] [GetSolutionsFallback WTI] Solver <ConvAsmImplicitGemmGTCDynamicBwdXdlopsNHWC>, workspace required: 29786112, provided ptr: 0x73e86c248000 size: 29655040
MIOpen(HIP): Warning [IsEnoughWorkspace] [GetSolutionsFallback WTI] Solver <ConvHipImplicitGemmGroupBwdXdlops>, workspace required: 29786112, provided ptr: 0x73e86c248000 size: 29655040
MIOpen(HIP): Warning [IsEnoughWorkspace] [GetSolutionsFallback AI] Solver <GemmFwdRest>, workspace required: 103792640, provided ptr: 0x73e86d06c000 size: 29769728
MIOpen(HIP): Warning [IsEnoughWorkspace] [GetSolutionsFallback AI] Solver <ConvHipImplicitGemmGroupFwdXdlops>, workspace required: 29671424, provided ptr: 0x73e871200000 size: 29655040
MIOpen(HIP): Warning [IsEnoughWorkspace] [GetSolutionsFallback AI] Solver <GemmFwdRest>, workspace required: 155688960, provided ptr: 0x73e871200000 size: 44511232
MIOpen(HIP): Warning [IsEnoughWorkspace] [GetSolutionsFallback AI] Solver <ConvHipImplicitGemmGroupFwdXdlops>, workspace required: 44486656, provided ptr: 0x73e872736000 size: 44482560
MIOpen(HIP): Warning [IsEnoughWorkspace] [GetSolutionsFallback AI] Solver <ConvHipImplicitGemmGroupFwdXdlops>, workspace required: 22937344, provided ptr: 0x73e913cc0000 size: 22242304
MIOpen(HIP): Warning [IsEnoughWorkspace] [GetSolutionsFallback AI] Solver <GemmFwdRest>, workspace required: 155688960, provided ptr: 0x73e913cc0000 size: 22242304
MIOpen(HIP): Warning [IsEnoughWorkspace] [GetSolutionsFallback AI] Solver <ConvHipImplicitGemmGroupFwdXdlops>, workspace required: 8527872, provided ptr: 0x73e780cc0000 size: 1662976
MIOpen(HIP): Warning [IsEnoughWorkspace] [GetSolutionsFallback AI] Solver <ConvAsmImplicitGemmGTCDynamicFwdXdlopsNHWC>, workspace required: 8527872, provided ptr: 0x73e780cc0000 size: 1662976
MIOpen(HIP): Warning [IsEnoughWorkspace] [GetSolutionsFallback WTI] Solver <ConvAsmImplicitGemmGTCDynamicBwdXdlopsNHWC>, workspace required: 38305792, provided ptr: 0x73e845c00000 size: 7602176
MIOpen(HIP): Warning [IsEnoughWorkspace] [GetSolutionsFallback WTI] Solver <ConvHipImplicitGemmGroupBwdXdlops>, workspace required: 38305792, provided ptr: 0x73e845c00000 size: 7602176
MIOpen(HIP): Warning [IsEnoughWorkspace] [GetSolutionsFallback AI] Solver <GemmFwdRest>, workspace required: 26607616, provided ptr: 0x73e913cc0000 size: 14942208
MIOpen(HIP): Warning [IsEnoughWorkspace] [GetSolutionsFallback AI] Solver <GemmFwdRest>, workspace required: 66519040, provided ptr: 0x73e86a600000 size: 20840448
MIOpen(HIP): Warning [IsEnoughWorkspace] [GetSolutionsFallback AI] Solver <ConvHipImplicitGemmGroupFwdXdlops>, workspace required: 19267584, provided ptr: 0x73e86af10000 size: 19005440
MIOpen(HIP): Warning [IsEnoughWorkspace] [GetSolutionsFallback AI] Solver <GemmFwdRest>, workspace required: 133038080, provided ptr: 0x73e871200000 size: 38469632
MIOpen(HIP): Warning [IsEnoughWorkspace] [GetSolutionsFallback AI] Solver <ConvHipImplicitGemmGroupFwdXdlops>, workspace required: 38076416, provided ptr: 0x73e871200000 size: 38010880
MIOpen(HIP): Warning [IsEnoughWorkspace] [GetSolutionsFallback WTI] Solver <ConvAsmImplicitGemmGTCDynamicBwdXdlopsNHWC>, workspace required: 38141952, provided ptr: 0x73e86ca40000 size: 38010880
MIOpen(HIP): Warning [IsEnoughWorkspace] [GetSolutionsFallback WTI] Solver <ConvHipImplicitGemmGroupBwdXdlops>, workspace required: 38141952, provided ptr: 0x73e86ca40000 size: 38010880
MIOpen(HIP): Warning [IsEnoughWorkspace] [GetSolutionsFallback AI] Solver <GemmFwdRest>, workspace required: 133038080, provided ptr: 0x73e871200000 size: 38125568
MIOpen(HIP): Warning [IsEnoughWorkspace] [GetSolutionsFallback AI] Solver <ConvHipImplicitGemmGroupFwdXdlops>, workspace required: 38027264, provided ptr: 0x73e871200000 size: 38010880
MIOpen(HIP): Warning [IsEnoughWorkspace] [GetSolutionsFallback AI] Solver <GemmFwdRest>, workspace required: 199557120, provided ptr: 0x73e872d30000 size: 57044992
MIOpen(HIP): Warning [IsEnoughWorkspace] [GetSolutionsFallback AI] Solver <ConvHipImplicitGemmGroupFwdXdlops>, workspace required: 57020416, provided ptr: 0x73e874860000 size: 57016320
MIOpen(HIP): Warning [IsEnoughWorkspace] [GetSolutionsFallback AI] Solver <ConvHipImplicitGemmGroupFwdXdlops>, workspace required: 29400064, provided ptr: 0x73e86c130000 size: 28509184
MIOpen(HIP): Warning [IsEnoughWorkspace] [GetSolutionsFallback AI] Solver <GemmFwdRest>, workspace required: 199557120, provided ptr: 0x73e86c130000 size: 28509184
MIOpen(HIP): Warning [IsEnoughWorkspace] [GetSolutionsFallback AI] Solver <ConvAsmImplicitGemmGTCDynamicFwdXdlopsNHWC>, workspace required: 7498752, provided ptr: 0x73e8a1b0a000 size: 222208
MIOpen(HIP): Warning [IsEnoughWorkspace] [GetSolutionsFallback AI] Solver <ConvHipImplicitGemmGroupFwdXdlops>, workspace required: 7498752, provided ptr: 0x73e8a1b0a000 size: 222208
MIOpen(HIP): Warning [IsEnoughWorkspace] [GetSolutionsFallback WTI] Solver <ConvAsmImplicitGemmGTCDynamicBwdXdlopsNHWC>, workspace required: 34189312, provided ptr: 0x73e7e9e00000 size: 1015808
MIOpen(HIP): Warning [IsEnoughWorkspace] [GetSolutionsFallback WTI] Solver <ConvHipImplicitGemmGroupBwdXdlops>, workspace required: 34189312, provided ptr: 0x73e7e9e00000 size: 1015808
MIOpen(HIP): Warning [IsEnoughWorkspace] [GetSolutionsFallback AI] Solver <ConvHipImplicitGemmGroupFwdXdlops>, workspace required: 2064384, provided ptr: 0 size: 0
MIOpen(HIP): Warning [IsEnoughWorkspace] [GetSolutionsFallback AI] Solver <ConvAsmImplicitGemmGTCDynamicFwdXdlopsNHWC>, workspace required: 1015808, provided ptr: 0 size: 0
MIOpen(HIP): Warning [IsEnoughWorkspace] [GetSolutionsFallback WTI] Solver <ConvAsmImplicitGemmGTCDynamicFwdXdlopsNHWC>, workspace required: 8355840, provided ptr: 0x73e784400000 size: 3555328
MIOpen(HIP): Warning [IsEnoughWorkspace] [GetSolutionsFallback WTI] Solver <ConvHipImplicitGemmGroupFwdXdlops>, workspace required: 8355840, provided ptr: 0x73e784400000 size: 3555328
MIOpen(HIP): Warning [IsEnoughWorkspace] [GetSolutionsFallback WTI] Solver <ConvAsmImplicitGemmGTCDynamicFwdXdlopsNHWC>, workspace required: 8355840, provided ptr: 0x73e784400000 size: 3555328
MIOpen(HIP): Warning [IsEnoughWorkspace] [GetSolutionsFallback WTI] Solver <ConvHipImplicitGemmGroupFwdXdlops>, workspace required: 8355840, provided ptr: 0x73e784400000 size: 3555328
MIOpen(HIP): Warning [IsEnoughWorkspace] [GetSolutionsFallback WTI] Solver <ConvAsmImplicitGemmGTCDynamicBwdXdlopsNHWC>, workspace required: 7020544, provided ptr: 0x73e780cc0000 size: 2539520
MIOpen(HIP): Warning [IsEnoughWorkspace] [GetSolutionsFallback WTI] Solver <ConvHipImplicitGemmGroupBwdXdlops>, workspace required: 7020544, provided ptr: 0x73e780cc0000 size: 2539520
MIOpen(HIP): Warning [IsEnoughWorkspace] [GetSolutionsFallback AI] Solver <GemmFwdRest>, workspace required: 8888320, provided ptr: 0x73e784400000 size: 4374528
MIOpen(HIP): Warning [IsEnoughWorkspace] [GetSolutionsFallback AI] Solver <GemmFwdRest>, workspace required: 17776640, provided ptr: 0x73e845e6c000 size: 5537792
MIOpen(HIP): Warning [IsEnoughWorkspace] [GetSolutionsFallback AI] Solver <ConvAsmImplicitGemmGTCDynamicFwdXdlopsNHWC>, workspace required: 5079040, provided ptr: 0 size: 0
MIOpen(HIP): Warning [IsEnoughWorkspace] [GetSolutionsFallback AI] Solver <ConvHipImplicitGemmGroupFwdXdlops>, workspace required: 5144576, provided ptr: 0 size: 0
MIOpen(HIP): Warning [IsEnoughWorkspace] [GetSolutionsFallback WTI] Solver <ConvAsmImplicitGemmGTCDynamicBwdXdlopsNHWC>, workspace required: 5210112, provided ptr: 0x73e845e6c000 size: 5079040
MIOpen(HIP): Warning [IsEnoughWorkspace] [GetSolutionsFallback WTI] Solver <ConvHipImplicitGemmGroupBwdXdlops>, workspace required: 5210112, provided ptr: 0x73e845e6c000 size: 5079040
MIOpen(HIP): Warning [IsEnoughWorkspace] [GetSolutionsFallback AI] Solver <GemmFwdRest>, workspace required: 17776640, provided ptr: 0x73e845e6c000 size: 5193728
MIOpen(HIP): Warning [IsEnoughWorkspace] [GetSolutionsFallback AI] Solver <ConvAsmImplicitGemmGTCDynamicFwdXdlopsNHWC>, workspace required: 5079040, provided ptr: 0 size: 0
MIOpen(HIP): Warning [IsEnoughWorkspace] [GetSolutionsFallback AI] Solver <ConvHipImplicitGemmGroupFwdXdlops>, workspace required: 5095424, provided ptr: 0 size: 0
MIOpen(HIP): Warning [IsEnoughWorkspace] [GetSolutionsFallback AI] Solver <GemmFwdRest>, workspace required: 26664960, provided ptr: 0x73e913cc0000 size: 7647232
MIOpen(HIP): Warning [IsEnoughWorkspace] [GetSolutionsFallback AI] Solver <ConvHipImplicitGemmGroupFwdXdlops>, workspace required: 7622656, provided ptr: 0x73e914062000 size: 7618560
MIOpen(HIP): Warning [IsEnoughWorkspace] [GetSolutionsFallback AI] Solver <ConvHipImplicitGemmGroupFwdXdlops>, workspace required: 3929344, provided ptr: 0x73e784400000 size: 3810304
MIOpen(HIP): Warning [IsEnoughWorkspace] [GetSolutionsFallback AI] Solver <GemmFwdRest>, workspace required: 26664960, provided ptr: 0x73e784400000 size: 3810304
[0;36m(APIServer pid=73252)[0;0m [32mINFO[0m [90m10-07 15:27:59[0m [90m[stats.py:902][0m [OmniTiming] req=speech-b243ce4b763b621c-98fc789a total=6.03s engine=6.03s stages=[0:6.03s]
INFO:     127.0.0.1:34026 - "POST /v1/audio/speech HTTP/1.1" 200 OK
[0;36m(APIServer pid=73252)[0;0m [32mINFO[0m [90m10-07 15:27:59[0m [90m[serving_speech.py:2423][0m Diffusion TTS speech request speech-ad5eb489175cd679: voice_clone=False
[0;36m(APIServer pid=73252)[0;0m [32mINFO[0m [90m10-07 15:27:59[0m [90m[serving_speech.py:2471][0m Applied diffusion speech params: seed=42 extra_params={}
[0;36m(APIServer pid=73252)[0;0m [32mINFO[0m [90m10-07 15:27:59[0m [90m[diffusion_engine.py:764][0m [RequestBatch] admission wait done waiting=1 max_batch=8 waited_ms=2.1
MIOpen(HIP): Warning [IsEnoughWorkspace] [GetSolutionsFallback AI] Solver <ConvHipImplicitGemmGroupFwdXdlops>, workspace required: 9142272, provided ptr: 0x73e780cc0000 size: 2523136
MIOpen(HIP): Warning [IsEnoughWorkspace] [GetSolutionsFallback AI] Solver <ConvAsmImplicitGemmGTCDynamicFwdXdlopsNHWC>, workspace required: 9142272, provided ptr: 0x73e780cc0000 size: 2523136
MIOpen(HIP): Warning [IsEnoughWorkspace] [GetSolutionsFallback WTI] Solver <ConvAsmImplicitGemmGTCDynamicBwdXdlopsNHWC>, workspace required: 40763392, provided ptr: 0x73e913cc0000 size: 11534336
MIOpen(HIP): Warning [IsEnoughWorkspace] [GetSolutionsFallback WTI] Solver <ConvHipImplicitGemmGroupBwdXdlops>, workspace required: 40763392, provided ptr: 0x73e913cc0000 size: 11534336
MIOpen(HIP): Warning [IsEnoughWorkspace] [GetSolutionsFallback AI] Solver <GemmFwdRest>, workspace required: 40370176, provided ptr: 0x73e86a600000 size: 18874368
MIOpen(HIP): Warning [IsEnoughWorkspace] [GetSolutionsFallback AI] Solver <GemmFwdRest>, workspace required: 100925440, provided ptr: 0x73e86c180000 size: 30670848
MIOpen(HIP): Warning [IsEnoughWorkspace] [GetSolutionsFallback AI] Solver <ConvHipImplicitGemmGroupFwdXdlops>, workspace required: 29097984, provided ptr: 0x73e86cf40000 size: 28835840
MIOpen(HIP): Warning [IsEnoughWorkspace] [GetSolutionsFallback AI] Solver <GemmFwdRest>, workspace required: 201850880, provided ptr: 0x73e872d80000 size: 58130432
MIOpen(HIP): Warning [IsEnoughWorkspace] [GetSolutionsFallback AI] Solver <ConvHipImplicitGemmGroupFwdXdlops>, workspace required: 57737216, provided ptr: 0x73e874900000 size: 57671680
MIOpen(HIP): Warning [IsEnoughWorkspace] [GetSolutionsFallback WTI] Solver <ConvAsmImplicitGemmGTCDynamicBwdXdlopsNHWC>, workspace required: 57802752, provided ptr: 0x73e872d80000 size: 57671680
MIOpen(HIP): Warning [IsEnoughWorkspace] [GetSolutionsFallback WTI] Solver <ConvHipImplicitGemmGroupBwdXdlops>, workspace required: 57802752, provided ptr: 0x73e872d80000 size: 57671680
MIOpen(HIP): Warning [IsEnoughWorkspace] [GetSolutionsFallback AI] Solver <GemmFwdRest>, workspace required: 201850880, provided ptr: 0x73e874900000 size: 57786368
MIOpen(HIP): Warning [IsEnoughWorkspace] [GetSolutionsFallback AI] Solver <ConvHipImplicitGemmGroupFwdXdlops>, workspace required: 57688064, provided ptr: 0x73e876480000 size: 57671680
MIOpen(HIP): Warning [IsEnoughWorkspace] [GetSolutionsFallback AI] Solver <GemmFwdRest>, workspace required: 302776320, provided ptr: 0x73e876480000 size: 86536192
MIOpen(HIP): Warning [IsEnoughWorkspace] [GetSolutionsFallback AI] Solver <ConvHipImplicitGemmGroupFwdXdlops>, workspace required: 86511616, provided ptr: 0x73e878dc0000 size: 86507520
MIOpen(HIP): Warning [IsEnoughWorkspace] [GetSolutionsFallback AI] Solver <ConvHipImplicitGemmGroupFwdXdlops>, workspace required: 44606464, provided ptr: 0x73e86a600000 size: 43254784
MIOpen(HIP): Warning [IsEnoughWorkspace] [GetSolutionsFallback AI] Solver <GemmFwdRest>, workspace required: 302776320, provided ptr: 0x73e86a600000 size: 43254784
MIOpen(HIP): Warning [IsEnoughWorkspace] [GetSolutionsFallback AI] Solver <ConvHipImplicitGemmGroupFwdXdlops>, workspace required: 8348672, provided ptr: 0x73e781c80000 size: 1412096
MIOpen(HIP): Warning [IsEnoughWorkspace] [GetSolutionsFallback AI] Solver <ConvAsmImplicitGemmGTCDynamicFwdXdlopsNHWC>, workspace required: 8348672, provided ptr: 0x73e781c80000 size: 1412096
MIOpen(HIP): Warning [IsEnoughWorkspace] [GetSolutionsFallback WTI] Solver <ConvAsmImplicitGemmGTCDynamicBwdXdlopsNHWC>, workspace required: 37588992, provided ptr: 0x73e845c00000 size: 6455296
MIOpen(HIP): Warning [IsEnoughWorkspace] [GetSolutionsFallback WTI] Solver <ConvHipImplicitGemmGroupBwdXdlops>, workspace required: 37588992, provided ptr: 0x73e845c00000 size: 6455296
MIOpen(HIP): Warning [IsEnoughWorkspace] [GetSolutionsFallback AI] Solver <GemmFwdRest>, workspace required: 22593536, provided ptr: 0x73e913cc0000 size: 13795328
MIOpen(HIP): Warning [IsEnoughWorkspace] [GetSolutionsFallback WTI] Solver <ConvAsmImplicitGemmGTCDynamicBwdXdlopsNHWC>, workspace required: 16539648, provided ptr: 0x73e913cc0000 size: 16138240
MIOpen(HIP): Warning [IsEnoughWorkspace] [GetSolutionsFallback WTI] Solver <ConvHipImplicitGemmGroupBwdXdlops>, workspace required: 16539648, provided ptr: 0x73e913cc0000 size: 16138240
MIOpen(HIP): Warning [IsEnoughWorkspace] [GetSolutionsFallback AI] Solver <GemmFwdRest>, workspace required: 56483840, provided ptr: 0x73e86a600000 size: 17973248
MIOpen(HIP): Warning [IsEnoughWorkspace] [GetSolutionsFallback AI] Solver <ConvAsmImplicitGemmGTCDynamicFwdXdlopsNHWC>, workspace required: 16138240, provided ptr: 0 size: 0
MIOpen(HIP): Warning [IsEnoughWorkspace] [GetSolutionsFallback AI] Solver <ConvHipImplicitGemmGroupFwdXdlops>, workspace required: 16400384, provided ptr: 0 size: 0
MIOpen(HIP): Warning [IsEnoughWorkspace] [GetSolutionsFallback AI] Solver <GemmFwdRest>, workspace required: 112967680, provided ptr: 0x73e871200000 size: 32735232
MIOpen(HIP): Warning [IsEnoughWorkspace] [GetSolutionsFallback AI] Solver <ConvHipImplicitGemmGroupFwdXdlops>, workspace required: 32342016, provided ptr: 0x73e871200000 size: 32276480
MIOpen(HIP): Warning [IsEnoughWorkspace] [GetSolutionsFallback WTI] Solver <ConvAsmImplicitGemmGTCDynamicBwdXdlopsNHWC>, workspace required: 32407552, provided ptr: 0x73e86c4c8000 size: 32276480
MIOpen(HIP): Warning [IsEnoughWorkspace] [GetSolutionsFallback WTI] Solver <ConvHipImplicitGemmGroupBwdXdlops>, workspace required: 32407552, provided ptr: 0x73e86c4c8000 size: 32276480
MIOpen(HIP): Warning [IsEnoughWorkspace] [GetSolutionsFallback AI] Solver <GemmFwdRest>, workspace required: 112967680, provided ptr: 0x73e871200000 size: 32391168
MIOpen(HIP): Warning [IsEnoughWorkspace] [GetSolutionsFallback AI] Solver <ConvHipImplicitGemmGroupFwdXdlops>, workspace required: 32292864, provided ptr: 0x73e871200000 size: 32276480
MIOpen(HIP): Warning [IsEnoughWorkspace] [GetSolutionsFallback AI] Solver <GemmFwdRest>, workspace required: 169451520, provided ptr: 0x73e872916000 size: 48443392
MIOpen(HIP): Warning [IsEnoughWorkspace] [GetSolutionsFallback AI] Solver <ConvHipImplicitGemmGroupFwdXdlops>, workspace required: 48418816, provided ptr: 0x73e87402c000 size: 48414720
MIOpen(HIP): Warning [IsEnoughWorkspace] [GetSolutionsFallback AI] Solver <ConvHipImplicitGemmGroupFwdXdlops>, workspace required: 24964864, provided ptr: 0x73e86bd16000 size: 24208384
MIOpen(HIP): Warning [IsEnoughWorkspace] [GetSolutionsFallback AI] Solver <GemmFwdRest>, workspace required: 169451520, provided ptr: 0x73e86bd16000 size: 24208384
MIOpen(HIP): Warning [IsEnoughWorkspace] [GetSolutionsFallback AI] Solver <ConvHipImplicitGemmGroupFwdXdlops>, workspace required: 8604672, provided ptr: 0x73e780cc0000 size: 1770496
MIOpen(HIP): Warning [IsEnoughWorkspace] [GetSolutionsFallback AI] Solver <ConvAsmImplicitGemmGTCDynamicFwdXdlopsNHWC>, workspace required: 8604672, provided ptr: 0x73e780cc0000 size: 1770496
MIOpen(HIP): Warning [IsEnoughWorkspace] [GetSolutionsFallback WTI] Solver <ConvAsmImplicitGemmGTCDynamicBwdXdlopsNHWC>, workspace required: 38612992, provided ptr: 0x73e845c00000 size: 8093696
MIOpen(HIP): Warning [IsEnoughWorkspace] [GetSolutionsFallback WTI] Solver <ConvHipImplicitGemmGroupBwdXdlops>, workspace required: 38612992, provided ptr: 0x73e845c00000 size: 8093696
MIOpen(HIP): Warning [IsEnoughWorkspace] [GetSolutionsFallback AI] Solver <GemmFwdRest>, workspace required: 28327936, provided ptr: 0x73e913cc0000 size: 15433728
MIOpen(HIP): Warning [IsEnoughWorkspace] [GetSolutionsFallback AI] Solver <GemmFwdRest>, workspace required: 70819840, provided ptr: 0x73e86a600000 size: 22069248
MIOpen(HIP): Warning [IsEnoughWorkspace] [GetSolutionsFallback AI] Solver <ConvHipImplicitGemmGroupFwdXdlops>, workspace required: 20496384, provided ptr: 0x73e86afa6000 size: 20234240
MIOpen(HIP): Warning [IsEnoughWorkspace] [GetSolutionsFallback AI] Solver <GemmFwdRest>, workspace required: 141639680, provided ptr: 0x73e871200000 size: 40927232
MIOpen(HIP): Warning [IsEnoughWorkspace] [GetSolutionsFallback AI] Solver <ConvHipImplicitGemmGroupFwdXdlops>, workspace required: 40534016, provided ptr: 0x73e87254c000 size: 40468480
MIOpen(HIP): Warning [IsEnoughWorkspace] [GetSolutionsFallback WTI] Solver <ConvAsmImplicitGemmGTCDynamicBwdXdlopsNHWC>, workspace required: 40599552, provided ptr: 0x73e871200000 size: 40468480
MIOpen(HIP): Warning [IsEnoughWorkspace] [GetSolutionsFallback WTI] Solver <ConvHipImplicitGemmGroupBwdXdlops>, workspace required: 40599552, provided ptr: 0x73e871200000 size: 40468480
MIOpen(HIP): Warning [IsEnoughWorkspace] [GetSolutionsFallback AI] Solver <GemmFwdRest>, workspace required: 141639680, provided ptr: 0x73e871200000 size: 40583168
MIOpen(HIP): Warning [IsEnoughWorkspace] [GetSolutionsFallback AI] Solver <ConvHipImplicitGemmGroupFwdXdlops>, workspace required: 40484864, provided ptr: 0x73e87254c000 size: 40468480
MIOpen(HIP): Warning [IsEnoughWorkspace] [GetSolutionsFallback AI] Solver <GemmFwdRest>, workspace required: 212459520, provided ptr: 0x73e874be4000 size: 60731392
MIOpen(HIP): Warning [IsEnoughWorkspace] [GetSolutionsFallback AI] Solver <ConvHipImplicitGemmGroupFwdXdlops>, workspace required: 60706816, provided ptr: 0x73e8768d6000 size: 60702720
MIOpen(HIP): Warning [IsEnoughWorkspace] [GetSolutionsFallback AI] Solver <ConvHipImplicitGemmGroupFwdXdlops>, workspace required: 31300864, provided ptr: 0x73e86c2f2000 size: 30352384
MIOpen(HIP): Warning [IsEnoughWorkspace] [GetSolutionsFallback AI] Solver <GemmFwdRest>, workspace required: 212459520, provided ptr: 0x73e86c2f2000 size: 30352384
MIOpen(HIP): Warning [IsEnoughWorkspace] [GetSolutionsFallback AI] Solver <ConvHipImplicitGemmGroupFwdXdlops>, workspace required: 8809472, provided ptr: 0x73e780cc0000 size: 2057216
MIOpen(HIP): Warning [IsEnoughWorkspace] [GetSolutionsFallback AI] Solver <ConvAsmImplicitGemmGTCDynamicFwdXdlopsNHWC>, workspace required: 8809472, provided ptr: 0x73e780cc0000 size: 2057216
MIOpen(HIP): Warning [IsEnoughWorkspace] [GetSolutionsFallback WTI] Solver <ConvAsmImplicitGemmGTCDynamicBwdXdlopsNHWC>, workspace required: 39432192, provided ptr: 0x73e845c00000 size: 9404416
MIOpen(HIP): Warning [IsEnoughWorkspace] [GetSolutionsFallback WTI] Solver <ConvHipImplicitGemmGroupBwdXdlops>, workspace required: 39432192, provided ptr: 0x73e845c00000 size: 9404416
MIOpen(HIP): Warning [IsEnoughWorkspace] [GetSolutionsFallback AI] Solver <GemmFwdRest>, workspace required: 32915456, provided ptr: 0x73e913cc0000 size: 16744448
MIOpen(HIP): Warning [IsEnoughWorkspace] [GetSolutionsFallback AI] Solver <GemmFwdRest>, workspace required: 82288640, provided ptr: 0x73e86bc6c000 size: 25346048
MIOpen(HIP): Warning [IsEnoughWorkspace] [GetSolutionsFallback AI] Solver <ConvHipImplicitGemmGroupFwdXdlops>, workspace required: 23773184, provided ptr: 0x73e86c7a2000 size: 23511040
MIOpen(HIP): Warning [IsEnoughWorkspace] [GetSolutionsFallback AI] Solver <GemmFwdRest>, workspace required: 164577280, provided ptr: 0x73e87286c000 size: 47480832
MIOpen(HIP): Warning [IsEnoughWorkspace] [GetSolutionsFallback AI] Solver <ConvHipImplicitGemmGroupFwdXdlops>, workspace required: 47087616, provided ptr: 0x73e873ed8000 size: 47022080
MIOpen(HIP): Warning [IsEnoughWorkspace] [GetSolutionsFallback WTI] Solver <ConvAsmImplicitGemmGTCDynamicBwdXdlopsNHWC>, workspace required: 47153152, provided ptr: 0x73e87286c000 size: 47022080
MIOpen(HIP): Warning [IsEnoughWorkspace] [GetSolutionsFallback WTI] Solver <ConvHipImplicitGemmGroupBwdXdlops>, workspace required: 47153152, provided ptr: 0x73e87286c000 size: 47022080
MIOpen(HIP): Warning [IsEnoughWorkspace] [GetSolutionsFallback AI] Solver <GemmFwdRest>, workspace required: 164577280, provided ptr: 0x73e87286c000 size: 47136768
MIOpen(HIP): Warning [IsEnoughWorkspace] [GetSolutionsFallback AI] Solver <ConvHipImplicitGemmGroupFwdXdlops>, workspace required: 47038464, provided ptr: 0x73e873ed8000 size: 47022080
MIOpen(HIP): Warning [IsEnoughWorkspace] [GetSolutionsFallback AI] Solver <GemmFwdRest>, workspace required: 246865920, provided ptr: 0x73e875544000 size: 70561792
MIOpen(HIP): Warning [IsEnoughWorkspace] [GetSolutionsFallback AI] Solver <ConvHipImplicitGemmGroupFwdXdlops>, workspace required: 70537216, provided ptr: 0x73e8776e6000 size: 70533120
MIOpen(HIP): Warning [IsEnoughWorkspace] [GetSolutionsFallback AI] Solver <ConvHipImplicitGemmGroupFwdXdlops>, workspace required: 36369664, provided ptr: 0x73e86a600000 size: 35267584
MIOpen(HIP): Warning [IsEnoughWorkspace] [GetSolutionsFallback AI] Solver <GemmFwdRest>, workspace required: 246865920, provided ptr: 0x73e86a600000 size: 35267584
MIOpen(HIP): Warning [IsEnoughWorkspace] [GetSolutionsFallback AI] Solver <ConvHipImplicitGemmGroupFwdXdlops>, workspace required: 7785472, provided ptr: 0x73e8a1b61000 size: 623616
MIOpen(HIP): Warning [IsEnoughWorkspace] [GetSolutionsFallback AI] Solver <ConvAsmImplicitGemmGTCDynamicFwdXdlopsNHWC>, workspace required: 7785472, provided ptr: 0x73e8a1b61000 size: 623616
MIOpen(HIP): Warning [IsEnoughWorkspace] [GetSolutionsFallback WTI] Solver <ConvAsmImplicitGemmGTCDynamicBwdXdlopsNHWC>, workspace required: 35336192, provided ptr: 0x73e780cc0000 size: 2850816
MIOpen(HIP): Warning [IsEnoughWorkspace] [GetSolutionsFallback WTI] Solver <ConvHipImplicitGemmGroupBwdXdlops>, workspace required: 35336192, provided ptr: 0x73e780cc0000 size: 2850816
MIOpen(HIP): Warning [IsEnoughWorkspace] [GetSolutionsFallback AI] Solver <ConvAsmImplicitGemmGTCDynamicFwdXdlopsNHWC>, workspace required: 10190848, provided ptr: 0x73e845c00000 size: 9977856
MIOpen(HIP): Warning [IsEnoughWorkspace] [GetSolutionsFallback AI] Solver <ConvHipImplicitGemmGroupFwdXdlops>, workspace required: 10190848, provided ptr: 0x73e845c00000 size: 9977856
MIOpen(HIP): Warning [IsEnoughWorkspace] [GetSolutionsFallback WTI] Solver <ConvAsmImplicitGemmGTCDynamicFwdXdlopsNHWC>, workspace required: 10190848, provided ptr: 0x73e845c00000 size: 9977856
MIOpen(HIP): Warning [IsEnoughWorkspace] [GetSolutionsFallback WTI] Solver <ConvHipImplicitGemmGroupFwdXdlops>, workspace required: 10190848, provided ptr: 0x73e845c00000 size: 9977856
MIOpen(HIP): Warning [IsEnoughWorkspace] [GetSolutionsFallback WTI] Solver <ConvAsmImplicitGemmGTCDynamicFwdXdlopsNHWC>, workspace required: 10190848, provided ptr: 0x73e845c00000 size: 9977856
MIOpen(HIP): Warning [IsEnoughWorkspace] [GetSolutionsFallback WTI] Solver <ConvHipImplicitGemmGroupFwdXdlops>, workspace required: 10190848, provided ptr: 0x73e845c00000 size: 9977856
MIOpen(HIP): Warning [IsEnoughWorkspace] [GetSolutionsFallback WTI] Solver <ConvAsmImplicitGemmGTCDynamicBwdXdlopsNHWC>, workspace required: 10231808, provided ptr: 0x73e845c00000 size: 7127040
MIOpen(HIP): Warning [IsEnoughWorkspace] [GetSolutionsFallback WTI] Solver <ConvHipImplicitGemmGroupBwdXdlops>, workspace required: 10231808, provided ptr: 0x73e845c00000 size: 7127040
MIOpen(HIP): Warning [IsEnoughWorkspace] [GetSolutionsFallback AI] Solver <GemmFwdRest>, workspace required: 24944640, provided ptr: 0x73e913cc0000 size: 8962048
MIOpen(HIP): Warning [IsEnoughWorkspace] [GetSolutionsFallback AI] Solver <ConvHipImplicitGemmGroupFwdXdlops>, workspace required: 7389184, provided ptr: 0x73e913cc0000 size: 7127040
MIOpen(HIP): Warning [IsEnoughWorkspace] [GetSolutionsFallback AI] Solver <GemmFwdRest>, workspace required: 49889280, provided ptr: 0x73e86a600000 size: 14712832
MIOpen(HIP): Warning [IsEnoughWorkspace] [GetSolutionsFallback AI] Solver <ConvHipImplicitGemmGroupFwdXdlops>, workspace required: 14319616, provided ptr: 0x73e86a600000 size: 14254080
MIOpen(HIP): Warning [IsEnoughWorkspace] [GetSolutionsFallback WTI] Solver <ConvAsmImplicitGemmGTCDynamicBwdXdlopsNHWC>, workspace required: 14385152, provided ptr: 0x73e91438c000 size: 14254080
MIOpen(HIP): Warning [IsEnoughWorkspace] [GetSolutionsFallback WTI] Solver <ConvHipImplicitGemmGroupBwdXdlops>, workspace required: 14385152, provided ptr: 0x73e91438c000 size: 14254080
MIOpen(HIP): Warning [IsEnoughWorkspace] [GetSolutionsFallback AI] Solver <GemmFwdRest>, workspace required: 49889280, provided ptr: 0x73e86a600000 size: 14368768
MIOpen(HIP): Warning [IsEnoughWorkspace] [GetSolutionsFallback AI] Solver <ConvHipImplicitGemmGroupFwdXdlops>, workspace required: 14270464, provided ptr: 0x73e86a600000 size: 14254080
MIOpen(HIP): Warning [IsEnoughWorkspace] [GetSolutionsFallback AI] Solver <GemmFwdRest>, workspace required: 74833920, provided ptr: 0x73e86ba64000 size: 21409792
MIOpen(HIP): Warning [IsEnoughWorkspace] [GetSolutionsFallback AI] Solver <ConvHipImplicitGemmGroupFwdXdlops>, workspace required: 21385216, provided ptr: 0x73e86c496000 size: 21381120
MIOpen(HIP): Warning [IsEnoughWorkspace] [GetSolutionsFallback AI] Solver <ConvHipImplicitGemmGroupFwdXdlops>, workspace required: 11025664, provided ptr: 0x73e845c00000 size: 10691584
MIOpen(HIP): Warning [IsEnoughWorkspace] [GetSolutionsFallback AI] Solver <GemmFwdRest>, workspace required: 74833920, provided ptr: 0x73e845c00000 size: 10691584
MIOpen(HIP): Warning [IsEnoughWorkspace] [GetSolutionsFallback AI] Solver <ConvHipImplicitGemmGroupFwdXdlops>, workspace required: 9044992, provided ptr: 0x73e780cc0000 size: 2386944
MIOpen(HIP): Warning [IsEnoughWorkspace] [GetSolutionsFallback AI] Solver <ConvAsmImplicitGemmGTCDynamicFwdXdlopsNHWC>, workspace required: 9044992, provided ptr: 0x73e780cc0000 size: 2386944
MIOpen(HIP): Warning [IsEnoughWorkspace] [GetSolutionsFallback WTI] Solver <ConvAsmImplicitGemmGTCDynamicBwdXdlopsNHWC>, workspace required: 40374272, provided ptr: 0x73e913cc0000 size: 10911744
MIOpen(HIP): Warning [IsEnoughWorkspace] [GetSolutionsFallback WTI] Solver <ConvHipImplicitGemmGroupBwdXdlops>, workspace required: 40374272, provided ptr: 0x73e913cc0000 size: 10911744
MIOpen(HIP): Warning [IsEnoughWorkspace] [GetSolutionsFallback AI] Solver <GemmFwdRest>, workspace required: 38191104, provided ptr: 0x73e86a600000 size: 18251776
MIOpen(HIP): Warning [IsEnoughWorkspace] [GetSolutionsFallback AI] Solver <GemmFwdRest>, workspace required: 95477760, provided ptr: 0x73e86b302000 size: 29114368
MIOpen(HIP): Warning [IsEnoughWorkspace] [GetSolutionsFallback AI] Solver <ConvHipImplicitGemmGroupFwdXdlops>, workspace required: 27541504, provided ptr: 0x73e86c004000 size: 27279360
MIOpen(HIP): Warning [IsEnoughWorkspace] [GetSolutionsFallback AI] Solver <GemmFwdRest>, workspace required: 190955520, provided ptr: 0x73e872c04000 size: 55017472
MIOpen(HIP): Warning [IsEnoughWorkspace] [GetSolutionsFallback AI] Solver <ConvHipImplicitGemmGroupFwdXdlops>, workspace required: 54624256, provided ptr: 0x73e874608000 size: 54558720
MIOpen(HIP): Warning [IsEnoughWorkspace] [GetSolutionsFallback WTI] Solver <ConvAsmImplicitGemmGTCDynamicBwdXdlopsNHWC>, workspace required: 54689792, provided ptr: 0x73e872c04000 size: 54558720
MIOpen(HIP): Warning [IsEnoughWorkspace] [GetSolutionsFallback WTI] Solver <ConvHipImplicitGemmGroupBwdXdlops>, workspace required: 54689792, provided ptr: 0x73e872c04000 size: 54558720
MIOpen(HIP): Warning [IsEnoughWorkspace] [GetSolutionsFallback AI] Solver <GemmFwdRest>, workspace required: 190955520, provided ptr: 0x73e874608000 size: 54673408
MIOpen(HIP): Warning [IsEnoughWorkspace] [GetSolutionsFallback AI] Solver <ConvHipImplicitGemmGroupFwdXdlops>, workspace required: 54575104, provided ptr: 0x73e87600c000 size: 54558720
MIOpen(HIP): Warning [IsEnoughWorkspace] [GetSolutionsFallback AI] Solver <GemmFwdRest>, workspace required: 286433280, provided ptr: 0x73e87600c000 size: 81866752
MIOpen(HIP): Warning [IsEnoughWorkspace] [GetSolutionsFallback AI] Solver <ConvHipImplicitGemmGroupFwdXdlops>, workspace required: 81842176, provided ptr: 0x73e878712000 size: 81838080
MIOpen(HIP): Warning [IsEnoughWorkspace] [GetSolutionsFallback AI] Solver <ConvHipImplicitGemmGroupFwdXdlops>, workspace required: 42198784, provided ptr: 0x73e86a600000 size: 40920064
MIOpen(HIP): Warning [IsEnoughWorkspace] [GetSolutionsFallback AI] Solver <GemmFwdRest>, workspace required: 286433280, provided ptr: 0x73e86a600000 size: 40920064
[0;36m(APIServer pid=73252)[0;0m [32mINFO[0m [90m10-07 15:28:05[0m [90m[stats.py:902][0m [OmniTiming] req=speech-ad5eb489175cd679-ac0c98fc total=5.68s engine=5.68s stages=[0:5.67s]
INFO:     127.0.0.1:34026 - "POST /v1/audio/speech HTTP/1.1" 200 OK
[0;36m(APIServer pid=73252)[0;0m [32mINFO[0m [90m10-07 15:28:05[0m [90m[serving_speech.py:2423][0m Diffusion TTS speech request speech-85f2b49b15aa73ba: voice_clone=False
[0;36m(APIServer pid=73252)[0;0m [32mINFO[0m [90m10-07 15:28:05[0m [90m[serving_speech.py:2471][0m Applied diffusion speech params: seed=42 extra_params={}
[0;36m(APIServer pid=73252)[0;0m [32mINFO[0m [90m10-07 15:28:05[0m [90m[diffusion_engine.py:764][0m [RequestBatch] admission wait done waiting=1 max_batch=8 waited_ms=2.1
MIOpen(HIP): Warning [IsEnoughWorkspace] [GetSolutionsFallback AI] Solver <ConvHipImplicitGemmGroupFwdXdlops>, workspace required: 8097792, provided ptr: 0x73e781c80000 size: 1060864
MIOpen(HIP): Warning [IsEnoughWorkspace] [GetSolutionsFallback AI] Solver <ConvAsmImplicitGemmGTCDynamicFwdXdlopsNHWC>, workspace required: 8097792, provided ptr: 0x73e781c80000 size: 1060864
MIOpen(HIP): Warning [IsEnoughWorkspace] [GetSolutionsFallback WTI] Solver <ConvAsmImplicitGemmGTCDynamicBwdXdlopsNHWC>, workspace required: 36585472, provided ptr: 0x73e784400000 size: 4849664
MIOpen(HIP): Warning [IsEnoughWorkspace] [GetSolutionsFallback WTI] Solver <ConvHipImplicitGemmGroupBwdXdlops>, workspace required: 36585472, provided ptr: 0x73e784400000 size: 4849664
MIOpen(HIP): Warning [IsEnoughWorkspace] [GetSolutionsFallback AI] Solver <GemmFwdRest>, workspace required: 16973824, provided ptr: 0x73e845c00000 size: 12189696
MIOpen(HIP): Warning [IsEnoughWorkspace] [GetSolutionsFallback WTI] Solver <ConvAsmImplicitGemmGTCDynamicBwdXdlopsNHWC>, workspace required: 13729792, provided ptr: 0x73e913cc0000 size: 12124160
MIOpen(HIP): Warning [IsEnoughWorkspace] [GetSolutionsFallback WTI] Solver <ConvHipImplicitGemmGroupBwdXdlops>, workspace required: 13729792, provided ptr: 0x73e913cc0000 size: 12124160
MIOpen(HIP): Warning [IsEnoughWorkspace] [GetSolutionsFallback AI] Solver <GemmFwdRest>, workspace required: 42434560, provided ptr: 0x73e914288000 size: 13959168
MIOpen(HIP): Warning [IsEnoughWorkspace] [GetSolutionsFallback AI] Solver <ConvHipImplicitGemmGroupFwdXdlops>, workspace required: 12386304, provided ptr: 0x73e86a600000 size: 12124160
MIOpen(HIP): Warning [IsEnoughWorkspace] [GetSolutionsFallback AI] Solver <GemmFwdRest>, workspace required: 84869120, provided ptr: 0x73e86bd20000 size: 24707072
MIOpen(HIP): Warning [IsEnoughWorkspace] [GetSolutionsFallback AI] Solver <ConvHipImplicitGemmGroupFwdXdlops>, workspace required: 24313856, provided ptr: 0x73e86c8b0000 size: 24248320
MIOpen(HIP): Warning [IsEnoughWorkspace] [GetSolutionsFallback WTI] Solver <ConvAsmImplicitGemmGTCDynamicBwdXdlopsNHWC>, workspace required: 24379392, provided ptr: 0x73e86b190000 size: 24248320
MIOpen(HIP): Warning [IsEnoughWorkspace] [GetSolutionsFallback WTI] Solver <ConvHipImplicitGemmGroupBwdXdlops>, workspace required: 24379392, provided ptr: 0x73e86b190000 size: 24248320
MIOpen(HIP): Warning [IsEnoughWorkspace] [GetSolutionsFallback AI] Solver <GemmFwdRest>, workspace required: 84869120, provided ptr: 0x73e86bd20000 size: 24363008
MIOpen(HIP): Warning [IsEnoughWorkspace] [GetSolutionsFallback AI] Solver <ConvHipImplicitGemmGroupFwdXdlops>, workspace required: 24264704, provided ptr: 0x73e86c8b0000 size: 24248320
MIOpen(HIP): Warning [IsEnoughWorkspace] [GetSolutionsFallback AI] Solver <GemmFwdRest>, workspace required: 127303680, provided ptr: 0x73e871200000 size: 36401152
MIOpen(HIP): Warning [IsEnoughWorkspace] [GetSolutionsFallback AI] Solver <ConvHipImplicitGemmGroupFwdXdlops>, workspace required: 36376576, provided ptr: 0x73e871200000 size: 36372480
MIOpen(HIP): Warning [IsEnoughWorkspace] [GetSolutionsFallback AI] Solver <ConvHipImplicitGemmGroupFwdXdlops>, workspace required: 18755584, provided ptr: 0x73e86a600000 size: 18187264
MIOpen(HIP): Warning [IsEnoughWorkspace] [GetSolutionsFallback AI] Solver <GemmFwdRest>, workspace required: 127303680, provided ptr: 0x73e86a600000 size: 18187264
MIOpen(HIP): Warning [IsEnoughWorkspace] [GetSolutionsFallback AI] Solver <ConvHipImplicitGemmGroupFwdXdlops>, workspace required: 8911872, provided ptr: 0x73e780cc0000 size: 2200576
MIOpen(HIP): Warning [IsEnoughWorkspace] [GetSolutionsFallback AI] Solver <ConvAsmImplicitGemmGTCDynamicFwdXdlopsNHWC>, workspace required: 8911872, provided ptr: 0x73e780cc0000 size: 2200576
MIOpen(HIP): Warning [IsEnoughWorkspace] [GetSolutionsFallback WTI] Solver <ConvAsmImplicitGemmGTCDynamicBwdXdlopsNHWC>, workspace required: 39841792, provided ptr: 0x73e845c00000 size: 10059776
MIOpen(HIP): Warning [IsEnoughWorkspace] [GetSolutionsFallback WTI] Solver <ConvHipImplicitGemmGroupBwdXdlops>, workspace required: 39841792, provided ptr: 0x73e845c00000 size: 10059776
MIOpen(HIP): Warning [IsEnoughWorkspace] [GetSolutionsFallback AI] Solver <GemmFwdRest>, workspace required: 35209216, provided ptr: 0x73e913cc0000 size: 17399808
MIOpen(HIP): Warning [IsEnoughWorkspace] [GetSolutionsFallback AI] Solver <GemmFwdRest>, workspace required: 88023040, provided ptr: 0x73e86bdfc000 size: 26984448
MIOpen(HIP): Warning [IsEnoughWorkspace] [GetSolutionsFallback AI] Solver <ConvHipImplicitGemmGroupFwdXdlops>, workspace required: 25411584, provided ptr: 0x73e86c9fa000 size: 25149440
MIOpen(HIP): Warning [IsEnoughWorkspace] [GetSolutionsFallback AI] Solver <GemmFwdRest>, workspace required: 176046080, provided ptr: 0x73e8729fc000 size: 50757632
MIOpen(HIP): Warning [IsEnoughWorkspace] [GetSolutionsFallback AI] Solver <ConvHipImplicitGemmGroupFwdXdlops>, workspace required: 50364416, provided ptr: 0x73e8741f8000 size: 50298880
MIOpen(HIP): Warning [IsEnoughWorkspace] [GetSolutionsFallback WTI] Solver <ConvAsmImplicitGemmGTCDynamicBwdXdlopsNHWC>, workspace required: 50429952, provided ptr: 0x73e8729fc000 size: 50298880
MIOpen(HIP): Warning [IsEnoughWorkspace] [GetSolutionsFallback WTI] Solver <ConvHipImplicitGemmGroupBwdXdlops>, workspace required: 50429952, provided ptr: 0x73e8729fc000 size: 50298880
MIOpen(HIP): Warning [IsEnoughWorkspace] [GetSolutionsFallback AI] Solver <GemmFwdRest>, workspace required: 176046080, provided ptr: 0x73e8729fc000 size: 50413568
MIOpen(HIP): Warning [IsEnoughWorkspace] [GetSolutionsFallback AI] Solver <ConvHipImplicitGemmGroupFwdXdlops>, workspace required: 50315264, provided ptr: 0x73e8741f8000 size: 50298880
MIOpen(HIP): Warning [IsEnoughWorkspace] [GetSolutionsFallback AI] Solver <GemmFwdRest>, workspace required: 264069120, provided ptr: 0x73e8759f4000 size: 75476992
MIOpen(HIP): Warning [IsEnoughWorkspace] [GetSolutionsFallback AI] Solver <ConvHipImplicitGemmGroupFwdXdlops>, workspace required: 75452416, provided ptr: 0x73e877dee000 size: 75448320
MIOpen(HIP): Warning [IsEnoughWorkspace] [GetSolutionsFallback AI] Solver <ConvHipImplicitGemmGroupFwdXdlops>, workspace required: 38904064, provided ptr: 0x73e86a600000 size: 37725184
MIOpen(HIP): Warning [IsEnoughWorkspace] [GetSolutionsFallback AI] Solver <GemmFwdRest>, workspace required: 264069120, provided ptr: 0x73e86a600000 size: 37725184
[0;36m(APIServer pid=73252)[0;0m [32mINFO[0m [90m10-07 15:28:11[0m [90m[stats.py:902][0m [OmniTiming] req=speech-85f2b49b15aa73ba-9b4b56c4 total=6.11s engine=6.11s stages=[0:6.11s]
INFO:     127.0.0.1:34026 - "POST /v1/audio/speech HTTP/1.1" 200 OK
[0;36m(APIServer pid=73252)[0;0m [32mINFO[0m [90m10-07 15:28:11[0m [90m[launcher.py:128][0m [shutdown] API server: shutdown triggered
[0;36m(APIServer pid=73252)[0;0m [32mINFO[0m [90m10-07 15:28:11[0m [90m[launcher.py:144][0m [shutdown] API server: stopping engine client mode=abort timeout=0.0s
[0;36m(APIServer pid=73252)[0;0m [32mINFO[0m [90m10-07 15:28:11[0m [90m[omni_base.py:771][0m [AsyncOmni] Shutting down
[0;36m(APIServer pid=73252)[0;0m [32mINFO[0m [90m10-07 15:28:11[0m [90m[omni_engine_base.py:1151][0m [OmniEngine] Shutting down Orchestrator
[0;36m(APIServer pid=73252)[0;0m [32mINFO[0m [90m10-07 15:28:11[0m [90m[orchestrator.py:540][0m [Orchestrator] Received shutdown signal
[0;36m(APIServer pid=73252)[0;0m [32mINFO[0m [90m10-07 15:28:11[0m [90m[orchestrator.py:2922][0m [Orchestrator] Shutting down all 1 client(s)
[0;36m(APIServer pid=73252)[0;0m [32mINFO[0m [90m10-07 15:28:13[0m [90m[stage_pool.py:1401][0m [StagePool] Stage 0 replica 0 shut down
[0;36m(APIServer pid=73252)[0;0m [32mINFO[0m [90m10-07 15:28:13[0m [90m[launcher.py:153][0m [shutdown] API server: engine client stopped
[0;36m(APIServer pid=73252)[0;0m [32mINFO[0m [90m10-07 15:28:13[0m [90m[launcher.py:156][0m [shutdown] API server: signalling HTTP server shutdown
[0;36m(APIServer pid=73252)[0;0m [32mINFO[0m [90m10-07 15:28:13[0m [90m[launcher.py:178][0m [shutdown] API server: shutting down FastAPI HTTP server
INFO:     Shutting down
INFO:     Waiting for application shutdown.
INFO:     Application shutdown complete.
[0;36m(APIServer pid=73252)[0;0m [32mINFO[0m [90m10-07 15:28:14[0m [90m[omni_base.py:771][0m [AsyncOmni] Shutting down
