/workspace/vllm-omni/vllm_omni/version.py:55: RuntimeWarning: vLLM and vLLM-Omni appear to have mismatched major/minor versions:
 --> vLLM-Omni version 0.1.dev3449+g2ece39874.d20261007.rocm
 --> vLLM version 0.31.0
This will likely cause compatibility issues.
  warn_if_misaligned_vllm_version()
[aiter] import [module_aiter_core] under /usr/local/lib/python3.12/dist-packages/aiter/jit/module_aiter_core.so
Module humming was found but failed to import
Traceback (most recent call last):
  File "/usr/local/lib/python3.12/dist-packages/vllm/utils/import_utils.py", line 414, in _has_module
    if importlib.util.find_spec(module_name) is None:
       ^^^^^^^^^^^^^^^^^^^^^^^^^^^^^^^^^^^^^
  File "<frozen importlib.util>", line 111, in find_spec
ValueError: humming.__spec__ is None
/usr/local/lib/python3.12/dist-packages/huggingface_hub/utils/_validators.py:206: UserWarning: The `local_dir_use_symlinks` argument is deprecated and ignored in `hf_hub_download`. Downloading to a local directory does not use symlinks anymore.
  warnings.warn(
[0;36m(MainProcess pid=23472)[0;0m [32mINFO[0m [90m10-07 15:18:27[0m [90m[logo.py:52][0m        [97m█     █     █▄   ▄█[0m    [34m   ▄▀▀[38;5;208m▀▀▄ [0m[97m█▄   ▄█ █▄    █ ▀█▀ [0m
[0;36m(MainProcess pid=23472)[0;0m [32mINFO[0m [90m10-07 15:18:27[0m [90m[logo.py:52][0m  [38;5;208m▄▄[0m [34m▄█[0m [97m█     █     █ ▀▄▀ █[0m[97m  ▄▄▄ [0m[34m █    [38;5;208m█ [0m[97m█ ▀▄▀ █ █ ▀▄  █  █  [0m
[0;36m(MainProcess pid=23472)[0;0m [32mINFO[0m [90m10-07 15:18:27[0m [90m[logo.py:52][0m   [38;5;208m█[0m[34m▄█▀[0m [97m█     █     █     █[0m[97m      [0m[34m █    [38;5;208m█ [0m[97m█     █ █   ▀▄█  █  [0m
[0;36m(MainProcess pid=23472)[0;0m [32mINFO[0m [90m10-07 15:18:27[0m [90m[logo.py:52][0m    [34m▀▀[0m  [97m▀▀▀▀▀ ▀▀▀▀▀ ▀     ▀[0m      [35m  ▀▀▀▀  [0m[97m▀     ▀ ▀     ▀ ▀▀▀ [0m
[0;36m(MainProcess pid=23472)[0;0m [32mINFO[0m [90m10-07 15:18:27[0m [90m[logo.py:52][0m 
[0;36m(APIServer pid=23472)[0;0m [32mINFO[0m [90m10-07 15:18:27[0m [90m[api_utils.py:347][0m vLLM server version 0.31.0, serving model k2-fsa/OmniVoice
[0;36m(APIServer pid=23472)[0;0m [32mINFO[0m [90m10-07 15:18:27[0m [90m[api_utils.py:286][0m non-default args: {'model_tag': 'k2-fsa/OmniVoice', 'host': '127.0.0.1', 'port': 8091, 'model': 'k2-fsa/OmniVoice', 'trust_remote_code': True, 'revision': 'c5fdb5ccb189668d56333f77ba2629f4cd7535f4'}
Warning: You are sending unauthenticated requests to the HF Hub. Please set a HF_TOKEN to enable higher rate limits and faster downloads.
[0;36m(APIServer pid=23472)[0;0m [32mINFO[0m [90m10-07 15:18:27[0m [90m[weight_utils.py:58][0m Using model weights format ['*']
[0;36m(APIServer pid=23472)[0;0m [32mINFO[0m [90m10-07 15:18:27[0m [90m[omni_base.py:208][0m [AsyncOmni] Initializing with model k2-fsa/OmniVoice
[0;36m(APIServer pid=23472)[0;0m [32mINFO[0m [90m10-07 15:18:27[0m [90m[omni_engine_base.py:163][0m [OmniEngine] Initializing with model k2-fsa/OmniVoice
[0;36m(APIServer pid=23472)[0;0m [32mINFO[0m [90m10-07 15:18:27[0m [90m[omni_engine_base.py:312][0m [OmniEngine] Launching Orchestrator thread with 1 stages
[0;36m(APIServer pid=23472)[0;0m [32mINFO[0m [90m10-07 15:18:27[0m [90m[initialization.py:443][0m Loaded OmniTransferConfig with 0 connector configurations
[0;36m(APIServer pid=23472)[0;0m [32mINFO[0m [90m10-07 15:18:27[0m [90m[stage_utils.py:178][0m Stage 0 logical-to-physical device mapping: 0->0
[0;36m(APIServer pid=23472)[0;0m [33mWARNING[0m [90m10-07 15:18:27[0m [90m[ring_globals.py:97][0m FlashInfer ring kernels are unavailable. Reason: No module named 'flashinfer'
[0;36m(APIServer pid=23472)[0;0m [32mINFO[0m [90m10-07 15:18:27[0m [90m[multiproc_executor.py:372][0m Starting server...
/workspace/vllm-omni/vllm_omni/version.py:55: RuntimeWarning: vLLM and vLLM-Omni appear to have mismatched major/minor versions:
 --> vLLM-Omni version 0.1.dev3449+g2ece39874.d20261007.rocm
 --> vLLM version 0.31.0
This will likely cause compatibility issues.
  warn_if_misaligned_vllm_version()
[aiter] import [module_aiter_core] under /usr/local/lib/python3.12/dist-packages/aiter/jit/module_aiter_core.so
Module humming was found but failed to import
Traceback (most recent call last):
  File "/usr/local/lib/python3.12/dist-packages/vllm/utils/import_utils.py", line 414, in _has_module
    if importlib.util.find_spec(module_name) is None:
       ^^^^^^^^^^^^^^^^^^^^^^^^^^^^^^^^^^^^^
  File "<frozen importlib.util>", line 111, in find_spec
ValueError: humming.__spec__ is None
FlashInfer ring kernels are unavailable. Reason: No module named 'flashinfer'
Fetching 13 files:   0%|          | 0/13 [00:00<?, ?it/s]Fetching 13 files: 100%|██████████| 13/13 [00:00<00:00, 3080.39it/s]
Loading weights:   0%|          | 0/527 [00:00<?, ?it/s]Loading weights:  78%|███████▊  | 411/527 [00:00<00:00, 4103.66it/s]Loading weights: 100%|██████████| 527/527 [00:00<00:00, 3962.27it/s]
[aiter] import [module_fmha_v3_varlen_fwd] under /usr/local/lib/python3.12/dist-packages/aiter/jit/module_fmha_v3_varlen_fwd.so
[aiter] type hints mismatch, override to --> fmha_v3_varlen_fwd(q: torch.Tensor, k: torch.Tensor, v: torch.Tensor, cu_seqlens_q: torch.Tensor, cu_seqlens_k: torch.Tensor, max_seqlen_q: int, max_seqlen_k: int, min_seqlen_q: int, dropout_p: float, softmax_scale: float, logits_soft_cap: float, zero_tensors: bool, is_causal: bool, window_size_left: int, window_size_right: int, return_softmax_lse: bool, return_dropout_randval: bool, how_v3_bf16_cvt: int, out: Optional[torch.Tensor] = None, block_table: Optional[torch.Tensor] = None, bias: Optional[torch.Tensor] = None, alibi_slopes: Optional[torch.Tensor] = None, q_descale: Optional[torch.Tensor] = None, k_descale: Optional[torch.Tensor] = None, v_descale: Optional[torch.Tensor] = None, gen: Optional[torch.Generator] = None, cu_seqlens_q_padded: Optional[torch.Tensor] = None, cu_seqlens_k_padded: Optional[torch.Tensor] = None) -> List[torch.Tensor]
[aiter] pciChipId: 0x74b5, CU count: 304
[aiter] LoadKernel: _ZN5aiter30fmha_fwd_hd128_bf16_rtna_groupE hsaco: /usr/local/lib/python3.12/dist-packages/aiter_meta/hsa//gfx942/fmha_v3_fwd/MI300/fwd_hd128_bf16_rtna_group.co
NVML init failed, will use profiling fallback: NVML Shared Library Not Found
[0;36m(APIServer pid=23472)[0;0m [32mINFO[0m [90m10-07 15:18:45[0m [90m[multiproc_executor.py:925][0m Async result pump started for 1 worker queue(s)
[0;36m(APIServer pid=23472)[0;0m [32mINFO[0m [90m10-07 15:18:45[0m [90m[diffusion_engine.py:434][0m [RequestBatch] engine init max_num_seqs=8 max_wait_ms=10.0
[0;36m(APIServer pid=23472)[0;0m [32mINFO[0m [90m10-07 15:18:45[0m [90m[diffusion_engine.py:1428][0m dummy run to warm up the model
MIOpen(HIP): Warning [IsEnoughWorkspace] [GetSolutionsFallback AI] Solver <ConvAsmImplicitGemmGTCDynamicFwdXdlopsNHWC>, workspace required: 7508992, provided ptr: 0x7671ee955000 size: 236544
MIOpen(HIP): Warning [IsEnoughWorkspace] [GetSolutionsFallback AI] Solver <ConvHipImplicitGemmGroupFwdXdlops>, workspace required: 7508992, provided ptr: 0x7671ee955000 size: 236544
MIOpen(HIP): Warning [IsEnoughWorkspace] [GetSolutionsFallback WTI] Solver <ConvAsmImplicitGemmGTCDynamicBwdXdlopsNHWC>, workspace required: 34230272, provided ptr: 0x767191480000 size: 1081344
MIOpen(HIP): Warning [IsEnoughWorkspace] [GetSolutionsFallback WTI] Solver <ConvHipImplicitGemmGroupBwdXdlops>, workspace required: 34230272, provided ptr: 0x767191480000 size: 1081344
MIOpen(HIP): Warning [IsEnoughWorkspace] [GetSolutionsFallback AI] Solver <ConvHipImplicitGemmGroupFwdXdlops>, workspace required: 2129920, provided ptr: 0 size: 0
MIOpen(HIP): Warning [IsEnoughWorkspace] [GetSolutionsFallback AI] Solver <ConvAsmImplicitGemmGTCDynamicFwdXdlopsNHWC>, workspace required: 1081344, provided ptr: 0 size: 0
MIOpen(HIP): Warning [IsEnoughWorkspace] [GetSolutionsFallback WTI] Solver <ConvAsmImplicitGemmGTCDynamicFwdXdlopsNHWC>, workspace required: 8421376, provided ptr: 0x767193c00000 size: 3784704
MIOpen(HIP): Warning [IsEnoughWorkspace] [GetSolutionsFallback WTI] Solver <ConvHipImplicitGemmGroupFwdXdlops>, workspace required: 8421376, provided ptr: 0x767193c00000 size: 3784704
MIOpen(HIP): Warning [IsEnoughWorkspace] [GetSolutionsFallback WTI] Solver <ConvAsmImplicitGemmGTCDynamicFwdXdlopsNHWC>, workspace required: 8421376, provided ptr: 0x767193c00000 size: 3784704
MIOpen(HIP): Warning [IsEnoughWorkspace] [GetSolutionsFallback WTI] Solver <ConvHipImplicitGemmGroupFwdXdlops>, workspace required: 8421376, provided ptr: 0x767193c00000 size: 3784704
MIOpen(HIP): Warning [IsEnoughWorkspace] [GetSolutionsFallback WTI] Solver <ConvAsmImplicitGemmGTCDynamicBwdXdlopsNHWC>, workspace required: 7135232, provided ptr: 0x7671904c0000 size: 2703360
MIOpen(HIP): Warning [IsEnoughWorkspace] [GetSolutionsFallback WTI] Solver <ConvHipImplicitGemmGroupBwdXdlops>, workspace required: 7135232, provided ptr: 0x7671904c0000 size: 2703360
MIOpen(HIP): Warning [IsEnoughWorkspace] [GetSolutionsFallback AI] Solver <GemmFwdRest>, workspace required: 9461760, provided ptr: 0x767193c00000 size: 4538368
MIOpen(HIP): Warning [IsEnoughWorkspace] [GetSolutionsFallback AI] Solver <GemmFwdRest>, workspace required: 18923520, provided ptr: 0x767255928000 size: 5865472
MIOpen(HIP): Warning [IsEnoughWorkspace] [GetSolutionsFallback AI] Solver <ConvAsmImplicitGemmGTCDynamicFwdXdlopsNHWC>, workspace required: 5406720, provided ptr: 0 size: 0
MIOpen(HIP): Warning [IsEnoughWorkspace] [GetSolutionsFallback AI] Solver <ConvHipImplicitGemmGroupFwdXdlops>, workspace required: 5472256, provided ptr: 0 size: 0
MIOpen(HIP): Warning [IsEnoughWorkspace] [GetSolutionsFallback WTI] Solver <ConvAsmImplicitGemmGTCDynamicBwdXdlopsNHWC>, workspace required: 5537792, provided ptr: 0x767255694000 size: 5406720
MIOpen(HIP): Warning [IsEnoughWorkspace] [GetSolutionsFallback WTI] Solver <ConvHipImplicitGemmGroupBwdXdlops>, workspace required: 5537792, provided ptr: 0x767255694000 size: 5406720
MIOpen(HIP): Warning [IsEnoughWorkspace] [GetSolutionsFallback AI] Solver <GemmFwdRest>, workspace required: 18923520, provided ptr: 0x767255928000 size: 5521408
MIOpen(HIP): Warning [IsEnoughWorkspace] [GetSolutionsFallback AI] Solver <ConvAsmImplicitGemmGTCDynamicFwdXdlopsNHWC>, workspace required: 5406720, provided ptr: 0 size: 0
MIOpen(HIP): Warning [IsEnoughWorkspace] [GetSolutionsFallback AI] Solver <ConvHipImplicitGemmGroupFwdXdlops>, workspace required: 5423104, provided ptr: 0 size: 0
MIOpen(HIP): Warning [IsEnoughWorkspace] [GetSolutionsFallback AI] Solver <GemmFwdRest>, workspace required: 28385280, provided ptr: 0x7673242c0000 size: 8138752
MIOpen(HIP): Warning [IsEnoughWorkspace] [GetSolutionsFallback AI] Solver <ConvHipImplicitGemmGroupFwdXdlops>, workspace required: 8114176, provided ptr: 0x76732469e000 size: 8110080
MIOpen(HIP): Warning [IsEnoughWorkspace] [GetSolutionsFallback AI] Solver <ConvHipImplicitGemmGroupFwdXdlops>, workspace required: 4182784, provided ptr: 0x767193c00000 size: 4056064
MIOpen(HIP): Warning [IsEnoughWorkspace] [GetSolutionsFallback AI] Solver <GemmFwdRest>, workspace required: 28385280, provided ptr: 0x767193c00000 size: 4056064
[0;36m(APIServer pid=23472)[0;0m [32mINFO[0m [90m10-07 15:18:47[0m [90m[inline_stage_diffusion_client.py:82][0m [InlineStageDiffusionClient] stage-0 [rep-0] initialized inline (max_num_seqs=8)
[0;36m(APIServer pid=23472)[0;0m [32mINFO[0m [90m10-07 15:18:47[0m [90m[stage_runtime.py:1271][0m [StageRuntime] Stage 0 replica 0 initialized (diffusion)
[0;36m(APIServer pid=23472)[0;0m [32mINFO[0m [90m10-07 15:18:47[0m [90m[orchestrator.py:444][0m [Orchestrator] Starting event loop
[0;36m(APIServer pid=23472)[0;0m [32mINFO[0m [90m10-07 15:18:47[0m [90m[omni_engine_base.py:344][0m [OmniEngine] Orchestrator ready with 1 stages
[0;36m(APIServer pid=23472)[0;0m [32mINFO[0m [90m10-07 15:18:47[0m [90m[omni_base.py:227][0m [AsyncOmni] AsyncOmniEngine initialized in 20.11 seconds
[0;36m(APIServer pid=23472)[0;0m [32mINFO[0m [90m10-07 15:18:47[0m [90m[omni_base.py:246][0m [AsyncOmni] Initialized with 1 stages for model k2-fsa/OmniVoice
[0;36m(APIServer pid=23472)[0;0m [32mINFO[0m [90m10-07 15:18:47[0m [90m[api_server.py:819][0m Detected pure diffusion mode (single diffusion stage)
[0;36m(APIServer pid=23472)[0;0m [32mINFO[0m [90m10-07 15:18:47[0m [90m[serving_video.py:170][0m Video response frame conversion pool configured: workers=8
[0;36m(APIServer pid=23472)[0;0m [32mINFO[0m [90m10-07 15:18:47[0m [90m[serving_speech.py:265][0m Speech cache configuration: SpeechCacheConfig(resolve_max_bytes=4294967296, resolve_max_entries=2048, speaker_max_bytes=536870912)
[0;36m(APIServer pid=23472)[0;0m [32mINFO[0m [90m10-07 15:18:47[0m [90m[speaker_cache.py:245][0m Speaker cache ready (max_bytes=536870912)
[0;36m(APIServer pid=23472)[0;0m [32mINFO[0m [90m10-07 15:18:47[0m [90m[serving_speech.py:275][0m Speaker storage: dir=/root/.cache/vllm-omni/speakers, max_speakers=1000, restored=0
[0;36m(APIServer pid=23472)[0;0m [32mINFO[0m [90m10-07 15:18:47[0m [90m[serving.py:91][0m Robot OpenPI serving disabled for model k2-fsa/OmniVoice
[0;36m(APIServer pid=23472)[0;0m [32mINFO[0m [90m10-07 15:18:47[0m [90m[api_server.py:908][0m Pure diffusion API server initialized for model: k2-fsa/OmniVoice
[0;36m(APIServer pid=23472)[0;0m [32mINFO[0m [90m10-07 15:18:47[0m [90m[api_server.py:411][0m Starting vLLM API server (pure diffusion mode) on http://127.0.0.1:8091
[0;36m(APIServer pid=23472)[0;0m [32mINFO[0m [90m10-07 15:18:47[0m [90m[launcher.py:60][0m Available routes are:
[0;36m(APIServer pid=23472)[0;0m [32mINFO[0m [90m10-07 15:18:47[0m [90m[launcher.py:69][0m Route: /openapi.json, Methods: GET, HEAD
[0;36m(APIServer pid=23472)[0;0m [32mINFO[0m [90m10-07 15:18:47[0m [90m[launcher.py:69][0m Route: /docs, Methods: GET, HEAD
[0;36m(APIServer pid=23472)[0;0m [32mINFO[0m [90m10-07 15:18:47[0m [90m[launcher.py:69][0m Route: /docs/oauth2-redirect, Methods: GET, HEAD
[0;36m(APIServer pid=23472)[0;0m [32mINFO[0m [90m10-07 15:18:47[0m [90m[launcher.py:69][0m Route: /redoc, Methods: GET, HEAD
[0;36m(APIServer pid=23472)[0;0m [32mINFO[0m [90m10-07 15:18:47[0m [90m[launcher.py:69][0m Route: /load, Methods: GET
[0;36m(APIServer pid=23472)[0;0m [32mINFO[0m [90m10-07 15:18:47[0m [90m[launcher.py:69][0m Route: /version, Methods: GET
[0;36m(APIServer pid=23472)[0;0m [32mINFO[0m [90m10-07 15:18:47[0m [90m[launcher.py:69][0m Route: /kv_event_sources, Methods: GET
[0;36m(APIServer pid=23472)[0;0m [32mINFO[0m [90m10-07 15:18:47[0m [90m[launcher.py:69][0m Route: /metrics, Methods: GET
[0;36m(APIServer pid=23472)[0;0m [32mINFO[0m [90m10-07 15:18:47[0m [90m[launcher.py:69][0m Route: /tokenize, Methods: POST
[0;36m(APIServer pid=23472)[0;0m [32mINFO[0m [90m10-07 15:18:47[0m [90m[launcher.py:69][0m Route: /detokenize, Methods: POST
[0;36m(APIServer pid=23472)[0;0m [32mINFO[0m [90m10-07 15:18:47[0m [90m[launcher.py:69][0m Route: /ping, Methods: GET
[0;36m(APIServer pid=23472)[0;0m [32mINFO[0m [90m10-07 15:18:47[0m [90m[launcher.py:69][0m Route: /ping, Methods: POST
[0;36m(APIServer pid=23472)[0;0m [32mINFO[0m [90m10-07 15:18:47[0m [90m[launcher.py:69][0m Route: /invocations, Methods: POST
[0;36m(APIServer pid=23472)[0;0m [32mINFO[0m [90m10-07 15:18:47[0m [90m[launcher.py:69][0m Route: /v1/chat/completions, Methods: POST
[0;36m(APIServer pid=23472)[0;0m [32mINFO[0m [90m10-07 15:18:47[0m [90m[launcher.py:69][0m Route: /v1/chat/completions/batch, Methods: POST
[0;36m(APIServer pid=23472)[0;0m [32mINFO[0m [90m10-07 15:18:47[0m [90m[launcher.py:69][0m Route: /v1/audio/speech, Methods: POST
[0;36m(APIServer pid=23472)[0;0m [32mINFO[0m [90m10-07 15:18:47[0m [90m[launcher.py:69][0m Route: /v1/audio/speech/batch, Methods: POST
[0;36m(APIServer pid=23472)[0;0m [32mINFO[0m [90m10-07 15:18:47[0m [90m[launcher.py:69][0m Route: /v1/audio/generate, Methods: POST
[0;36m(APIServer pid=23472)[0;0m [32mINFO[0m [90m10-07 15:18:47[0m [90m[launcher.py:69][0m Route: /v1/audio/voices, Methods: GET
[0;36m(APIServer pid=23472)[0;0m [32mINFO[0m [90m10-07 15:18:47[0m [90m[launcher.py:69][0m Route: /v1/audio/voices, Methods: POST
[0;36m(APIServer pid=23472)[0;0m [32mINFO[0m [90m10-07 15:18:47[0m [90m[launcher.py:69][0m Route: /v1/audio/voices/{name}, Methods: DELETE
[0;36m(APIServer pid=23472)[0;0m [32mINFO[0m [90m10-07 15:18:47[0m [90m[launcher.py:69][0m Route: /v1/realtime/sessions, Methods: POST
[0;36m(APIServer pid=23472)[0;0m [32mINFO[0m [90m10-07 15:18:47[0m [90m[launcher.py:69][0m Route: /v1/realtime/sessions/{session_id}/step, Methods: POST
[0;36m(APIServer pid=23472)[0;0m [32mINFO[0m [90m10-07 15:18:47[0m [90m[launcher.py:69][0m Route: /v1/realtime/sessions/{session_id}/reset, Methods: POST
[0;36m(APIServer pid=23472)[0;0m [32mINFO[0m [90m10-07 15:18:47[0m [90m[launcher.py:69][0m Route: /v1/realtime/sessions/{session_id}/close, Methods: POST
[0;36m(APIServer pid=23472)[0;0m [32mINFO[0m [90m10-07 15:18:47[0m [90m[launcher.py:69][0m Route: /v1/realtime/sessions/{session_id}/status, Methods: GET
[0;36m(APIServer pid=23472)[0;0m [32mINFO[0m [90m10-07 15:18:47[0m [90m[launcher.py:69][0m Route: /health, Methods: GET
[0;36m(APIServer pid=23472)[0;0m [32mINFO[0m [90m10-07 15:18:47[0m [90m[launcher.py:69][0m Route: /v1/models, Methods: GET
[0;36m(APIServer pid=23472)[0;0m [32mINFO[0m [90m10-07 15:18:47[0m [90m[launcher.py:69][0m Route: /v1/images/generations, Methods: POST
[0;36m(APIServer pid=23472)[0;0m [32mINFO[0m [90m10-07 15:18:47[0m [90m[launcher.py:69][0m Route: /v1/images/edits, Methods: POST
[0;36m(APIServer pid=23472)[0;0m [32mINFO[0m [90m10-07 15:18:47[0m [90m[launcher.py:69][0m Route: /v1/videos, Methods: POST
[0;36m(APIServer pid=23472)[0;0m [32mINFO[0m [90m10-07 15:18:47[0m [90m[launcher.py:69][0m Route: /v1/videos/sync, Methods: POST
[0;36m(APIServer pid=23472)[0;0m [32mINFO[0m [90m10-07 15:18:47[0m [90m[launcher.py:69][0m Route: /v1/videos, Methods: GET
[0;36m(APIServer pid=23472)[0;0m [32mINFO[0m [90m10-07 15:18:47[0m [90m[launcher.py:69][0m Route: /v1/videos/{video_id}, Methods: GET
[0;36m(APIServer pid=23472)[0;0m [32mINFO[0m [90m10-07 15:18:47[0m [90m[launcher.py:69][0m Route: /v1/videos/{video_id}, Methods: DELETE
[0;36m(APIServer pid=23472)[0;0m [32mINFO[0m [90m10-07 15:18:47[0m [90m[launcher.py:69][0m Route: /v1/videos/{video_id}/content, Methods: GET
[0;36m(APIServer pid=23472)[0;0m [32mINFO[0m [90m10-07 15:18:47[0m [90m[launcher.py:69][0m Route: /v1/omni/sleep, Methods: POST
[0;36m(APIServer pid=23472)[0;0m [32mINFO[0m [90m10-07 15:18:47[0m [90m[launcher.py:69][0m Route: /v1/omni/wakeup, Methods: POST
[0;36m(APIServer pid=23472)[0;0m [32mINFO[0m [90m10-07 15:18:47[0m [90m[launcher.py:80][0m Route: /v1/audio/speech/stream, Endpoint: streaming_speech
[0;36m(APIServer pid=23472)[0;0m [32mINFO[0m [90m10-07 15:18:47[0m [90m[launcher.py:80][0m Route: /v1/video/chat/stream, Endpoint: streaming_video_chat
[0;36m(APIServer pid=23472)[0;0m [32mINFO[0m [90m10-07 15:18:47[0m [90m[launcher.py:80][0m Route: /v1/realtime/video, Endpoint: streaming_video_output
[0;36m(APIServer pid=23472)[0;0m [32mINFO[0m [90m10-07 15:18:47[0m [90m[launcher.py:80][0m Route: /v1/realtime, Endpoint: realtime_websocket
[0;36m(APIServer pid=23472)[0;0m [32mINFO[0m [90m10-07 15:18:47[0m [90m[launcher.py:80][0m Route: /v1/duplex, Endpoint: duplex_websocket
[0;36m(APIServer pid=23472)[0;0m [32mINFO[0m [90m10-07 15:18:47[0m [90m[launcher.py:80][0m Route: /v1/realtime/robot/openpi, Endpoint: realtime_robot_openpi
INFO:     Started server process [23472]
INFO:     Waiting for application startup.
INFO:     Application startup complete.
INFO:     127.0.0.1:60616 - "GET /health HTTP/1.1" 200 OK
[0;36m(APIServer pid=23472)[0;0m [32mINFO[0m [90m10-07 15:18:52[0m [90m[serving_speech.py:2423][0m Diffusion TTS speech request speech-98f2379c796ef1ee: voice_clone=False
[0;36m(APIServer pid=23472)[0;0m [32mINFO[0m [90m10-07 15:18:52[0m [90m[serving_speech.py:2471][0m Applied diffusion speech params: seed=42 extra_params={}
[0;36m(APIServer pid=23472)[0;0m [32mINFO[0m [90m10-07 15:18:52[0m [90m[diffusion_engine.py:764][0m [RequestBatch] admission wait done waiting=1 max_batch=8 waited_ms=2.1
MIOpen(HIP): Warning [IsEnoughWorkspace] [GetSolutionsFallback AI] Solver <ConvHipImplicitGemmGroupFwdXdlops>, workspace required: 9142272, provided ptr: 0x7671904c0000 size: 2523136
MIOpen(HIP): Warning [IsEnoughWorkspace] [GetSolutionsFallback AI] Solver <ConvAsmImplicitGemmGTCDynamicFwdXdlopsNHWC>, workspace required: 9142272, provided ptr: 0x7671904c0000 size: 2523136
MIOpen(HIP): Warning [IsEnoughWorkspace] [GetSolutionsFallback WTI] Solver <ConvAsmImplicitGemmGTCDynamicBwdXdlopsNHWC>, workspace required: 40763392, provided ptr: 0x7673242c0000 size: 11534336
MIOpen(HIP): Warning [IsEnoughWorkspace] [GetSolutionsFallback WTI] Solver <ConvHipImplicitGemmGroupBwdXdlops>, workspace required: 40763392, provided ptr: 0x7673242c0000 size: 11534336
MIOpen(HIP): Warning [IsEnoughWorkspace] [GetSolutionsFallback AI] Solver <GemmFwdRest>, workspace required: 40370176, provided ptr: 0x767279e00000 size: 18874368
MIOpen(HIP): Warning [IsEnoughWorkspace] [GetSolutionsFallback AI] Solver <GemmFwdRest>, workspace required: 100925440, provided ptr: 0x76727b980000 size: 30670848
MIOpen(HIP): Warning [IsEnoughWorkspace] [GetSolutionsFallback AI] Solver <ConvHipImplicitGemmGroupFwdXdlops>, workspace required: 29097984, provided ptr: 0x76727c740000 size: 28835840
MIOpen(HIP): Warning [IsEnoughWorkspace] [GetSolutionsFallback AI] Solver <GemmFwdRest>, workspace required: 201850880, provided ptr: 0x767282580000 size: 58130432
MIOpen(HIP): Warning [IsEnoughWorkspace] [GetSolutionsFallback AI] Solver <ConvHipImplicitGemmGroupFwdXdlops>, workspace required: 57737216, provided ptr: 0x767284100000 size: 57671680
MIOpen(HIP): Warning [IsEnoughWorkspace] [GetSolutionsFallback WTI] Solver <ConvAsmImplicitGemmGTCDynamicBwdXdlopsNHWC>, workspace required: 57802752, provided ptr: 0x767282580000 size: 57671680
MIOpen(HIP): Warning [IsEnoughWorkspace] [GetSolutionsFallback WTI] Solver <ConvHipImplicitGemmGroupBwdXdlops>, workspace required: 57802752, provided ptr: 0x767282580000 size: 57671680
MIOpen(HIP): Warning [IsEnoughWorkspace] [GetSolutionsFallback AI] Solver <GemmFwdRest>, workspace required: 201850880, provided ptr: 0x767284100000 size: 57786368
MIOpen(HIP): Warning [IsEnoughWorkspace] [GetSolutionsFallback AI] Solver <ConvHipImplicitGemmGroupFwdXdlops>, workspace required: 57688064, provided ptr: 0x767285c80000 size: 57671680
MIOpen(HIP): Warning [IsEnoughWorkspace] [GetSolutionsFallback AI] Solver <GemmFwdRest>, workspace required: 302776320, provided ptr: 0x767285c80000 size: 86536192
MIOpen(HIP): Warning [IsEnoughWorkspace] [GetSolutionsFallback AI] Solver <ConvHipImplicitGemmGroupFwdXdlops>, workspace required: 86511616, provided ptr: 0x7672885c0000 size: 86507520
MIOpen(HIP): Warning [IsEnoughWorkspace] [GetSolutionsFallback AI] Solver <ConvHipImplicitGemmGroupFwdXdlops>, workspace required: 44606464, provided ptr: 0x767279e00000 size: 43254784
MIOpen(HIP): Warning [IsEnoughWorkspace] [GetSolutionsFallback AI] Solver <GemmFwdRest>, workspace required: 302776320, provided ptr: 0x767279e00000 size: 43254784
MIOpen(HIP): Warning [IsEnoughWorkspace] [GetSolutionsFallback AI] Solver <ConvHipImplicitGemmGroupFwdXdlops>, workspace required: 8589312, provided ptr: 0x7671904c0000 size: 1748992
MIOpen(HIP): Warning [IsEnoughWorkspace] [GetSolutionsFallback AI] Solver <ConvAsmImplicitGemmGTCDynamicFwdXdlopsNHWC>, workspace required: 8589312, provided ptr: 0x7671904c0000 size: 1748992
MIOpen(HIP): Warning [IsEnoughWorkspace] [GetSolutionsFallback WTI] Solver <ConvAsmImplicitGemmGTCDynamicBwdXdlopsNHWC>, workspace required: 38551552, provided ptr: 0x767255400000 size: 7995392
MIOpen(HIP): Warning [IsEnoughWorkspace] [GetSolutionsFallback WTI] Solver <ConvHipImplicitGemmGroupBwdXdlops>, workspace required: 38551552, provided ptr: 0x767255400000 size: 7995392
MIOpen(HIP): Warning [IsEnoughWorkspace] [GetSolutionsFallback AI] Solver <GemmFwdRest>, workspace required: 27983872, provided ptr: 0x7673242c0000 size: 15335424
MIOpen(HIP): Warning [IsEnoughWorkspace] [GetSolutionsFallback AI] Solver <GemmFwdRest>, workspace required: 69959680, provided ptr: 0x767279e00000 size: 21823488
MIOpen(HIP): Warning [IsEnoughWorkspace] [GetSolutionsFallback AI] Solver <ConvHipImplicitGemmGroupFwdXdlops>, workspace required: 20250624, provided ptr: 0x76727a788000 size: 19988480
MIOpen(HIP): Warning [IsEnoughWorkspace] [GetSolutionsFallback AI] Solver <GemmFwdRest>, workspace required: 139919360, provided ptr: 0x767280a00000 size: 40435712
MIOpen(HIP): Warning [IsEnoughWorkspace] [GetSolutionsFallback AI] Solver <ConvHipImplicitGemmGroupFwdXdlops>, workspace required: 40042496, provided ptr: 0x767281d10000 size: 39976960
MIOpen(HIP): Warning [IsEnoughWorkspace] [GetSolutionsFallback WTI] Solver <ConvAsmImplicitGemmGTCDynamicBwdXdlopsNHWC>, workspace required: 40108032, provided ptr: 0x767280a00000 size: 39976960
MIOpen(HIP): Warning [IsEnoughWorkspace] [GetSolutionsFallback WTI] Solver <ConvHipImplicitGemmGroupBwdXdlops>, workspace required: 40108032, provided ptr: 0x767280a00000 size: 39976960
MIOpen(HIP): Warning [IsEnoughWorkspace] [GetSolutionsFallback AI] Solver <GemmFwdRest>, workspace required: 139919360, provided ptr: 0x767280a00000 size: 40091648
MIOpen(HIP): Warning [IsEnoughWorkspace] [GetSolutionsFallback AI] Solver <ConvHipImplicitGemmGroupFwdXdlops>, workspace required: 39993344, provided ptr: 0x767281d10000 size: 39976960
MIOpen(HIP): Warning [IsEnoughWorkspace] [GetSolutionsFallback AI] Solver <GemmFwdRest>, workspace required: 209879040, provided ptr: 0x767284330000 size: 59994112
MIOpen(HIP): Warning [IsEnoughWorkspace] [GetSolutionsFallback AI] Solver <ConvHipImplicitGemmGroupFwdXdlops>, workspace required: 59969536, provided ptr: 0x767285fc8000 size: 59965440
MIOpen(HIP): Warning [IsEnoughWorkspace] [GetSolutionsFallback AI] Solver <ConvHipImplicitGemmGroupFwdXdlops>, workspace required: 30920704, provided ptr: 0x76727ba98000 size: 29983744
MIOpen(HIP): Warning [IsEnoughWorkspace] [GetSolutionsFallback AI] Solver <GemmFwdRest>, workspace required: 209879040, provided ptr: 0x76727ba98000 size: 29983744
MIOpen(HIP): Warning [IsEnoughWorkspace] [GetSolutionsFallback AI] Solver <ConvHipImplicitGemmGroupFwdXdlops>, workspace required: 8502272, provided ptr: 0x7671904c0000 size: 1627136
MIOpen(HIP): Warning [IsEnoughWorkspace] [GetSolutionsFallback AI] Solver <ConvAsmImplicitGemmGTCDynamicFwdXdlopsNHWC>, workspace required: 8502272, provided ptr: 0x7671904c0000 size: 1627136
MIOpen(HIP): Warning [IsEnoughWorkspace] [GetSolutionsFallback WTI] Solver <ConvAsmImplicitGemmGTCDynamicBwdXdlopsNHWC>, workspace required: 38203392, provided ptr: 0x767255400000 size: 7438336
MIOpen(HIP): Warning [IsEnoughWorkspace] [GetSolutionsFallback WTI] Solver <ConvHipImplicitGemmGroupBwdXdlops>, workspace required: 38203392, provided ptr: 0x767255400000 size: 7438336
MIOpen(HIP): Warning [IsEnoughWorkspace] [GetSolutionsFallback AI] Solver <GemmFwdRest>, workspace required: 26034176, provided ptr: 0x7673242c0000 size: 14778368
MIOpen(HIP): Warning [IsEnoughWorkspace] [GetSolutionsFallback AI] Solver <GemmFwdRest>, workspace required: 65085440, provided ptr: 0x767279e00000 size: 20430848
MIOpen(HIP): Warning [IsEnoughWorkspace] [GetSolutionsFallback AI] Solver <ConvHipImplicitGemmGroupFwdXdlops>, workspace required: 18857984, provided ptr: 0x76727a6de000 size: 18595840
MIOpen(HIP): Warning [IsEnoughWorkspace] [GetSolutionsFallback AI] Solver <GemmFwdRest>, workspace required: 130170880, provided ptr: 0x767280a00000 size: 37650432
MIOpen(HIP): Warning [IsEnoughWorkspace] [GetSolutionsFallback AI] Solver <ConvHipImplicitGemmGroupFwdXdlops>, workspace required: 37257216, provided ptr: 0x767280a00000 size: 37191680
MIOpen(HIP): Warning [IsEnoughWorkspace] [GetSolutionsFallback WTI] Solver <ConvAsmImplicitGemmGTCDynamicBwdXdlopsNHWC>, workspace required: 37322752, provided ptr: 0x76727c178000 size: 37191680
MIOpen(HIP): Warning [IsEnoughWorkspace] [GetSolutionsFallback WTI] Solver <ConvHipImplicitGemmGroupBwdXdlops>, workspace required: 37322752, provided ptr: 0x76727c178000 size: 37191680
MIOpen(HIP): Warning [IsEnoughWorkspace] [GetSolutionsFallback AI] Solver <GemmFwdRest>, workspace required: 130170880, provided ptr: 0x767280a00000 size: 37306368
MIOpen(HIP): Warning [IsEnoughWorkspace] [GetSolutionsFallback AI] Solver <ConvHipImplicitGemmGroupFwdXdlops>, workspace required: 37208064, provided ptr: 0x767280a00000 size: 37191680
MIOpen(HIP): Warning [IsEnoughWorkspace] [GetSolutionsFallback AI] Solver <GemmFwdRest>, workspace required: 195256320, provided ptr: 0x76728249a000 size: 55816192
MIOpen(HIP): Warning [IsEnoughWorkspace] [GetSolutionsFallback AI] Solver <ConvHipImplicitGemmGroupFwdXdlops>, workspace required: 55791616, provided ptr: 0x767283f34000 size: 55787520
MIOpen(HIP): Warning [IsEnoughWorkspace] [GetSolutionsFallback AI] Solver <ConvHipImplicitGemmGroupFwdXdlops>, workspace required: 28766464, provided ptr: 0x76727b89a000 size: 27894784
MIOpen(HIP): Warning [IsEnoughWorkspace] [GetSolutionsFallback AI] Solver <GemmFwdRest>, workspace required: 195256320, provided ptr: 0x76727b89a000 size: 27894784
MIOpen(HIP): Warning [IsEnoughWorkspace] [GetSolutionsFallback AI] Solver <ConvHipImplicitGemmGroupFwdXdlops>, workspace required: 9224192, provided ptr: 0x7671904c0000 size: 2637824
MIOpen(HIP): Warning [IsEnoughWorkspace] [GetSolutionsFallback AI] Solver <ConvAsmImplicitGemmGTCDynamicFwdXdlopsNHWC>, workspace required: 9224192, provided ptr: 0x7671904c0000 size: 2637824
MIOpen(HIP): Warning [IsEnoughWorkspace] [GetSolutionsFallback WTI] Solver <ConvAsmImplicitGemmGTCDynamicBwdXdlopsNHWC>, workspace required: 41091072, provided ptr: 0x7673242c0000 size: 12058624
MIOpen(HIP): Warning [IsEnoughWorkspace] [GetSolutionsFallback WTI] Solver <ConvHipImplicitGemmGroupBwdXdlops>, workspace required: 41091072, provided ptr: 0x7673242c0000 size: 12058624
MIOpen(HIP): Warning [IsEnoughWorkspace] [GetSolutionsFallback AI] Solver <GemmFwdRest>, workspace required: 42205184, provided ptr: 0x767279e00000 size: 19398656
MIOpen(HIP): Warning [IsEnoughWorkspace] [GetSolutionsFallback AI] Solver <GemmFwdRest>, workspace required: 105512960, provided ptr: 0x76727bac0000 size: 31981568
MIOpen(HIP): Warning [IsEnoughWorkspace] [GetSolutionsFallback AI] Solver <ConvHipImplicitGemmGroupFwdXdlops>, workspace required: 30408704, provided ptr: 0x76727c920000 size: 30146560
MIOpen(HIP): Warning [IsEnoughWorkspace] [GetSolutionsFallback AI] Solver <GemmFwdRest>, workspace required: 211025920, provided ptr: 0x7672826c0000 size: 60751872
MIOpen(HIP): Warning [IsEnoughWorkspace] [GetSolutionsFallback AI] Solver <ConvHipImplicitGemmGroupFwdXdlops>, workspace required: 60358656, provided ptr: 0x767284380000 size: 60293120
MIOpen(HIP): Warning [IsEnoughWorkspace] [GetSolutionsFallback WTI] Solver <ConvAsmImplicitGemmGTCDynamicBwdXdlopsNHWC>, workspace required: 60424192, provided ptr: 0x7672826c0000 size: 60293120
MIOpen(HIP): Warning [IsEnoughWorkspace] [GetSolutionsFallback WTI] Solver <ConvHipImplicitGemmGroupBwdXdlops>, workspace required: 60424192, provided ptr: 0x7672826c0000 size: 60293120
MIOpen(HIP): Warning [IsEnoughWorkspace] [GetSolutionsFallback AI] Solver <GemmFwdRest>, workspace required: 211025920, provided ptr: 0x767284380000 size: 60407808
MIOpen(HIP): Warning [IsEnoughWorkspace] [GetSolutionsFallback AI] Solver <ConvHipImplicitGemmGroupFwdXdlops>, workspace required: 60309504, provided ptr: 0x767286040000 size: 60293120
MIOpen(HIP): Warning [IsEnoughWorkspace] [GetSolutionsFallback AI] Solver <GemmFwdRest>, workspace required: 316538880, provided ptr: 0x767286040000 size: 90468352
MIOpen(HIP): Warning [IsEnoughWorkspace] [GetSolutionsFallback AI] Solver <ConvHipImplicitGemmGroupFwdXdlops>, workspace required: 90443776, provided ptr: 0x767288b60000 size: 90439680
MIOpen(HIP): Warning [IsEnoughWorkspace] [GetSolutionsFallback AI] Solver <ConvHipImplicitGemmGroupFwdXdlops>, workspace required: 46633984, provided ptr: 0x767279e00000 size: 45220864
MIOpen(HIP): Warning [IsEnoughWorkspace] [GetSolutionsFallback AI] Solver <GemmFwdRest>, workspace required: 316538880, provided ptr: 0x767279e00000 size: 45220864
MIOpen(HIP): Warning [IsEnoughWorkspace] [GetSolutionsFallback AI] Solver <ConvHipImplicitGemmGroupFwdXdlops>, workspace required: 7980032, provided ptr: 0x7671f9600000 size: 896000
MIOpen(HIP): Warning [IsEnoughWorkspace] [GetSolutionsFallback AI] Solver <ConvAsmImplicitGemmGTCDynamicFwdXdlopsNHWC>, workspace required: 7980032, provided ptr: 0x7671f9600000 size: 896000
MIOpen(HIP): Warning [IsEnoughWorkspace] [GetSolutionsFallback WTI] Solver <ConvAsmImplicitGemmGTCDynamicBwdXdlopsNHWC>, workspace required: 36114432, provided ptr: 0x767193c00000 size: 4096000
MIOpen(HIP): Warning [IsEnoughWorkspace] [GetSolutionsFallback WTI] Solver <ConvHipImplicitGemmGroupBwdXdlops>, workspace required: 36114432, provided ptr: 0x767193c00000 size: 4096000
MIOpen(HIP): Warning [IsEnoughWorkspace] [GetSolutionsFallback AI] Solver <GemmFwdRest>, workspace required: 14336000, provided ptr: 0x767255400000 size: 11436032
MIOpen(HIP): Warning [IsEnoughWorkspace] [GetSolutionsFallback WTI] Solver <ConvAsmImplicitGemmGTCDynamicBwdXdlopsNHWC>, workspace required: 12410880, provided ptr: 0x7673242c0000 size: 10240000
MIOpen(HIP): Warning [IsEnoughWorkspace] [GetSolutionsFallback WTI] Solver <ConvHipImplicitGemmGroupBwdXdlops>, workspace required: 12410880, provided ptr: 0x7673242c0000 size: 10240000
MIOpen(HIP): Warning [IsEnoughWorkspace] [GetSolutionsFallback AI] Solver <GemmFwdRest>, workspace required: 35840000, provided ptr: 0x7673247a2000 size: 12075008
MIOpen(HIP): Warning [IsEnoughWorkspace] [GetSolutionsFallback AI] Solver <ConvHipImplicitGemmGroupFwdXdlops>, workspace required: 10502144, provided ptr: 0x767324c84000 size: 10240000
MIOpen(HIP): Warning [IsEnoughWorkspace] [GetSolutionsFallback AI] Solver <GemmFwdRest>, workspace required: 71680000, provided ptr: 0x76727a7c4000 size: 20938752
MIOpen(HIP): Warning [IsEnoughWorkspace] [GetSolutionsFallback AI] Solver <ConvHipImplicitGemmGroupFwdXdlops>, workspace required: 20545536, provided ptr: 0x76727b188000 size: 20480000
MIOpen(HIP): Warning [IsEnoughWorkspace] [GetSolutionsFallback WTI] Solver <ConvAsmImplicitGemmGTCDynamicBwdXdlopsNHWC>, workspace required: 20611072, provided ptr: 0x76727a7c4000 size: 20480000
MIOpen(HIP): Warning [IsEnoughWorkspace] [GetSolutionsFallback WTI] Solver <ConvHipImplicitGemmGroupBwdXdlops>, workspace required: 20611072, provided ptr: 0x76727a7c4000 size: 20480000
MIOpen(HIP): Warning [IsEnoughWorkspace] [GetSolutionsFallback AI] Solver <GemmFwdRest>, workspace required: 71680000, provided ptr: 0x76727a7c4000 size: 20594688
MIOpen(HIP): Warning [IsEnoughWorkspace] [GetSolutionsFallback AI] Solver <ConvHipImplicitGemmGroupFwdXdlops>, workspace required: 20496384, provided ptr: 0x76727b188000 size: 20480000
MIOpen(HIP): Warning [IsEnoughWorkspace] [GetSolutionsFallback AI] Solver <GemmFwdRest>, workspace required: 107520000, provided ptr: 0x76727c9f2000 size: 30748672
MIOpen(HIP): Warning [IsEnoughWorkspace] [GetSolutionsFallback AI] Solver <ConvHipImplicitGemmGroupFwdXdlops>, workspace required: 30724096, provided ptr: 0x767280a00000 size: 30720000
MIOpen(HIP): Warning [IsEnoughWorkspace] [GetSolutionsFallback AI] Solver <ConvHipImplicitGemmGroupFwdXdlops>, workspace required: 15841024, provided ptr: 0x767279e00000 size: 15361024
MIOpen(HIP): Warning [IsEnoughWorkspace] [GetSolutionsFallback AI] Solver <GemmFwdRest>, workspace required: 107520000, provided ptr: 0x767279e00000 size: 15361024
MIOpen(HIP): Warning [IsEnoughWorkspace] [GetSolutionsFallback AI] Solver <ConvHipImplicitGemmGroupFwdXdlops>, workspace required: 8599552, provided ptr: 0x7671904c0000 size: 1763328
MIOpen(HIP): Warning [IsEnoughWorkspace] [GetSolutionsFallback AI] Solver <ConvAsmImplicitGemmGTCDynamicFwdXdlopsNHWC>, workspace required: 8599552, provided ptr: 0x7671904c0000 size: 1763328
MIOpen(HIP): Warning [IsEnoughWorkspace] [GetSolutionsFallback WTI] Solver <ConvAsmImplicitGemmGTCDynamicBwdXdlopsNHWC>, workspace required: 38592512, provided ptr: 0x767255400000 size: 8060928
MIOpen(HIP): Warning [IsEnoughWorkspace] [GetSolutionsFallback WTI] Solver <ConvHipImplicitGemmGroupBwdXdlops>, workspace required: 38592512, provided ptr: 0x767255400000 size: 8060928
MIOpen(HIP): Warning [IsEnoughWorkspace] [GetSolutionsFallback AI] Solver <GemmFwdRest>, workspace required: 28213248, provided ptr: 0x7673242c0000 size: 15400960
MIOpen(HIP): Warning [IsEnoughWorkspace] [GetSolutionsFallback AI] Solver <GemmFwdRest>, workspace required: 70533120, provided ptr: 0x767279e00000 size: 21987328
MIOpen(HIP): Warning [IsEnoughWorkspace] [GetSolutionsFallback AI] Solver <ConvHipImplicitGemmGroupFwdXdlops>, workspace required: 20414464, provided ptr: 0x76727a79c000 size: 20152320
MIOpen(HIP): Warning [IsEnoughWorkspace] [GetSolutionsFallback AI] Solver <GemmFwdRest>, workspace required: 141066240, provided ptr: 0x767280a00000 size: 40763392
MIOpen(HIP): Warning [IsEnoughWorkspace] [GetSolutionsFallback AI] Solver <ConvHipImplicitGemmGroupFwdXdlops>, workspace required: 40370176, provided ptr: 0x767281d38000 size: 40304640
MIOpen(HIP): Warning [IsEnoughWorkspace] [GetSolutionsFallback WTI] Solver <ConvAsmImplicitGemmGTCDynamicBwdXdlopsNHWC>, workspace required: 40435712, provided ptr: 0x767280a00000 size: 40304640
MIOpen(HIP): Warning [IsEnoughWorkspace] [GetSolutionsFallback WTI] Solver <ConvHipImplicitGemmGroupBwdXdlops>, workspace required: 40435712, provided ptr: 0x767280a00000 size: 40304640
MIOpen(HIP): Warning [IsEnoughWorkspace] [GetSolutionsFallback AI] Solver <GemmFwdRest>, workspace required: 141066240, provided ptr: 0x767280a00000 size: 40419328
MIOpen(HIP): Warning [IsEnoughWorkspace] [GetSolutionsFallback AI] Solver <ConvHipImplicitGemmGroupFwdXdlops>, workspace required: 40321024, provided ptr: 0x767281d38000 size: 40304640
MIOpen(HIP): Warning [IsEnoughWorkspace] [GetSolutionsFallback AI] Solver <GemmFwdRest>, workspace required: 211599360, provided ptr: 0x7672843a8000 size: 60485632
MIOpen(HIP): Warning [IsEnoughWorkspace] [GetSolutionsFallback AI] Solver <ConvHipImplicitGemmGroupFwdXdlops>, workspace required: 60461056, provided ptr: 0x76728607c000 size: 60456960
MIOpen(HIP): Warning [IsEnoughWorkspace] [GetSolutionsFallback AI] Solver <ConvHipImplicitGemmGroupFwdXdlops>, workspace required: 31174144, provided ptr: 0x76727bad4000 size: 30229504
MIOpen(HIP): Warning [IsEnoughWorkspace] [GetSolutionsFallback AI] Solver <GemmFwdRest>, workspace required: 211599360, provided ptr: 0x76727bad4000 size: 30229504
MIOpen(HIP): Warning [IsEnoughWorkspace] [GetSolutionsFallback AI] Solver <ConvHipImplicitGemmGroupFwdXdlops>, workspace required: 8195072, provided ptr: 0x767191480000 size: 1197056
MIOpen(HIP): Warning [IsEnoughWorkspace] [GetSolutionsFallback AI] Solver <ConvAsmImplicitGemmGTCDynamicFwdXdlopsNHWC>, workspace required: 8195072, provided ptr: 0x767191480000 size: 1197056
MIOpen(HIP): Warning [IsEnoughWorkspace] [GetSolutionsFallback WTI] Solver <ConvAsmImplicitGemmGTCDynamicBwdXdlopsNHWC>, workspace required: 36974592, provided ptr: 0x767255400000 size: 5472256
MIOpen(HIP): Warning [IsEnoughWorkspace] [GetSolutionsFallback WTI] Solver <ConvHipImplicitGemmGroupBwdXdlops>, workspace required: 36974592, provided ptr: 0x767255400000 size: 5472256
MIOpen(HIP): Warning [IsEnoughWorkspace] [GetSolutionsFallback AI] Solver <GemmFwdRest>, workspace required: 19152896, provided ptr: 0x7673242c0000 size: 12812288
MIOpen(HIP): Warning [IsEnoughWorkspace] [GetSolutionsFallback WTI] Solver <ConvAsmImplicitGemmGTCDynamicBwdXdlopsNHWC>, workspace required: 14819328, provided ptr: 0x7673242c0000 size: 13680640
MIOpen(HIP): Warning [IsEnoughWorkspace] [GetSolutionsFallback WTI] Solver <ConvHipImplicitGemmGroupBwdXdlops>, workspace required: 14819328, provided ptr: 0x7673242c0000 size: 13680640
MIOpen(HIP): Warning [IsEnoughWorkspace] [GetSolutionsFallback AI] Solver <GemmFwdRest>, workspace required: 47882240, provided ptr: 0x767279e00000 size: 15515648
MIOpen(HIP): Warning [IsEnoughWorkspace] [GetSolutionsFallback AI] Solver <ConvAsmImplicitGemmGTCDynamicFwdXdlopsNHWC>, workspace required: 13680640, provided ptr: 0 size: 0
MIOpen(HIP): Warning [IsEnoughWorkspace] [GetSolutionsFallback AI] Solver <ConvHipImplicitGemmGroupFwdXdlops>, workspace required: 13942784, provided ptr: 0 size: 0
MIOpen(HIP): Warning [IsEnoughWorkspace] [GetSolutionsFallback AI] Solver <GemmFwdRest>, workspace required: 95764480, provided ptr: 0x76727ab0c000 size: 27820032
MIOpen(HIP): Warning [IsEnoughWorkspace] [GetSolutionsFallback AI] Solver <ConvHipImplicitGemmGroupFwdXdlops>, workspace required: 27426816, provided ptr: 0x76727b818000 size: 27361280
MIOpen(HIP): Warning [IsEnoughWorkspace] [GetSolutionsFallback WTI] Solver <ConvAsmImplicitGemmGTCDynamicBwdXdlopsNHWC>, workspace required: 27492352, provided ptr: 0x76727ab0c000 size: 27361280
MIOpen(HIP): Warning [IsEnoughWorkspace] [GetSolutionsFallback WTI] Solver <ConvHipImplicitGemmGroupBwdXdlops>, workspace required: 27492352, provided ptr: 0x76727ab0c000 size: 27361280
MIOpen(HIP): Warning [IsEnoughWorkspace] [GetSolutionsFallback AI] Solver <GemmFwdRest>, workspace required: 95764480, provided ptr: 0x76727b818000 size: 27475968
MIOpen(HIP): Warning [IsEnoughWorkspace] [GetSolutionsFallback AI] Solver <ConvHipImplicitGemmGroupFwdXdlops>, workspace required: 27377664, provided ptr: 0x76727c524000 size: 27361280
MIOpen(HIP): Warning [IsEnoughWorkspace] [GetSolutionsFallback AI] Solver <GemmFwdRest>, workspace required: 143646720, provided ptr: 0x767280a00000 size: 41070592
MIOpen(HIP): Warning [IsEnoughWorkspace] [GetSolutionsFallback AI] Solver <ConvHipImplicitGemmGroupFwdXdlops>, workspace required: 41046016, provided ptr: 0x767281d92000 size: 41041920
MIOpen(HIP): Warning [IsEnoughWorkspace] [GetSolutionsFallback AI] Solver <ConvHipImplicitGemmGroupFwdXdlops>, workspace required: 21163264, provided ptr: 0x767279e00000 size: 20521984
MIOpen(HIP): Warning [IsEnoughWorkspace] [GetSolutionsFallback AI] Solver <GemmFwdRest>, workspace required: 143646720, provided ptr: 0x767279e00000 size: 20521984
MIOpen(HIP): Warning [IsEnoughWorkspace] [GetSolutionsFallback AI] Solver <ConvHipImplicitGemmGroupFwdXdlops>, workspace required: 8737792, provided ptr: 0x7671904c0000 size: 1956864
MIOpen(HIP): Warning [IsEnoughWorkspace] [GetSolutionsFallback AI] Solver <ConvAsmImplicitGemmGTCDynamicFwdXdlopsNHWC>, workspace required: 8737792, provided ptr: 0x7671904c0000 size: 1956864
MIOpen(HIP): Warning [IsEnoughWorkspace] [GetSolutionsFallback WTI] Solver <ConvAsmImplicitGemmGTCDynamicBwdXdlopsNHWC>, workspace required: 39145472, provided ptr: 0x767255400000 size: 8945664
MIOpen(HIP): Warning [IsEnoughWorkspace] [GetSolutionsFallback WTI] Solver <ConvHipImplicitGemmGroupBwdXdlops>, workspace required: 39145472, provided ptr: 0x767255400000 size: 8945664
MIOpen(HIP): Warning [IsEnoughWorkspace] [GetSolutionsFallback AI] Solver <GemmFwdRest>, workspace required: 31309824, provided ptr: 0x7673242c0000 size: 16285696
MIOpen(HIP): Warning [IsEnoughWorkspace] [GetSolutionsFallback AI] Solver <GemmFwdRest>, workspace required: 78274560, provided ptr: 0x76727b354000 size: 24199168
MIOpen(HIP): Warning [IsEnoughWorkspace] [GetSolutionsFallback AI] Solver <ConvHipImplicitGemmGroupFwdXdlops>, workspace required: 22626304, provided ptr: 0x76727bdfe000 size: 22364160
MIOpen(HIP): Warning [IsEnoughWorkspace] [GetSolutionsFallback AI] Solver <GemmFwdRest>, workspace required: 156549120, provided ptr: 0x767280a00000 size: 45187072
MIOpen(HIP): Warning [IsEnoughWorkspace] [GetSolutionsFallback AI] Solver <ConvHipImplicitGemmGroupFwdXdlops>, workspace required: 44793856, provided ptr: 0x767281f54000 size: 44728320
MIOpen(HIP): Warning [IsEnoughWorkspace] [GetSolutionsFallback WTI] Solver <ConvAsmImplicitGemmGTCDynamicBwdXdlopsNHWC>, workspace required: 44859392, provided ptr: 0x767280a00000 size: 44728320
MIOpen(HIP): Warning [IsEnoughWorkspace] [GetSolutionsFallback WTI] Solver <ConvHipImplicitGemmGroupBwdXdlops>, workspace required: 44859392, provided ptr: 0x767280a00000 size: 44728320
MIOpen(HIP): Warning [IsEnoughWorkspace] [GetSolutionsFallback AI] Solver <GemmFwdRest>, workspace required: 156549120, provided ptr: 0x767281f54000 size: 44843008
MIOpen(HIP): Warning [IsEnoughWorkspace] [GetSolutionsFallback AI] Solver <ConvHipImplicitGemmGroupFwdXdlops>, workspace required: 44744704, provided ptr: 0x7672834a8000 size: 44728320
MIOpen(HIP): Warning [IsEnoughWorkspace] [GetSolutionsFallback AI] Solver <GemmFwdRest>, workspace required: 234823680, provided ptr: 0x767285f50000 size: 67121152
MIOpen(HIP): Warning [IsEnoughWorkspace] [GetSolutionsFallback AI] Solver <ConvHipImplicitGemmGroupFwdXdlops>, workspace required: 67096576, provided ptr: 0x767287f4e000 size: 67092480
MIOpen(HIP): Warning [IsEnoughWorkspace] [GetSolutionsFallback AI] Solver <ConvHipImplicitGemmGroupFwdXdlops>, workspace required: 34595584, provided ptr: 0x76727bdfe000 size: 33547264
MIOpen(HIP): Warning [IsEnoughWorkspace] [GetSolutionsFallback AI] Solver <GemmFwdRest>, workspace required: 234823680, provided ptr: 0x76727bdfe000 size: 33547264
MIOpen(HIP): Warning [IsEnoughWorkspace] [GetSolutionsFallback AI] Solver <ConvHipImplicitGemmGroupFwdXdlops>, workspace required: 8415232, provided ptr: 0x767191480000 size: 1505280
MIOpen(HIP): Warning [IsEnoughWorkspace] [GetSolutionsFallback AI] Solver <ConvAsmImplicitGemmGTCDynamicFwdXdlopsNHWC>, workspace required: 8415232, provided ptr: 0x767191480000 size: 1505280
MIOpen(HIP): Warning [IsEnoughWorkspace] [GetSolutionsFallback WTI] Solver <ConvAsmImplicitGemmGTCDynamicBwdXdlopsNHWC>, workspace required: 37855232, provided ptr: 0x767255400000 size: 6881280
MIOpen(HIP): Warning [IsEnoughWorkspace] [GetSolutionsFallback WTI] Solver <ConvHipImplicitGemmGroupBwdXdlops>, workspace required: 37855232, provided ptr: 0x767255400000 size: 6881280
MIOpen(HIP): Warning [IsEnoughWorkspace] [GetSolutionsFallback AI] Solver <GemmFwdRest>, workspace required: 24084480, provided ptr: 0x7673242c0000 size: 14221312
MIOpen(HIP): Warning [IsEnoughWorkspace] [GetSolutionsFallback WTI] Solver <ConvAsmImplicitGemmGTCDynamicBwdXdlopsNHWC>, workspace required: 17285120, provided ptr: 0x767279e00000 size: 17203200
MIOpen(HIP): Warning [IsEnoughWorkspace] [GetSolutionsFallback WTI] Solver <ConvHipImplicitGemmGroupBwdXdlops>, workspace required: 17285120, provided ptr: 0x767279e00000 size: 17203200
MIOpen(HIP): Warning [IsEnoughWorkspace] [GetSolutionsFallback AI] Solver <GemmFwdRest>, workspace required: 60211200, provided ptr: 0x76727a634000 size: 19038208
MIOpen(HIP): Warning [IsEnoughWorkspace] [GetSolutionsFallback AI] Solver <ConvHipImplicitGemmGroupFwdXdlops>, workspace required: 17465344, provided ptr: 0x76727ae68000 size: 17203200
MIOpen(HIP): Warning [IsEnoughWorkspace] [GetSolutionsFallback AI] Solver <GemmFwdRest>, workspace required: 120422400, provided ptr: 0x76727c704000 size: 34865152
MIOpen(HIP): Warning [IsEnoughWorkspace] [GetSolutionsFallback AI] Solver <ConvHipImplicitGemmGroupFwdXdlops>, workspace required: 34471936, provided ptr: 0x767280a00000 size: 34406400
MIOpen(HIP): Warning [IsEnoughWorkspace] [GetSolutionsFallback WTI] Solver <ConvAsmImplicitGemmGTCDynamicBwdXdlopsNHWC>, workspace required: 34537472, provided ptr: 0x76727c704000 size: 34406400
MIOpen(HIP): Warning [IsEnoughWorkspace] [GetSolutionsFallback WTI] Solver <ConvHipImplicitGemmGroupBwdXdlops>, workspace required: 34537472, provided ptr: 0x76727c704000 size: 34406400
MIOpen(HIP): Warning [IsEnoughWorkspace] [GetSolutionsFallback AI] Solver <GemmFwdRest>, workspace required: 120422400, provided ptr: 0x767280a00000 size: 34521088
MIOpen(HIP): Warning [IsEnoughWorkspace] [GetSolutionsFallback AI] Solver <ConvHipImplicitGemmGroupFwdXdlops>, workspace required: 34422784, provided ptr: 0x767280a00000 size: 34406400
MIOpen(HIP): Warning [IsEnoughWorkspace] [GetSolutionsFallback AI] Solver <GemmFwdRest>, workspace required: 180633600, provided ptr: 0x767283b38000 size: 51638272
MIOpen(HIP): Warning [IsEnoughWorkspace] [GetSolutionsFallback AI] Solver <ConvHipImplicitGemmGroupFwdXdlops>, workspace required: 51613696, provided ptr: 0x7672853d4000 size: 51609600
MIOpen(HIP): Warning [IsEnoughWorkspace] [GetSolutionsFallback AI] Solver <ConvHipImplicitGemmGroupFwdXdlops>, workspace required: 26612224, provided ptr: 0x76727b69c000 size: 25805824
MIOpen(HIP): Warning [IsEnoughWorkspace] [GetSolutionsFallback AI] Solver <GemmFwdRest>, workspace required: 180633600, provided ptr: 0x76727b69c000 size: 25805824
[0;36m(APIServer pid=23472)[0;0m [32mINFO[0m [90m10-07 15:18:59[0m [90m[stats.py:902][0m [OmniTiming] req=speech-98f2379c796ef1ee-84e09d19 total=6.46s engine=6.46s stages=[0:6.46s]
INFO:     127.0.0.1:60618 - "POST /v1/audio/speech HTTP/1.1" 200 OK
[0;36m(APIServer pid=23472)[0;0m [32mINFO[0m [90m10-07 15:18:59[0m [90m[serving_speech.py:2423][0m Diffusion TTS speech request speech-91da612466c868bd: voice_clone=False
[0;36m(APIServer pid=23472)[0;0m [32mINFO[0m [90m10-07 15:18:59[0m [90m[serving_speech.py:2471][0m Applied diffusion speech params: seed=42 extra_params={}
[0;36m(APIServer pid=23472)[0;0m [32mINFO[0m [90m10-07 15:18:59[0m [90m[diffusion_engine.py:764][0m [RequestBatch] admission wait done waiting=1 max_batch=8 waited_ms=2.1
MIOpen(HIP): Warning [IsEnoughWorkspace] [GetSolutionsFallback AI] Solver <ConvHipImplicitGemmGroupFwdXdlops>, workspace required: 8143872, provided ptr: 0x767191480000 size: 1125376
MIOpen(HIP): Warning [IsEnoughWorkspace] [GetSolutionsFallback AI] Solver <ConvAsmImplicitGemmGTCDynamicFwdXdlopsNHWC>, workspace required: 8143872, provided ptr: 0x767191480000 size: 1125376
MIOpen(HIP): Warning [IsEnoughWorkspace] [GetSolutionsFallback WTI] Solver <ConvAsmImplicitGemmGTCDynamicBwdXdlopsNHWC>, workspace required: 36769792, provided ptr: 0x767193c00000 size: 5144576
MIOpen(HIP): Warning [IsEnoughWorkspace] [GetSolutionsFallback WTI] Solver <ConvHipImplicitGemmGroupBwdXdlops>, workspace required: 36769792, provided ptr: 0x767193c00000 size: 5144576
MIOpen(HIP): Warning [IsEnoughWorkspace] [GetSolutionsFallback AI] Solver <GemmFwdRest>, workspace required: 18006016, provided ptr: 0x767255400000 size: 12484608
MIOpen(HIP): Warning [IsEnoughWorkspace] [GetSolutionsFallback WTI] Solver <ConvAsmImplicitGemmGTCDynamicBwdXdlopsNHWC>, workspace required: 14245888, provided ptr: 0x7673242c0000 size: 12861440
MIOpen(HIP): Warning [IsEnoughWorkspace] [GetSolutionsFallback WTI] Solver <ConvHipImplicitGemmGroupBwdXdlops>, workspace required: 14245888, provided ptr: 0x7673242c0000 size: 12861440
MIOpen(HIP): Warning [IsEnoughWorkspace] [GetSolutionsFallback AI] Solver <GemmFwdRest>, workspace required: 45015040, provided ptr: 0x7673248e2000 size: 14696448
MIOpen(HIP): Warning [IsEnoughWorkspace] [GetSolutionsFallback AI] Solver <ConvHipImplicitGemmGroupFwdXdlops>, workspace required: 13123584, provided ptr: 0x767279e00000 size: 12861440
MIOpen(HIP): Warning [IsEnoughWorkspace] [GetSolutionsFallback AI] Solver <GemmFwdRest>, workspace required: 90030080, provided ptr: 0x76727b688000 size: 26181632
MIOpen(HIP): Warning [IsEnoughWorkspace] [GetSolutionsFallback AI] Solver <ConvHipImplicitGemmGroupFwdXdlops>, workspace required: 25788416, provided ptr: 0x76727c2cc000 size: 25722880
MIOpen(HIP): Warning [IsEnoughWorkspace] [GetSolutionsFallback WTI] Solver <ConvAsmImplicitGemmGTCDynamicBwdXdlopsNHWC>, workspace required: 25853952, provided ptr: 0x76727aa44000 size: 25722880
MIOpen(HIP): Warning [IsEnoughWorkspace] [GetSolutionsFallback WTI] Solver <ConvHipImplicitGemmGroupBwdXdlops>, workspace required: 25853952, provided ptr: 0x76727aa44000 size: 25722880
MIOpen(HIP): Warning [IsEnoughWorkspace] [GetSolutionsFallback AI] Solver <GemmFwdRest>, workspace required: 90030080, provided ptr: 0x76727b688000 size: 25837568
MIOpen(HIP): Warning [IsEnoughWorkspace] [GetSolutionsFallback AI] Solver <ConvHipImplicitGemmGroupFwdXdlops>, workspace required: 25739264, provided ptr: 0x76727c2cc000 size: 25722880
MIOpen(HIP): Warning [IsEnoughWorkspace] [GetSolutionsFallback AI] Solver <GemmFwdRest>, workspace required: 135045120, provided ptr: 0x767280a00000 size: 38612992
MIOpen(HIP): Warning [IsEnoughWorkspace] [GetSolutionsFallback AI] Solver <ConvHipImplicitGemmGroupFwdXdlops>, workspace required: 38588416, provided ptr: 0x767281c66000 size: 38584320
MIOpen(HIP): Warning [IsEnoughWorkspace] [GetSolutionsFallback AI] Solver <ConvHipImplicitGemmGroupFwdXdlops>, workspace required: 19896064, provided ptr: 0x767279e00000 size: 19293184
MIOpen(HIP): Warning [IsEnoughWorkspace] [GetSolutionsFallback AI] Solver <GemmFwdRest>, workspace required: 135045120, provided ptr: 0x767279e00000 size: 19293184
MIOpen(HIP): Warning [IsEnoughWorkspace] [GetSolutionsFallback AI] Solver <ConvHipImplicitGemmGroupFwdXdlops>, workspace required: 8814592, provided ptr: 0x7671904c0000 size: 2064384
MIOpen(HIP): Warning [IsEnoughWorkspace] [GetSolutionsFallback AI] Solver <ConvAsmImplicitGemmGTCDynamicFwdXdlopsNHWC>, workspace required: 8814592, provided ptr: 0x7671904c0000 size: 2064384
MIOpen(HIP): Warning [IsEnoughWorkspace] [GetSolutionsFallback WTI] Solver <ConvAsmImplicitGemmGTCDynamicBwdXdlopsNHWC>, workspace required: 39452672, provided ptr: 0x767255400000 size: 9437184
MIOpen(HIP): Warning [IsEnoughWorkspace] [GetSolutionsFallback WTI] Solver <ConvHipImplicitGemmGroupBwdXdlops>, workspace required: 39452672, provided ptr: 0x767255400000 size: 9437184
MIOpen(HIP): Warning [IsEnoughWorkspace] [GetSolutionsFallback AI] Solver <GemmFwdRest>, workspace required: 33030144, provided ptr: 0x7673242c0000 size: 16777216
MIOpen(HIP): Warning [IsEnoughWorkspace] [GetSolutionsFallback AI] Solver <GemmFwdRest>, workspace required: 82575360, provided ptr: 0x76727b480000 size: 25427968
MIOpen(HIP): Warning [IsEnoughWorkspace] [GetSolutionsFallback AI] Solver <ConvHipImplicitGemmGroupFwdXdlops>, workspace required: 23855104, provided ptr: 0x76727bfc0000 size: 23592960
MIOpen(HIP): Warning [IsEnoughWorkspace] [GetSolutionsFallback AI] Solver <GemmFwdRest>, workspace required: 165150720, provided ptr: 0x767282080000 size: 47644672
MIOpen(HIP): Warning [IsEnoughWorkspace] [GetSolutionsFallback AI] Solver <ConvHipImplicitGemmGroupFwdXdlops>, workspace required: 47251456, provided ptr: 0x767283700000 size: 47185920
MIOpen(HIP): Warning [IsEnoughWorkspace] [GetSolutionsFallback WTI] Solver <ConvAsmImplicitGemmGTCDynamicBwdXdlopsNHWC>, workspace required: 47316992, provided ptr: 0x767282080000 size: 47185920
MIOpen(HIP): Warning [IsEnoughWorkspace] [GetSolutionsFallback WTI] Solver <ConvHipImplicitGemmGroupBwdXdlops>, workspace required: 47316992, provided ptr: 0x767282080000 size: 47185920
MIOpen(HIP): Warning [IsEnoughWorkspace] [GetSolutionsFallback AI] Solver <GemmFwdRest>, workspace required: 165150720, provided ptr: 0x767282080000 size: 47300608
MIOpen(HIP): Warning [IsEnoughWorkspace] [GetSolutionsFallback AI] Solver <ConvHipImplicitGemmGroupFwdXdlops>, workspace required: 47202304, provided ptr: 0x767283700000 size: 47185920
MIOpen(HIP): Warning [IsEnoughWorkspace] [GetSolutionsFallback AI] Solver <GemmFwdRest>, workspace required: 247726080, provided ptr: 0x767284d80000 size: 70807552
MIOpen(HIP): Warning [IsEnoughWorkspace] [GetSolutionsFallback AI] Solver <ConvHipImplicitGemmGroupFwdXdlops>, workspace required: 70782976, provided ptr: 0x767286f40000 size: 70778880
MIOpen(HIP): Warning [IsEnoughWorkspace] [GetSolutionsFallback AI] Solver <ConvHipImplicitGemmGroupFwdXdlops>, workspace required: 36496384, provided ptr: 0x767279e00000 size: 35390464
MIOpen(HIP): Warning [IsEnoughWorkspace] [GetSolutionsFallback AI] Solver <GemmFwdRest>, workspace required: 247726080, provided ptr: 0x767279e00000 size: 35390464
MIOpen(HIP): Warning [IsEnoughWorkspace] [GetSolutionsFallback AI] Solver <ConvHipImplicitGemmGroupFwdXdlops>, workspace required: 8266752, provided ptr: 0x767191480000 size: 1297408
MIOpen(HIP): Warning [IsEnoughWorkspace] [GetSolutionsFallback AI] Solver <ConvAsmImplicitGemmGTCDynamicFwdXdlopsNHWC>, workspace required: 8266752, provided ptr: 0x767191480000 size: 1297408
MIOpen(HIP): Warning [IsEnoughWorkspace] [GetSolutionsFallback WTI] Solver <ConvAsmImplicitGemmGTCDynamicBwdXdlopsNHWC>, workspace required: 37261312, provided ptr: 0x767255400000 size: 5931008
MIOpen(HIP): Warning [IsEnoughWorkspace] [GetSolutionsFallback WTI] Solver <ConvHipImplicitGemmGroupBwdXdlops>, workspace required: 37261312, provided ptr: 0x767255400000 size: 5931008
MIOpen(HIP): Warning [IsEnoughWorkspace] [GetSolutionsFallback AI] Solver <GemmFwdRest>, workspace required: 20758528, provided ptr: 0x7673242c0000 size: 13271040
MIOpen(HIP): Warning [IsEnoughWorkspace] [GetSolutionsFallback WTI] Solver <ConvAsmImplicitGemmGTCDynamicBwdXdlopsNHWC>, workspace required: 15622144, provided ptr: 0x7673242c0000 size: 14827520
MIOpen(HIP): Warning [IsEnoughWorkspace] [GetSolutionsFallback WTI] Solver <ConvHipImplicitGemmGroupBwdXdlops>, workspace required: 15622144, provided ptr: 0x7673242c0000 size: 14827520
MIOpen(HIP): Warning [IsEnoughWorkspace] [GetSolutionsFallback AI] Solver <GemmFwdRest>, workspace required: 51896320, provided ptr: 0x767279e00000 size: 16662528
MIOpen(HIP): Warning [IsEnoughWorkspace] [GetSolutionsFallback AI] Solver <ConvAsmImplicitGemmGTCDynamicFwdXdlopsNHWC>, workspace required: 14827520, provided ptr: 0 size: 0
MIOpen(HIP): Warning [IsEnoughWorkspace] [GetSolutionsFallback AI] Solver <ConvHipImplicitGemmGroupFwdXdlops>, workspace required: 15089664, provided ptr: 0 size: 0
MIOpen(HIP): Warning [IsEnoughWorkspace] [GetSolutionsFallback AI] Solver <GemmFwdRest>, workspace required: 103792640, provided ptr: 0x76727ba48000 size: 30113792
MIOpen(HIP): Warning [IsEnoughWorkspace] [GetSolutionsFallback AI] Solver <ConvHipImplicitGemmGroupFwdXdlops>, workspace required: 29720576, provided ptr: 0x76727c86c000 size: 29655040
MIOpen(HIP): Warning [IsEnoughWorkspace] [GetSolutionsFallback WTI] Solver <ConvAsmImplicitGemmGTCDynamicBwdXdlopsNHWC>, workspace required: 29786112, provided ptr: 0x76727ba48000 size: 29655040
MIOpen(HIP): Warning [IsEnoughWorkspace] [GetSolutionsFallback WTI] Solver <ConvHipImplicitGemmGroupBwdXdlops>, workspace required: 29786112, provided ptr: 0x76727ba48000 size: 29655040
MIOpen(HIP): Warning [IsEnoughWorkspace] [GetSolutionsFallback AI] Solver <GemmFwdRest>, workspace required: 103792640, provided ptr: 0x76727c86c000 size: 29769728
MIOpen(HIP): Warning [IsEnoughWorkspace] [GetSolutionsFallback AI] Solver <ConvHipImplicitGemmGroupFwdXdlops>, workspace required: 29671424, provided ptr: 0x767280a00000 size: 29655040
MIOpen(HIP): Warning [IsEnoughWorkspace] [GetSolutionsFallback AI] Solver <GemmFwdRest>, workspace required: 155688960, provided ptr: 0x767280a00000 size: 44511232
MIOpen(HIP): Warning [IsEnoughWorkspace] [GetSolutionsFallback AI] Solver <ConvHipImplicitGemmGroupFwdXdlops>, workspace required: 44486656, provided ptr: 0x767281f36000 size: 44482560
MIOpen(HIP): Warning [IsEnoughWorkspace] [GetSolutionsFallback AI] Solver <ConvHipImplicitGemmGroupFwdXdlops>, workspace required: 22937344, provided ptr: 0x7673242c0000 size: 22242304
MIOpen(HIP): Warning [IsEnoughWorkspace] [GetSolutionsFallback AI] Solver <GemmFwdRest>, workspace required: 155688960, provided ptr: 0x7673242c0000 size: 22242304
MIOpen(HIP): Warning [IsEnoughWorkspace] [GetSolutionsFallback AI] Solver <ConvHipImplicitGemmGroupFwdXdlops>, workspace required: 9280512, provided ptr: 0x7671904c0000 size: 2716672
MIOpen(HIP): Warning [IsEnoughWorkspace] [GetSolutionsFallback AI] Solver <ConvAsmImplicitGemmGTCDynamicFwdXdlopsNHWC>, workspace required: 9280512, provided ptr: 0x7671904c0000 size: 2716672
MIOpen(HIP): Warning [IsEnoughWorkspace] [GetSolutionsFallback WTI] Solver <ConvAsmImplicitGemmGTCDynamicBwdXdlopsNHWC>, workspace required: 41316352, provided ptr: 0x7673242c0000 size: 12419072
MIOpen(HIP): Warning [IsEnoughWorkspace] [GetSolutionsFallback WTI] Solver <ConvHipImplicitGemmGroupBwdXdlops>, workspace required: 41316352, provided ptr: 0x7673242c0000 size: 12419072
MIOpen(HIP): Warning [IsEnoughWorkspace] [GetSolutionsFallback AI] Solver <GemmFwdRest>, workspace required: 43466752, provided ptr: 0x767279e00000 size: 19759104
MIOpen(HIP): Warning [IsEnoughWorkspace] [GetSolutionsFallback AI] Solver <GemmFwdRest>, workspace required: 108666880, provided ptr: 0x76727bb9c000 size: 32882688
MIOpen(HIP): Warning [IsEnoughWorkspace] [GetSolutionsFallback AI] Solver <ConvHipImplicitGemmGroupFwdXdlops>, workspace required: 31309824, provided ptr: 0x76727ca6a000 size: 31047680
MIOpen(HIP): Warning [IsEnoughWorkspace] [GetSolutionsFallback AI] Solver <GemmFwdRest>, workspace required: 217333760, provided ptr: 0x76728279c000 size: 62554112
MIOpen(HIP): Warning [IsEnoughWorkspace] [GetSolutionsFallback AI] Solver <ConvHipImplicitGemmGroupFwdXdlops>, workspace required: 62160896, provided ptr: 0x767284538000 size: 62095360
MIOpen(HIP): Warning [IsEnoughWorkspace] [GetSolutionsFallback WTI] Solver <ConvAsmImplicitGemmGTCDynamicBwdXdlopsNHWC>, workspace required: 62226432, provided ptr: 0x76728279c000 size: 62095360
MIOpen(HIP): Warning [IsEnoughWorkspace] [GetSolutionsFallback WTI] Solver <ConvHipImplicitGemmGroupBwdXdlops>, workspace required: 62226432, provided ptr: 0x76728279c000 size: 62095360
MIOpen(HIP): Warning [IsEnoughWorkspace] [GetSolutionsFallback AI] Solver <GemmFwdRest>, workspace required: 217333760, provided ptr: 0x767284538000 size: 62210048
MIOpen(HIP): Warning [IsEnoughWorkspace] [GetSolutionsFallback AI] Solver <ConvHipImplicitGemmGroupFwdXdlops>, workspace required: 62111744, provided ptr: 0x7672862d4000 size: 62095360
MIOpen(HIP): Warning [IsEnoughWorkspace] [GetSolutionsFallback AI] Solver <GemmFwdRest>, workspace required: 326000640, provided ptr: 0x7672862d4000 size: 93171712
MIOpen(HIP): Warning [IsEnoughWorkspace] [GetSolutionsFallback AI] Solver <ConvHipImplicitGemmGroupFwdXdlops>, workspace required: 93147136, provided ptr: 0x767288f3e000 size: 93143040
MIOpen(HIP): Warning [IsEnoughWorkspace] [GetSolutionsFallback AI] Solver <ConvHipImplicitGemmGroupFwdXdlops>, workspace required: 48027904, provided ptr: 0x767279e00000 size: 46572544
MIOpen(HIP): Warning [IsEnoughWorkspace] [GetSolutionsFallback AI] Solver <GemmFwdRest>, workspace required: 326000640, provided ptr: 0x767279e00000 size: 46572544
MIOpen(HIP): Warning [IsEnoughWorkspace] [GetSolutionsFallback AI] Solver <ConvHipImplicitGemmGroupFwdXdlops>, workspace required: 8476672, provided ptr: 0x7671904c0000 size: 1591296
MIOpen(HIP): Warning [IsEnoughWorkspace] [GetSolutionsFallback AI] Solver <ConvAsmImplicitGemmGTCDynamicFwdXdlopsNHWC>, workspace required: 8476672, provided ptr: 0x7671904c0000 size: 1591296
MIOpen(HIP): Warning [IsEnoughWorkspace] [GetSolutionsFallback WTI] Solver <ConvAsmImplicitGemmGTCDynamicBwdXdlopsNHWC>, workspace required: 38100992, provided ptr: 0x767255400000 size: 7274496
MIOpen(HIP): Warning [IsEnoughWorkspace] [GetSolutionsFallback WTI] Solver <ConvHipImplicitGemmGroupBwdXdlops>, workspace required: 38100992, provided ptr: 0x767255400000 size: 7274496
MIOpen(HIP): Warning [IsEnoughWorkspace] [GetSolutionsFallback AI] Solver <GemmFwdRest>, workspace required: 25460736, provided ptr: 0x7673242c0000 size: 14614528
MIOpen(HIP): Warning [IsEnoughWorkspace] [GetSolutionsFallback AI] Solver <GemmFwdRest>, workspace required: 63651840, provided ptr: 0x76727a6ac000 size: 20021248
MIOpen(HIP): Warning [IsEnoughWorkspace] [GetSolutionsFallback AI] Solver <ConvHipImplicitGemmGroupFwdXdlops>, workspace required: 18448384, provided ptr: 0x76727af58000 size: 18186240
MIOpen(HIP): Warning [IsEnoughWorkspace] [GetSolutionsFallback AI] Solver <GemmFwdRest>, workspace required: 127303680, provided ptr: 0x767280a00000 size: 36831232
MIOpen(HIP): Warning [IsEnoughWorkspace] [GetSolutionsFallback AI] Solver <ConvHipImplicitGemmGroupFwdXdlops>, workspace required: 36438016, provided ptr: 0x767280a00000 size: 36372480
MIOpen(HIP): Warning [IsEnoughWorkspace] [GetSolutionsFallback WTI] Solver <ConvAsmImplicitGemmGTCDynamicBwdXdlopsNHWC>, workspace required: 36503552, provided ptr: 0x767280a00000 size: 36372480
MIOpen(HIP): Warning [IsEnoughWorkspace] [GetSolutionsFallback WTI] Solver <ConvHipImplicitGemmGroupBwdXdlops>, workspace required: 36503552, provided ptr: 0x767280a00000 size: 36372480
MIOpen(HIP): Warning [IsEnoughWorkspace] [GetSolutionsFallback AI] Solver <GemmFwdRest>, workspace required: 127303680, provided ptr: 0x767280a00000 size: 36487168
MIOpen(HIP): Warning [IsEnoughWorkspace] [GetSolutionsFallback AI] Solver <ConvHipImplicitGemmGroupFwdXdlops>, workspace required: 36388864, provided ptr: 0x767281b58000 size: 36372480
MIOpen(HIP): Warning [IsEnoughWorkspace] [GetSolutionsFallback AI] Solver <GemmFwdRest>, workspace required: 190955520, provided ptr: 0x767282404000 size: 54587392
MIOpen(HIP): Warning [IsEnoughWorkspace] [GetSolutionsFallback AI] Solver <ConvHipImplicitGemmGroupFwdXdlops>, workspace required: 54562816, provided ptr: 0x767283e08000 size: 54558720
MIOpen(HIP): Warning [IsEnoughWorkspace] [GetSolutionsFallback AI] Solver <ConvHipImplicitGemmGroupFwdXdlops>, workspace required: 28132864, provided ptr: 0x76727b804000 size: 27280384
MIOpen(HIP): Warning [IsEnoughWorkspace] [GetSolutionsFallback AI] Solver <GemmFwdRest>, workspace required: 190955520, provided ptr: 0x76727b804000 size: 27280384
MIOpen(HIP): Warning [IsEnoughWorkspace] [GetSolutionsFallback AI] Solver <ConvHipImplicitGemmGroupFwdXdlops>, workspace required: 9091072, provided ptr: 0x7671904c0000 size: 2451456
MIOpen(HIP): Warning [IsEnoughWorkspace] [GetSolutionsFallback AI] Solver <ConvAsmImplicitGemmGTCDynamicFwdXdlopsNHWC>, workspace required: 9091072, provided ptr: 0x7671904c0000 size: 2451456
MIOpen(HIP): Warning [IsEnoughWorkspace] [GetSolutionsFallback WTI] Solver <ConvAsmImplicitGemmGTCDynamicBwdXdlopsNHWC>, workspace required: 40558592, provided ptr: 0x7673242c0000 size: 11206656
MIOpen(HIP): Warning [IsEnoughWorkspace] [GetSolutionsFallback WTI] Solver <ConvHipImplicitGemmGroupBwdXdlops>, workspace required: 40558592, provided ptr: 0x7673242c0000 size: 11206656
MIOpen(HIP): Warning [IsEnoughWorkspace] [GetSolutionsFallback AI] Solver <GemmFwdRest>, workspace required: 39223296, provided ptr: 0x767279e00000 size: 18546688
MIOpen(HIP): Warning [IsEnoughWorkspace] [GetSolutionsFallback AI] Solver <GemmFwdRest>, workspace required: 98058240, provided ptr: 0x76727b8b8000 size: 29851648
MIOpen(HIP): Warning [IsEnoughWorkspace] [GetSolutionsFallback AI] Solver <ConvHipImplicitGemmGroupFwdXdlops>, workspace required: 28278784, provided ptr: 0x76727c614000 size: 28016640
MIOpen(HIP): Warning [IsEnoughWorkspace] [GetSolutionsFallback AI] Solver <GemmFwdRest>, workspace required: 196116480, provided ptr: 0x7672824b8000 size: 56492032
MIOpen(HIP): Warning [IsEnoughWorkspace] [GetSolutionsFallback AI] Solver <ConvHipImplicitGemmGroupFwdXdlops>, workspace required: 56098816, provided ptr: 0x767283f70000 size: 56033280
MIOpen(HIP): Warning [IsEnoughWorkspace] [GetSolutionsFallback WTI] Solver <ConvAsmImplicitGemmGTCDynamicBwdXdlopsNHWC>, workspace required: 56164352, provided ptr: 0x7672824b8000 size: 56033280
MIOpen(HIP): Warning [IsEnoughWorkspace] [GetSolutionsFallback WTI] Solver <ConvHipImplicitGemmGroupBwdXdlops>, workspace required: 56164352, provided ptr: 0x7672824b8000 size: 56033280
MIOpen(HIP): Warning [IsEnoughWorkspace] [GetSolutionsFallback AI] Solver <GemmFwdRest>, workspace required: 196116480, provided ptr: 0x767283f70000 size: 56147968
MIOpen(HIP): Warning [IsEnoughWorkspace] [GetSolutionsFallback AI] Solver <ConvHipImplicitGemmGroupFwdXdlops>, workspace required: 56049664, provided ptr: 0x767285a28000 size: 56033280
MIOpen(HIP): Warning [IsEnoughWorkspace] [GetSolutionsFallback AI] Solver <GemmFwdRest>, workspace required: 294174720, provided ptr: 0x767285a28000 size: 84078592
MIOpen(HIP): Warning [IsEnoughWorkspace] [GetSolutionsFallback AI] Solver <ConvHipImplicitGemmGroupFwdXdlops>, workspace required: 84054016, provided ptr: 0x76728823c000 size: 84049920
MIOpen(HIP): Warning [IsEnoughWorkspace] [GetSolutionsFallback AI] Solver <ConvHipImplicitGemmGroupFwdXdlops>, workspace required: 43339264, provided ptr: 0x767279e00000 size: 42025984
MIOpen(HIP): Warning [IsEnoughWorkspace] [GetSolutionsFallback AI] Solver <GemmFwdRest>, workspace required: 294174720, provided ptr: 0x767279e00000 size: 42025984
MIOpen(HIP): Warning [IsEnoughWorkspace] [GetSolutionsFallback AI] Solver <ConvHipImplicitGemmGroupFwdXdlops>, workspace required: 8896512, provided ptr: 0x7671904c0000 size: 2179072
MIOpen(HIP): Warning [IsEnoughWorkspace] [GetSolutionsFallback AI] Solver <ConvAsmImplicitGemmGTCDynamicFwdXdlopsNHWC>, workspace required: 8896512, provided ptr: 0x7671904c0000 size: 2179072
MIOpen(HIP): Warning [IsEnoughWorkspace] [GetSolutionsFallback WTI] Solver <ConvAsmImplicitGemmGTCDynamicBwdXdlopsNHWC>, workspace required: 39780352, provided ptr: 0x767255400000 size: 9961472
MIOpen(HIP): Warning [IsEnoughWorkspace] [GetSolutionsFallback WTI] Solver <ConvHipImplicitGemmGroupBwdXdlops>, workspace required: 39780352, provided ptr: 0x767255400000 size: 9961472
MIOpen(HIP): Warning [IsEnoughWorkspace] [GetSolutionsFallback AI] Solver <GemmFwdRest>, workspace required: 34865152, provided ptr: 0x7673242c0000 size: 17301504
MIOpen(HIP): Warning [IsEnoughWorkspace] [GetSolutionsFallback AI] Solver <GemmFwdRest>, workspace required: 87162880, provided ptr: 0x76727b5c0000 size: 26738688
MIOpen(HIP): Warning [IsEnoughWorkspace] [GetSolutionsFallback AI] Solver <ConvHipImplicitGemmGroupFwdXdlops>, workspace required: 25165824, provided ptr: 0x76727c1a0000 size: 24903680
MIOpen(HIP): Warning [IsEnoughWorkspace] [GetSolutionsFallback AI] Solver <GemmFwdRest>, workspace required: 174325760, provided ptr: 0x7672821c0000 size: 50266112
MIOpen(HIP): Warning [IsEnoughWorkspace] [GetSolutionsFallback AI] Solver <ConvHipImplicitGemmGroupFwdXdlops>, workspace required: 49872896, provided ptr: 0x767283980000 size: 49807360
MIOpen(HIP): Warning [IsEnoughWorkspace] [GetSolutionsFallback WTI] Solver <ConvAsmImplicitGemmGTCDynamicBwdXdlopsNHWC>, workspace required: 49938432, provided ptr: 0x7672821c0000 size: 49807360
MIOpen(HIP): Warning [IsEnoughWorkspace] [GetSolutionsFallback WTI] Solver <ConvHipImplicitGemmGroupBwdXdlops>, workspace required: 49938432, provided ptr: 0x7672821c0000 size: 49807360
MIOpen(HIP): Warning [IsEnoughWorkspace] [GetSolutionsFallback AI] Solver <GemmFwdRest>, workspace required: 174325760, provided ptr: 0x7672821c0000 size: 49922048
MIOpen(HIP): Warning [IsEnoughWorkspace] [GetSolutionsFallback AI] Solver <ConvHipImplicitGemmGroupFwdXdlops>, workspace required: 49823744, provided ptr: 0x767283980000 size: 49807360
MIOpen(HIP): Warning [IsEnoughWorkspace] [GetSolutionsFallback AI] Solver <GemmFwdRest>, workspace required: 261488640, provided ptr: 0x767285140000 size: 74739712
MIOpen(HIP): Warning [IsEnoughWorkspace] [GetSolutionsFallback AI] Solver <ConvHipImplicitGemmGroupFwdXdlops>, workspace required: 74715136, provided ptr: 0x7672874e0000 size: 74711040
MIOpen(HIP): Warning [IsEnoughWorkspace] [GetSolutionsFallback AI] Solver <ConvHipImplicitGemmGroupFwdXdlops>, workspace required: 38523904, provided ptr: 0x767279e00000 size: 37356544
MIOpen(HIP): Warning [IsEnoughWorkspace] [GetSolutionsFallback AI] Solver <GemmFwdRest>, workspace required: 261488640, provided ptr: 0x767279e00000 size: 37356544
MIOpen(HIP): Warning [IsEnoughWorkspace] [GetSolutionsFallback AI] Solver <ConvHipImplicitGemmGroupFwdXdlops>, workspace required: 7918592, provided ptr: 0x7671f9600000 size: 809984
MIOpen(HIP): Warning [IsEnoughWorkspace] [GetSolutionsFallback AI] Solver <ConvAsmImplicitGemmGTCDynamicFwdXdlopsNHWC>, workspace required: 7918592, provided ptr: 0x7671f9600000 size: 809984
MIOpen(HIP): Warning [IsEnoughWorkspace] [GetSolutionsFallback WTI] Solver <ConvAsmImplicitGemmGTCDynamicBwdXdlopsNHWC>, workspace required: 35868672, provided ptr: 0x767193c00000 size: 3702784
MIOpen(HIP): Warning [IsEnoughWorkspace] [GetSolutionsFallback WTI] Solver <ConvHipImplicitGemmGroupBwdXdlops>, workspace required: 35868672, provided ptr: 0x767193c00000 size: 3702784
MIOpen(HIP): Warning [IsEnoughWorkspace] [GetSolutionsFallback WTI] Solver <ConvAsmImplicitGemmGTCDynamicBwdXdlopsNHWC>, workspace required: 11722752, provided ptr: 0x76725586a000 size: 9256960
MIOpen(HIP): Warning [IsEnoughWorkspace] [GetSolutionsFallback WTI] Solver <ConvHipImplicitGemmGroupBwdXdlops>, workspace required: 11722752, provided ptr: 0x76725586a000 size: 9256960
MIOpen(HIP): Warning [IsEnoughWorkspace] [GetSolutionsFallback AI] Solver <GemmFwdRest>, workspace required: 32399360, provided ptr: 0x7673242c0000 size: 11091968
MIOpen(HIP): Warning [IsEnoughWorkspace] [GetSolutionsFallback AI] Solver <ConvHipImplicitGemmGroupFwdXdlops>, workspace required: 9519104, provided ptr: 0x76732472a000 size: 9256960
MIOpen(HIP): Warning [IsEnoughWorkspace] [GetSolutionsFallback AI] Solver <GemmFwdRest>, workspace required: 64798720, provided ptr: 0x76727a6d4000 size: 18972672
MIOpen(HIP): Warning [IsEnoughWorkspace] [GetSolutionsFallback AI] Solver <ConvHipImplicitGemmGroupFwdXdlops>, workspace required: 18579456, provided ptr: 0x76727afa8000 size: 18513920
MIOpen(HIP): Warning [IsEnoughWorkspace] [GetSolutionsFallback WTI] Solver <ConvAsmImplicitGemmGTCDynamicBwdXdlopsNHWC>, workspace required: 18644992, provided ptr: 0x76727a6d4000 size: 18513920
MIOpen(HIP): Warning [IsEnoughWorkspace] [GetSolutionsFallback WTI] Solver <ConvHipImplicitGemmGroupBwdXdlops>, workspace required: 18644992, provided ptr: 0x76727a6d4000 size: 18513920
MIOpen(HIP): Warning [IsEnoughWorkspace] [GetSolutionsFallback AI] Solver <GemmFwdRest>, workspace required: 64798720, provided ptr: 0x76727a6d4000 size: 18628608
MIOpen(HIP): Warning [IsEnoughWorkspace] [GetSolutionsFallback AI] Solver <ConvHipImplicitGemmGroupFwdXdlops>, workspace required: 18530304, provided ptr: 0x76727afa8000 size: 18513920
MIOpen(HIP): Warning [IsEnoughWorkspace] [GetSolutionsFallback AI] Solver <GemmFwdRest>, workspace required: 97198080, provided ptr: 0x76727b87c000 size: 27799552
MIOpen(HIP): Warning [IsEnoughWorkspace] [GetSolutionsFallback AI] Solver <ConvHipImplicitGemmGroupFwdXdlops>, workspace required: 27774976, provided ptr: 0x76727c5ba000 size: 27770880
MIOpen(HIP): Warning [IsEnoughWorkspace] [GetSolutionsFallback AI] Solver <ConvHipImplicitGemmGroupFwdXdlops>, workspace required: 14320384, provided ptr: 0x7673242c0000 size: 13886464
MIOpen(HIP): Warning [IsEnoughWorkspace] [GetSolutionsFallback AI] Solver <GemmFwdRest>, workspace required: 97198080, provided ptr: 0x7673242c0000 size: 13886464
[0;36m(APIServer pid=23472)[0;0m [32mINFO[0m [90m10-07 15:19:04[0m [90m[stats.py:902][0m [OmniTiming] req=speech-91da612466c868bd-8759f633 total=5.08s engine=5.08s stages=[0:5.08s]
INFO:     127.0.0.1:60618 - "POST /v1/audio/speech HTTP/1.1" 200 OK
[0;36m(APIServer pid=23472)[0;0m [32mINFO[0m [90m10-07 15:19:04[0m [90m[serving_speech.py:2423][0m Diffusion TTS speech request speech-8d69c70388f8ebb9: voice_clone=False
[0;36m(APIServer pid=23472)[0;0m [32mINFO[0m [90m10-07 15:19:04[0m [90m[serving_speech.py:2471][0m Applied diffusion speech params: seed=42 extra_params={}
[0;36m(APIServer pid=23472)[0;0m [32mINFO[0m [90m10-07 15:19:04[0m [90m[diffusion_engine.py:764][0m [RequestBatch] admission wait done waiting=1 max_batch=8 waited_ms=2.1
MIOpen(HIP): Warning [IsEnoughWorkspace] [GetSolutionsFallback AI] Solver <ConvHipImplicitGemmGroupFwdXdlops>, workspace required: 8241152, provided ptr: 0x767191480000 size: 1261568
MIOpen(HIP): Warning [IsEnoughWorkspace] [GetSolutionsFallback AI] Solver <ConvAsmImplicitGemmGTCDynamicFwdXdlopsNHWC>, workspace required: 8241152, provided ptr: 0x767191480000 size: 1261568
MIOpen(HIP): Warning [IsEnoughWorkspace] [GetSolutionsFallback WTI] Solver <ConvAsmImplicitGemmGTCDynamicBwdXdlopsNHWC>, workspace required: 37158912, provided ptr: 0x767255400000 size: 5767168
MIOpen(HIP): Warning [IsEnoughWorkspace] [GetSolutionsFallback WTI] Solver <ConvHipImplicitGemmGroupBwdXdlops>, workspace required: 37158912, provided ptr: 0x767255400000 size: 5767168
MIOpen(HIP): Warning [IsEnoughWorkspace] [GetSolutionsFallback AI] Solver <GemmFwdRest>, workspace required: 20185088, provided ptr: 0x7673242c0000 size: 13107200
MIOpen(HIP): Warning [IsEnoughWorkspace] [GetSolutionsFallback WTI] Solver <ConvAsmImplicitGemmGTCDynamicBwdXdlopsNHWC>, workspace required: 15335424, provided ptr: 0x7673242c0000 size: 14417920
MIOpen(HIP): Warning [IsEnoughWorkspace] [GetSolutionsFallback WTI] Solver <ConvHipImplicitGemmGroupBwdXdlops>, workspace required: 15335424, provided ptr: 0x7673242c0000 size: 14417920
MIOpen(HIP): Warning [IsEnoughWorkspace] [GetSolutionsFallback AI] Solver <GemmFwdRest>, workspace required: 50462720, provided ptr: 0x767279e00000 size: 16252928
MIOpen(HIP): Warning [IsEnoughWorkspace] [GetSolutionsFallback AI] Solver <ConvAsmImplicitGemmGTCDynamicFwdXdlopsNHWC>, workspace required: 14417920, provided ptr: 0 size: 0
MIOpen(HIP): Warning [IsEnoughWorkspace] [GetSolutionsFallback AI] Solver <ConvHipImplicitGemmGroupFwdXdlops>, workspace required: 14680064, provided ptr: 0 size: 0
MIOpen(HIP): Warning [IsEnoughWorkspace] [GetSolutionsFallback AI] Solver <GemmFwdRest>, workspace required: 100925440, provided ptr: 0x76727abc0000 size: 29294592
MIOpen(HIP): Warning [IsEnoughWorkspace] [GetSolutionsFallback AI] Solver <ConvHipImplicitGemmGroupFwdXdlops>, workspace required: 28901376, provided ptr: 0x76727b980000 size: 28835840
MIOpen(HIP): Warning [IsEnoughWorkspace] [GetSolutionsFallback WTI] Solver <ConvAsmImplicitGemmGTCDynamicBwdXdlopsNHWC>, workspace required: 28966912, provided ptr: 0x76727abc0000 size: 28835840
MIOpen(HIP): Warning [IsEnoughWorkspace] [GetSolutionsFallback WTI] Solver <ConvHipImplicitGemmGroupBwdXdlops>, workspace required: 28966912, provided ptr: 0x76727abc0000 size: 28835840
MIOpen(HIP): Warning [IsEnoughWorkspace] [GetSolutionsFallback AI] Solver <GemmFwdRest>, workspace required: 100925440, provided ptr: 0x76727b980000 size: 28950528
MIOpen(HIP): Warning [IsEnoughWorkspace] [GetSolutionsFallback AI] Solver <ConvHipImplicitGemmGroupFwdXdlops>, workspace required: 28852224, provided ptr: 0x76727c740000 size: 28835840
MIOpen(HIP): Warning [IsEnoughWorkspace] [GetSolutionsFallback AI] Solver <GemmFwdRest>, workspace required: 151388160, provided ptr: 0x767280a00000 size: 43282432
MIOpen(HIP): Warning [IsEnoughWorkspace] [GetSolutionsFallback AI] Solver <ConvHipImplicitGemmGroupFwdXdlops>, workspace required: 43257856, provided ptr: 0x767281ea0000 size: 43253760
MIOpen(HIP): Warning [IsEnoughWorkspace] [GetSolutionsFallback AI] Solver <ConvHipImplicitGemmGroupFwdXdlops>, workspace required: 22303744, provided ptr: 0x767279e00000 size: 21627904
MIOpen(HIP): Warning [IsEnoughWorkspace] [GetSolutionsFallback AI] Solver <GemmFwdRest>, workspace required: 151388160, provided ptr: 0x767279e00000 size: 21627904
MIOpen(HIP): Warning [IsEnoughWorkspace] [GetSolutionsFallback AI] Solver <ConvHipImplicitGemmGroupFwdXdlops>, workspace required: 8978432, provided ptr: 0x7671904c0000 size: 2293760
MIOpen(HIP): Warning [IsEnoughWorkspace] [GetSolutionsFallback AI] Solver <ConvAsmImplicitGemmGTCDynamicFwdXdlopsNHWC>, workspace required: 8978432, provided ptr: 0x7671904c0000 size: 2293760
MIOpen(HIP): Warning [IsEnoughWorkspace] [GetSolutionsFallback WTI] Solver <ConvAsmImplicitGemmGTCDynamicBwdXdlopsNHWC>, workspace required: 40108032, provided ptr: 0x767255400000 size: 10485760
MIOpen(HIP): Warning [IsEnoughWorkspace] [GetSolutionsFallback WTI] Solver <ConvHipImplicitGemmGroupBwdXdlops>, workspace required: 40108032, provided ptr: 0x767255400000 size: 10485760
MIOpen(HIP): Warning [IsEnoughWorkspace] [GetSolutionsFallback AI] Solver <GemmFwdRest>, workspace required: 36700160, provided ptr: 0x7673242c0000 size: 17825792
MIOpen(HIP): Warning [IsEnoughWorkspace] [GetSolutionsFallback AI] Solver <GemmFwdRest>, workspace required: 91750400, provided ptr: 0x76727b700000 size: 28049408
MIOpen(HIP): Warning [IsEnoughWorkspace] [GetSolutionsFallback AI] Solver <ConvHipImplicitGemmGroupFwdXdlops>, workspace required: 26476544, provided ptr: 0x76727c380000 size: 26214400
MIOpen(HIP): Warning [IsEnoughWorkspace] [GetSolutionsFallback AI] Solver <GemmFwdRest>, workspace required: 183500800, provided ptr: 0x767282300000 size: 52887552
MIOpen(HIP): Warning [IsEnoughWorkspace] [GetSolutionsFallback AI] Solver <ConvHipImplicitGemmGroupFwdXdlops>, workspace required: 52494336, provided ptr: 0x767283c00000 size: 52428800
MIOpen(HIP): Warning [IsEnoughWorkspace] [GetSolutionsFallback WTI] Solver <ConvAsmImplicitGemmGTCDynamicBwdXdlopsNHWC>, workspace required: 52559872, provided ptr: 0x767282300000 size: 52428800
MIOpen(HIP): Warning [IsEnoughWorkspace] [GetSolutionsFallback WTI] Solver <ConvHipImplicitGemmGroupBwdXdlops>, workspace required: 52559872, provided ptr: 0x767282300000 size: 52428800
MIOpen(HIP): Warning [IsEnoughWorkspace] [GetSolutionsFallback AI] Solver <GemmFwdRest>, workspace required: 183500800, provided ptr: 0x767282300000 size: 52543488
MIOpen(HIP): Warning [IsEnoughWorkspace] [GetSolutionsFallback AI] Solver <ConvHipImplicitGemmGroupFwdXdlops>, workspace required: 52445184, provided ptr: 0x767283c00000 size: 52428800
MIOpen(HIP): Warning [IsEnoughWorkspace] [GetSolutionsFallback AI] Solver <GemmFwdRest>, workspace required: 275251200, provided ptr: 0x767285500000 size: 78671872
MIOpen(HIP): Warning [IsEnoughWorkspace] [GetSolutionsFallback AI] Solver <ConvHipImplicitGemmGroupFwdXdlops>, workspace required: 78647296, provided ptr: 0x767287a80000 size: 78643200
MIOpen(HIP): Warning [IsEnoughWorkspace] [GetSolutionsFallback AI] Solver <ConvHipImplicitGemmGroupFwdXdlops>, workspace required: 40551424, provided ptr: 0x767279e00000 size: 39322624
MIOpen(HIP): Warning [IsEnoughWorkspace] [GetSolutionsFallback AI] Solver <GemmFwdRest>, workspace required: 275251200, provided ptr: 0x767279e00000 size: 39322624
MIOpen(HIP): Warning [IsEnoughWorkspace] [GetSolutionsFallback AI] Solver <ConvHipImplicitGemmGroupFwdXdlops>, workspace required: 8369152, provided ptr: 0x767191480000 size: 1440768
MIOpen(HIP): Warning [IsEnoughWorkspace] [GetSolutionsFallback AI] Solver <ConvAsmImplicitGemmGTCDynamicFwdXdlopsNHWC>, workspace required: 8369152, provided ptr: 0x767191480000 size: 1440768
MIOpen(HIP): Warning [IsEnoughWorkspace] [GetSolutionsFallback WTI] Solver <ConvAsmImplicitGemmGTCDynamicBwdXdlopsNHWC>, workspace required: 37670912, provided ptr: 0x767255400000 size: 6586368
MIOpen(HIP): Warning [IsEnoughWorkspace] [GetSolutionsFallback WTI] Solver <ConvHipImplicitGemmGroupBwdXdlops>, workspace required: 37670912, provided ptr: 0x767255400000 size: 6586368
MIOpen(HIP): Warning [IsEnoughWorkspace] [GetSolutionsFallback AI] Solver <GemmFwdRest>, workspace required: 23052288, provided ptr: 0x7673242c0000 size: 13926400
MIOpen(HIP): Warning [IsEnoughWorkspace] [GetSolutionsFallback WTI] Solver <ConvAsmImplicitGemmGTCDynamicBwdXdlopsNHWC>, workspace required: 16769024, provided ptr: 0x7673242c0000 size: 16465920
MIOpen(HIP): Warning [IsEnoughWorkspace] [GetSolutionsFallback WTI] Solver <ConvHipImplicitGemmGroupBwdXdlops>, workspace required: 16769024, provided ptr: 0x7673242c0000 size: 16465920
MIOpen(HIP): Warning [IsEnoughWorkspace] [GetSolutionsFallback AI] Solver <GemmFwdRest>, workspace required: 57630720, provided ptr: 0x767279e00000 size: 18300928
MIOpen(HIP): Warning [IsEnoughWorkspace] [GetSolutionsFallback AI] Solver <ConvAsmImplicitGemmGTCDynamicFwdXdlopsNHWC>, workspace required: 16465920, provided ptr: 0 size: 0
MIOpen(HIP): Warning [IsEnoughWorkspace] [GetSolutionsFallback AI] Solver <ConvHipImplicitGemmGroupFwdXdlops>, workspace required: 16728064, provided ptr: 0 size: 0
MIOpen(HIP): Warning [IsEnoughWorkspace] [GetSolutionsFallback AI] Solver <GemmFwdRest>, workspace required: 115261440, provided ptr: 0x767280a00000 size: 33390592
MIOpen(HIP): Warning [IsEnoughWorkspace] [GetSolutionsFallback AI] Solver <ConvHipImplicitGemmGroupFwdXdlops>, workspace required: 32997376, provided ptr: 0x767280a00000 size: 32931840
MIOpen(HIP): Warning [IsEnoughWorkspace] [GetSolutionsFallback WTI] Solver <ConvAsmImplicitGemmGTCDynamicBwdXdlopsNHWC>, workspace required: 33062912, provided ptr: 0x76727bd68000 size: 32931840
MIOpen(HIP): Warning [IsEnoughWorkspace] [GetSolutionsFallback WTI] Solver <ConvHipImplicitGemmGroupBwdXdlops>, workspace required: 33062912, provided ptr: 0x76727bd68000 size: 32931840
MIOpen(HIP): Warning [IsEnoughWorkspace] [GetSolutionsFallback AI] Solver <GemmFwdRest>, workspace required: 115261440, provided ptr: 0x767280a00000 size: 33046528
MIOpen(HIP): Warning [IsEnoughWorkspace] [GetSolutionsFallback AI] Solver <ConvHipImplicitGemmGroupFwdXdlops>, workspace required: 32948224, provided ptr: 0x767280a00000 size: 32931840
MIOpen(HIP): Warning [IsEnoughWorkspace] [GetSolutionsFallback AI] Solver <GemmFwdRest>, workspace required: 172892160, provided ptr: 0x76728218e000 size: 49426432
MIOpen(HIP): Warning [IsEnoughWorkspace] [GetSolutionsFallback AI] Solver <ConvHipImplicitGemmGroupFwdXdlops>, workspace required: 49401856, provided ptr: 0x76728391c000 size: 49397760
MIOpen(HIP): Warning [IsEnoughWorkspace] [GetSolutionsFallback AI] Solver <ConvHipImplicitGemmGroupFwdXdlops>, workspace required: 25471744, provided ptr: 0x76727b58e000 size: 24699904
MIOpen(HIP): Warning [IsEnoughWorkspace] [GetSolutionsFallback AI] Solver <GemmFwdRest>, workspace required: 172892160, provided ptr: 0x76727b58e000 size: 24699904
MIOpen(HIP): Warning [IsEnoughWorkspace] [GetSolutionsFallback AI] Solver <ConvHipImplicitGemmGroupFwdXdlops>, workspace required: 9244672, provided ptr: 0x7671904c0000 size: 2666496
MIOpen(HIP): Warning [IsEnoughWorkspace] [GetSolutionsFallback AI] Solver <ConvAsmImplicitGemmGTCDynamicFwdXdlopsNHWC>, workspace required: 9244672, provided ptr: 0x7671904c0000 size: 2666496
MIOpen(HIP): Warning [IsEnoughWorkspace] [GetSolutionsFallback WTI] Solver <ConvAsmImplicitGemmGTCDynamicBwdXdlopsNHWC>, workspace required: 41172992, provided ptr: 0x7673242c0000 size: 12189696
MIOpen(HIP): Warning [IsEnoughWorkspace] [GetSolutionsFallback WTI] Solver <ConvHipImplicitGemmGroupBwdXdlops>, workspace required: 41172992, provided ptr: 0x7673242c0000 size: 12189696
MIOpen(HIP): Warning [IsEnoughWorkspace] [GetSolutionsFallback AI] Solver <GemmFwdRest>, workspace required: 42663936, provided ptr: 0x767279e00000 size: 19529728
MIOpen(HIP): Warning [IsEnoughWorkspace] [GetSolutionsFallback AI] Solver <GemmFwdRest>, workspace required: 106659840, provided ptr: 0x76727bb10000 size: 32309248
MIOpen(HIP): Warning [IsEnoughWorkspace] [GetSolutionsFallback AI] Solver <ConvHipImplicitGemmGroupFwdXdlops>, workspace required: 30736384, provided ptr: 0x76727c998000 size: 30474240
MIOpen(HIP): Warning [IsEnoughWorkspace] [GetSolutionsFallback AI] Solver <GemmFwdRest>, workspace required: 213319680, provided ptr: 0x767282710000 size: 61407232
MIOpen(HIP): Warning [IsEnoughWorkspace] [GetSolutionsFallback AI] Solver <ConvHipImplicitGemmGroupFwdXdlops>, workspace required: 61014016, provided ptr: 0x767284420000 size: 60948480
MIOpen(HIP): Warning [IsEnoughWorkspace] [GetSolutionsFallback WTI] Solver <ConvAsmImplicitGemmGTCDynamicBwdXdlopsNHWC>, workspace required: 61079552, provided ptr: 0x767282710000 size: 60948480
MIOpen(HIP): Warning [IsEnoughWorkspace] [GetSolutionsFallback WTI] Solver <ConvHipImplicitGemmGroupBwdXdlops>, workspace required: 61079552, provided ptr: 0x767282710000 size: 60948480
MIOpen(HIP): Warning [IsEnoughWorkspace] [GetSolutionsFallback AI] Solver <GemmFwdRest>, workspace required: 213319680, provided ptr: 0x767284420000 size: 61063168
MIOpen(HIP): Warning [IsEnoughWorkspace] [GetSolutionsFallback AI] Solver <ConvHipImplicitGemmGroupFwdXdlops>, workspace required: 60964864, provided ptr: 0x767286130000 size: 60948480
MIOpen(HIP): Warning [IsEnoughWorkspace] [GetSolutionsFallback AI] Solver <GemmFwdRest>, workspace required: 319979520, provided ptr: 0x767286130000 size: 91451392
MIOpen(HIP): Warning [IsEnoughWorkspace] [GetSolutionsFallback AI] Solver <ConvHipImplicitGemmGroupFwdXdlops>, workspace required: 91426816, provided ptr: 0x767288cc8000 size: 91422720
MIOpen(HIP): Warning [IsEnoughWorkspace] [GetSolutionsFallback AI] Solver <ConvHipImplicitGemmGroupFwdXdlops>, workspace required: 47140864, provided ptr: 0x767279e00000 size: 45712384
MIOpen(HIP): Warning [IsEnoughWorkspace] [GetSolutionsFallback AI] Solver <GemmFwdRest>, workspace required: 319979520, provided ptr: 0x767279e00000 size: 45712384
MIOpen(HIP): Warning [IsEnoughWorkspace] [GetSolutionsFallback AI] Solver <ConvHipImplicitGemmGroupFwdXdlops>, workspace required: 9096192, provided ptr: 0x7671904c0000 size: 2458624
MIOpen(HIP): Warning [IsEnoughWorkspace] [GetSolutionsFallback AI] Solver <ConvAsmImplicitGemmGTCDynamicFwdXdlopsNHWC>, workspace required: 9096192, provided ptr: 0x7671904c0000 size: 2458624
MIOpen(HIP): Warning [IsEnoughWorkspace] [GetSolutionsFallback WTI] Solver <ConvAsmImplicitGemmGTCDynamicBwdXdlopsNHWC>, workspace required: 40579072, provided ptr: 0x7673242c0000 size: 11239424
MIOpen(HIP): Warning [IsEnoughWorkspace] [GetSolutionsFallback WTI] Solver <ConvHipImplicitGemmGroupBwdXdlops>, workspace required: 40579072, provided ptr: 0x7673242c0000 size: 11239424
MIOpen(HIP): Warning [IsEnoughWorkspace] [GetSolutionsFallback AI] Solver <GemmFwdRest>, workspace required: 39337984, provided ptr: 0x767279e00000 size: 18579456
MIOpen(HIP): Warning [IsEnoughWorkspace] [GetSolutionsFallback AI] Solver <GemmFwdRest>, workspace required: 98344960, provided ptr: 0x76727b8cc000 size: 29933568
MIOpen(HIP): Warning [IsEnoughWorkspace] [GetSolutionsFallback AI] Solver <ConvHipImplicitGemmGroupFwdXdlops>, workspace required: 28360704, provided ptr: 0x76727c632000 size: 28098560
MIOpen(HIP): Warning [IsEnoughWorkspace] [GetSolutionsFallback AI] Solver <GemmFwdRest>, workspace required: 196689920, provided ptr: 0x7672824cc000 size: 56655872
MIOpen(HIP): Warning [IsEnoughWorkspace] [GetSolutionsFallback AI] Solver <ConvHipImplicitGemmGroupFwdXdlops>, workspace required: 56262656, provided ptr: 0x767283f98000 size: 56197120
MIOpen(HIP): Warning [IsEnoughWorkspace] [GetSolutionsFallback WTI] Solver <ConvAsmImplicitGemmGTCDynamicBwdXdlopsNHWC>, workspace required: 56328192, provided ptr: 0x7672824cc000 size: 56197120
MIOpen(HIP): Warning [IsEnoughWorkspace] [GetSolutionsFallback WTI] Solver <ConvHipImplicitGemmGroupBwdXdlops>, workspace required: 56328192, provided ptr: 0x7672824cc000 size: 56197120
MIOpen(HIP): Warning [IsEnoughWorkspace] [GetSolutionsFallback AI] Solver <GemmFwdRest>, workspace required: 196689920, provided ptr: 0x767283f98000 size: 56311808
MIOpen(HIP): Warning [IsEnoughWorkspace] [GetSolutionsFallback AI] Solver <ConvHipImplicitGemmGroupFwdXdlops>, workspace required: 56213504, provided ptr: 0x767285a64000 size: 56197120
MIOpen(HIP): Warning [IsEnoughWorkspace] [GetSolutionsFallback AI] Solver <GemmFwdRest>, workspace required: 295034880, provided ptr: 0x767285a64000 size: 84324352
MIOpen(HIP): Warning [IsEnoughWorkspace] [GetSolutionsFallback AI] Solver <ConvHipImplicitGemmGroupFwdXdlops>, workspace required: 84299776, provided ptr: 0x767288296000 size: 84295680
MIOpen(HIP): Warning [IsEnoughWorkspace] [GetSolutionsFallback AI] Solver <ConvHipImplicitGemmGroupFwdXdlops>, workspace required: 43465984, provided ptr: 0x767279e00000 size: 42148864
MIOpen(HIP): Warning [IsEnoughWorkspace] [GetSolutionsFallback AI] Solver <GemmFwdRest>, workspace required: 295034880, provided ptr: 0x767279e00000 size: 42148864
MIOpen(HIP): Warning [IsEnoughWorkspace] [GetSolutionsFallback AI] Solver <ConvHipImplicitGemmGroupFwdXdlops>, workspace required: 8451072, provided ptr: 0x767191480000 size: 1555456
MIOpen(HIP): Warning [IsEnoughWorkspace] [GetSolutionsFallback AI] Solver <ConvAsmImplicitGemmGTCDynamicFwdXdlopsNHWC>, workspace required: 8451072, provided ptr: 0x767191480000 size: 1555456
MIOpen(HIP): Warning [IsEnoughWorkspace] [GetSolutionsFallback WTI] Solver <ConvAsmImplicitGemmGTCDynamicBwdXdlopsNHWC>, workspace required: 37998592, provided ptr: 0x767255400000 size: 7110656
MIOpen(HIP): Warning [IsEnoughWorkspace] [GetSolutionsFallback WTI] Solver <ConvHipImplicitGemmGroupBwdXdlops>, workspace required: 37998592, provided ptr: 0x767255400000 size: 7110656
MIOpen(HIP): Warning [IsEnoughWorkspace] [GetSolutionsFallback AI] Solver <GemmFwdRest>, workspace required: 24887296, provided ptr: 0x7673242c0000 size: 14450688
MIOpen(HIP): Warning [IsEnoughWorkspace] [GetSolutionsFallback AI] Solver <GemmFwdRest>, workspace required: 62218240, provided ptr: 0x76727a67a000 size: 19611648
MIOpen(HIP): Warning [IsEnoughWorkspace] [GetSolutionsFallback AI] Solver <ConvHipImplicitGemmGroupFwdXdlops>, workspace required: 18038784, provided ptr: 0x76727aef4000 size: 17776640
MIOpen(HIP): Warning [IsEnoughWorkspace] [GetSolutionsFallback AI] Solver <GemmFwdRest>, workspace required: 124436480, provided ptr: 0x767280a00000 size: 36012032
MIOpen(HIP): Warning [IsEnoughWorkspace] [GetSolutionsFallback AI] Solver <ConvHipImplicitGemmGroupFwdXdlops>, workspace required: 35618816, provided ptr: 0x767280a00000 size: 35553280
MIOpen(HIP): Warning [IsEnoughWorkspace] [GetSolutionsFallback WTI] Solver <ConvAsmImplicitGemmGTCDynamicBwdXdlopsNHWC>, workspace required: 35684352, provided ptr: 0x767280a00000 size: 35553280
MIOpen(HIP): Warning [IsEnoughWorkspace] [GetSolutionsFallback WTI] Solver <ConvHipImplicitGemmGroupBwdXdlops>, workspace required: 35684352, provided ptr: 0x767280a00000 size: 35553280
MIOpen(HIP): Warning [IsEnoughWorkspace] [GetSolutionsFallback AI] Solver <GemmFwdRest>, workspace required: 124436480, provided ptr: 0x767280a00000 size: 35667968
MIOpen(HIP): Warning [IsEnoughWorkspace] [GetSolutionsFallback AI] Solver <ConvHipImplicitGemmGroupFwdXdlops>, workspace required: 35569664, provided ptr: 0x767281af4000 size: 35553280
MIOpen(HIP): Warning [IsEnoughWorkspace] [GetSolutionsFallback AI] Solver <GemmFwdRest>, workspace required: 186654720, provided ptr: 0x76728236e000 size: 53358592
MIOpen(HIP): Warning [IsEnoughWorkspace] [GetSolutionsFallback AI] Solver <ConvHipImplicitGemmGroupFwdXdlops>, workspace required: 53334016, provided ptr: 0x767283cdc000 size: 53329920
MIOpen(HIP): Warning [IsEnoughWorkspace] [GetSolutionsFallback AI] Solver <ConvHipImplicitGemmGroupFwdXdlops>, workspace required: 27499264, provided ptr: 0x76727b76e000 size: 26665984
MIOpen(HIP): Warning [IsEnoughWorkspace] [GetSolutionsFallback AI] Solver <GemmFwdRest>, workspace required: 186654720, provided ptr: 0x76727b76e000 size: 26665984
MIOpen(HIP): Warning [IsEnoughWorkspace] [GetSolutionsFallback AI] Solver <ConvHipImplicitGemmGroupFwdXdlops>, workspace required: 9147392, provided ptr: 0x7671904c0000 size: 2530304
MIOpen(HIP): Warning [IsEnoughWorkspace] [GetSolutionsFallback AI] Solver <ConvAsmImplicitGemmGTCDynamicFwdXdlopsNHWC>, workspace required: 9147392, provided ptr: 0x7671904c0000 size: 2530304
MIOpen(HIP): Warning [IsEnoughWorkspace] [GetSolutionsFallback WTI] Solver <ConvAsmImplicitGemmGTCDynamicBwdXdlopsNHWC>, workspace required: 40783872, provided ptr: 0x7673242c0000 size: 11567104
MIOpen(HIP): Warning [IsEnoughWorkspace] [GetSolutionsFallback WTI] Solver <ConvHipImplicitGemmGroupBwdXdlops>, workspace required: 40783872, provided ptr: 0x7673242c0000 size: 11567104
MIOpen(HIP): Warning [IsEnoughWorkspace] [GetSolutionsFallback AI] Solver <GemmFwdRest>, workspace required: 40484864, provided ptr: 0x767279e00000 size: 18907136
MIOpen(HIP): Warning [IsEnoughWorkspace] [GetSolutionsFallback AI] Solver <GemmFwdRest>, workspace required: 101212160, provided ptr: 0x76727b994000 size: 30752768
MIOpen(HIP): Warning [IsEnoughWorkspace] [GetSolutionsFallback AI] Solver <ConvHipImplicitGemmGroupFwdXdlops>, workspace required: 29179904, provided ptr: 0x76727c75e000 size: 28917760
MIOpen(HIP): Warning [IsEnoughWorkspace] [GetSolutionsFallback AI] Solver <GemmFwdRest>, workspace required: 202424320, provided ptr: 0x767282594000 size: 58294272
MIOpen(HIP): Warning [IsEnoughWorkspace] [GetSolutionsFallback AI] Solver <ConvHipImplicitGemmGroupFwdXdlops>, workspace required: 57901056, provided ptr: 0x767284128000 size: 57835520
MIOpen(HIP): Warning [IsEnoughWorkspace] [GetSolutionsFallback WTI] Solver <ConvAsmImplicitGemmGTCDynamicBwdXdlopsNHWC>, workspace required: 57966592, provided ptr: 0x767282594000 size: 57835520
MIOpen(HIP): Warning [IsEnoughWorkspace] [GetSolutionsFallback WTI] Solver <ConvHipImplicitGemmGroupBwdXdlops>, workspace required: 57966592, provided ptr: 0x767282594000 size: 57835520
MIOpen(HIP): Warning [IsEnoughWorkspace] [GetSolutionsFallback AI] Solver <GemmFwdRest>, workspace required: 202424320, provided ptr: 0x767284128000 size: 57950208
MIOpen(HIP): Warning [IsEnoughWorkspace] [GetSolutionsFallback AI] Solver <ConvHipImplicitGemmGroupFwdXdlops>, workspace required: 57851904, provided ptr: 0x767285cbc000 size: 57835520
MIOpen(HIP): Warning [IsEnoughWorkspace] [GetSolutionsFallback AI] Solver <GemmFwdRest>, workspace required: 303636480, provided ptr: 0x767285cbc000 size: 86781952
MIOpen(HIP): Warning [IsEnoughWorkspace] [GetSolutionsFallback AI] Solver <ConvHipImplicitGemmGroupFwdXdlops>, workspace required: 86757376, provided ptr: 0x76728861a000 size: 86753280
MIOpen(HIP): Warning [IsEnoughWorkspace] [GetSolutionsFallback AI] Solver <ConvHipImplicitGemmGroupFwdXdlops>, workspace required: 44733184, provided ptr: 0x767279e00000 size: 43377664
MIOpen(HIP): Warning [IsEnoughWorkspace] [GetSolutionsFallback AI] Solver <GemmFwdRest>, workspace required: 303636480, provided ptr: 0x767279e00000 size: 43377664
MIOpen(HIP): Warning [IsEnoughWorkspace] [GetSolutionsFallback AI] Solver <ConvAsmImplicitGemmGTCDynamicFwdXdlopsNHWC>, workspace required: 7724032, provided ptr: 0x7672b1355000 size: 537600
MIOpen(HIP): Warning [IsEnoughWorkspace] [GetSolutionsFallback AI] Solver <ConvHipImplicitGemmGroupFwdXdlops>, workspace required: 7724032, provided ptr: 0x7672b1355000 size: 537600
MIOpen(HIP): Warning [IsEnoughWorkspace] [GetSolutionsFallback WTI] Solver <ConvAsmImplicitGemmGTCDynamicBwdXdlopsNHWC>, workspace required: 35090432, provided ptr: 0x7671904c0000 size: 2457600
MIOpen(HIP): Warning [IsEnoughWorkspace] [GetSolutionsFallback WTI] Solver <ConvHipImplicitGemmGroupBwdXdlops>, workspace required: 35090432, provided ptr: 0x7671904c0000 size: 2457600
MIOpen(HIP): Warning [IsEnoughWorkspace] [GetSolutionsFallback AI] Solver <ConvAsmImplicitGemmGTCDynamicFwdXdlopsNHWC>, workspace required: 9797632, provided ptr: 0x767255400000 size: 8601600
MIOpen(HIP): Warning [IsEnoughWorkspace] [GetSolutionsFallback AI] Solver <ConvHipImplicitGemmGroupFwdXdlops>, workspace required: 9797632, provided ptr: 0x767255400000 size: 8601600
MIOpen(HIP): Warning [IsEnoughWorkspace] [GetSolutionsFallback AI] Solver <ConvHipImplicitGemmGroupFwdXdlops>, workspace required: 3506176, provided ptr: 0 size: 0
MIOpen(HIP): Warning [IsEnoughWorkspace] [GetSolutionsFallback AI] Solver <ConvAsmImplicitGemmGTCDynamicFwdXdlopsNHWC>, workspace required: 2457600, provided ptr: 0 size: 0
MIOpen(HIP): Warning [IsEnoughWorkspace] [GetSolutionsFallback WTI] Solver <ConvAsmImplicitGemmGTCDynamicFwdXdlopsNHWC>, workspace required: 9797632, provided ptr: 0x767255400000 size: 8601600
MIOpen(HIP): Warning [IsEnoughWorkspace] [GetSolutionsFallback WTI] Solver <ConvHipImplicitGemmGroupFwdXdlops>, workspace required: 9797632, provided ptr: 0x767255400000 size: 8601600
MIOpen(HIP): Warning [IsEnoughWorkspace] [GetSolutionsFallback WTI] Solver <ConvAsmImplicitGemmGTCDynamicFwdXdlopsNHWC>, workspace required: 9797632, provided ptr: 0x767255400000 size: 8601600
MIOpen(HIP): Warning [IsEnoughWorkspace] [GetSolutionsFallback WTI] Solver <ConvHipImplicitGemmGroupFwdXdlops>, workspace required: 9797632, provided ptr: 0x767255400000 size: 8601600
MIOpen(HIP): Warning [IsEnoughWorkspace] [GetSolutionsFallback WTI] Solver <ConvAsmImplicitGemmGTCDynamicBwdXdlopsNHWC>, workspace required: 9543680, provided ptr: 0x767255400000 size: 6144000
MIOpen(HIP): Warning [IsEnoughWorkspace] [GetSolutionsFallback WTI] Solver <ConvHipImplicitGemmGroupBwdXdlops>, workspace required: 9543680, provided ptr: 0x767255400000 size: 6144000
MIOpen(HIP): Warning [IsEnoughWorkspace] [GetSolutionsFallback AI] Solver <GemmFwdRest>, workspace required: 21504000, provided ptr: 0x7672559dc000 size: 7979008
MIOpen(HIP): Warning [IsEnoughWorkspace] [GetSolutionsFallback AI] Solver <GemmFwdRest>, workspace required: 43008000, provided ptr: 0x767279e00000 size: 12746752
MIOpen(HIP): Warning [IsEnoughWorkspace] [GetSolutionsFallback AI] Solver <ConvHipImplicitGemmGroupFwdXdlops>, workspace required: 12353536, provided ptr: 0x767279e00000 size: 12288000
MIOpen(HIP): Warning [IsEnoughWorkspace] [GetSolutionsFallback WTI] Solver <ConvAsmImplicitGemmGTCDynamicBwdXdlopsNHWC>, workspace required: 12419072, provided ptr: 0x76732489c000 size: 12288000
MIOpen(HIP): Warning [IsEnoughWorkspace] [GetSolutionsFallback WTI] Solver <ConvHipImplicitGemmGroupBwdXdlops>, workspace required: 12419072, provided ptr: 0x76732489c000 size: 12288000
MIOpen(HIP): Warning [IsEnoughWorkspace] [GetSolutionsFallback AI] Solver <GemmFwdRest>, workspace required: 43008000, provided ptr: 0x767279e00000 size: 12402688
MIOpen(HIP): Warning [IsEnoughWorkspace] [GetSolutionsFallback AI] Solver <ConvHipImplicitGemmGroupFwdXdlops>, workspace required: 12304384, provided ptr: 0x767279e00000 size: 12288000
MIOpen(HIP): Warning [IsEnoughWorkspace] [GetSolutionsFallback AI] Solver <GemmFwdRest>, workspace required: 64512000, provided ptr: 0x76727a6ca000 size: 18460672
MIOpen(HIP): Warning [IsEnoughWorkspace] [GetSolutionsFallback AI] Solver <ConvHipImplicitGemmGroupFwdXdlops>, workspace required: 18436096, provided ptr: 0x76727af94000 size: 18432000
MIOpen(HIP): Warning [IsEnoughWorkspace] [GetSolutionsFallback AI] Solver <ConvHipImplicitGemmGroupFwdXdlops>, workspace required: 9505024, provided ptr: 0x767255400000 size: 9217024
MIOpen(HIP): Warning [IsEnoughWorkspace] [GetSolutionsFallback AI] Solver <GemmFwdRest>, workspace required: 64512000, provided ptr: 0x767255400000 size: 9217024
MIOpen(HIP): Warning [IsEnoughWorkspace] [GetSolutionsFallback AI] Solver <ConvHipImplicitGemmGroupFwdXdlops>, workspace required: 9050112, provided ptr: 0x7671904c0000 size: 2394112
MIOpen(HIP): Warning [IsEnoughWorkspace] [GetSolutionsFallback AI] Solver <ConvAsmImplicitGemmGTCDynamicFwdXdlopsNHWC>, workspace required: 9050112, provided ptr: 0x7671904c0000 size: 2394112
MIOpen(HIP): Warning [IsEnoughWorkspace] [GetSolutionsFallback WTI] Solver <ConvAsmImplicitGemmGTCDynamicBwdXdlopsNHWC>, workspace required: 40394752, provided ptr: 0x7673242c0000 size: 10944512
MIOpen(HIP): Warning [IsEnoughWorkspace] [GetSolutionsFallback WTI] Solver <ConvHipImplicitGemmGroupBwdXdlops>, workspace required: 40394752, provided ptr: 0x7673242c0000 size: 10944512
MIOpen(HIP): Warning [IsEnoughWorkspace] [GetSolutionsFallback AI] Solver <GemmFwdRest>, workspace required: 38305792, provided ptr: 0x767279e00000 size: 18284544
MIOpen(HIP): Warning [IsEnoughWorkspace] [GetSolutionsFallback AI] Solver <GemmFwdRest>, workspace required: 95764480, provided ptr: 0x76727ab0c000 size: 29196288
MIOpen(HIP): Warning [IsEnoughWorkspace] [GetSolutionsFallback AI] Solver <ConvHipImplicitGemmGroupFwdXdlops>, workspace required: 27623424, provided ptr: 0x76727b818000 size: 27361280
MIOpen(HIP): Warning [IsEnoughWorkspace] [GetSolutionsFallback AI] Solver <GemmFwdRest>, workspace required: 191528960, provided ptr: 0x767282418000 size: 55181312
MIOpen(HIP): Warning [IsEnoughWorkspace] [GetSolutionsFallback AI] Solver <ConvHipImplicitGemmGroupFwdXdlops>, workspace required: 54788096, provided ptr: 0x767283e30000 size: 54722560
MIOpen(HIP): Warning [IsEnoughWorkspace] [GetSolutionsFallback WTI] Solver <ConvAsmImplicitGemmGTCDynamicBwdXdlopsNHWC>, workspace required: 54853632, provided ptr: 0x767282418000 size: 54722560
MIOpen(HIP): Warning [IsEnoughWorkspace] [GetSolutionsFallback WTI] Solver <ConvHipImplicitGemmGroupBwdXdlops>, workspace required: 54853632, provided ptr: 0x767282418000 size: 54722560
MIOpen(HIP): Warning [IsEnoughWorkspace] [GetSolutionsFallback AI] Solver <GemmFwdRest>, workspace required: 191528960, provided ptr: 0x767283e30000 size: 54837248
MIOpen(HIP): Warning [IsEnoughWorkspace] [GetSolutionsFallback AI] Solver <ConvHipImplicitGemmGroupFwdXdlops>, workspace required: 54738944, provided ptr: 0x767285848000 size: 54722560
MIOpen(HIP): Warning [IsEnoughWorkspace] [GetSolutionsFallback AI] Solver <GemmFwdRest>, workspace required: 287293440, provided ptr: 0x767285848000 size: 82112512
MIOpen(HIP): Warning [IsEnoughWorkspace] [GetSolutionsFallback AI] Solver <ConvHipImplicitGemmGroupFwdXdlops>, workspace required: 82087936, provided ptr: 0x767287f6c000 size: 82083840
MIOpen(HIP): Warning [IsEnoughWorkspace] [GetSolutionsFallback AI] Solver <ConvHipImplicitGemmGroupFwdXdlops>, workspace required: 42325504, provided ptr: 0x767279e00000 size: 41042944
MIOpen(HIP): Warning [IsEnoughWorkspace] [GetSolutionsFallback AI] Solver <GemmFwdRest>, workspace required: 287293440, provided ptr: 0x767279e00000 size: 41042944
[0;36m(APIServer pid=23472)[0;0m [32mINFO[0m [90m10-07 15:19:10[0m [90m[stats.py:902][0m [OmniTiming] req=speech-8d69c70388f8ebb9-b321fdca total=5.94s engine=5.94s stages=[0:5.94s]
INFO:     127.0.0.1:60618 - "POST /v1/audio/speech HTTP/1.1" 200 OK
[0;36m(APIServer pid=23472)[0;0m [32mINFO[0m [90m10-07 15:19:10[0m [90m[serving_speech.py:2423][0m Diffusion TTS speech request speech-8ffc4ae60694eb4a: voice_clone=False
[0;36m(APIServer pid=23472)[0;0m [32mINFO[0m [90m10-07 15:19:10[0m [90m[serving_speech.py:2471][0m Applied diffusion speech params: seed=42 extra_params={}
[0;36m(APIServer pid=23472)[0;0m [32mINFO[0m [90m10-07 15:19:10[0m [90m[diffusion_engine.py:764][0m [RequestBatch] admission wait done waiting=1 max_batch=8 waited_ms=2.1
MIOpen(HIP): Warning [IsEnoughWorkspace] [GetSolutionsFallback AI] Solver <ConvHipImplicitGemmGroupFwdXdlops>, workspace required: 8348672, provided ptr: 0x767191480000 size: 1412096
MIOpen(HIP): Warning [IsEnoughWorkspace] [GetSolutionsFallback AI] Solver <ConvAsmImplicitGemmGTCDynamicFwdXdlopsNHWC>, workspace required: 8348672, provided ptr: 0x767191480000 size: 1412096
MIOpen(HIP): Warning [IsEnoughWorkspace] [GetSolutionsFallback WTI] Solver <ConvAsmImplicitGemmGTCDynamicBwdXdlopsNHWC>, workspace required: 37588992, provided ptr: 0x767255400000 size: 6455296
MIOpen(HIP): Warning [IsEnoughWorkspace] [GetSolutionsFallback WTI] Solver <ConvHipImplicitGemmGroupBwdXdlops>, workspace required: 37588992, provided ptr: 0x767255400000 size: 6455296
MIOpen(HIP): Warning [IsEnoughWorkspace] [GetSolutionsFallback AI] Solver <GemmFwdRest>, workspace required: 22593536, provided ptr: 0x7673242c0000 size: 13795328
MIOpen(HIP): Warning [IsEnoughWorkspace] [GetSolutionsFallback WTI] Solver <ConvAsmImplicitGemmGTCDynamicBwdXdlopsNHWC>, workspace required: 16539648, provided ptr: 0x7673242c0000 size: 16138240
MIOpen(HIP): Warning [IsEnoughWorkspace] [GetSolutionsFallback WTI] Solver <ConvHipImplicitGemmGroupBwdXdlops>, workspace required: 16539648, provided ptr: 0x7673242c0000 size: 16138240
MIOpen(HIP): Warning [IsEnoughWorkspace] [GetSolutionsFallback AI] Solver <GemmFwdRest>, workspace required: 56483840, provided ptr: 0x767279e00000 size: 17973248
MIOpen(HIP): Warning [IsEnoughWorkspace] [GetSolutionsFallback AI] Solver <ConvAsmImplicitGemmGTCDynamicFwdXdlopsNHWC>, workspace required: 16138240, provided ptr: 0 size: 0
MIOpen(HIP): Warning [IsEnoughWorkspace] [GetSolutionsFallback AI] Solver <ConvHipImplicitGemmGroupFwdXdlops>, workspace required: 16400384, provided ptr: 0 size: 0
MIOpen(HIP): Warning [IsEnoughWorkspace] [GetSolutionsFallback AI] Solver <GemmFwdRest>, workspace required: 112967680, provided ptr: 0x767280a00000 size: 32735232
MIOpen(HIP): Warning [IsEnoughWorkspace] [GetSolutionsFallback AI] Solver <ConvHipImplicitGemmGroupFwdXdlops>, workspace required: 32342016, provided ptr: 0x767280a00000 size: 32276480
MIOpen(HIP): Warning [IsEnoughWorkspace] [GetSolutionsFallback WTI] Solver <ConvAsmImplicitGemmGTCDynamicBwdXdlopsNHWC>, workspace required: 32407552, provided ptr: 0x76727bcc8000 size: 32276480
MIOpen(HIP): Warning [IsEnoughWorkspace] [GetSolutionsFallback WTI] Solver <ConvHipImplicitGemmGroupBwdXdlops>, workspace required: 32407552, provided ptr: 0x76727bcc8000 size: 32276480
MIOpen(HIP): Warning [IsEnoughWorkspace] [GetSolutionsFallback AI] Solver <GemmFwdRest>, workspace required: 112967680, provided ptr: 0x767280a00000 size: 32391168
MIOpen(HIP): Warning [IsEnoughWorkspace] [GetSolutionsFallback AI] Solver <ConvHipImplicitGemmGroupFwdXdlops>, workspace required: 32292864, provided ptr: 0x767280a00000 size: 32276480
MIOpen(HIP): Warning [IsEnoughWorkspace] [GetSolutionsFallback AI] Solver <GemmFwdRest>, workspace required: 169451520, provided ptr: 0x767282116000 size: 48443392
MIOpen(HIP): Warning [IsEnoughWorkspace] [GetSolutionsFallback AI] Solver <ConvHipImplicitGemmGroupFwdXdlops>, workspace required: 48418816, provided ptr: 0x76728382c000 size: 48414720
MIOpen(HIP): Warning [IsEnoughWorkspace] [GetSolutionsFallback AI] Solver <ConvHipImplicitGemmGroupFwdXdlops>, workspace required: 24964864, provided ptr: 0x76727b516000 size: 24208384
MIOpen(HIP): Warning [IsEnoughWorkspace] [GetSolutionsFallback AI] Solver <GemmFwdRest>, workspace required: 169451520, provided ptr: 0x76727b516000 size: 24208384
MIOpen(HIP): Warning [IsEnoughWorkspace] [GetSolutionsFallback AI] Solver <ConvHipImplicitGemmGroupFwdXdlops>, workspace required: 8297472, provided ptr: 0x767191480000 size: 1340416
MIOpen(HIP): Warning [IsEnoughWorkspace] [GetSolutionsFallback AI] Solver <ConvAsmImplicitGemmGTCDynamicFwdXdlopsNHWC>, workspace required: 8297472, provided ptr: 0x767191480000 size: 1340416
MIOpen(HIP): Warning [IsEnoughWorkspace] [GetSolutionsFallback WTI] Solver <ConvAsmImplicitGemmGTCDynamicBwdXdlopsNHWC>, workspace required: 37384192, provided ptr: 0x767255400000 size: 6127616
MIOpen(HIP): Warning [IsEnoughWorkspace] [GetSolutionsFallback WTI] Solver <ConvHipImplicitGemmGroupBwdXdlops>, workspace required: 37384192, provided ptr: 0x767255400000 size: 6127616
MIOpen(HIP): Warning [IsEnoughWorkspace] [GetSolutionsFallback AI] Solver <GemmFwdRest>, workspace required: 21446656, provided ptr: 0x7673242c0000 size: 13467648
MIOpen(HIP): Warning [IsEnoughWorkspace] [GetSolutionsFallback WTI] Solver <ConvAsmImplicitGemmGTCDynamicBwdXdlopsNHWC>, workspace required: 15966208, provided ptr: 0x7673242c0000 size: 15319040
MIOpen(HIP): Warning [IsEnoughWorkspace] [GetSolutionsFallback WTI] Solver <ConvHipImplicitGemmGroupBwdXdlops>, workspace required: 15966208, provided ptr: 0x7673242c0000 size: 15319040
MIOpen(HIP): Warning [IsEnoughWorkspace] [GetSolutionsFallback AI] Solver <GemmFwdRest>, workspace required: 53616640, provided ptr: 0x767279e00000 size: 17154048
MIOpen(HIP): Warning [IsEnoughWorkspace] [GetSolutionsFallback AI] Solver <ConvAsmImplicitGemmGTCDynamicFwdXdlopsNHWC>, workspace required: 15319040, provided ptr: 0 size: 0
MIOpen(HIP): Warning [IsEnoughWorkspace] [GetSolutionsFallback AI] Solver <ConvHipImplicitGemmGroupFwdXdlops>, workspace required: 15581184, provided ptr: 0 size: 0
MIOpen(HIP): Warning [IsEnoughWorkspace] [GetSolutionsFallback AI] Solver <GemmFwdRest>, workspace required: 107233280, provided ptr: 0x76727c9d4000 size: 31096832
MIOpen(HIP): Warning [IsEnoughWorkspace] [GetSolutionsFallback AI] Solver <ConvHipImplicitGemmGroupFwdXdlops>, workspace required: 30703616, provided ptr: 0x767280a00000 size: 30638080
MIOpen(HIP): Warning [IsEnoughWorkspace] [GetSolutionsFallback WTI] Solver <ConvAsmImplicitGemmGTCDynamicBwdXdlopsNHWC>, workspace required: 30769152, provided ptr: 0x76727bb38000 size: 30638080
MIOpen(HIP): Warning [IsEnoughWorkspace] [GetSolutionsFallback WTI] Solver <ConvHipImplicitGemmGroupBwdXdlops>, workspace required: 30769152, provided ptr: 0x76727bb38000 size: 30638080
MIOpen(HIP): Warning [IsEnoughWorkspace] [GetSolutionsFallback AI] Solver <GemmFwdRest>, workspace required: 107233280, provided ptr: 0x76727c9d4000 size: 30752768
MIOpen(HIP): Warning [IsEnoughWorkspace] [GetSolutionsFallback AI] Solver <ConvHipImplicitGemmGroupFwdXdlops>, workspace required: 30654464, provided ptr: 0x767280a00000 size: 30638080
MIOpen(HIP): Warning [IsEnoughWorkspace] [GetSolutionsFallback AI] Solver <GemmFwdRest>, workspace required: 160849920, provided ptr: 0x767281fea000 size: 45985792
MIOpen(HIP): Warning [IsEnoughWorkspace] [GetSolutionsFallback AI] Solver <ConvHipImplicitGemmGroupFwdXdlops>, workspace required: 45961216, provided ptr: 0x7672835d4000 size: 45957120
MIOpen(HIP): Warning [IsEnoughWorkspace] [GetSolutionsFallback AI] Solver <ConvHipImplicitGemmGroupFwdXdlops>, workspace required: 23697664, provided ptr: 0x76727b3ea000 size: 22979584
MIOpen(HIP): Warning [IsEnoughWorkspace] [GetSolutionsFallback AI] Solver <GemmFwdRest>, workspace required: 160849920, provided ptr: 0x76727b3ea000 size: 22979584
MIOpen(HIP): Warning [IsEnoughWorkspace] [GetSolutionsFallback AI] Solver <ConvHipImplicitGemmGroupFwdXdlops>, workspace required: 7867392, provided ptr: 0x7671f9600000 size: 738304
MIOpen(HIP): Warning [IsEnoughWorkspace] [GetSolutionsFallback AI] Solver <ConvAsmImplicitGemmGTCDynamicFwdXdlopsNHWC>, workspace required: 7867392, provided ptr: 0x7671f9600000 size: 738304
MIOpen(HIP): Warning [IsEnoughWorkspace] [GetSolutionsFallback WTI] Solver <ConvAsmImplicitGemmGTCDynamicBwdXdlopsNHWC>, workspace required: 35663872, provided ptr: 0x767193c00000 size: 3375104
MIOpen(HIP): Warning [IsEnoughWorkspace] [GetSolutionsFallback WTI] Solver <ConvHipImplicitGemmGroupBwdXdlops>, workspace required: 35663872, provided ptr: 0x767193c00000 size: 3375104
MIOpen(HIP): Warning [IsEnoughWorkspace] [GetSolutionsFallback WTI] Solver <ConvAsmImplicitGemmGTCDynamicBwdXdlopsNHWC>, workspace required: 11149312, provided ptr: 0x767255400000 size: 8437760
MIOpen(HIP): Warning [IsEnoughWorkspace] [GetSolutionsFallback WTI] Solver <ConvHipImplicitGemmGroupBwdXdlops>, workspace required: 11149312, provided ptr: 0x767255400000 size: 8437760
MIOpen(HIP): Warning [IsEnoughWorkspace] [GetSolutionsFallback AI] Solver <GemmFwdRest>, workspace required: 29532160, provided ptr: 0x7673242c0000 size: 10272768
MIOpen(HIP): Warning [IsEnoughWorkspace] [GetSolutionsFallback AI] Solver <ConvHipImplicitGemmGroupFwdXdlops>, workspace required: 8699904, provided ptr: 0x7673242c0000 size: 8437760
MIOpen(HIP): Warning [IsEnoughWorkspace] [GetSolutionsFallback AI] Solver <GemmFwdRest>, workspace required: 59064320, provided ptr: 0x767279e00000 size: 17334272
MIOpen(HIP): Warning [IsEnoughWorkspace] [GetSolutionsFallback AI] Solver <ConvHipImplicitGemmGroupFwdXdlops>, workspace required: 16941056, provided ptr: 0x76727a60c000 size: 16875520
MIOpen(HIP): Warning [IsEnoughWorkspace] [GetSolutionsFallback WTI] Solver <ConvAsmImplicitGemmGTCDynamicBwdXdlopsNHWC>, workspace required: 17006592, provided ptr: 0x767279e00000 size: 16875520
MIOpen(HIP): Warning [IsEnoughWorkspace] [GetSolutionsFallback WTI] Solver <ConvHipImplicitGemmGroupBwdXdlops>, workspace required: 17006592, provided ptr: 0x767279e00000 size: 16875520
MIOpen(HIP): Warning [IsEnoughWorkspace] [GetSolutionsFallback AI] Solver <GemmFwdRest>, workspace required: 59064320, provided ptr: 0x76727a60c000 size: 16990208
MIOpen(HIP): Warning [IsEnoughWorkspace] [GetSolutionsFallback AI] Solver <ConvHipImplicitGemmGroupFwdXdlops>, workspace required: 16891904, provided ptr: 0x76727ae18000 size: 16875520
MIOpen(HIP): Warning [IsEnoughWorkspace] [GetSolutionsFallback AI] Solver <GemmFwdRest>, workspace required: 88596480, provided ptr: 0x76727b21e000 size: 25341952
MIOpen(HIP): Warning [IsEnoughWorkspace] [GetSolutionsFallback AI] Solver <ConvHipImplicitGemmGroupFwdXdlops>, workspace required: 25317376, provided ptr: 0x76727be30000 size: 25313280
MIOpen(HIP): Warning [IsEnoughWorkspace] [GetSolutionsFallback AI] Solver <ConvHipImplicitGemmGroupFwdXdlops>, workspace required: 13053184, provided ptr: 0x7673242c0000 size: 12657664
MIOpen(HIP): Warning [IsEnoughWorkspace] [GetSolutionsFallback AI] Solver <GemmFwdRest>, workspace required: 88596480, provided ptr: 0x7673242c0000 size: 12657664
MIOpen(HIP): Warning [IsEnoughWorkspace] [GetSolutionsFallback AI] Solver <ConvHipImplicitGemmGroupFwdXdlops>, workspace required: 8645632, provided ptr: 0x7671904c0000 size: 1827840
MIOpen(HIP): Warning [IsEnoughWorkspace] [GetSolutionsFallback AI] Solver <ConvAsmImplicitGemmGTCDynamicFwdXdlopsNHWC>, workspace required: 8645632, provided ptr: 0x7671904c0000 size: 1827840
MIOpen(HIP): Warning [IsEnoughWorkspace] [GetSolutionsFallback WTI] Solver <ConvAsmImplicitGemmGTCDynamicBwdXdlopsNHWC>, workspace required: 38776832, provided ptr: 0x767255400000 size: 8355840
MIOpen(HIP): Warning [IsEnoughWorkspace] [GetSolutionsFallback WTI] Solver <ConvHipImplicitGemmGroupBwdXdlops>, workspace required: 38776832, provided ptr: 0x767255400000 size: 8355840
MIOpen(HIP): Warning [IsEnoughWorkspace] [GetSolutionsFallback AI] Solver <GemmFwdRest>, workspace required: 29245440, provided ptr: 0x7673242c0000 size: 15695872
MIOpen(HIP): Warning [IsEnoughWorkspace] [GetSolutionsFallback AI] Solver <GemmFwdRest>, workspace required: 73113600, provided ptr: 0x767279e00000 size: 22724608
MIOpen(HIP): Warning [IsEnoughWorkspace] [GetSolutionsFallback AI] Solver <ConvHipImplicitGemmGroupFwdXdlops>, workspace required: 21151744, provided ptr: 0x76727a7f6000 size: 20889600
MIOpen(HIP): Warning [IsEnoughWorkspace] [GetSolutionsFallback AI] Solver <GemmFwdRest>, workspace required: 146227200, provided ptr: 0x767280a00000 size: 42237952
MIOpen(HIP): Warning [IsEnoughWorkspace] [GetSolutionsFallback AI] Solver <ConvHipImplicitGemmGroupFwdXdlops>, workspace required: 41844736, provided ptr: 0x767281dec000 size: 41779200
MIOpen(HIP): Warning [IsEnoughWorkspace] [GetSolutionsFallback WTI] Solver <ConvAsmImplicitGemmGTCDynamicBwdXdlopsNHWC>, workspace required: 41910272, provided ptr: 0x767280a00000 size: 41779200
MIOpen(HIP): Warning [IsEnoughWorkspace] [GetSolutionsFallback WTI] Solver <ConvHipImplicitGemmGroupBwdXdlops>, workspace required: 41910272, provided ptr: 0x767280a00000 size: 41779200
MIOpen(HIP): Warning [IsEnoughWorkspace] [GetSolutionsFallback AI] Solver <GemmFwdRest>, workspace required: 146227200, provided ptr: 0x767280a00000 size: 41893888
MIOpen(HIP): Warning [IsEnoughWorkspace] [GetSolutionsFallback AI] Solver <ConvHipImplicitGemmGroupFwdXdlops>, workspace required: 41795584, provided ptr: 0x767281dec000 size: 41779200
MIOpen(HIP): Warning [IsEnoughWorkspace] [GetSolutionsFallback AI] Solver <GemmFwdRest>, workspace required: 219340800, provided ptr: 0x7672845c4000 size: 62697472
MIOpen(HIP): Warning [IsEnoughWorkspace] [GetSolutionsFallback AI] Solver <ConvHipImplicitGemmGroupFwdXdlops>, workspace required: 62672896, provided ptr: 0x7672863a6000 size: 62668800
MIOpen(HIP): Warning [IsEnoughWorkspace] [GetSolutionsFallback AI] Solver <ConvHipImplicitGemmGroupFwdXdlops>, workspace required: 32314624, provided ptr: 0x76727bbe2000 size: 31335424
MIOpen(HIP): Warning [IsEnoughWorkspace] [GetSolutionsFallback AI] Solver <GemmFwdRest>, workspace required: 219340800, provided ptr: 0x76727bbe2000 size: 31335424
MIOpen(HIP): Warning [IsEnoughWorkspace] [GetSolutionsFallback AI] Solver <ConvHipImplicitGemmGroupFwdXdlops>, workspace required: 9162752, provided ptr: 0x7671904c0000 size: 2551808
MIOpen(HIP): Warning [IsEnoughWorkspace] [GetSolutionsFallback AI] Solver <ConvAsmImplicitGemmGTCDynamicFwdXdlopsNHWC>, workspace required: 9162752, provided ptr: 0x7671904c0000 size: 2551808
MIOpen(HIP): Warning [IsEnoughWorkspace] [GetSolutionsFallback WTI] Solver <ConvAsmImplicitGemmGTCDynamicBwdXdlopsNHWC>, workspace required: 40845312, provided ptr: 0x7673242c0000 size: 11665408
MIOpen(HIP): Warning [IsEnoughWorkspace] [GetSolutionsFallback WTI] Solver <ConvHipImplicitGemmGroupBwdXdlops>, workspace required: 40845312, provided ptr: 0x7673242c0000 size: 11665408
MIOpen(HIP): Warning [IsEnoughWorkspace] [GetSolutionsFallback AI] Solver <GemmFwdRest>, workspace required: 40828928, provided ptr: 0x767279e00000 size: 19005440
MIOpen(HIP): Warning [IsEnoughWorkspace] [GetSolutionsFallback AI] Solver <GemmFwdRest>, workspace required: 102072320, provided ptr: 0x76727b9d0000 size: 30998528
MIOpen(HIP): Warning [IsEnoughWorkspace] [GetSolutionsFallback AI] Solver <ConvHipImplicitGemmGroupFwdXdlops>, workspace required: 29425664, provided ptr: 0x76727c7b8000 size: 29163520
MIOpen(HIP): Warning [IsEnoughWorkspace] [GetSolutionsFallback AI] Solver <GemmFwdRest>, workspace required: 204144640, provided ptr: 0x7672825d0000 size: 58785792
MIOpen(HIP): Warning [IsEnoughWorkspace] [GetSolutionsFallback AI] Solver <ConvHipImplicitGemmGroupFwdXdlops>, workspace required: 58392576, provided ptr: 0x7672841a0000 size: 58327040
MIOpen(HIP): Warning [IsEnoughWorkspace] [GetSolutionsFallback WTI] Solver <ConvAsmImplicitGemmGTCDynamicBwdXdlopsNHWC>, workspace required: 58458112, provided ptr: 0x7672825d0000 size: 58327040
MIOpen(HIP): Warning [IsEnoughWorkspace] [GetSolutionsFallback WTI] Solver <ConvHipImplicitGemmGroupBwdXdlops>, workspace required: 58458112, provided ptr: 0x7672825d0000 size: 58327040
MIOpen(HIP): Warning [IsEnoughWorkspace] [GetSolutionsFallback AI] Solver <GemmFwdRest>, workspace required: 204144640, provided ptr: 0x7672841a0000 size: 58441728
MIOpen(HIP): Warning [IsEnoughWorkspace] [GetSolutionsFallback AI] Solver <ConvHipImplicitGemmGroupFwdXdlops>, workspace required: 58343424, provided ptr: 0x767285d70000 size: 58327040
MIOpen(HIP): Warning [IsEnoughWorkspace] [GetSolutionsFallback AI] Solver <GemmFwdRest>, workspace required: 306216960, provided ptr: 0x767285d70000 size: 87519232
MIOpen(HIP): Warning [IsEnoughWorkspace] [GetSolutionsFallback AI] Solver <ConvHipImplicitGemmGroupFwdXdlops>, workspace required: 87494656, provided ptr: 0x767288728000 size: 87490560
MIOpen(HIP): Warning [IsEnoughWorkspace] [GetSolutionsFallback AI] Solver <ConvHipImplicitGemmGroupFwdXdlops>, workspace required: 45113344, provided ptr: 0x767279e00000 size: 43746304
MIOpen(HIP): Warning [IsEnoughWorkspace] [GetSolutionsFallback AI] Solver <GemmFwdRest>, workspace required: 306216960, provided ptr: 0x767279e00000 size: 43746304
MIOpen(HIP): Warning [IsEnoughWorkspace] [GetSolutionsFallback AI] Solver <ConvAsmImplicitGemmGTCDynamicFwdXdlopsNHWC>, workspace required: 7713792, provided ptr: 0x7672b1353000 size: 523264
MIOpen(HIP): Warning [IsEnoughWorkspace] [GetSolutionsFallback AI] Solver <ConvHipImplicitGemmGroupFwdXdlops>, workspace required: 7713792, provided ptr: 0x7672b1353000 size: 523264
MIOpen(HIP): Warning [IsEnoughWorkspace] [GetSolutionsFallback WTI] Solver <ConvAsmImplicitGemmGTCDynamicBwdXdlopsNHWC>, workspace required: 35049472, provided ptr: 0x7671904c0000 size: 2392064
MIOpen(HIP): Warning [IsEnoughWorkspace] [GetSolutionsFallback WTI] Solver <ConvHipImplicitGemmGroupBwdXdlops>, workspace required: 35049472, provided ptr: 0x7671904c0000 size: 2392064
MIOpen(HIP): Warning [IsEnoughWorkspace] [GetSolutionsFallback AI] Solver <ConvAsmImplicitGemmGTCDynamicFwdXdlopsNHWC>, workspace required: 9732096, provided ptr: 0x767255400000 size: 8372224
MIOpen(HIP): Warning [IsEnoughWorkspace] [GetSolutionsFallback AI] Solver <ConvHipImplicitGemmGroupFwdXdlops>, workspace required: 9732096, provided ptr: 0x767255400000 size: 8372224
MIOpen(HIP): Warning [IsEnoughWorkspace] [GetSolutionsFallback AI] Solver <ConvHipImplicitGemmGroupFwdXdlops>, workspace required: 3440640, provided ptr: 0 size: 0
MIOpen(HIP): Warning [IsEnoughWorkspace] [GetSolutionsFallback AI] Solver <ConvAsmImplicitGemmGTCDynamicFwdXdlopsNHWC>, workspace required: 2392064, provided ptr: 0 size: 0
MIOpen(HIP): Warning [IsEnoughWorkspace] [GetSolutionsFallback WTI] Solver <ConvAsmImplicitGemmGTCDynamicFwdXdlopsNHWC>, workspace required: 9732096, provided ptr: 0x767255400000 size: 8372224
MIOpen(HIP): Warning [IsEnoughWorkspace] [GetSolutionsFallback WTI] Solver <ConvHipImplicitGemmGroupFwdXdlops>, workspace required: 9732096, provided ptr: 0x767255400000 size: 8372224
MIOpen(HIP): Warning [IsEnoughWorkspace] [GetSolutionsFallback WTI] Solver <ConvAsmImplicitGemmGTCDynamicFwdXdlopsNHWC>, workspace required: 9732096, provided ptr: 0x767255400000 size: 8372224
MIOpen(HIP): Warning [IsEnoughWorkspace] [GetSolutionsFallback WTI] Solver <ConvHipImplicitGemmGroupFwdXdlops>, workspace required: 9732096, provided ptr: 0x767255400000 size: 8372224
MIOpen(HIP): Warning [IsEnoughWorkspace] [GetSolutionsFallback WTI] Solver <ConvAsmImplicitGemmGTCDynamicBwdXdlopsNHWC>, workspace required: 9428992, provided ptr: 0x767255400000 size: 5980160
MIOpen(HIP): Warning [IsEnoughWorkspace] [GetSolutionsFallback WTI] Solver <ConvHipImplicitGemmGroupBwdXdlops>, workspace required: 9428992, provided ptr: 0x767255400000 size: 5980160
MIOpen(HIP): Warning [IsEnoughWorkspace] [GetSolutionsFallback AI] Solver <GemmFwdRest>, workspace required: 20930560, provided ptr: 0x7672559b4000 size: 7815168
MIOpen(HIP): Warning [IsEnoughWorkspace] [GetSolutionsFallback AI] Solver <GemmFwdRest>, workspace required: 41861120, provided ptr: 0x767279e00000 size: 12419072
MIOpen(HIP): Warning [IsEnoughWorkspace] [GetSolutionsFallback AI] Solver <ConvHipImplicitGemmGroupFwdXdlops>, workspace required: 12025856, provided ptr: 0x767279e00000 size: 11960320
MIOpen(HIP): Warning [IsEnoughWorkspace] [GetSolutionsFallback WTI] Solver <ConvAsmImplicitGemmGTCDynamicBwdXdlopsNHWC>, workspace required: 12091392, provided ptr: 0x767324874000 size: 11960320
MIOpen(HIP): Warning [IsEnoughWorkspace] [GetSolutionsFallback WTI] Solver <ConvHipImplicitGemmGroupBwdXdlops>, workspace required: 12091392, provided ptr: 0x767324874000 size: 11960320
MIOpen(HIP): Warning [IsEnoughWorkspace] [GetSolutionsFallback AI] Solver <GemmFwdRest>, workspace required: 41861120, provided ptr: 0x767279e00000 size: 12075008
MIOpen(HIP): Warning [IsEnoughWorkspace] [GetSolutionsFallback AI] Solver <ConvHipImplicitGemmGroupFwdXdlops>, workspace required: 11976704, provided ptr: 0x767279e00000 size: 11960320
MIOpen(HIP): Warning [IsEnoughWorkspace] [GetSolutionsFallback AI] Solver <GemmFwdRest>, workspace required: 62791680, provided ptr: 0x76727a68e000 size: 17969152
MIOpen(HIP): Warning [IsEnoughWorkspace] [GetSolutionsFallback AI] Solver <ConvHipImplicitGemmGroupFwdXdlops>, workspace required: 17944576, provided ptr: 0x76727af1c000 size: 17940480
MIOpen(HIP): Warning [IsEnoughWorkspace] [GetSolutionsFallback AI] Solver <ConvHipImplicitGemmGroupFwdXdlops>, workspace required: 9251584, provided ptr: 0x767255400000 size: 8971264
MIOpen(HIP): Warning [IsEnoughWorkspace] [GetSolutionsFallback AI] Solver <GemmFwdRest>, workspace required: 62791680, provided ptr: 0x767255400000 size: 8971264
MIOpen(HIP): Warning [IsEnoughWorkspace] [GetSolutionsFallback AI] Solver <ConvHipImplicitGemmGroupFwdXdlops>, workspace required: 8399872, provided ptr: 0x767191480000 size: 1483776
MIOpen(HIP): Warning [IsEnoughWorkspace] [GetSolutionsFallback AI] Solver <ConvAsmImplicitGemmGTCDynamicFwdXdlopsNHWC>, workspace required: 8399872, provided ptr: 0x767191480000 size: 1483776
MIOpen(HIP): Warning [IsEnoughWorkspace] [GetSolutionsFallback WTI] Solver <ConvAsmImplicitGemmGTCDynamicBwdXdlopsNHWC>, workspace required: 37793792, provided ptr: 0x767255400000 size: 6782976
MIOpen(HIP): Warning [IsEnoughWorkspace] [GetSolutionsFallback WTI] Solver <ConvHipImplicitGemmGroupBwdXdlops>, workspace required: 37793792, provided ptr: 0x767255400000 size: 6782976
MIOpen(HIP): Warning [IsEnoughWorkspace] [GetSolutionsFallback AI] Solver <GemmFwdRest>, workspace required: 23740416, provided ptr: 0x7673242c0000 size: 14123008
MIOpen(HIP): Warning [IsEnoughWorkspace] [GetSolutionsFallback WTI] Solver <ConvAsmImplicitGemmGTCDynamicBwdXdlopsNHWC>, workspace required: 17113088, provided ptr: 0x7673242c0000 size: 16957440
MIOpen(HIP): Warning [IsEnoughWorkspace] [GetSolutionsFallback WTI] Solver <ConvHipImplicitGemmGroupBwdXdlops>, workspace required: 17113088, provided ptr: 0x7673242c0000 size: 16957440
MIOpen(HIP): Warning [IsEnoughWorkspace] [GetSolutionsFallback AI] Solver <GemmFwdRest>, workspace required: 59351040, provided ptr: 0x767279e00000 size: 18792448
MIOpen(HIP): Warning [IsEnoughWorkspace] [GetSolutionsFallback AI] Solver <ConvAsmImplicitGemmGTCDynamicFwdXdlopsNHWC>, workspace required: 16957440, provided ptr: 0 size: 0
MIOpen(HIP): Warning [IsEnoughWorkspace] [GetSolutionsFallback AI] Solver <ConvHipImplicitGemmGroupFwdXdlops>, workspace required: 17219584, provided ptr: 0 size: 0
MIOpen(HIP): Warning [IsEnoughWorkspace] [GetSolutionsFallback AI] Solver <GemmFwdRest>, workspace required: 118702080, provided ptr: 0x767280a00000 size: 34373632
MIOpen(HIP): Warning [IsEnoughWorkspace] [GetSolutionsFallback AI] Solver <ConvHipImplicitGemmGroupFwdXdlops>, workspace required: 33980416, provided ptr: 0x767280a00000 size: 33914880
MIOpen(HIP): Warning [IsEnoughWorkspace] [GetSolutionsFallback WTI] Solver <ConvAsmImplicitGemmGTCDynamicBwdXdlopsNHWC>, workspace required: 34045952, provided ptr: 0x76727be58000 size: 33914880
MIOpen(HIP): Warning [IsEnoughWorkspace] [GetSolutionsFallback WTI] Solver <ConvHipImplicitGemmGroupBwdXdlops>, workspace required: 34045952, provided ptr: 0x76727be58000 size: 33914880
MIOpen(HIP): Warning [IsEnoughWorkspace] [GetSolutionsFallback AI] Solver <GemmFwdRest>, workspace required: 118702080, provided ptr: 0x767280a00000 size: 34029568
MIOpen(HIP): Warning [IsEnoughWorkspace] [GetSolutionsFallback AI] Solver <ConvHipImplicitGemmGroupFwdXdlops>, workspace required: 33931264, provided ptr: 0x767280a00000 size: 33914880
MIOpen(HIP): Warning [IsEnoughWorkspace] [GetSolutionsFallback AI] Solver <GemmFwdRest>, workspace required: 178053120, provided ptr: 0x767282242000 size: 50900992
MIOpen(HIP): Warning [IsEnoughWorkspace] [GetSolutionsFallback AI] Solver <ConvHipImplicitGemmGroupFwdXdlops>, workspace required: 50876416, provided ptr: 0x767283a84000 size: 50872320
MIOpen(HIP): Warning [IsEnoughWorkspace] [GetSolutionsFallback AI] Solver <ConvHipImplicitGemmGroupFwdXdlops>, workspace required: 26232064, provided ptr: 0x76727b642000 size: 25437184
MIOpen(HIP): Warning [IsEnoughWorkspace] [GetSolutionsFallback AI] Solver <GemmFwdRest>, workspace required: 178053120, provided ptr: 0x76727b642000 size: 25437184
MIOpen(HIP): Warning [IsEnoughWorkspace] [GetSolutionsFallback AI] Solver <ConvHipImplicitGemmGroupFwdXdlops>, workspace required: 8778752, provided ptr: 0x7671904c0000 size: 2014208
MIOpen(HIP): Warning [IsEnoughWorkspace] [GetSolutionsFallback AI] Solver <ConvAsmImplicitGemmGTCDynamicFwdXdlopsNHWC>, workspace required: 8778752, provided ptr: 0x7671904c0000 size: 2014208
MIOpen(HIP): Warning [IsEnoughWorkspace] [GetSolutionsFallback WTI] Solver <ConvAsmImplicitGemmGTCDynamicBwdXdlopsNHWC>, workspace required: 39309312, provided ptr: 0x767255400000 size: 9207808
MIOpen(HIP): Warning [IsEnoughWorkspace] [GetSolutionsFallback WTI] Solver <ConvHipImplicitGemmGroupBwdXdlops>, workspace required: 39309312, provided ptr: 0x767255400000 size: 9207808
MIOpen(HIP): Warning [IsEnoughWorkspace] [GetSolutionsFallback AI] Solver <GemmFwdRest>, workspace required: 32227328, provided ptr: 0x7673242c0000 size: 16547840
MIOpen(HIP): Warning [IsEnoughWorkspace] [GetSolutionsFallback AI] Solver <GemmFwdRest>, workspace required: 80568320, provided ptr: 0x76727b3f4000 size: 24854528
MIOpen(HIP): Warning [IsEnoughWorkspace] [GetSolutionsFallback AI] Solver <ConvHipImplicitGemmGroupFwdXdlops>, workspace required: 23281664, provided ptr: 0x76727beee000 size: 23019520
MIOpen(HIP): Warning [IsEnoughWorkspace] [GetSolutionsFallback AI] Solver <GemmFwdRest>, workspace required: 161136640, provided ptr: 0x767281ff4000 size: 46497792
MIOpen(HIP): Warning [IsEnoughWorkspace] [GetSolutionsFallback AI] Solver <ConvHipImplicitGemmGroupFwdXdlops>, workspace required: 46104576, provided ptr: 0x7672835e8000 size: 46039040
MIOpen(HIP): Warning [IsEnoughWorkspace] [GetSolutionsFallback WTI] Solver <ConvAsmImplicitGemmGTCDynamicBwdXdlopsNHWC>, workspace required: 46170112, provided ptr: 0x767281ff4000 size: 46039040
MIOpen(HIP): Warning [IsEnoughWorkspace] [GetSolutionsFallback WTI] Solver <ConvHipImplicitGemmGroupBwdXdlops>, workspace required: 46170112, provided ptr: 0x767281ff4000 size: 46039040
MIOpen(HIP): Warning [IsEnoughWorkspace] [GetSolutionsFallback AI] Solver <GemmFwdRest>, workspace required: 161136640, provided ptr: 0x767281ff4000 size: 46153728
MIOpen(HIP): Warning [IsEnoughWorkspace] [GetSolutionsFallback AI] Solver <ConvHipImplicitGemmGroupFwdXdlops>, workspace required: 46055424, provided ptr: 0x7672835e8000 size: 46039040
MIOpen(HIP): Warning [IsEnoughWorkspace] [GetSolutionsFallback AI] Solver <GemmFwdRest>, workspace required: 241704960, provided ptr: 0x767284bdc000 size: 69087232
MIOpen(HIP): Warning [IsEnoughWorkspace] [GetSolutionsFallback AI] Solver <ConvHipImplicitGemmGroupFwdXdlops>, workspace required: 69062656, provided ptr: 0x767286cca000 size: 69058560
MIOpen(HIP): Warning [IsEnoughWorkspace] [GetSolutionsFallback AI] Solver <ConvHipImplicitGemmGroupFwdXdlops>, workspace required: 35609344, provided ptr: 0x767279e00000 size: 34530304
MIOpen(HIP): Warning [IsEnoughWorkspace] [GetSolutionsFallback AI] Solver <GemmFwdRest>, workspace required: 241704960, provided ptr: 0x767279e00000 size: 34530304
MIOpen(HIP): Warning [IsEnoughWorkspace] [GetSolutionsFallback AI] Solver <ConvHipImplicitGemmGroupFwdXdlops>, workspace required: 8696832, provided ptr: 0x7671904c0000 size: 1899520
MIOpen(HIP): Warning [IsEnoughWorkspace] [GetSolutionsFallback AI] Solver <ConvAsmImplicitGemmGTCDynamicFwdXdlopsNHWC>, workspace required: 8696832, provided ptr: 0x7671904c0000 size: 1899520
MIOpen(HIP): Warning [IsEnoughWorkspace] [GetSolutionsFallback WTI] Solver <ConvAsmImplicitGemmGTCDynamicBwdXdlopsNHWC>, workspace required: 38981632, provided ptr: 0x767255400000 size: 8683520
MIOpen(HIP): Warning [IsEnoughWorkspace] [GetSolutionsFallback WTI] Solver <ConvHipImplicitGemmGroupBwdXdlops>, workspace required: 38981632, provided ptr: 0x767255400000 size: 8683520
MIOpen(HIP): Warning [IsEnoughWorkspace] [GetSolutionsFallback AI] Solver <GemmFwdRest>, workspace required: 30392320, provided ptr: 0x7673242c0000 size: 16023552
MIOpen(HIP): Warning [IsEnoughWorkspace] [GetSolutionsFallback AI] Solver <GemmFwdRest>, workspace required: 75980800, provided ptr: 0x76727a85a000 size: 23543808
MIOpen(HIP): Warning [IsEnoughWorkspace] [GetSolutionsFallback AI] Solver <ConvHipImplicitGemmGroupFwdXdlops>, workspace required: 21970944, provided ptr: 0x76727b2b4000 size: 21708800
MIOpen(HIP): Warning [IsEnoughWorkspace] [GetSolutionsFallback AI] Solver <GemmFwdRest>, workspace required: 151961600, provided ptr: 0x767280a00000 size: 43876352
MIOpen(HIP): Warning [IsEnoughWorkspace] [GetSolutionsFallback AI] Solver <ConvHipImplicitGemmGroupFwdXdlops>, workspace required: 43483136, provided ptr: 0x767280a00000 size: 43417600
MIOpen(HIP): Warning [IsEnoughWorkspace] [GetSolutionsFallback WTI] Solver <ConvAsmImplicitGemmGTCDynamicBwdXdlopsNHWC>, workspace required: 43548672, provided ptr: 0x767280a00000 size: 43417600
MIOpen(HIP): Warning [IsEnoughWorkspace] [GetSolutionsFallback WTI] Solver <ConvHipImplicitGemmGroupBwdXdlops>, workspace required: 43548672, provided ptr: 0x767280a00000 size: 43417600
MIOpen(HIP): Warning [IsEnoughWorkspace] [GetSolutionsFallback AI] Solver <GemmFwdRest>, workspace required: 151961600, provided ptr: 0x767280a00000 size: 43532288
MIOpen(HIP): Warning [IsEnoughWorkspace] [GetSolutionsFallback AI] Solver <ConvHipImplicitGemmGroupFwdXdlops>, workspace required: 43433984, provided ptr: 0x767281eb4000 size: 43417600
MIOpen(HIP): Warning [IsEnoughWorkspace] [GetSolutionsFallback AI] Solver <GemmFwdRest>, workspace required: 227942400, provided ptr: 0x76728481c000 size: 65155072
MIOpen(HIP): Warning [IsEnoughWorkspace] [GetSolutionsFallback AI] Solver <ConvHipImplicitGemmGroupFwdXdlops>, workspace required: 65130496, provided ptr: 0x76728672a000 size: 65126400
MIOpen(HIP): Warning [IsEnoughWorkspace] [GetSolutionsFallback AI] Solver <ConvHipImplicitGemmGroupFwdXdlops>, workspace required: 33581824, provided ptr: 0x76727bd0e000 size: 32564224
MIOpen(HIP): Warning [IsEnoughWorkspace] [GetSolutionsFallback AI] Solver <GemmFwdRest>, workspace required: 227942400, provided ptr: 0x76727bd0e000 size: 32564224
[0;36m(APIServer pid=23472)[0;0m [32mINFO[0m [90m10-07 15:19:15[0m [90m[stats.py:902][0m [OmniTiming] req=speech-8ffc4ae60694eb4a-ba502ce4 total=5.66s engine=5.66s stages=[0:5.66s]
INFO:     127.0.0.1:60618 - "POST /v1/audio/speech HTTP/1.1" 200 OK
[0;36m(APIServer pid=23472)[0;0m [32mINFO[0m [90m10-07 15:19:15[0m [90m[serving_speech.py:2423][0m Diffusion TTS speech request speech-8df82791cffe6367: voice_clone=False
[0;36m(APIServer pid=23472)[0;0m [32mINFO[0m [90m10-07 15:19:15[0m [90m[serving_speech.py:2471][0m Applied diffusion speech params: seed=42 extra_params={}
[0;36m(APIServer pid=23472)[0;0m [32mINFO[0m [90m10-07 15:19:15[0m [90m[diffusion_engine.py:764][0m [RequestBatch] admission wait done waiting=1 max_batch=8 waited_ms=2.1
MIOpen(HIP): Warning [IsEnoughWorkspace] [GetSolutionsFallback AI] Solver <ConvHipImplicitGemmGroupFwdXdlops>, workspace required: 8748032, provided ptr: 0x7671904c0000 size: 1971200
MIOpen(HIP): Warning [IsEnoughWorkspace] [GetSolutionsFallback AI] Solver <ConvAsmImplicitGemmGTCDynamicFwdXdlopsNHWC>, workspace required: 8748032, provided ptr: 0x7671904c0000 size: 1971200
MIOpen(HIP): Warning [IsEnoughWorkspace] [GetSolutionsFallback WTI] Solver <ConvAsmImplicitGemmGTCDynamicBwdXdlopsNHWC>, workspace required: 39186432, provided ptr: 0x767255400000 size: 9011200
MIOpen(HIP): Warning [IsEnoughWorkspace] [GetSolutionsFallback WTI] Solver <ConvHipImplicitGemmGroupBwdXdlops>, workspace required: 39186432, provided ptr: 0x767255400000 size: 9011200
MIOpen(HIP): Warning [IsEnoughWorkspace] [GetSolutionsFallback AI] Solver <GemmFwdRest>, workspace required: 31539200, provided ptr: 0x7673242c0000 size: 16351232
MIOpen(HIP): Warning [IsEnoughWorkspace] [GetSolutionsFallback AI] Solver <GemmFwdRest>, workspace required: 78848000, provided ptr: 0x76727b37c000 size: 24363008
MIOpen(HIP): Warning [IsEnoughWorkspace] [GetSolutionsFallback AI] Solver <ConvHipImplicitGemmGroupFwdXdlops>, workspace required: 22790144, provided ptr: 0x76727be3a000 size: 22528000
MIOpen(HIP): Warning [IsEnoughWorkspace] [GetSolutionsFallback AI] Solver <GemmFwdRest>, workspace required: 157696000, provided ptr: 0x767280a00000 size: 45514752
MIOpen(HIP): Warning [IsEnoughWorkspace] [GetSolutionsFallback AI] Solver <ConvHipImplicitGemmGroupFwdXdlops>, workspace required: 45121536, provided ptr: 0x767281f7c000 size: 45056000
MIOpen(HIP): Warning [IsEnoughWorkspace] [GetSolutionsFallback WTI] Solver <ConvAsmImplicitGemmGTCDynamicBwdXdlopsNHWC>, workspace required: 45187072, provided ptr: 0x767280a00000 size: 45056000
MIOpen(HIP): Warning [IsEnoughWorkspace] [GetSolutionsFallback WTI] Solver <ConvHipImplicitGemmGroupBwdXdlops>, workspace required: 45187072, provided ptr: 0x767280a00000 size: 45056000
MIOpen(HIP): Warning [IsEnoughWorkspace] [GetSolutionsFallback AI] Solver <GemmFwdRest>, workspace required: 157696000, provided ptr: 0x767281f7c000 size: 45170688
MIOpen(HIP): Warning [IsEnoughWorkspace] [GetSolutionsFallback AI] Solver <ConvHipImplicitGemmGroupFwdXdlops>, workspace required: 45072384, provided ptr: 0x7672834f8000 size: 45056000
MIOpen(HIP): Warning [IsEnoughWorkspace] [GetSolutionsFallback AI] Solver <GemmFwdRest>, workspace required: 236544000, provided ptr: 0x767285ff0000 size: 67612672
MIOpen(HIP): Warning [IsEnoughWorkspace] [GetSolutionsFallback AI] Solver <ConvHipImplicitGemmGroupFwdXdlops>, workspace required: 67588096, provided ptr: 0x76728802a000 size: 67584000
MIOpen(HIP): Warning [IsEnoughWorkspace] [GetSolutionsFallback AI] Solver <ConvHipImplicitGemmGroupFwdXdlops>, workspace required: 34849024, provided ptr: 0x76727be3a000 size: 33793024
MIOpen(HIP): Warning [IsEnoughWorkspace] [GetSolutionsFallback AI] Solver <GemmFwdRest>, workspace required: 236544000, provided ptr: 0x76727be3a000 size: 33793024
MIOpen(HIP): Warning [IsEnoughWorkspace] [GetSolutionsFallback AI] Solver <ConvHipImplicitGemmGroupFwdXdlops>, workspace required: 8855552, provided ptr: 0x7671904c0000 size: 2121728
MIOpen(HIP): Warning [IsEnoughWorkspace] [GetSolutionsFallback AI] Solver <ConvAsmImplicitGemmGTCDynamicFwdXdlopsNHWC>, workspace required: 8855552, provided ptr: 0x7671904c0000 size: 2121728
MIOpen(HIP): Warning [IsEnoughWorkspace] [GetSolutionsFallback WTI] Solver <ConvAsmImplicitGemmGTCDynamicBwdXdlopsNHWC>, workspace required: 39616512, provided ptr: 0x767255400000 size: 9699328
MIOpen(HIP): Warning [IsEnoughWorkspace] [GetSolutionsFallback WTI] Solver <ConvHipImplicitGemmGroupBwdXdlops>, workspace required: 39616512, provided ptr: 0x767255400000 size: 9699328
MIOpen(HIP): Warning [IsEnoughWorkspace] [GetSolutionsFallback AI] Solver <GemmFwdRest>, workspace required: 33947648, provided ptr: 0x7673242c0000 size: 17039360
MIOpen(HIP): Warning [IsEnoughWorkspace] [GetSolutionsFallback AI] Solver <GemmFwdRest>, workspace required: 84869120, provided ptr: 0x76727b520000 size: 26083328
MIOpen(HIP): Warning [IsEnoughWorkspace] [GetSolutionsFallback AI] Solver <ConvHipImplicitGemmGroupFwdXdlops>, workspace required: 24510464, provided ptr: 0x76727c0b0000 size: 24248320
MIOpen(HIP): Warning [IsEnoughWorkspace] [GetSolutionsFallback AI] Solver <GemmFwdRest>, workspace required: 169738240, provided ptr: 0x767282120000 size: 48955392
MIOpen(HIP): Warning [IsEnoughWorkspace] [GetSolutionsFallback AI] Solver <ConvHipImplicitGemmGroupFwdXdlops>, workspace required: 48562176, provided ptr: 0x767283840000 size: 48496640
MIOpen(HIP): Warning [IsEnoughWorkspace] [GetSolutionsFallback WTI] Solver <ConvAsmImplicitGemmGTCDynamicBwdXdlopsNHWC>, workspace required: 48627712, provided ptr: 0x767282120000 size: 48496640
MIOpen(HIP): Warning [IsEnoughWorkspace] [GetSolutionsFallback WTI] Solver <ConvHipImplicitGemmGroupBwdXdlops>, workspace required: 48627712, provided ptr: 0x767282120000 size: 48496640
MIOpen(HIP): Warning [IsEnoughWorkspace] [GetSolutionsFallback AI] Solver <GemmFwdRest>, workspace required: 169738240, provided ptr: 0x767282120000 size: 48611328
MIOpen(HIP): Warning [IsEnoughWorkspace] [GetSolutionsFallback AI] Solver <ConvHipImplicitGemmGroupFwdXdlops>, workspace required: 48513024, provided ptr: 0x767283840000 size: 48496640
MIOpen(HIP): Warning [IsEnoughWorkspace] [GetSolutionsFallback AI] Solver <GemmFwdRest>, workspace required: 254607360, provided ptr: 0x767284f60000 size: 72773632
MIOpen(HIP): Warning [IsEnoughWorkspace] [GetSolutionsFallback AI] Solver <ConvHipImplicitGemmGroupFwdXdlops>, workspace required: 72749056, provided ptr: 0x767287210000 size: 72744960
MIOpen(HIP): Warning [IsEnoughWorkspace] [GetSolutionsFallback AI] Solver <ConvHipImplicitGemmGroupFwdXdlops>, workspace required: 37510144, provided ptr: 0x767279e00000 size: 36373504
MIOpen(HIP): Warning [IsEnoughWorkspace] [GetSolutionsFallback AI] Solver <GemmFwdRest>, workspace required: 254607360, provided ptr: 0x767279e00000 size: 36373504
MIOpen(HIP): Warning [IsEnoughWorkspace] [GetSolutionsFallback AI] Solver <ConvHipImplicitGemmGroupFwdXdlops>, workspace required: 8886272, provided ptr: 0x7671904c0000 size: 2164736
MIOpen(HIP): Warning [IsEnoughWorkspace] [GetSolutionsFallback AI] Solver <ConvAsmImplicitGemmGTCDynamicFwdXdlopsNHWC>, workspace required: 8886272, provided ptr: 0x7671904c0000 size: 2164736
MIOpen(HIP): Warning [IsEnoughWorkspace] [GetSolutionsFallback WTI] Solver <ConvAsmImplicitGemmGTCDynamicBwdXdlopsNHWC>, workspace required: 39739392, provided ptr: 0x767255400000 size: 9895936
MIOpen(HIP): Warning [IsEnoughWorkspace] [GetSolutionsFallback WTI] Solver <ConvHipImplicitGemmGroupBwdXdlops>, workspace required: 39739392, provided ptr: 0x767255400000 size: 9895936
MIOpen(HIP): Warning [IsEnoughWorkspace] [GetSolutionsFallback AI] Solver <GemmFwdRest>, workspace required: 34635776, provided ptr: 0x7673242c0000 size: 17235968
MIOpen(HIP): Warning [IsEnoughWorkspace] [GetSolutionsFallback AI] Solver <GemmFwdRest>, workspace required: 86589440, provided ptr: 0x76727b598000 size: 26574848
MIOpen(HIP): Warning [IsEnoughWorkspace] [GetSolutionsFallback AI] Solver <ConvHipImplicitGemmGroupFwdXdlops>, workspace required: 25001984, provided ptr: 0x76727c164000 size: 24739840
MIOpen(HIP): Warning [IsEnoughWorkspace] [GetSolutionsFallback AI] Solver <GemmFwdRest>, workspace required: 173178880, provided ptr: 0x767282198000 size: 49938432
MIOpen(HIP): Warning [IsEnoughWorkspace] [GetSolutionsFallback AI] Solver <ConvHipImplicitGemmGroupFwdXdlops>, workspace required: 49545216, provided ptr: 0x767283930000 size: 49479680
MIOpen(HIP): Warning [IsEnoughWorkspace] [GetSolutionsFallback WTI] Solver <ConvAsmImplicitGemmGTCDynamicBwdXdlopsNHWC>, workspace required: 49610752, provided ptr: 0x767282198000 size: 49479680
MIOpen(HIP): Warning [IsEnoughWorkspace] [GetSolutionsFallback WTI] Solver <ConvHipImplicitGemmGroupBwdXdlops>, workspace required: 49610752, provided ptr: 0x767282198000 size: 49479680
MIOpen(HIP): Warning [IsEnoughWorkspace] [GetSolutionsFallback AI] Solver <GemmFwdRest>, workspace required: 173178880, provided ptr: 0x767282198000 size: 49594368
MIOpen(HIP): Warning [IsEnoughWorkspace] [GetSolutionsFallback AI] Solver <ConvHipImplicitGemmGroupFwdXdlops>, workspace required: 49496064, provided ptr: 0x767283930000 size: 49479680
MIOpen(HIP): Warning [IsEnoughWorkspace] [GetSolutionsFallback AI] Solver <GemmFwdRest>, workspace required: 259768320, provided ptr: 0x7672850c8000 size: 74248192
MIOpen(HIP): Warning [IsEnoughWorkspace] [GetSolutionsFallback AI] Solver <ConvHipImplicitGemmGroupFwdXdlops>, workspace required: 74223616, provided ptr: 0x76728742c000 size: 74219520
MIOpen(HIP): Warning [IsEnoughWorkspace] [GetSolutionsFallback AI] Solver <ConvHipImplicitGemmGroupFwdXdlops>, workspace required: 38270464, provided ptr: 0x767279e00000 size: 37110784
MIOpen(HIP): Warning [IsEnoughWorkspace] [GetSolutionsFallback AI] Solver <GemmFwdRest>, workspace required: 259768320, provided ptr: 0x767279e00000 size: 37110784
MIOpen(HIP): Warning [IsEnoughWorkspace] [GetSolutionsFallback AI] Solver <ConvHipImplicitGemmGroupFwdXdlops>, workspace required: 8870912, provided ptr: 0x7671904c0000 size: 2143232
MIOpen(HIP): Warning [IsEnoughWorkspace] [GetSolutionsFallback AI] Solver <ConvAsmImplicitGemmGTCDynamicFwdXdlopsNHWC>, workspace required: 8870912, provided ptr: 0x7671904c0000 size: 2143232
MIOpen(HIP): Warning [IsEnoughWorkspace] [GetSolutionsFallback WTI] Solver <ConvAsmImplicitGemmGTCDynamicBwdXdlopsNHWC>, workspace required: 39677952, provided ptr: 0x767255400000 size: 9797632
MIOpen(HIP): Warning [IsEnoughWorkspace] [GetSolutionsFallback WTI] Solver <ConvHipImplicitGemmGroupBwdXdlops>, workspace required: 39677952, provided ptr: 0x767255400000 size: 9797632
MIOpen(HIP): Warning [IsEnoughWorkspace] [GetSolutionsFallback AI] Solver <GemmFwdRest>, workspace required: 34291712, provided ptr: 0x7673242c0000 size: 17137664
MIOpen(HIP): Warning [IsEnoughWorkspace] [GetSolutionsFallback AI] Solver <GemmFwdRest>, workspace required: 85729280, provided ptr: 0x76727b55c000 size: 26329088
MIOpen(HIP): Warning [IsEnoughWorkspace] [GetSolutionsFallback AI] Solver <ConvHipImplicitGemmGroupFwdXdlops>, workspace required: 24756224, provided ptr: 0x76727c10a000 size: 24494080
MIOpen(HIP): Warning [IsEnoughWorkspace] [GetSolutionsFallback AI] Solver <GemmFwdRest>, workspace required: 171458560, provided ptr: 0x76728215c000 size: 49446912
MIOpen(HIP): Warning [IsEnoughWorkspace] [GetSolutionsFallback AI] Solver <ConvHipImplicitGemmGroupFwdXdlops>, workspace required: 49053696, provided ptr: 0x7672838b8000 size: 48988160
MIOpen(HIP): Warning [IsEnoughWorkspace] [GetSolutionsFallback WTI] Solver <ConvAsmImplicitGemmGTCDynamicBwdXdlopsNHWC>, workspace required: 49119232, provided ptr: 0x76728215c000 size: 48988160
MIOpen(HIP): Warning [IsEnoughWorkspace] [GetSolutionsFallback WTI] Solver <ConvHipImplicitGemmGroupBwdXdlops>, workspace required: 49119232, provided ptr: 0x76728215c000 size: 48988160
MIOpen(HIP): Warning [IsEnoughWorkspace] [GetSolutionsFallback AI] Solver <GemmFwdRest>, workspace required: 171458560, provided ptr: 0x76728215c000 size: 49102848
MIOpen(HIP): Warning [IsEnoughWorkspace] [GetSolutionsFallback AI] Solver <ConvHipImplicitGemmGroupFwdXdlops>, workspace required: 49004544, provided ptr: 0x7672838b8000 size: 48988160
MIOpen(HIP): Warning [IsEnoughWorkspace] [GetSolutionsFallback AI] Solver <GemmFwdRest>, workspace required: 257187840, provided ptr: 0x767285014000 size: 73510912
MIOpen(HIP): Warning [IsEnoughWorkspace] [GetSolutionsFallback AI] Solver <ConvHipImplicitGemmGroupFwdXdlops>, workspace required: 73486336, provided ptr: 0x76728731e000 size: 73482240
MIOpen(HIP): Warning [IsEnoughWorkspace] [GetSolutionsFallback AI] Solver <ConvHipImplicitGemmGroupFwdXdlops>, workspace required: 37890304, provided ptr: 0x767279e00000 size: 36742144
MIOpen(HIP): Warning [IsEnoughWorkspace] [GetSolutionsFallback AI] Solver <GemmFwdRest>, workspace required: 257187840, provided ptr: 0x767279e00000 size: 36742144
MIOpen(HIP): Warning [IsEnoughWorkspace] [GetSolutionsFallback AI] Solver <ConvHipImplicitGemmGroupFwdXdlops>, workspace required: 8584192, provided ptr: 0x7671904c0000 size: 1741824
MIOpen(HIP): Warning [IsEnoughWorkspace] [GetSolutionsFallback AI] Solver <ConvAsmImplicitGemmGTCDynamicFwdXdlopsNHWC>, workspace required: 8584192, provided ptr: 0x7671904c0000 size: 1741824
MIOpen(HIP): Warning [IsEnoughWorkspace] [GetSolutionsFallback WTI] Solver <ConvAsmImplicitGemmGTCDynamicBwdXdlopsNHWC>, workspace required: 38531072, provided ptr: 0x767255400000 size: 7962624
MIOpen(HIP): Warning [IsEnoughWorkspace] [GetSolutionsFallback WTI] Solver <ConvHipImplicitGemmGroupBwdXdlops>, workspace required: 38531072, provided ptr: 0x767255400000 size: 7962624
MIOpen(HIP): Warning [IsEnoughWorkspace] [GetSolutionsFallback AI] Solver <GemmFwdRest>, workspace required: 27869184, provided ptr: 0x7673242c0000 size: 15302656
MIOpen(HIP): Warning [IsEnoughWorkspace] [GetSolutionsFallback AI] Solver <GemmFwdRest>, workspace required: 69672960, provided ptr: 0x767279e00000 size: 21741568
MIOpen(HIP): Warning [IsEnoughWorkspace] [GetSolutionsFallback AI] Solver <ConvHipImplicitGemmGroupFwdXdlops>, workspace required: 20168704, provided ptr: 0x76727a77e000 size: 19906560
MIOpen(HIP): Warning [IsEnoughWorkspace] [GetSolutionsFallback AI] Solver <GemmFwdRest>, workspace required: 139345920, provided ptr: 0x767280a00000 size: 40271872
MIOpen(HIP): Warning [IsEnoughWorkspace] [GetSolutionsFallback AI] Solver <ConvHipImplicitGemmGroupFwdXdlops>, workspace required: 39878656, provided ptr: 0x767280a00000 size: 39813120
MIOpen(HIP): Warning [IsEnoughWorkspace] [GetSolutionsFallback WTI] Solver <ConvAsmImplicitGemmGTCDynamicBwdXdlopsNHWC>, workspace required: 39944192, provided ptr: 0x76727c3f8000 size: 39813120
MIOpen(HIP): Warning [IsEnoughWorkspace] [GetSolutionsFallback WTI] Solver <ConvHipImplicitGemmGroupBwdXdlops>, workspace required: 39944192, provided ptr: 0x76727c3f8000 size: 39813120
MIOpen(HIP): Warning [IsEnoughWorkspace] [GetSolutionsFallback AI] Solver <GemmFwdRest>, workspace required: 139345920, provided ptr: 0x767280a00000 size: 39927808
MIOpen(HIP): Warning [IsEnoughWorkspace] [GetSolutionsFallback AI] Solver <ConvHipImplicitGemmGroupFwdXdlops>, workspace required: 39829504, provided ptr: 0x767280a00000 size: 39813120
MIOpen(HIP): Warning [IsEnoughWorkspace] [GetSolutionsFallback AI] Solver <GemmFwdRest>, workspace required: 209018880, provided ptr: 0x76728267a000 size: 59748352
MIOpen(HIP): Warning [IsEnoughWorkspace] [GetSolutionsFallback AI] Solver <ConvHipImplicitGemmGroupFwdXdlops>, workspace required: 59723776, provided ptr: 0x7672842f4000 size: 59719680
MIOpen(HIP): Warning [IsEnoughWorkspace] [GetSolutionsFallback AI] Solver <ConvHipImplicitGemmGroupFwdXdlops>, workspace required: 30793984, provided ptr: 0x76727ba7a000 size: 29860864
MIOpen(HIP): Warning [IsEnoughWorkspace] [GetSolutionsFallback AI] Solver <GemmFwdRest>, workspace required: 209018880, provided ptr: 0x76727ba7a000 size: 29860864
MIOpen(HIP): Warning [IsEnoughWorkspace] [GetSolutionsFallback AI] Solver <ConvHipImplicitGemmGroupFwdXdlops>, workspace required: 9213952, provided ptr: 0x7671904c0000 size: 2623488
MIOpen(HIP): Warning [IsEnoughWorkspace] [GetSolutionsFallback AI] Solver <ConvAsmImplicitGemmGTCDynamicFwdXdlopsNHWC>, workspace required: 9213952, provided ptr: 0x7671904c0000 size: 2623488
MIOpen(HIP): Warning [IsEnoughWorkspace] [GetSolutionsFallback WTI] Solver <ConvAsmImplicitGemmGTCDynamicBwdXdlopsNHWC>, workspace required: 41050112, provided ptr: 0x7673242c0000 size: 11993088
MIOpen(HIP): Warning [IsEnoughWorkspace] [GetSolutionsFallback WTI] Solver <ConvHipImplicitGemmGroupBwdXdlops>, workspace required: 41050112, provided ptr: 0x7673242c0000 size: 11993088
MIOpen(HIP): Warning [IsEnoughWorkspace] [GetSolutionsFallback AI] Solver <GemmFwdRest>, workspace required: 41975808, provided ptr: 0x767279e00000 size: 19333120
MIOpen(HIP): Warning [IsEnoughWorkspace] [GetSolutionsFallback AI] Solver <GemmFwdRest>, workspace required: 104939520, provided ptr: 0x76727ba98000 size: 31817728
MIOpen(HIP): Warning [IsEnoughWorkspace] [GetSolutionsFallback AI] Solver <ConvHipImplicitGemmGroupFwdXdlops>, workspace required: 30244864, provided ptr: 0x76727c8e4000 size: 29982720
MIOpen(HIP): Warning [IsEnoughWorkspace] [GetSolutionsFallback AI] Solver <GemmFwdRest>, workspace required: 209879040, provided ptr: 0x767282698000 size: 60424192
MIOpen(HIP): Warning [IsEnoughWorkspace] [GetSolutionsFallback AI] Solver <ConvHipImplicitGemmGroupFwdXdlops>, workspace required: 60030976, provided ptr: 0x767284330000 size: 59965440
MIOpen(HIP): Warning [IsEnoughWorkspace] [GetSolutionsFallback WTI] Solver <ConvAsmImplicitGemmGTCDynamicBwdXdlopsNHWC>, workspace required: 60096512, provided ptr: 0x767282698000 size: 59965440
MIOpen(HIP): Warning [IsEnoughWorkspace] [GetSolutionsFallback WTI] Solver <ConvHipImplicitGemmGroupBwdXdlops>, workspace required: 60096512, provided ptr: 0x767282698000 size: 59965440
MIOpen(HIP): Warning [IsEnoughWorkspace] [GetSolutionsFallback AI] Solver <GemmFwdRest>, workspace required: 209879040, provided ptr: 0x767284330000 size: 60080128
MIOpen(HIP): Warning [IsEnoughWorkspace] [GetSolutionsFallback AI] Solver <ConvHipImplicitGemmGroupFwdXdlops>, workspace required: 59981824, provided ptr: 0x767285fc8000 size: 59965440
MIOpen(HIP): Warning [IsEnoughWorkspace] [GetSolutionsFallback AI] Solver <GemmFwdRest>, workspace required: 314818560, provided ptr: 0x767285fc8000 size: 89976832
MIOpen(HIP): Warning [IsEnoughWorkspace] [GetSolutionsFallback AI] Solver <ConvHipImplicitGemmGroupFwdXdlops>, workspace required: 89952256, provided ptr: 0x767288aac000 size: 89948160
MIOpen(HIP): Warning [IsEnoughWorkspace] [GetSolutionsFallback AI] Solver <ConvHipImplicitGemmGroupFwdXdlops>, workspace required: 46380544, provided ptr: 0x767279e00000 size: 44975104
MIOpen(HIP): Warning [IsEnoughWorkspace] [GetSolutionsFallback AI] Solver <GemmFwdRest>, workspace required: 314818560, provided ptr: 0x767279e00000 size: 44975104
MIOpen(HIP): Warning [IsEnoughWorkspace] [GetSolutionsFallback AI] Solver <ConvAsmImplicitGemmGTCDynamicFwdXdlopsNHWC>, workspace required: 7529472, provided ptr: 0x7672b130a000 size: 265216
MIOpen(HIP): Warning [IsEnoughWorkspace] [GetSolutionsFallback AI] Solver <ConvHipImplicitGemmGroupFwdXdlops>, workspace required: 7529472, provided ptr: 0x7672b130a000 size: 265216
MIOpen(HIP): Warning [IsEnoughWorkspace] [GetSolutionsFallback WTI] Solver <ConvAsmImplicitGemmGTCDynamicBwdXdlopsNHWC>, workspace required: 34312192, provided ptr: 0x767191480000 size: 1212416
MIOpen(HIP): Warning [IsEnoughWorkspace] [GetSolutionsFallback WTI] Solver <ConvHipImplicitGemmGroupBwdXdlops>, workspace required: 34312192, provided ptr: 0x767191480000 size: 1212416
MIOpen(HIP): Warning [IsEnoughWorkspace] [GetSolutionsFallback AI] Solver <ConvHipImplicitGemmGroupFwdXdlops>, workspace required: 2260992, provided ptr: 0 size: 0
MIOpen(HIP): Warning [IsEnoughWorkspace] [GetSolutionsFallback AI] Solver <ConvAsmImplicitGemmGTCDynamicFwdXdlopsNHWC>, workspace required: 1212416, provided ptr: 0 size: 0
MIOpen(HIP): Warning [IsEnoughWorkspace] [GetSolutionsFallback WTI] Solver <ConvAsmImplicitGemmGTCDynamicFwdXdlopsNHWC>, workspace required: 8552448, provided ptr: 0x767193c00000 size: 4243456
MIOpen(HIP): Warning [IsEnoughWorkspace] [GetSolutionsFallback WTI] Solver <ConvHipImplicitGemmGroupFwdXdlops>, workspace required: 8552448, provided ptr: 0x767193c00000 size: 4243456
MIOpen(HIP): Warning [IsEnoughWorkspace] [GetSolutionsFallback WTI] Solver <ConvAsmImplicitGemmGTCDynamicFwdXdlopsNHWC>, workspace required: 8552448, provided ptr: 0x767193c00000 size: 4243456
MIOpen(HIP): Warning [IsEnoughWorkspace] [GetSolutionsFallback WTI] Solver <ConvHipImplicitGemmGroupFwdXdlops>, workspace required: 8552448, provided ptr: 0x767193c00000 size: 4243456
MIOpen(HIP): Warning [IsEnoughWorkspace] [GetSolutionsFallback WTI] Solver <ConvAsmImplicitGemmGTCDynamicBwdXdlopsNHWC>, workspace required: 7364608, provided ptr: 0x7671904c0000 size: 3031040
MIOpen(HIP): Warning [IsEnoughWorkspace] [GetSolutionsFallback WTI] Solver <ConvHipImplicitGemmGroupBwdXdlops>, workspace required: 7364608, provided ptr: 0x7671904c0000 size: 3031040
MIOpen(HIP): Warning [IsEnoughWorkspace] [GetSolutionsFallback AI] Solver <GemmFwdRest>, workspace required: 10608640, provided ptr: 0x767193c00000 size: 4866048
MIOpen(HIP): Warning [IsEnoughWorkspace] [GetSolutionsFallback AI] Solver <GemmFwdRest>, workspace required: 21217280, provided ptr: 0x7672559c8000 size: 6520832
MIOpen(HIP): Warning [IsEnoughWorkspace] [GetSolutionsFallback AI] Solver <ConvAsmImplicitGemmGTCDynamicFwdXdlopsNHWC>, workspace required: 6062080, provided ptr: 0 size: 0
MIOpen(HIP): Warning [IsEnoughWorkspace] [GetSolutionsFallback AI] Solver <ConvHipImplicitGemmGroupFwdXdlops>, workspace required: 6127616, provided ptr: 0 size: 0
MIOpen(HIP): Warning [IsEnoughWorkspace] [GetSolutionsFallback WTI] Solver <ConvAsmImplicitGemmGTCDynamicBwdXdlopsNHWC>, workspace required: 6193152, provided ptr: 0x7672559c8000 size: 6062080
MIOpen(HIP): Warning [IsEnoughWorkspace] [GetSolutionsFallback WTI] Solver <ConvHipImplicitGemmGroupBwdXdlops>, workspace required: 6193152, provided ptr: 0x7672559c8000 size: 6062080
MIOpen(HIP): Warning [IsEnoughWorkspace] [GetSolutionsFallback AI] Solver <GemmFwdRest>, workspace required: 21217280, provided ptr: 0x7672559c8000 size: 6176768
MIOpen(HIP): Warning [IsEnoughWorkspace] [GetSolutionsFallback AI] Solver <ConvHipImplicitGemmGroupFwdXdlops>, workspace required: 6078464, provided ptr: 0x7673242c0000 size: 6062080
MIOpen(HIP): Warning [IsEnoughWorkspace] [GetSolutionsFallback AI] Solver <GemmFwdRest>, workspace required: 31825920, provided ptr: 0x7673242c0000 size: 9121792
MIOpen(HIP): Warning [IsEnoughWorkspace] [GetSolutionsFallback AI] Solver <ConvHipImplicitGemmGroupFwdXdlops>, workspace required: 9097216, provided ptr: 0x767324716000 size: 9093120
MIOpen(HIP): Warning [IsEnoughWorkspace] [GetSolutionsFallback AI] Solver <ConvHipImplicitGemmGroupFwdXdlops>, workspace required: 4689664, provided ptr: 0x767255400000 size: 4547584
MIOpen(HIP): Warning [IsEnoughWorkspace] [GetSolutionsFallback AI] Solver <GemmFwdRest>, workspace required: 31825920, provided ptr: 0x767255400000 size: 4547584
[0;36m(APIServer pid=23472)[0;0m [32mINFO[0m [90m10-07 15:19:21[0m [90m[stats.py:902][0m [OmniTiming] req=speech-8df82791cffe6367-9a21faad total=6.00s engine=6.00s stages=[0:6.00s]
INFO:     127.0.0.1:60618 - "POST /v1/audio/speech HTTP/1.1" 200 OK
[0;36m(APIServer pid=23472)[0;0m [32mINFO[0m [90m10-07 15:19:21[0m [90m[serving_speech.py:2423][0m Diffusion TTS speech request speech-9af75fad73f4eb7e: voice_clone=False
[0;36m(APIServer pid=23472)[0;0m [32mINFO[0m [90m10-07 15:19:21[0m [90m[serving_speech.py:2471][0m Applied diffusion speech params: seed=42 extra_params={}
[0;36m(APIServer pid=23472)[0;0m [32mINFO[0m [90m10-07 15:19:21[0m [90m[diffusion_engine.py:764][0m [RequestBatch] admission wait done waiting=1 max_batch=8 waited_ms=2.2
MIOpen(HIP): Warning [IsEnoughWorkspace] [GetSolutionsFallback AI] Solver <ConvHipImplicitGemmGroupFwdXdlops>, workspace required: 8461312, provided ptr: 0x767191480000 size: 1569792
MIOpen(HIP): Warning [IsEnoughWorkspace] [GetSolutionsFallback AI] Solver <ConvAsmImplicitGemmGTCDynamicFwdXdlopsNHWC>, workspace required: 8461312, provided ptr: 0x767191480000 size: 1569792
MIOpen(HIP): Warning [IsEnoughWorkspace] [GetSolutionsFallback WTI] Solver <ConvAsmImplicitGemmGTCDynamicBwdXdlopsNHWC>, workspace required: 38039552, provided ptr: 0x767255400000 size: 7176192
MIOpen(HIP): Warning [IsEnoughWorkspace] [GetSolutionsFallback WTI] Solver <ConvHipImplicitGemmGroupBwdXdlops>, workspace required: 38039552, provided ptr: 0x767255400000 size: 7176192
MIOpen(HIP): Warning [IsEnoughWorkspace] [GetSolutionsFallback AI] Solver <GemmFwdRest>, workspace required: 25116672, provided ptr: 0x7673242c0000 size: 14516224
MIOpen(HIP): Warning [IsEnoughWorkspace] [GetSolutionsFallback AI] Solver <GemmFwdRest>, workspace required: 62791680, provided ptr: 0x76727a68e000 size: 19775488
MIOpen(HIP): Warning [IsEnoughWorkspace] [GetSolutionsFallback AI] Solver <ConvHipImplicitGemmGroupFwdXdlops>, workspace required: 18202624, provided ptr: 0x76727af1c000 size: 17940480
MIOpen(HIP): Warning [IsEnoughWorkspace] [GetSolutionsFallback AI] Solver <GemmFwdRest>, workspace required: 125583360, provided ptr: 0x767280a00000 size: 36339712
MIOpen(HIP): Warning [IsEnoughWorkspace] [GetSolutionsFallback AI] Solver <ConvHipImplicitGemmGroupFwdXdlops>, workspace required: 35946496, provided ptr: 0x767280a00000 size: 35880960
MIOpen(HIP): Warning [IsEnoughWorkspace] [GetSolutionsFallback WTI] Solver <ConvAsmImplicitGemmGTCDynamicBwdXdlopsNHWC>, workspace required: 36012032, provided ptr: 0x767280a00000 size: 35880960
MIOpen(HIP): Warning [IsEnoughWorkspace] [GetSolutionsFallback WTI] Solver <ConvHipImplicitGemmGroupBwdXdlops>, workspace required: 36012032, provided ptr: 0x767280a00000 size: 35880960
MIOpen(HIP): Warning [IsEnoughWorkspace] [GetSolutionsFallback AI] Solver <GemmFwdRest>, workspace required: 125583360, provided ptr: 0x767280a00000 size: 35995648
MIOpen(HIP): Warning [IsEnoughWorkspace] [GetSolutionsFallback AI] Solver <ConvHipImplicitGemmGroupFwdXdlops>, workspace required: 35897344, provided ptr: 0x767281b1c000 size: 35880960
MIOpen(HIP): Warning [IsEnoughWorkspace] [GetSolutionsFallback AI] Solver <GemmFwdRest>, workspace required: 188375040, provided ptr: 0x7672823aa000 size: 53850112
MIOpen(HIP): Warning [IsEnoughWorkspace] [GetSolutionsFallback AI] Solver <ConvHipImplicitGemmGroupFwdXdlops>, workspace required: 53825536, provided ptr: 0x767283d54000 size: 53821440
MIOpen(HIP): Warning [IsEnoughWorkspace] [GetSolutionsFallback AI] Solver <ConvHipImplicitGemmGroupFwdXdlops>, workspace required: 27752704, provided ptr: 0x76727b7aa000 size: 26911744
MIOpen(HIP): Warning [IsEnoughWorkspace] [GetSolutionsFallback AI] Solver <GemmFwdRest>, workspace required: 188375040, provided ptr: 0x76727b7aa000 size: 26911744
MIOpen(HIP): Warning [IsEnoughWorkspace] [GetSolutionsFallback AI] Solver <ConvHipImplicitGemmGroupFwdXdlops>, workspace required: 8922112, provided ptr: 0x7671904c0000 size: 2214912
MIOpen(HIP): Warning [IsEnoughWorkspace] [GetSolutionsFallback AI] Solver <ConvAsmImplicitGemmGTCDynamicFwdXdlopsNHWC>, workspace required: 8922112, provided ptr: 0x7671904c0000 size: 2214912
MIOpen(HIP): Warning [IsEnoughWorkspace] [GetSolutionsFallback WTI] Solver <ConvAsmImplicitGemmGTCDynamicBwdXdlopsNHWC>, workspace required: 39882752, provided ptr: 0x767255400000 size: 10125312
MIOpen(HIP): Warning [IsEnoughWorkspace] [GetSolutionsFallback WTI] Solver <ConvHipImplicitGemmGroupBwdXdlops>, workspace required: 39882752, provided ptr: 0x767255400000 size: 10125312
MIOpen(HIP): Warning [IsEnoughWorkspace] [GetSolutionsFallback AI] Solver <GemmFwdRest>, workspace required: 35438592, provided ptr: 0x7673242c0000 size: 17465344
MIOpen(HIP): Warning [IsEnoughWorkspace] [GetSolutionsFallback AI] Solver <GemmFwdRest>, workspace required: 88596480, provided ptr: 0x76727b624000 size: 27148288
MIOpen(HIP): Warning [IsEnoughWorkspace] [GetSolutionsFallback AI] Solver <ConvHipImplicitGemmGroupFwdXdlops>, workspace required: 25575424, provided ptr: 0x76727c236000 size: 25313280
MIOpen(HIP): Warning [IsEnoughWorkspace] [GetSolutionsFallback AI] Solver <GemmFwdRest>, workspace required: 177192960, provided ptr: 0x767282224000 size: 51085312
MIOpen(HIP): Warning [IsEnoughWorkspace] [GetSolutionsFallback AI] Solver <ConvHipImplicitGemmGroupFwdXdlops>, workspace required: 50692096, provided ptr: 0x767283a48000 size: 50626560
MIOpen(HIP): Warning [IsEnoughWorkspace] [GetSolutionsFallback WTI] Solver <ConvAsmImplicitGemmGTCDynamicBwdXdlopsNHWC>, workspace required: 50757632, provided ptr: 0x767282224000 size: 50626560
MIOpen(HIP): Warning [IsEnoughWorkspace] [GetSolutionsFallback WTI] Solver <ConvHipImplicitGemmGroupBwdXdlops>, workspace required: 50757632, provided ptr: 0x767282224000 size: 50626560
MIOpen(HIP): Warning [IsEnoughWorkspace] [GetSolutionsFallback AI] Solver <GemmFwdRest>, workspace required: 177192960, provided ptr: 0x767282224000 size: 50741248
MIOpen(HIP): Warning [IsEnoughWorkspace] [GetSolutionsFallback AI] Solver <ConvHipImplicitGemmGroupFwdXdlops>, workspace required: 50642944, provided ptr: 0x767283a48000 size: 50626560
MIOpen(HIP): Warning [IsEnoughWorkspace] [GetSolutionsFallback AI] Solver <GemmFwdRest>, workspace required: 265789440, provided ptr: 0x76728526c000 size: 75968512
MIOpen(HIP): Warning [IsEnoughWorkspace] [GetSolutionsFallback AI] Solver <ConvHipImplicitGemmGroupFwdXdlops>, workspace required: 75943936, provided ptr: 0x7672876a2000 size: 75939840
MIOpen(HIP): Warning [IsEnoughWorkspace] [GetSolutionsFallback AI] Solver <ConvHipImplicitGemmGroupFwdXdlops>, workspace required: 39157504, provided ptr: 0x767279e00000 size: 37970944
MIOpen(HIP): Warning [IsEnoughWorkspace] [GetSolutionsFallback AI] Solver <GemmFwdRest>, workspace required: 265789440, provided ptr: 0x767279e00000 size: 37970944
MIOpen(HIP): Warning [IsEnoughWorkspace] [GetSolutionsFallback AI] Solver <ConvHipImplicitGemmGroupFwdXdlops>, workspace required: 9004032, provided ptr: 0x7671904c0000 size: 2329600
MIOpen(HIP): Warning [IsEnoughWorkspace] [GetSolutionsFallback AI] Solver <ConvAsmImplicitGemmGTCDynamicFwdXdlopsNHWC>, workspace required: 9004032, provided ptr: 0x7671904c0000 size: 2329600
MIOpen(HIP): Warning [IsEnoughWorkspace] [GetSolutionsFallback WTI] Solver <ConvAsmImplicitGemmGTCDynamicBwdXdlopsNHWC>, workspace required: 40210432, provided ptr: 0x7673242c0000 size: 10649600
MIOpen(HIP): Warning [IsEnoughWorkspace] [GetSolutionsFallback WTI] Solver <ConvHipImplicitGemmGroupBwdXdlops>, workspace required: 40210432, provided ptr: 0x7673242c0000 size: 10649600
MIOpen(HIP): Warning [IsEnoughWorkspace] [GetSolutionsFallback AI] Solver <GemmFwdRest>, workspace required: 37273600, provided ptr: 0x767279e00000 size: 17989632
MIOpen(HIP): Warning [IsEnoughWorkspace] [GetSolutionsFallback AI] Solver <GemmFwdRest>, workspace required: 93184000, provided ptr: 0x76727aab2000 size: 28459008
MIOpen(HIP): Warning [IsEnoughWorkspace] [GetSolutionsFallback AI] Solver <ConvHipImplicitGemmGroupFwdXdlops>, workspace required: 26886144, provided ptr: 0x76727b764000 size: 26624000
MIOpen(HIP): Warning [IsEnoughWorkspace] [GetSolutionsFallback AI] Solver <GemmFwdRest>, workspace required: 186368000, provided ptr: 0x767282364000 size: 53706752
MIOpen(HIP): Warning [IsEnoughWorkspace] [GetSolutionsFallback AI] Solver <ConvHipImplicitGemmGroupFwdXdlops>, workspace required: 53313536, provided ptr: 0x767283cc8000 size: 53248000
MIOpen(HIP): Warning [IsEnoughWorkspace] [GetSolutionsFallback WTI] Solver <ConvAsmImplicitGemmGTCDynamicBwdXdlopsNHWC>, workspace required: 53379072, provided ptr: 0x767282364000 size: 53248000
MIOpen(HIP): Warning [IsEnoughWorkspace] [GetSolutionsFallback WTI] Solver <ConvHipImplicitGemmGroupBwdXdlops>, workspace required: 53379072, provided ptr: 0x767282364000 size: 53248000
MIOpen(HIP): Warning [IsEnoughWorkspace] [GetSolutionsFallback AI] Solver <GemmFwdRest>, workspace required: 186368000, provided ptr: 0x767283cc8000 size: 53362688
MIOpen(HIP): Warning [IsEnoughWorkspace] [GetSolutionsFallback AI] Solver <ConvHipImplicitGemmGroupFwdXdlops>, workspace required: 53264384, provided ptr: 0x76728562c000 size: 53248000
MIOpen(HIP): Warning [IsEnoughWorkspace] [GetSolutionsFallback AI] Solver <GemmFwdRest>, workspace required: 279552000, provided ptr: 0x76728562c000 size: 79900672
MIOpen(HIP): Warning [IsEnoughWorkspace] [GetSolutionsFallback AI] Solver <ConvHipImplicitGemmGroupFwdXdlops>, workspace required: 79876096, provided ptr: 0x767287c42000 size: 79872000
MIOpen(HIP): Warning [IsEnoughWorkspace] [GetSolutionsFallback AI] Solver <ConvHipImplicitGemmGroupFwdXdlops>, workspace required: 41185024, provided ptr: 0x767279e00000 size: 39937024
MIOpen(HIP): Warning [IsEnoughWorkspace] [GetSolutionsFallback AI] Solver <GemmFwdRest>, workspace required: 279552000, provided ptr: 0x767279e00000 size: 39937024
MIOpen(HIP): Warning [IsEnoughWorkspace] [GetSolutionsFallback AI] Solver <ConvHipImplicitGemmGroupFwdXdlops>, workspace required: 9152512, provided ptr: 0x7671904c0000 size: 2537472
MIOpen(HIP): Warning [IsEnoughWorkspace] [GetSolutionsFallback AI] Solver <ConvAsmImplicitGemmGTCDynamicFwdXdlopsNHWC>, workspace required: 9152512, provided ptr: 0x7671904c0000 size: 2537472
MIOpen(HIP): Warning [IsEnoughWorkspace] [GetSolutionsFallback WTI] Solver <ConvAsmImplicitGemmGTCDynamicBwdXdlopsNHWC>, workspace required: 40804352, provided ptr: 0x7673242c0000 size: 11599872
MIOpen(HIP): Warning [IsEnoughWorkspace] [GetSolutionsFallback WTI] Solver <ConvHipImplicitGemmGroupBwdXdlops>, workspace required: 40804352, provided ptr: 0x7673242c0000 size: 11599872
MIOpen(HIP): Warning [IsEnoughWorkspace] [GetSolutionsFallback AI] Solver <GemmFwdRest>, workspace required: 40599552, provided ptr: 0x767279e00000 size: 18939904
MIOpen(HIP): Warning [IsEnoughWorkspace] [GetSolutionsFallback AI] Solver <GemmFwdRest>, workspace required: 101498880, provided ptr: 0x76727b9a8000 size: 30834688
MIOpen(HIP): Warning [IsEnoughWorkspace] [GetSolutionsFallback AI] Solver <ConvHipImplicitGemmGroupFwdXdlops>, workspace required: 29261824, provided ptr: 0x76727c77c000 size: 28999680
MIOpen(HIP): Warning [IsEnoughWorkspace] [GetSolutionsFallback AI] Solver <GemmFwdRest>, workspace required: 202997760, provided ptr: 0x7672825a8000 size: 58458112
MIOpen(HIP): Warning [IsEnoughWorkspace] [GetSolutionsFallback AI] Solver <ConvHipImplicitGemmGroupFwdXdlops>, workspace required: 58064896, provided ptr: 0x767284150000 size: 57999360
MIOpen(HIP): Warning [IsEnoughWorkspace] [GetSolutionsFallback WTI] Solver <ConvAsmImplicitGemmGTCDynamicBwdXdlopsNHWC>, workspace required: 58130432, provided ptr: 0x7672825a8000 size: 57999360
MIOpen(HIP): Warning [IsEnoughWorkspace] [GetSolutionsFallback WTI] Solver <ConvHipImplicitGemmGroupBwdXdlops>, workspace required: 58130432, provided ptr: 0x7672825a8000 size: 57999360
MIOpen(HIP): Warning [IsEnoughWorkspace] [GetSolutionsFallback AI] Solver <GemmFwdRest>, workspace required: 202997760, provided ptr: 0x767284150000 size: 58114048
MIOpen(HIP): Warning [IsEnoughWorkspace] [GetSolutionsFallback AI] Solver <ConvHipImplicitGemmGroupFwdXdlops>, workspace required: 58015744, provided ptr: 0x767285cf8000 size: 57999360
MIOpen(HIP): Warning [IsEnoughWorkspace] [GetSolutionsFallback AI] Solver <GemmFwdRest>, workspace required: 304496640, provided ptr: 0x767285cf8000 size: 87027712
MIOpen(HIP): Warning [IsEnoughWorkspace] [GetSolutionsFallback AI] Solver <ConvHipImplicitGemmGroupFwdXdlops>, workspace required: 87003136, provided ptr: 0x767288674000 size: 86999040
MIOpen(HIP): Warning [IsEnoughWorkspace] [GetSolutionsFallback AI] Solver <ConvHipImplicitGemmGroupFwdXdlops>, workspace required: 44859904, provided ptr: 0x767279e00000 size: 43500544
MIOpen(HIP): Warning [IsEnoughWorkspace] [GetSolutionsFallback AI] Solver <GemmFwdRest>, workspace required: 304496640, provided ptr: 0x767279e00000 size: 43500544
MIOpen(HIP): Warning [IsEnoughWorkspace] [GetSolutionsFallback AI] Solver <ConvHipImplicitGemmGroupFwdXdlops>, workspace required: 8522752, provided ptr: 0x7671904c0000 size: 1655808
MIOpen(HIP): Warning [IsEnoughWorkspace] [GetSolutionsFallback AI] Solver <ConvAsmImplicitGemmGTCDynamicFwdXdlopsNHWC>, workspace required: 8522752, provided ptr: 0x7671904c0000 size: 1655808
MIOpen(HIP): Warning [IsEnoughWorkspace] [GetSolutionsFallback WTI] Solver <ConvAsmImplicitGemmGTCDynamicBwdXdlopsNHWC>, workspace required: 38285312, provided ptr: 0x767255400000 size: 7569408
MIOpen(HIP): Warning [IsEnoughWorkspace] [GetSolutionsFallback WTI] Solver <ConvHipImplicitGemmGroupBwdXdlops>, workspace required: 38285312, provided ptr: 0x767255400000 size: 7569408
MIOpen(HIP): Warning [IsEnoughWorkspace] [GetSolutionsFallback AI] Solver <GemmFwdRest>, workspace required: 26492928, provided ptr: 0x7673242c0000 size: 14909440
MIOpen(HIP): Warning [IsEnoughWorkspace] [GetSolutionsFallback AI] Solver <GemmFwdRest>, workspace required: 66232320, provided ptr: 0x767279e00000 size: 20758528
MIOpen(HIP): Warning [IsEnoughWorkspace] [GetSolutionsFallback AI] Solver <ConvHipImplicitGemmGroupFwdXdlops>, workspace required: 19185664, provided ptr: 0x76727a706000 size: 18923520
MIOpen(HIP): Warning [IsEnoughWorkspace] [GetSolutionsFallback AI] Solver <GemmFwdRest>, workspace required: 132464640, provided ptr: 0x767280a00000 size: 38305792
MIOpen(HIP): Warning [IsEnoughWorkspace] [GetSolutionsFallback AI] Solver <ConvHipImplicitGemmGroupFwdXdlops>, workspace required: 37912576, provided ptr: 0x767280a00000 size: 37847040
MIOpen(HIP): Warning [IsEnoughWorkspace] [GetSolutionsFallback WTI] Solver <ConvAsmImplicitGemmGTCDynamicBwdXdlopsNHWC>, workspace required: 37978112, provided ptr: 0x76727c218000 size: 37847040
MIOpen(HIP): Warning [IsEnoughWorkspace] [GetSolutionsFallback WTI] Solver <ConvHipImplicitGemmGroupBwdXdlops>, workspace required: 37978112, provided ptr: 0x76727c218000 size: 37847040
MIOpen(HIP): Warning [IsEnoughWorkspace] [GetSolutionsFallback AI] Solver <GemmFwdRest>, workspace required: 132464640, provided ptr: 0x767280a00000 size: 37961728
MIOpen(HIP): Warning [IsEnoughWorkspace] [GetSolutionsFallback AI] Solver <ConvHipImplicitGemmGroupFwdXdlops>, workspace required: 37863424, provided ptr: 0x767280a00000 size: 37847040
MIOpen(HIP): Warning [IsEnoughWorkspace] [GetSolutionsFallback AI] Solver <GemmFwdRest>, workspace required: 198696960, provided ptr: 0x767282512000 size: 56799232
MIOpen(HIP): Warning [IsEnoughWorkspace] [GetSolutionsFallback AI] Solver <ConvHipImplicitGemmGroupFwdXdlops>, workspace required: 56774656, provided ptr: 0x767284024000 size: 56770560
MIOpen(HIP): Warning [IsEnoughWorkspace] [GetSolutionsFallback AI] Solver <ConvHipImplicitGemmGroupFwdXdlops>, workspace required: 29273344, provided ptr: 0x76727b912000 size: 28386304
MIOpen(HIP): Warning [IsEnoughWorkspace] [GetSolutionsFallback AI] Solver <GemmFwdRest>, workspace required: 198696960, provided ptr: 0x76727b912000 size: 28386304
MIOpen(HIP): Warning [IsEnoughWorkspace] [GetSolutionsFallback AI] Solver <ConvHipImplicitGemmGroupFwdXdlops>, workspace required: 8717312, provided ptr: 0x7671904c0000 size: 1928192
MIOpen(HIP): Warning [IsEnoughWorkspace] [GetSolutionsFallback AI] Solver <ConvAsmImplicitGemmGTCDynamicFwdXdlopsNHWC>, workspace required: 8717312, provided ptr: 0x7671904c0000 size: 1928192
MIOpen(HIP): Warning [IsEnoughWorkspace] [GetSolutionsFallback WTI] Solver <ConvAsmImplicitGemmGTCDynamicBwdXdlopsNHWC>, workspace required: 39063552, provided ptr: 0x767255400000 size: 8814592
MIOpen(HIP): Warning [IsEnoughWorkspace] [GetSolutionsFallback WTI] Solver <ConvHipImplicitGemmGroupBwdXdlops>, workspace required: 39063552, provided ptr: 0x767255400000 size: 8814592
MIOpen(HIP): Warning [IsEnoughWorkspace] [GetSolutionsFallback AI] Solver <GemmFwdRest>, workspace required: 30851072, provided ptr: 0x7673242c0000 size: 16154624
MIOpen(HIP): Warning [IsEnoughWorkspace] [GetSolutionsFallback AI] Solver <GemmFwdRest>, workspace required: 77127680, provided ptr: 0x76727a882000 size: 23871488
MIOpen(HIP): Warning [IsEnoughWorkspace] [GetSolutionsFallback AI] Solver <ConvHipImplicitGemmGroupFwdXdlops>, workspace required: 22298624, provided ptr: 0x76727b304000 size: 22036480
MIOpen(HIP): Warning [IsEnoughWorkspace] [GetSolutionsFallback AI] Solver <GemmFwdRest>, workspace required: 154255360, provided ptr: 0x767280a00000 size: 44531712
MIOpen(HIP): Warning [IsEnoughWorkspace] [GetSolutionsFallback AI] Solver <ConvHipImplicitGemmGroupFwdXdlops>, workspace required: 44138496, provided ptr: 0x767280a00000 size: 44072960
MIOpen(HIP): Warning [IsEnoughWorkspace] [GetSolutionsFallback WTI] Solver <ConvAsmImplicitGemmGTCDynamicBwdXdlopsNHWC>, workspace required: 44204032, provided ptr: 0x767280a00000 size: 44072960
MIOpen(HIP): Warning [IsEnoughWorkspace] [GetSolutionsFallback WTI] Solver <ConvHipImplicitGemmGroupBwdXdlops>, workspace required: 44204032, provided ptr: 0x767280a00000 size: 44072960
MIOpen(HIP): Warning [IsEnoughWorkspace] [GetSolutionsFallback AI] Solver <GemmFwdRest>, workspace required: 154255360, provided ptr: 0x767280a00000 size: 44187648
MIOpen(HIP): Warning [IsEnoughWorkspace] [GetSolutionsFallback AI] Solver <ConvHipImplicitGemmGroupFwdXdlops>, workspace required: 44089344, provided ptr: 0x767281f04000 size: 44072960
MIOpen(HIP): Warning [IsEnoughWorkspace] [GetSolutionsFallback AI] Solver <GemmFwdRest>, workspace required: 231383040, provided ptr: 0x76728490c000 size: 66138112
MIOpen(HIP): Warning [IsEnoughWorkspace] [GetSolutionsFallback AI] Solver <ConvHipImplicitGemmGroupFwdXdlops>, workspace required: 66113536, provided ptr: 0x767286892000 size: 66109440
MIOpen(HIP): Warning [IsEnoughWorkspace] [GetSolutionsFallback AI] Solver <ConvHipImplicitGemmGroupFwdXdlops>, workspace required: 34088704, provided ptr: 0x76727bd86000 size: 33055744
MIOpen(HIP): Warning [IsEnoughWorkspace] [GetSolutionsFallback AI] Solver <GemmFwdRest>, workspace required: 231383040, provided ptr: 0x76727bd86000 size: 33055744
MIOpen(HIP): Warning [IsEnoughWorkspace] [GetSolutionsFallback AI] Solver <ConvHipImplicitGemmGroupFwdXdlops>, workspace required: 8630272, provided ptr: 0x7671904c0000 size: 1806336
MIOpen(HIP): Warning [IsEnoughWorkspace] [GetSolutionsFallback AI] Solver <ConvAsmImplicitGemmGTCDynamicFwdXdlopsNHWC>, workspace required: 8630272, provided ptr: 0x7671904c0000 size: 1806336
MIOpen(HIP): Warning [IsEnoughWorkspace] [GetSolutionsFallback WTI] Solver <ConvAsmImplicitGemmGTCDynamicBwdXdlopsNHWC>, workspace required: 38715392, provided ptr: 0x767255400000 size: 8257536
MIOpen(HIP): Warning [IsEnoughWorkspace] [GetSolutionsFallback WTI] Solver <ConvHipImplicitGemmGroupBwdXdlops>, workspace required: 38715392, provided ptr: 0x767255400000 size: 8257536
MIOpen(HIP): Warning [IsEnoughWorkspace] [GetSolutionsFallback AI] Solver <GemmFwdRest>, workspace required: 28901376, provided ptr: 0x7673242c0000 size: 15597568
MIOpen(HIP): Warning [IsEnoughWorkspace] [GetSolutionsFallback AI] Solver <GemmFwdRest>, workspace required: 72253440, provided ptr: 0x767279e00000 size: 22478848
MIOpen(HIP): Warning [IsEnoughWorkspace] [GetSolutionsFallback AI] Solver <ConvHipImplicitGemmGroupFwdXdlops>, workspace required: 20905984, provided ptr: 0x76727a7d8000 size: 20643840
MIOpen(HIP): Warning [IsEnoughWorkspace] [GetSolutionsFallback AI] Solver <GemmFwdRest>, workspace required: 144506880, provided ptr: 0x767280a00000 size: 41746432
MIOpen(HIP): Warning [IsEnoughWorkspace] [GetSolutionsFallback AI] Solver <ConvHipImplicitGemmGroupFwdXdlops>, workspace required: 41353216, provided ptr: 0x767281db0000 size: 41287680
MIOpen(HIP): Warning [IsEnoughWorkspace] [GetSolutionsFallback WTI] Solver <ConvAsmImplicitGemmGTCDynamicBwdXdlopsNHWC>, workspace required: 41418752, provided ptr: 0x767280a00000 size: 41287680
MIOpen(HIP): Warning [IsEnoughWorkspace] [GetSolutionsFallback WTI] Solver <ConvHipImplicitGemmGroupBwdXdlops>, workspace required: 41418752, provided ptr: 0x767280a00000 size: 41287680
MIOpen(HIP): Warning [IsEnoughWorkspace] [GetSolutionsFallback AI] Solver <GemmFwdRest>, workspace required: 144506880, provided ptr: 0x767280a00000 size: 41402368
MIOpen(HIP): Warning [IsEnoughWorkspace] [GetSolutionsFallback AI] Solver <ConvHipImplicitGemmGroupFwdXdlops>, workspace required: 41304064, provided ptr: 0x767281db0000 size: 41287680
MIOpen(HIP): Warning [IsEnoughWorkspace] [GetSolutionsFallback AI] Solver <GemmFwdRest>, workspace required: 216760320, provided ptr: 0x767284510000 size: 61960192
MIOpen(HIP): Warning [IsEnoughWorkspace] [GetSolutionsFallback AI] Solver <ConvHipImplicitGemmGroupFwdXdlops>, workspace required: 61935616, provided ptr: 0x767286298000 size: 61931520
MIOpen(HIP): Warning [IsEnoughWorkspace] [GetSolutionsFallback AI] Solver <ConvHipImplicitGemmGroupFwdXdlops>, workspace required: 31934464, provided ptr: 0x76727bb88000 size: 30966784
MIOpen(HIP): Warning [IsEnoughWorkspace] [GetSolutionsFallback AI] Solver <GemmFwdRest>, workspace required: 216760320, provided ptr: 0x76727bb88000 size: 30966784
MIOpen(HIP): Warning [IsEnoughWorkspace] [GetSolutionsFallback AI] Solver <ConvHipImplicitGemmGroupFwdXdlops>, workspace required: 8077312, provided ptr: 0x7671f9600000 size: 1032192
MIOpen(HIP): Warning [IsEnoughWorkspace] [GetSolutionsFallback AI] Solver <ConvAsmImplicitGemmGTCDynamicFwdXdlopsNHWC>, workspace required: 8077312, provided ptr: 0x7671f9600000 size: 1032192
MIOpen(HIP): Warning [IsEnoughWorkspace] [GetSolutionsFallback WTI] Solver <ConvAsmImplicitGemmGTCDynamicBwdXdlopsNHWC>, workspace required: 36503552, provided ptr: 0x767193c00000 size: 4718592
MIOpen(HIP): Warning [IsEnoughWorkspace] [GetSolutionsFallback WTI] Solver <ConvHipImplicitGemmGroupBwdXdlops>, workspace required: 36503552, provided ptr: 0x767193c00000 size: 4718592
MIOpen(HIP): Warning [IsEnoughWorkspace] [GetSolutionsFallback AI] Solver <GemmFwdRest>, workspace required: 16515072, provided ptr: 0x767255400000 size: 12058624
MIOpen(HIP): Warning [IsEnoughWorkspace] [GetSolutionsFallback WTI] Solver <ConvAsmImplicitGemmGTCDynamicBwdXdlopsNHWC>, workspace required: 13500416, provided ptr: 0x7673242c0000 size: 11796480
MIOpen(HIP): Warning [IsEnoughWorkspace] [GetSolutionsFallback WTI] Solver <ConvHipImplicitGemmGroupBwdXdlops>, workspace required: 13500416, provided ptr: 0x7673242c0000 size: 11796480
MIOpen(HIP): Warning [IsEnoughWorkspace] [GetSolutionsFallback AI] Solver <GemmFwdRest>, workspace required: 41287680, provided ptr: 0x767324860000 size: 13631488
MIOpen(HIP): Warning [IsEnoughWorkspace] [GetSolutionsFallback AI] Solver <ConvHipImplicitGemmGroupFwdXdlops>, workspace required: 12058624, provided ptr: 0x767279e00000 size: 11796480
MIOpen(HIP): Warning [IsEnoughWorkspace] [GetSolutionsFallback AI] Solver <GemmFwdRest>, workspace required: 82575360, provided ptr: 0x76727b480000 size: 24051712
MIOpen(HIP): Warning [IsEnoughWorkspace] [GetSolutionsFallback AI] Solver <ConvHipImplicitGemmGroupFwdXdlops>, workspace required: 23658496, provided ptr: 0x76727bfc0000 size: 23592960
MIOpen(HIP): Warning [IsEnoughWorkspace] [GetSolutionsFallback WTI] Solver <ConvAsmImplicitGemmGTCDynamicBwdXdlopsNHWC>, workspace required: 23724032, provided ptr: 0x76727a940000 size: 23592960
MIOpen(HIP): Warning [IsEnoughWorkspace] [GetSolutionsFallback WTI] Solver <ConvHipImplicitGemmGroupBwdXdlops>, workspace required: 23724032, provided ptr: 0x76727a940000 size: 23592960
MIOpen(HIP): Warning [IsEnoughWorkspace] [GetSolutionsFallback AI] Solver <GemmFwdRest>, workspace required: 82575360, provided ptr: 0x76727b480000 size: 23707648
MIOpen(HIP): Warning [IsEnoughWorkspace] [GetSolutionsFallback AI] Solver <ConvHipImplicitGemmGroupFwdXdlops>, workspace required: 23609344, provided ptr: 0x76727bfc0000 size: 23592960
MIOpen(HIP): Warning [IsEnoughWorkspace] [GetSolutionsFallback AI] Solver <GemmFwdRest>, workspace required: 123863040, provided ptr: 0x767280a00000 size: 35418112
MIOpen(HIP): Warning [IsEnoughWorkspace] [GetSolutionsFallback AI] Solver <ConvHipImplicitGemmGroupFwdXdlops>, workspace required: 35393536, provided ptr: 0x767280a00000 size: 35389440
MIOpen(HIP): Warning [IsEnoughWorkspace] [GetSolutionsFallback AI] Solver <ConvHipImplicitGemmGroupFwdXdlops>, workspace required: 18248704, provided ptr: 0x767279e00000 size: 17695744
MIOpen(HIP): Warning [IsEnoughWorkspace] [GetSolutionsFallback AI] Solver <GemmFwdRest>, workspace required: 123863040, provided ptr: 0x767279e00000 size: 17695744
[0;36m(APIServer pid=23472)[0;0m [32mINFO[0m [90m10-07 15:19:26[0m [90m[stats.py:902][0m [OmniTiming] req=speech-9af75fad73f4eb7e-b1ad9e47 total=5.02s engine=5.02s stages=[0:5.02s]
INFO:     127.0.0.1:60618 - "POST /v1/audio/speech HTTP/1.1" 200 OK
[0;36m(APIServer pid=23472)[0;0m [32mINFO[0m [90m10-07 15:19:26[0m [90m[serving_speech.py:2423][0m Diffusion TTS speech request speech-9345924ffbe6de7c: voice_clone=False
[0;36m(APIServer pid=23472)[0;0m [32mINFO[0m [90m10-07 15:19:26[0m [90m[serving_speech.py:2471][0m Applied diffusion speech params: seed=42 extra_params={}
[0;36m(APIServer pid=23472)[0;0m [32mINFO[0m [90m10-07 15:19:26[0m [90m[diffusion_engine.py:764][0m [RequestBatch] admission wait done waiting=1 max_batch=8 waited_ms=2.1
MIOpen(HIP): Warning [IsEnoughWorkspace] [GetSolutionsFallback AI] Solver <ConvHipImplicitGemmGroupFwdXdlops>, workspace required: 8302592, provided ptr: 0x767191480000 size: 1347584
MIOpen(HIP): Warning [IsEnoughWorkspace] [GetSolutionsFallback AI] Solver <ConvAsmImplicitGemmGTCDynamicFwdXdlopsNHWC>, workspace required: 8302592, provided ptr: 0x767191480000 size: 1347584
MIOpen(HIP): Warning [IsEnoughWorkspace] [GetSolutionsFallback WTI] Solver <ConvAsmImplicitGemmGTCDynamicBwdXdlopsNHWC>, workspace required: 37404672, provided ptr: 0x767255400000 size: 6160384
MIOpen(HIP): Warning [IsEnoughWorkspace] [GetSolutionsFallback WTI] Solver <ConvHipImplicitGemmGroupBwdXdlops>, workspace required: 37404672, provided ptr: 0x767255400000 size: 6160384
MIOpen(HIP): Warning [IsEnoughWorkspace] [GetSolutionsFallback AI] Solver <GemmFwdRest>, workspace required: 21561344, provided ptr: 0x7673242c0000 size: 13500416
MIOpen(HIP): Warning [IsEnoughWorkspace] [GetSolutionsFallback WTI] Solver <ConvAsmImplicitGemmGTCDynamicBwdXdlopsNHWC>, workspace required: 16023552, provided ptr: 0x7673242c0000 size: 15400960
MIOpen(HIP): Warning [IsEnoughWorkspace] [GetSolutionsFallback WTI] Solver <ConvHipImplicitGemmGroupBwdXdlops>, workspace required: 16023552, provided ptr: 0x7673242c0000 size: 15400960
MIOpen(HIP): Warning [IsEnoughWorkspace] [GetSolutionsFallback AI] Solver <GemmFwdRest>, workspace required: 53903360, provided ptr: 0x767279e00000 size: 17235968
MIOpen(HIP): Warning [IsEnoughWorkspace] [GetSolutionsFallback AI] Solver <ConvAsmImplicitGemmGTCDynamicFwdXdlopsNHWC>, workspace required: 15400960, provided ptr: 0 size: 0
MIOpen(HIP): Warning [IsEnoughWorkspace] [GetSolutionsFallback AI] Solver <ConvHipImplicitGemmGroupFwdXdlops>, workspace required: 15663104, provided ptr: 0 size: 0
MIOpen(HIP): Warning [IsEnoughWorkspace] [GetSolutionsFallback AI] Solver <GemmFwdRest>, workspace required: 107806720, provided ptr: 0x76727ca10000 size: 31260672
MIOpen(HIP): Warning [IsEnoughWorkspace] [GetSolutionsFallback AI] Solver <ConvHipImplicitGemmGroupFwdXdlops>, workspace required: 30867456, provided ptr: 0x767280a00000 size: 30801920
MIOpen(HIP): Warning [IsEnoughWorkspace] [GetSolutionsFallback WTI] Solver <ConvAsmImplicitGemmGTCDynamicBwdXdlopsNHWC>, workspace required: 30932992, provided ptr: 0x76727bb60000 size: 30801920
MIOpen(HIP): Warning [IsEnoughWorkspace] [GetSolutionsFallback WTI] Solver <ConvHipImplicitGemmGroupBwdXdlops>, workspace required: 30932992, provided ptr: 0x76727bb60000 size: 30801920
MIOpen(HIP): Warning [IsEnoughWorkspace] [GetSolutionsFallback AI] Solver <GemmFwdRest>, workspace required: 107806720, provided ptr: 0x76727ca10000 size: 30916608
MIOpen(HIP): Warning [IsEnoughWorkspace] [GetSolutionsFallback AI] Solver <ConvHipImplicitGemmGroupFwdXdlops>, workspace required: 30818304, provided ptr: 0x767280a00000 size: 30801920
MIOpen(HIP): Warning [IsEnoughWorkspace] [GetSolutionsFallback AI] Solver <GemmFwdRest>, workspace required: 161710080, provided ptr: 0x767282008000 size: 46231552
MIOpen(HIP): Warning [IsEnoughWorkspace] [GetSolutionsFallback AI] Solver <ConvHipImplicitGemmGroupFwdXdlops>, workspace required: 46206976, provided ptr: 0x767283610000 size: 46202880
MIOpen(HIP): Warning [IsEnoughWorkspace] [GetSolutionsFallback AI] Solver <ConvHipImplicitGemmGroupFwdXdlops>, workspace required: 23824384, provided ptr: 0x76727b408000 size: 23102464
MIOpen(HIP): Warning [IsEnoughWorkspace] [GetSolutionsFallback AI] Solver <GemmFwdRest>, workspace required: 161710080, provided ptr: 0x76727b408000 size: 23102464
MIOpen(HIP): Warning [IsEnoughWorkspace] [GetSolutionsFallback AI] Solver <ConvHipImplicitGemmGroupFwdXdlops>, workspace required: 8732672, provided ptr: 0x7671904c0000 size: 1949696
MIOpen(HIP): Warning [IsEnoughWorkspace] [GetSolutionsFallback AI] Solver <ConvAsmImplicitGemmGTCDynamicFwdXdlopsNHWC>, workspace required: 8732672, provided ptr: 0x7671904c0000 size: 1949696
MIOpen(HIP): Warning [IsEnoughWorkspace] [GetSolutionsFallback WTI] Solver <ConvAsmImplicitGemmGTCDynamicBwdXdlopsNHWC>, workspace required: 39124992, provided ptr: 0x767255400000 size: 8912896
MIOpen(HIP): Warning [IsEnoughWorkspace] [GetSolutionsFallback WTI] Solver <ConvHipImplicitGemmGroupBwdXdlops>, workspace required: 39124992, provided ptr: 0x767255400000 size: 8912896
MIOpen(HIP): Warning [IsEnoughWorkspace] [GetSolutionsFallback AI] Solver <GemmFwdRest>, workspace required: 31195136, provided ptr: 0x7673242c0000 size: 16252928
MIOpen(HIP): Warning [IsEnoughWorkspace] [GetSolutionsFallback AI] Solver <GemmFwdRest>, workspace required: 77987840, provided ptr: 0x76727a8a0000 size: 24117248
MIOpen(HIP): Warning [IsEnoughWorkspace] [GetSolutionsFallback AI] Solver <ConvHipImplicitGemmGroupFwdXdlops>, workspace required: 22544384, provided ptr: 0x76727b340000 size: 22282240
MIOpen(HIP): Warning [IsEnoughWorkspace] [GetSolutionsFallback AI] Solver <GemmFwdRest>, workspace required: 155975680, provided ptr: 0x767280a00000 size: 45023232
MIOpen(HIP): Warning [IsEnoughWorkspace] [GetSolutionsFallback AI] Solver <ConvHipImplicitGemmGroupFwdXdlops>, workspace required: 44630016, provided ptr: 0x767281f40000 size: 44564480
MIOpen(HIP): Warning [IsEnoughWorkspace] [GetSolutionsFallback WTI] Solver <ConvAsmImplicitGemmGTCDynamicBwdXdlopsNHWC>, workspace required: 44695552, provided ptr: 0x767280a00000 size: 44564480
MIOpen(HIP): Warning [IsEnoughWorkspace] [GetSolutionsFallback WTI] Solver <ConvHipImplicitGemmGroupBwdXdlops>, workspace required: 44695552, provided ptr: 0x767280a00000 size: 44564480
MIOpen(HIP): Warning [IsEnoughWorkspace] [GetSolutionsFallback AI] Solver <GemmFwdRest>, workspace required: 155975680, provided ptr: 0x767280a00000 size: 44679168
MIOpen(HIP): Warning [IsEnoughWorkspace] [GetSolutionsFallback AI] Solver <ConvHipImplicitGemmGroupFwdXdlops>, workspace required: 44580864, provided ptr: 0x767281f40000 size: 44564480
MIOpen(HIP): Warning [IsEnoughWorkspace] [GetSolutionsFallback AI] Solver <GemmFwdRest>, workspace required: 233963520, provided ptr: 0x7672849c0000 size: 66875392
MIOpen(HIP): Warning [IsEnoughWorkspace] [GetSolutionsFallback AI] Solver <ConvHipImplicitGemmGroupFwdXdlops>, workspace required: 66850816, provided ptr: 0x7672869a0000 size: 66846720
MIOpen(HIP): Warning [IsEnoughWorkspace] [GetSolutionsFallback AI] Solver <ConvHipImplicitGemmGroupFwdXdlops>, workspace required: 34468864, provided ptr: 0x76727bde0000 size: 33424384
MIOpen(HIP): Warning [IsEnoughWorkspace] [GetSolutionsFallback AI] Solver <GemmFwdRest>, workspace required: 233963520, provided ptr: 0x76727bde0000 size: 33424384
MIOpen(HIP): Warning [IsEnoughWorkspace] [GetSolutionsFallback AI] Solver <ConvHipImplicitGemmGroupFwdXdlops>, workspace required: 9203712, provided ptr: 0x7671904c0000 size: 2609152
MIOpen(HIP): Warning [IsEnoughWorkspace] [GetSolutionsFallback AI] Solver <ConvAsmImplicitGemmGTCDynamicFwdXdlopsNHWC>, workspace required: 9203712, provided ptr: 0x7671904c0000 size: 2609152
MIOpen(HIP): Warning [IsEnoughWorkspace] [GetSolutionsFallback WTI] Solver <ConvAsmImplicitGemmGTCDynamicBwdXdlopsNHWC>, workspace required: 41009152, provided ptr: 0x7673242c0000 size: 11927552
MIOpen(HIP): Warning [IsEnoughWorkspace] [GetSolutionsFallback WTI] Solver <ConvHipImplicitGemmGroupBwdXdlops>, workspace required: 41009152, provided ptr: 0x7673242c0000 size: 11927552
MIOpen(HIP): Warning [IsEnoughWorkspace] [GetSolutionsFallback AI] Solver <GemmFwdRest>, workspace required: 41746432, provided ptr: 0x767279e00000 size: 19267584
MIOpen(HIP): Warning [IsEnoughWorkspace] [GetSolutionsFallback AI] Solver <GemmFwdRest>, workspace required: 104366080, provided ptr: 0x76727ba70000 size: 31653888
MIOpen(HIP): Warning [IsEnoughWorkspace] [GetSolutionsFallback AI] Solver <ConvHipImplicitGemmGroupFwdXdlops>, workspace required: 30081024, provided ptr: 0x76727c8a8000 size: 29818880
MIOpen(HIP): Warning [IsEnoughWorkspace] [GetSolutionsFallback AI] Solver <GemmFwdRest>, workspace required: 208732160, provided ptr: 0x767282670000 size: 60096512
MIOpen(HIP): Warning [IsEnoughWorkspace] [GetSolutionsFallback AI] Solver <ConvHipImplicitGemmGroupFwdXdlops>, workspace required: 59703296, provided ptr: 0x7672842e0000 size: 59637760
MIOpen(HIP): Warning [IsEnoughWorkspace] [GetSolutionsFallback WTI] Solver <ConvAsmImplicitGemmGTCDynamicBwdXdlopsNHWC>, workspace required: 59768832, provided ptr: 0x767282670000 size: 59637760
MIOpen(HIP): Warning [IsEnoughWorkspace] [GetSolutionsFallback WTI] Solver <ConvHipImplicitGemmGroupBwdXdlops>, workspace required: 59768832, provided ptr: 0x767282670000 size: 59637760
MIOpen(HIP): Warning [IsEnoughWorkspace] [GetSolutionsFallback AI] Solver <GemmFwdRest>, workspace required: 208732160, provided ptr: 0x7672842e0000 size: 59752448
MIOpen(HIP): Warning [IsEnoughWorkspace] [GetSolutionsFallback AI] Solver <ConvHipImplicitGemmGroupFwdXdlops>, workspace required: 59654144, provided ptr: 0x767285f50000 size: 59637760
MIOpen(HIP): Warning [IsEnoughWorkspace] [GetSolutionsFallback AI] Solver <GemmFwdRest>, workspace required: 313098240, provided ptr: 0x767285f50000 size: 89485312
MIOpen(HIP): Warning [IsEnoughWorkspace] [GetSolutionsFallback AI] Solver <ConvHipImplicitGemmGroupFwdXdlops>, workspace required: 89460736, provided ptr: 0x7672889f8000 size: 89456640
MIOpen(HIP): Warning [IsEnoughWorkspace] [GetSolutionsFallback AI] Solver <ConvHipImplicitGemmGroupFwdXdlops>, workspace required: 46127104, provided ptr: 0x767279e00000 size: 44729344
MIOpen(HIP): Warning [IsEnoughWorkspace] [GetSolutionsFallback AI] Solver <GemmFwdRest>, workspace required: 313098240, provided ptr: 0x767279e00000 size: 44729344
MIOpen(HIP): Warning [IsEnoughWorkspace] [GetSolutionsFallback AI] Solver <ConvHipImplicitGemmGroupFwdXdlops>, workspace required: 9034752, provided ptr: 0x7671904c0000 size: 2372608
MIOpen(HIP): Warning [IsEnoughWorkspace] [GetSolutionsFallback AI] Solver <ConvAsmImplicitGemmGTCDynamicFwdXdlopsNHWC>, workspace required: 9034752, provided ptr: 0x7671904c0000 size: 2372608
MIOpen(HIP): Warning [IsEnoughWorkspace] [GetSolutionsFallback WTI] Solver <ConvAsmImplicitGemmGTCDynamicBwdXdlopsNHWC>, workspace required: 40333312, provided ptr: 0x7673242c0000 size: 10846208
MIOpen(HIP): Warning [IsEnoughWorkspace] [GetSolutionsFallback WTI] Solver <ConvHipImplicitGemmGroupBwdXdlops>, workspace required: 40333312, provided ptr: 0x7673242c0000 size: 10846208
MIOpen(HIP): Warning [IsEnoughWorkspace] [GetSolutionsFallback AI] Solver <GemmFwdRest>, workspace required: 37961728, provided ptr: 0x767279e00000 size: 18186240
MIOpen(HIP): Warning [IsEnoughWorkspace] [GetSolutionsFallback AI] Solver <GemmFwdRest>, workspace required: 94904320, provided ptr: 0x76727aaee000 size: 28950528
MIOpen(HIP): Warning [IsEnoughWorkspace] [GetSolutionsFallback AI] Solver <ConvHipImplicitGemmGroupFwdXdlops>, workspace required: 27377664, provided ptr: 0x76727b7dc000 size: 27115520
MIOpen(HIP): Warning [IsEnoughWorkspace] [GetSolutionsFallback AI] Solver <GemmFwdRest>, workspace required: 189808640, provided ptr: 0x7672823dc000 size: 54689792
MIOpen(HIP): Warning [IsEnoughWorkspace] [GetSolutionsFallback AI] Solver <ConvHipImplicitGemmGroupFwdXdlops>, workspace required: 54296576, provided ptr: 0x767283db8000 size: 54231040
MIOpen(HIP): Warning [IsEnoughWorkspace] [GetSolutionsFallback WTI] Solver <ConvAsmImplicitGemmGTCDynamicBwdXdlopsNHWC>, workspace required: 54362112, provided ptr: 0x7672823dc000 size: 54231040
MIOpen(HIP): Warning [IsEnoughWorkspace] [GetSolutionsFallback WTI] Solver <ConvHipImplicitGemmGroupBwdXdlops>, workspace required: 54362112, provided ptr: 0x7672823dc000 size: 54231040
MIOpen(HIP): Warning [IsEnoughWorkspace] [GetSolutionsFallback AI] Solver <GemmFwdRest>, workspace required: 189808640, provided ptr: 0x767283db8000 size: 54345728
MIOpen(HIP): Warning [IsEnoughWorkspace] [GetSolutionsFallback AI] Solver <ConvHipImplicitGemmGroupFwdXdlops>, workspace required: 54247424, provided ptr: 0x767285794000 size: 54231040
MIOpen(HIP): Warning [IsEnoughWorkspace] [GetSolutionsFallback AI] Solver <GemmFwdRest>, workspace required: 284712960, provided ptr: 0x767285794000 size: 81375232
MIOpen(HIP): Warning [IsEnoughWorkspace] [GetSolutionsFallback AI] Solver <ConvHipImplicitGemmGroupFwdXdlops>, workspace required: 81350656, provided ptr: 0x767287e5e000 size: 81346560
MIOpen(HIP): Warning [IsEnoughWorkspace] [GetSolutionsFallback AI] Solver <ConvHipImplicitGemmGroupFwdXdlops>, workspace required: 41945344, provided ptr: 0x767279e00000 size: 40674304
MIOpen(HIP): Warning [IsEnoughWorkspace] [GetSolutionsFallback AI] Solver <GemmFwdRest>, workspace required: 284712960, provided ptr: 0x767279e00000 size: 40674304
MIOpen(HIP): Warning [IsEnoughWorkspace] [GetSolutionsFallback AI] Solver <ConvHipImplicitGemmGroupFwdXdlops>, workspace required: 8819712, provided ptr: 0x7671904c0000 size: 2071552
MIOpen(HIP): Warning [IsEnoughWorkspace] [GetSolutionsFallback AI] Solver <ConvAsmImplicitGemmGTCDynamicFwdXdlopsNHWC>, workspace required: 8819712, provided ptr: 0x7671904c0000 size: 2071552
MIOpen(HIP): Warning [IsEnoughWorkspace] [GetSolutionsFallback WTI] Solver <ConvAsmImplicitGemmGTCDynamicBwdXdlopsNHWC>, workspace required: 39473152, provided ptr: 0x767255400000 size: 9469952
MIOpen(HIP): Warning [IsEnoughWorkspace] [GetSolutionsFallback WTI] Solver <ConvHipImplicitGemmGroupBwdXdlops>, workspace required: 39473152, provided ptr: 0x767255400000 size: 9469952
MIOpen(HIP): Warning [IsEnoughWorkspace] [GetSolutionsFallback AI] Solver <GemmFwdRest>, workspace required: 33144832, provided ptr: 0x7673242c0000 size: 16809984
MIOpen(HIP): Warning [IsEnoughWorkspace] [GetSolutionsFallback AI] Solver <GemmFwdRest>, workspace required: 82862080, provided ptr: 0x76727b494000 size: 25509888
MIOpen(HIP): Warning [IsEnoughWorkspace] [GetSolutionsFallback AI] Solver <ConvHipImplicitGemmGroupFwdXdlops>, workspace required: 23937024, provided ptr: 0x76727bfde000 size: 23674880
MIOpen(HIP): Warning [IsEnoughWorkspace] [GetSolutionsFallback AI] Solver <GemmFwdRest>, workspace required: 165724160, provided ptr: 0x767282094000 size: 47808512
MIOpen(HIP): Warning [IsEnoughWorkspace] [GetSolutionsFallback AI] Solver <ConvHipImplicitGemmGroupFwdXdlops>, workspace required: 47415296, provided ptr: 0x767283728000 size: 47349760
MIOpen(HIP): Warning [IsEnoughWorkspace] [GetSolutionsFallback WTI] Solver <ConvAsmImplicitGemmGTCDynamicBwdXdlopsNHWC>, workspace required: 47480832, provided ptr: 0x767282094000 size: 47349760
MIOpen(HIP): Warning [IsEnoughWorkspace] [GetSolutionsFallback WTI] Solver <ConvHipImplicitGemmGroupBwdXdlops>, workspace required: 47480832, provided ptr: 0x767282094000 size: 47349760
MIOpen(HIP): Warning [IsEnoughWorkspace] [GetSolutionsFallback AI] Solver <GemmFwdRest>, workspace required: 165724160, provided ptr: 0x767282094000 size: 47464448
MIOpen(HIP): Warning [IsEnoughWorkspace] [GetSolutionsFallback AI] Solver <ConvHipImplicitGemmGroupFwdXdlops>, workspace required: 47366144, provided ptr: 0x767283728000 size: 47349760
MIOpen(HIP): Warning [IsEnoughWorkspace] [GetSolutionsFallback AI] Solver <GemmFwdRest>, workspace required: 248586240, provided ptr: 0x767284dbc000 size: 71053312
MIOpen(HIP): Warning [IsEnoughWorkspace] [GetSolutionsFallback AI] Solver <ConvHipImplicitGemmGroupFwdXdlops>, workspace required: 71028736, provided ptr: 0x767286f9a000 size: 71024640
MIOpen(HIP): Warning [IsEnoughWorkspace] [GetSolutionsFallback AI] Solver <ConvHipImplicitGemmGroupFwdXdlops>, workspace required: 36623104, provided ptr: 0x767279e00000 size: 35513344
MIOpen(HIP): Warning [IsEnoughWorkspace] [GetSolutionsFallback AI] Solver <GemmFwdRest>, workspace required: 248586240, provided ptr: 0x767279e00000 size: 35513344
MIOpen(HIP): Warning [IsEnoughWorkspace] [GetSolutionsFallback AI] Solver <ConvHipImplicitGemmGroupFwdXdlops>, workspace required: 9290752, provided ptr: 0x7671904c0000 size: 2731008
MIOpen(HIP): Warning [IsEnoughWorkspace] [GetSolutionsFallback AI] Solver <ConvAsmImplicitGemmGTCDynamicFwdXdlopsNHWC>, workspace required: 9290752, provided ptr: 0x7671904c0000 size: 2731008
MIOpen(HIP): Warning [IsEnoughWorkspace] [GetSolutionsFallback WTI] Solver <ConvAsmImplicitGemmGTCDynamicBwdXdlopsNHWC>, workspace required: 41357312, provided ptr: 0x7673242c0000 size: 12484608
MIOpen(HIP): Warning [IsEnoughWorkspace] [GetSolutionsFallback WTI] Solver <ConvHipImplicitGemmGroupBwdXdlops>, workspace required: 41357312, provided ptr: 0x7673242c0000 size: 12484608
MIOpen(HIP): Warning [IsEnoughWorkspace] [GetSolutionsFallback AI] Solver <GemmFwdRest>, workspace required: 43696128, provided ptr: 0x767279e00000 size: 19824640
MIOpen(HIP): Warning [IsEnoughWorkspace] [GetSolutionsFallback AI] Solver <GemmFwdRest>, workspace required: 109240320, provided ptr: 0x76727bbc4000 size: 33046528
MIOpen(HIP): Warning [IsEnoughWorkspace] [GetSolutionsFallback AI] Solver <ConvHipImplicitGemmGroupFwdXdlops>, workspace required: 31473664, provided ptr: 0x76727caa6000 size: 31211520
MIOpen(HIP): Warning [IsEnoughWorkspace] [GetSolutionsFallback AI] Solver <GemmFwdRest>, workspace required: 218480640, provided ptr: 0x7672827c4000 size: 62881792
MIOpen(HIP): Warning [IsEnoughWorkspace] [GetSolutionsFallback AI] Solver <ConvHipImplicitGemmGroupFwdXdlops>, workspace required: 62488576, provided ptr: 0x767284588000 size: 62423040
MIOpen(HIP): Warning [IsEnoughWorkspace] [GetSolutionsFallback WTI] Solver <ConvAsmImplicitGemmGTCDynamicBwdXdlopsNHWC>, workspace required: 62554112, provided ptr: 0x7672827c4000 size: 62423040
MIOpen(HIP): Warning [IsEnoughWorkspace] [GetSolutionsFallback WTI] Solver <ConvHipImplicitGemmGroupBwdXdlops>, workspace required: 62554112, provided ptr: 0x7672827c4000 size: 62423040
MIOpen(HIP): Warning [IsEnoughWorkspace] [GetSolutionsFallback AI] Solver <GemmFwdRest>, workspace required: 218480640, provided ptr: 0x767284588000 size: 62537728
MIOpen(HIP): Warning [IsEnoughWorkspace] [GetSolutionsFallback AI] Solver <ConvHipImplicitGemmGroupFwdXdlops>, workspace required: 62439424, provided ptr: 0x76728634c000 size: 62423040
MIOpen(HIP): Warning [IsEnoughWorkspace] [GetSolutionsFallback AI] Solver <GemmFwdRest>, workspace required: 327720960, provided ptr: 0x76728634c000 size: 93663232
MIOpen(HIP): Warning [IsEnoughWorkspace] [GetSolutionsFallback AI] Solver <ConvHipImplicitGemmGroupFwdXdlops>, workspace required: 93638656, provided ptr: 0x767288ff2000 size: 93634560
MIOpen(HIP): Warning [IsEnoughWorkspace] [GetSolutionsFallback AI] Solver <ConvHipImplicitGemmGroupFwdXdlops>, workspace required: 48281344, provided ptr: 0x767279e00000 size: 46818304
MIOpen(HIP): Warning [IsEnoughWorkspace] [GetSolutionsFallback AI] Solver <GemmFwdRest>, workspace required: 327720960, provided ptr: 0x767279e00000 size: 46818304
MIOpen(HIP): Warning [IsEnoughWorkspace] [GetSolutionsFallback AI] Solver <ConvAsmImplicitGemmGTCDynamicFwdXdlopsNHWC>, workspace required: 7688192, provided ptr: 0x7672b134e000 size: 487424
MIOpen(HIP): Warning [IsEnoughWorkspace] [GetSolutionsFallback AI] Solver <ConvHipImplicitGemmGroupFwdXdlops>, workspace required: 7688192, provided ptr: 0x7672b134e000 size: 487424
MIOpen(HIP): Warning [IsEnoughWorkspace] [GetSolutionsFallback WTI] Solver <ConvAsmImplicitGemmGTCDynamicBwdXdlopsNHWC>, workspace required: 34947072, provided ptr: 0x7671904c0000 size: 2228224
MIOpen(HIP): Warning [IsEnoughWorkspace] [GetSolutionsFallback WTI] Solver <ConvHipImplicitGemmGroupBwdXdlops>, workspace required: 34947072, provided ptr: 0x7671904c0000 size: 2228224
MIOpen(HIP): Warning [IsEnoughWorkspace] [GetSolutionsFallback AI] Solver <ConvAsmImplicitGemmGTCDynamicFwdXdlopsNHWC>, workspace required: 9568256, provided ptr: 0x767255400000 size: 7798784
MIOpen(HIP): Warning [IsEnoughWorkspace] [GetSolutionsFallback AI] Solver <ConvHipImplicitGemmGroupFwdXdlops>, workspace required: 9568256, provided ptr: 0x767255400000 size: 7798784
MIOpen(HIP): Warning [IsEnoughWorkspace] [GetSolutionsFallback AI] Solver <ConvHipImplicitGemmGroupFwdXdlops>, workspace required: 3276800, provided ptr: 0 size: 0
MIOpen(HIP): Warning [IsEnoughWorkspace] [GetSolutionsFallback AI] Solver <ConvAsmImplicitGemmGTCDynamicFwdXdlopsNHWC>, workspace required: 2228224, provided ptr: 0 size: 0
MIOpen(HIP): Warning [IsEnoughWorkspace] [GetSolutionsFallback WTI] Solver <ConvAsmImplicitGemmGTCDynamicFwdXdlopsNHWC>, workspace required: 9568256, provided ptr: 0x767255400000 size: 7798784
MIOpen(HIP): Warning [IsEnoughWorkspace] [GetSolutionsFallback WTI] Solver <ConvHipImplicitGemmGroupFwdXdlops>, workspace required: 9568256, provided ptr: 0x767255400000 size: 7798784
MIOpen(HIP): Warning [IsEnoughWorkspace] [GetSolutionsFallback WTI] Solver <ConvAsmImplicitGemmGTCDynamicFwdXdlopsNHWC>, workspace required: 9568256, provided ptr: 0x767255400000 size: 7798784
MIOpen(HIP): Warning [IsEnoughWorkspace] [GetSolutionsFallback WTI] Solver <ConvHipImplicitGemmGroupFwdXdlops>, workspace required: 9568256, provided ptr: 0x767255400000 size: 7798784
MIOpen(HIP): Warning [IsEnoughWorkspace] [GetSolutionsFallback WTI] Solver <ConvAsmImplicitGemmGTCDynamicBwdXdlopsNHWC>, workspace required: 9142272, provided ptr: 0x767255400000 size: 5570560
MIOpen(HIP): Warning [IsEnoughWorkspace] [GetSolutionsFallback WTI] Solver <ConvHipImplicitGemmGroupBwdXdlops>, workspace required: 9142272, provided ptr: 0x767255400000 size: 5570560
MIOpen(HIP): Warning [IsEnoughWorkspace] [GetSolutionsFallback AI] Solver <GemmFwdRest>, workspace required: 19496960, provided ptr: 0x767255950000 size: 7405568
MIOpen(HIP): Warning [IsEnoughWorkspace] [GetSolutionsFallback AI] Solver <GemmFwdRest>, workspace required: 38993920, provided ptr: 0x767324810000 size: 11599872
MIOpen(HIP): Warning [IsEnoughWorkspace] [GetSolutionsFallback AI] Solver <ConvHipImplicitGemmGroupFwdXdlops>, workspace required: 11206656, provided ptr: 0x767324d60000 size: 11141120
MIOpen(HIP): Warning [IsEnoughWorkspace] [GetSolutionsFallback WTI] Solver <ConvAsmImplicitGemmGTCDynamicBwdXdlopsNHWC>, workspace required: 11272192, provided ptr: 0x767324810000 size: 11141120
MIOpen(HIP): Warning [IsEnoughWorkspace] [GetSolutionsFallback WTI] Solver <ConvHipImplicitGemmGroupBwdXdlops>, workspace required: 11272192, provided ptr: 0x767324810000 size: 11141120
MIOpen(HIP): Warning [IsEnoughWorkspace] [GetSolutionsFallback AI] Solver <GemmFwdRest>, workspace required: 38993920, provided ptr: 0x767279e00000 size: 11255808
MIOpen(HIP): Warning [IsEnoughWorkspace] [GetSolutionsFallback AI] Solver <ConvHipImplicitGemmGroupFwdXdlops>, workspace required: 11157504, provided ptr: 0x767279e00000 size: 11141120
MIOpen(HIP): Warning [IsEnoughWorkspace] [GetSolutionsFallback AI] Solver <GemmFwdRest>, workspace required: 58490880, provided ptr: 0x76727a5f8000 size: 16740352
MIOpen(HIP): Warning [IsEnoughWorkspace] [GetSolutionsFallback AI] Solver <ConvHipImplicitGemmGroupFwdXdlops>, workspace required: 16715776, provided ptr: 0x76727adf0000 size: 16711680
MIOpen(HIP): Warning [IsEnoughWorkspace] [GetSolutionsFallback AI] Solver <ConvHipImplicitGemmGroupFwdXdlops>, workspace required: 8617984, provided ptr: 0x767255400000 size: 8356864
MIOpen(HIP): Warning [IsEnoughWorkspace] [GetSolutionsFallback AI] Solver <GemmFwdRest>, workspace required: 58490880, provided ptr: 0x767255400000 size: 8356864
MIOpen(HIP): Warning [IsEnoughWorkspace] [GetSolutionsFallback AI] Solver <ConvHipImplicitGemmGroupFwdXdlops>, workspace required: 9234432, provided ptr: 0x7671904c0000 size: 2652160
MIOpen(HIP): Warning [IsEnoughWorkspace] [GetSolutionsFallback AI] Solver <ConvAsmImplicitGemmGTCDynamicFwdXdlopsNHWC>, workspace required: 9234432, provided ptr: 0x7671904c0000 size: 2652160
MIOpen(HIP): Warning [IsEnoughWorkspace] [GetSolutionsFallback WTI] Solver <ConvAsmImplicitGemmGTCDynamicBwdXdlopsNHWC>, workspace required: 41132032, provided ptr: 0x7673242c0000 size: 12124160
MIOpen(HIP): Warning [IsEnoughWorkspace] [GetSolutionsFallback WTI] Solver <ConvHipImplicitGemmGroupBwdXdlops>, workspace required: 41132032, provided ptr: 0x7673242c0000 size: 12124160
MIOpen(HIP): Warning [IsEnoughWorkspace] [GetSolutionsFallback AI] Solver <GemmFwdRest>, workspace required: 42434560, provided ptr: 0x767279e00000 size: 19464192
MIOpen(HIP): Warning [IsEnoughWorkspace] [GetSolutionsFallback AI] Solver <GemmFwdRest>, workspace required: 106086400, provided ptr: 0x76727bae8000 size: 32145408
MIOpen(HIP): Warning [IsEnoughWorkspace] [GetSolutionsFallback AI] Solver <ConvHipImplicitGemmGroupFwdXdlops>, workspace required: 30572544, provided ptr: 0x76727c95c000 size: 30310400
MIOpen(HIP): Warning [IsEnoughWorkspace] [GetSolutionsFallback AI] Solver <GemmFwdRest>, workspace required: 212172800, provided ptr: 0x7672826e8000 size: 61079552
MIOpen(HIP): Warning [IsEnoughWorkspace] [GetSolutionsFallback AI] Solver <ConvHipImplicitGemmGroupFwdXdlops>, workspace required: 60686336, provided ptr: 0x7672843d0000 size: 60620800
MIOpen(HIP): Warning [IsEnoughWorkspace] [GetSolutionsFallback WTI] Solver <ConvAsmImplicitGemmGTCDynamicBwdXdlopsNHWC>, workspace required: 60751872, provided ptr: 0x7672826e8000 size: 60620800
MIOpen(HIP): Warning [IsEnoughWorkspace] [GetSolutionsFallback WTI] Solver <ConvHipImplicitGemmGroupBwdXdlops>, workspace required: 60751872, provided ptr: 0x7672826e8000 size: 60620800
MIOpen(HIP): Warning [IsEnoughWorkspace] [GetSolutionsFallback AI] Solver <GemmFwdRest>, workspace required: 212172800, provided ptr: 0x7672843d0000 size: 60735488
MIOpen(HIP): Warning [IsEnoughWorkspace] [GetSolutionsFallback AI] Solver <ConvHipImplicitGemmGroupFwdXdlops>, workspace required: 60637184, provided ptr: 0x7672860b8000 size: 60620800
MIOpen(HIP): Warning [IsEnoughWorkspace] [GetSolutionsFallback AI] Solver <GemmFwdRest>, workspace required: 318259200, provided ptr: 0x7672860b8000 size: 90959872
MIOpen(HIP): Warning [IsEnoughWorkspace] [GetSolutionsFallback AI] Solver <ConvHipImplicitGemmGroupFwdXdlops>, workspace required: 90935296, provided ptr: 0x767288c14000 size: 90931200
MIOpen(HIP): Warning [IsEnoughWorkspace] [GetSolutionsFallback AI] Solver <ConvHipImplicitGemmGroupFwdXdlops>, workspace required: 46887424, provided ptr: 0x767279e00000 size: 45466624
MIOpen(HIP): Warning [IsEnoughWorkspace] [GetSolutionsFallback AI] Solver <GemmFwdRest>, workspace required: 318259200, provided ptr: 0x767279e00000 size: 45466624
[0;36m(APIServer pid=23472)[0;0m [32mINFO[0m [90m10-07 15:19:32[0m [90m[stats.py:902][0m [OmniTiming] req=speech-9345924ffbe6de7c-8ad26664 total=5.90s engine=5.90s stages=[0:5.90s]
INFO:     127.0.0.1:60618 - "POST /v1/audio/speech HTTP/1.1" 200 OK
[0;36m(APIServer pid=23472)[0;0m [32mINFO[0m [90m10-07 15:19:32[0m [90m[serving_speech.py:2423][0m Diffusion TTS speech request speech-b00067ad46513c62: voice_clone=False
[0;36m(APIServer pid=23472)[0;0m [32mINFO[0m [90m10-07 15:19:32[0m [90m[serving_speech.py:2471][0m Applied diffusion speech params: seed=42 extra_params={}
[0;36m(APIServer pid=23472)[0;0m [32mINFO[0m [90m10-07 15:19:32[0m [90m[diffusion_engine.py:764][0m [RequestBatch] admission wait done waiting=1 max_batch=8 waited_ms=2.1
MIOpen(HIP): Warning [IsEnoughWorkspace] [GetSolutionsFallback AI] Solver <ConvHipImplicitGemmGroupFwdXdlops>, workspace required: 8553472, provided ptr: 0x7671904c0000 size: 1698816
MIOpen(HIP): Warning [IsEnoughWorkspace] [GetSolutionsFallback AI] Solver <ConvAsmImplicitGemmGTCDynamicFwdXdlopsNHWC>, workspace required: 8553472, provided ptr: 0x7671904c0000 size: 1698816
MIOpen(HIP): Warning [IsEnoughWorkspace] [GetSolutionsFallback WTI] Solver <ConvAsmImplicitGemmGTCDynamicBwdXdlopsNHWC>, workspace required: 38408192, provided ptr: 0x767255400000 size: 7766016
MIOpen(HIP): Warning [IsEnoughWorkspace] [GetSolutionsFallback WTI] Solver <ConvHipImplicitGemmGroupBwdXdlops>, workspace required: 38408192, provided ptr: 0x767255400000 size: 7766016
MIOpen(HIP): Warning [IsEnoughWorkspace] [GetSolutionsFallback AI] Solver <GemmFwdRest>, workspace required: 27181056, provided ptr: 0x7673242c0000 size: 15106048
MIOpen(HIP): Warning [IsEnoughWorkspace] [GetSolutionsFallback AI] Solver <GemmFwdRest>, workspace required: 67952640, provided ptr: 0x767279e00000 size: 21250048
MIOpen(HIP): Warning [IsEnoughWorkspace] [GetSolutionsFallback AI] Solver <ConvHipImplicitGemmGroupFwdXdlops>, workspace required: 19677184, provided ptr: 0x76727a742000 size: 19415040
MIOpen(HIP): Warning [IsEnoughWorkspace] [GetSolutionsFallback AI] Solver <GemmFwdRest>, workspace required: 135905280, provided ptr: 0x767280a00000 size: 39288832
MIOpen(HIP): Warning [IsEnoughWorkspace] [GetSolutionsFallback AI] Solver <ConvHipImplicitGemmGroupFwdXdlops>, workspace required: 38895616, provided ptr: 0x767280a00000 size: 38830080
MIOpen(HIP): Warning [IsEnoughWorkspace] [GetSolutionsFallback WTI] Solver <ConvAsmImplicitGemmGTCDynamicBwdXdlopsNHWC>, workspace required: 38961152, provided ptr: 0x76727c308000 size: 38830080
MIOpen(HIP): Warning [IsEnoughWorkspace] [GetSolutionsFallback WTI] Solver <ConvHipImplicitGemmGroupBwdXdlops>, workspace required: 38961152, provided ptr: 0x76727c308000 size: 38830080
MIOpen(HIP): Warning [IsEnoughWorkspace] [GetSolutionsFallback AI] Solver <GemmFwdRest>, workspace required: 135905280, provided ptr: 0x767280a00000 size: 38944768
MIOpen(HIP): Warning [IsEnoughWorkspace] [GetSolutionsFallback AI] Solver <ConvHipImplicitGemmGroupFwdXdlops>, workspace required: 38846464, provided ptr: 0x767280a00000 size: 38830080
MIOpen(HIP): Warning [IsEnoughWorkspace] [GetSolutionsFallback AI] Solver <GemmFwdRest>, workspace required: 203857920, provided ptr: 0x7672825c6000 size: 58273792
MIOpen(HIP): Warning [IsEnoughWorkspace] [GetSolutionsFallback AI] Solver <ConvHipImplicitGemmGroupFwdXdlops>, workspace required: 58249216, provided ptr: 0x76728418c000 size: 58245120
MIOpen(HIP): Warning [IsEnoughWorkspace] [GetSolutionsFallback AI] Solver <ConvHipImplicitGemmGroupFwdXdlops>, workspace required: 30033664, provided ptr: 0x76727b9c6000 size: 29123584
MIOpen(HIP): Warning [IsEnoughWorkspace] [GetSolutionsFallback AI] Solver <GemmFwdRest>, workspace required: 203857920, provided ptr: 0x76727b9c6000 size: 29123584
MIOpen(HIP): Warning [IsEnoughWorkspace] [GetSolutionsFallback AI] Solver <ConvHipImplicitGemmGroupFwdXdlops>, workspace required: 8604672, provided ptr: 0x7671904c0000 size: 1770496
MIOpen(HIP): Warning [IsEnoughWorkspace] [GetSolutionsFallback AI] Solver <ConvAsmImplicitGemmGTCDynamicFwdXdlopsNHWC>, workspace required: 8604672, provided ptr: 0x7671904c0000 size: 1770496
MIOpen(HIP): Warning [IsEnoughWorkspace] [GetSolutionsFallback WTI] Solver <ConvAsmImplicitGemmGTCDynamicBwdXdlopsNHWC>, workspace required: 38612992, provided ptr: 0x767255400000 size: 8093696
MIOpen(HIP): Warning [IsEnoughWorkspace] [GetSolutionsFallback WTI] Solver <ConvHipImplicitGemmGroupBwdXdlops>, workspace required: 38612992, provided ptr: 0x767255400000 size: 8093696
MIOpen(HIP): Warning [IsEnoughWorkspace] [GetSolutionsFallback AI] Solver <GemmFwdRest>, workspace required: 28327936, provided ptr: 0x7673242c0000 size: 15433728
MIOpen(HIP): Warning [IsEnoughWorkspace] [GetSolutionsFallback AI] Solver <GemmFwdRest>, workspace required: 70819840, provided ptr: 0x767279e00000 size: 22069248
MIOpen(HIP): Warning [IsEnoughWorkspace] [GetSolutionsFallback AI] Solver <ConvHipImplicitGemmGroupFwdXdlops>, workspace required: 20496384, provided ptr: 0x76727a7a6000 size: 20234240
MIOpen(HIP): Warning [IsEnoughWorkspace] [GetSolutionsFallback AI] Solver <GemmFwdRest>, workspace required: 141639680, provided ptr: 0x767280a00000 size: 40927232
MIOpen(HIP): Warning [IsEnoughWorkspace] [GetSolutionsFallback AI] Solver <ConvHipImplicitGemmGroupFwdXdlops>, workspace required: 40534016, provided ptr: 0x767281d4c000 size: 40468480
MIOpen(HIP): Warning [IsEnoughWorkspace] [GetSolutionsFallback WTI] Solver <ConvAsmImplicitGemmGTCDynamicBwdXdlopsNHWC>, workspace required: 40599552, provided ptr: 0x767280a00000 size: 40468480
MIOpen(HIP): Warning [IsEnoughWorkspace] [GetSolutionsFallback WTI] Solver <ConvHipImplicitGemmGroupBwdXdlops>, workspace required: 40599552, provided ptr: 0x767280a00000 size: 40468480
MIOpen(HIP): Warning [IsEnoughWorkspace] [GetSolutionsFallback AI] Solver <GemmFwdRest>, workspace required: 141639680, provided ptr: 0x767280a00000 size: 40583168
MIOpen(HIP): Warning [IsEnoughWorkspace] [GetSolutionsFallback AI] Solver <ConvHipImplicitGemmGroupFwdXdlops>, workspace required: 40484864, provided ptr: 0x767281d4c000 size: 40468480
MIOpen(HIP): Warning [IsEnoughWorkspace] [GetSolutionsFallback AI] Solver <GemmFwdRest>, workspace required: 212459520, provided ptr: 0x7672843e4000 size: 60731392
MIOpen(HIP): Warning [IsEnoughWorkspace] [GetSolutionsFallback AI] Solver <ConvHipImplicitGemmGroupFwdXdlops>, workspace required: 60706816, provided ptr: 0x7672860d6000 size: 60702720
MIOpen(HIP): Warning [IsEnoughWorkspace] [GetSolutionsFallback AI] Solver <ConvHipImplicitGemmGroupFwdXdlops>, workspace required: 31300864, provided ptr: 0x76727baf2000 size: 30352384
MIOpen(HIP): Warning [IsEnoughWorkspace] [GetSolutionsFallback AI] Solver <GemmFwdRest>, workspace required: 212459520, provided ptr: 0x76727baf2000 size: 30352384
MIOpen(HIP): Warning [IsEnoughWorkspace] [GetSolutionsFallback AI] Solver <ConvHipImplicitGemmGroupFwdXdlops>, workspace required: 9198592, provided ptr: 0x7671904c0000 size: 2601984
MIOpen(HIP): Warning [IsEnoughWorkspace] [GetSolutionsFallback AI] Solver <ConvAsmImplicitGemmGTCDynamicFwdXdlopsNHWC>, workspace required: 9198592, provided ptr: 0x7671904c0000 size: 2601984
MIOpen(HIP): Warning [IsEnoughWorkspace] [GetSolutionsFallback WTI] Solver <ConvAsmImplicitGemmGTCDynamicBwdXdlopsNHWC>, workspace required: 40988672, provided ptr: 0x7673242c0000 size: 11894784
MIOpen(HIP): Warning [IsEnoughWorkspace] [GetSolutionsFallback WTI] Solver <ConvHipImplicitGemmGroupBwdXdlops>, workspace required: 40988672, provided ptr: 0x7673242c0000 size: 11894784
MIOpen(HIP): Warning [IsEnoughWorkspace] [GetSolutionsFallback AI] Solver <GemmFwdRest>, workspace required: 41631744, provided ptr: 0x767279e00000 size: 19234816
MIOpen(HIP): Warning [IsEnoughWorkspace] [GetSolutionsFallback AI] Solver <GemmFwdRest>, workspace required: 104079360, provided ptr: 0x76727ba5c000 size: 31571968
MIOpen(HIP): Warning [IsEnoughWorkspace] [GetSolutionsFallback AI] Solver <ConvHipImplicitGemmGroupFwdXdlops>, workspace required: 29999104, provided ptr: 0x76727c88a000 size: 29736960
MIOpen(HIP): Warning [IsEnoughWorkspace] [GetSolutionsFallback AI] Solver <GemmFwdRest>, workspace required: 208158720, provided ptr: 0x76728265c000 size: 59932672
MIOpen(HIP): Warning [IsEnoughWorkspace] [GetSolutionsFallback AI] Solver <ConvHipImplicitGemmGroupFwdXdlops>, workspace required: 59539456, provided ptr: 0x7672842b8000 size: 59473920
MIOpen(HIP): Warning [IsEnoughWorkspace] [GetSolutionsFallback WTI] Solver <ConvAsmImplicitGemmGTCDynamicBwdXdlopsNHWC>, workspace required: 59604992, provided ptr: 0x76728265c000 size: 59473920
MIOpen(HIP): Warning [IsEnoughWorkspace] [GetSolutionsFallback WTI] Solver <ConvHipImplicitGemmGroupBwdXdlops>, workspace required: 59604992, provided ptr: 0x76728265c000 size: 59473920
MIOpen(HIP): Warning [IsEnoughWorkspace] [GetSolutionsFallback AI] Solver <GemmFwdRest>, workspace required: 208158720, provided ptr: 0x7672842b8000 size: 59588608
MIOpen(HIP): Warning [IsEnoughWorkspace] [GetSolutionsFallback AI] Solver <ConvHipImplicitGemmGroupFwdXdlops>, workspace required: 59490304, provided ptr: 0x767285f14000 size: 59473920
MIOpen(HIP): Warning [IsEnoughWorkspace] [GetSolutionsFallback AI] Solver <GemmFwdRest>, workspace required: 312238080, provided ptr: 0x767285f14000 size: 89239552
MIOpen(HIP): Warning [IsEnoughWorkspace] [GetSolutionsFallback AI] Solver <ConvHipImplicitGemmGroupFwdXdlops>, workspace required: 89214976, provided ptr: 0x76728899e000 size: 89210880
MIOpen(HIP): Warning [IsEnoughWorkspace] [GetSolutionsFallback AI] Solver <ConvHipImplicitGemmGroupFwdXdlops>, workspace required: 46000384, provided ptr: 0x767279e00000 size: 44606464
MIOpen(HIP): Warning [IsEnoughWorkspace] [GetSolutionsFallback AI] Solver <GemmFwdRest>, workspace required: 312238080, provided ptr: 0x767279e00000 size: 44606464
MIOpen(HIP): Warning [IsEnoughWorkspace] [GetSolutionsFallback AI] Solver <ConvHipImplicitGemmGroupFwdXdlops>, workspace required: 8911872, provided ptr: 0x7671904c0000 size: 2200576
MIOpen(HIP): Warning [IsEnoughWorkspace] [GetSolutionsFallback AI] Solver <ConvAsmImplicitGemmGTCDynamicFwdXdlopsNHWC>, workspace required: 8911872, provided ptr: 0x7671904c0000 size: 2200576
MIOpen(HIP): Warning [IsEnoughWorkspace] [GetSolutionsFallback WTI] Solver <ConvAsmImplicitGemmGTCDynamicBwdXdlopsNHWC>, workspace required: 39841792, provided ptr: 0x767255400000 size: 10059776
MIOpen(HIP): Warning [IsEnoughWorkspace] [GetSolutionsFallback WTI] Solver <ConvHipImplicitGemmGroupBwdXdlops>, workspace required: 39841792, provided ptr: 0x767255400000 size: 10059776
MIOpen(HIP): Warning [IsEnoughWorkspace] [GetSolutionsFallback AI] Solver <GemmFwdRest>, workspace required: 35209216, provided ptr: 0x7673242c0000 size: 17399808
MIOpen(HIP): Warning [IsEnoughWorkspace] [GetSolutionsFallback AI] Solver <GemmFwdRest>, workspace required: 88023040, provided ptr: 0x76727b5fc000 size: 26984448
MIOpen(HIP): Warning [IsEnoughWorkspace] [GetSolutionsFallback AI] Solver <ConvHipImplicitGemmGroupFwdXdlops>, workspace required: 25411584, provided ptr: 0x76727c1fa000 size: 25149440
MIOpen(HIP): Warning [IsEnoughWorkspace] [GetSolutionsFallback AI] Solver <GemmFwdRest>, workspace required: 176046080, provided ptr: 0x7672821fc000 size: 50757632
MIOpen(HIP): Warning [IsEnoughWorkspace] [GetSolutionsFallback AI] Solver <ConvHipImplicitGemmGroupFwdXdlops>, workspace required: 50364416, provided ptr: 0x7672839f8000 size: 50298880
MIOpen(HIP): Warning [IsEnoughWorkspace] [GetSolutionsFallback WTI] Solver <ConvAsmImplicitGemmGTCDynamicBwdXdlopsNHWC>, workspace required: 50429952, provided ptr: 0x7672821fc000 size: 50298880
MIOpen(HIP): Warning [IsEnoughWorkspace] [GetSolutionsFallback WTI] Solver <ConvHipImplicitGemmGroupBwdXdlops>, workspace required: 50429952, provided ptr: 0x7672821fc000 size: 50298880
MIOpen(HIP): Warning [IsEnoughWorkspace] [GetSolutionsFallback AI] Solver <GemmFwdRest>, workspace required: 176046080, provided ptr: 0x7672821fc000 size: 50413568
MIOpen(HIP): Warning [IsEnoughWorkspace] [GetSolutionsFallback AI] Solver <ConvHipImplicitGemmGroupFwdXdlops>, workspace required: 50315264, provided ptr: 0x7672839f8000 size: 50298880
MIOpen(HIP): Warning [IsEnoughWorkspace] [GetSolutionsFallback AI] Solver <GemmFwdRest>, workspace required: 264069120, provided ptr: 0x7672851f4000 size: 75476992
MIOpen(HIP): Warning [IsEnoughWorkspace] [GetSolutionsFallback AI] Solver <ConvHipImplicitGemmGroupFwdXdlops>, workspace required: 75452416, provided ptr: 0x7672875ee000 size: 75448320
MIOpen(HIP): Warning [IsEnoughWorkspace] [GetSolutionsFallback AI] Solver <ConvHipImplicitGemmGroupFwdXdlops>, workspace required: 38904064, provided ptr: 0x767279e00000 size: 37725184
MIOpen(HIP): Warning [IsEnoughWorkspace] [GetSolutionsFallback AI] Solver <GemmFwdRest>, workspace required: 264069120, provided ptr: 0x767279e00000 size: 37725184
MIOpen(HIP): Warning [IsEnoughWorkspace] [GetSolutionsFallback AI] Solver <ConvHipImplicitGemmGroupFwdXdlops>, workspace required: 8768512, provided ptr: 0x7671904c0000 size: 1999872
MIOpen(HIP): Warning [IsEnoughWorkspace] [GetSolutionsFallback AI] Solver <ConvAsmImplicitGemmGTCDynamicFwdXdlopsNHWC>, workspace required: 8768512, provided ptr: 0x7671904c0000 size: 1999872
MIOpen(HIP): Warning [IsEnoughWorkspace] [GetSolutionsFallback WTI] Solver <ConvAsmImplicitGemmGTCDynamicBwdXdlopsNHWC>, workspace required: 39268352, provided ptr: 0x767255400000 size: 9142272
MIOpen(HIP): Warning [IsEnoughWorkspace] [GetSolutionsFallback WTI] Solver <ConvHipImplicitGemmGroupBwdXdlops>, workspace required: 39268352, provided ptr: 0x767255400000 size: 9142272
MIOpen(HIP): Warning [IsEnoughWorkspace] [GetSolutionsFallback AI] Solver <GemmFwdRest>, workspace required: 31997952, provided ptr: 0x7673242c0000 size: 16482304
MIOpen(HIP): Warning [IsEnoughWorkspace] [GetSolutionsFallback AI] Solver <GemmFwdRest>, workspace required: 79994880, provided ptr: 0x76727b3cc000 size: 24690688
MIOpen(HIP): Warning [IsEnoughWorkspace] [GetSolutionsFallback AI] Solver <ConvHipImplicitGemmGroupFwdXdlops>, workspace required: 23117824, provided ptr: 0x76727beb2000 size: 22855680
MIOpen(HIP): Warning [IsEnoughWorkspace] [GetSolutionsFallback AI] Solver <GemmFwdRest>, workspace required: 159989760, provided ptr: 0x767281fcc000 size: 46170112
MIOpen(HIP): Warning [IsEnoughWorkspace] [GetSolutionsFallback AI] Solver <ConvHipImplicitGemmGroupFwdXdlops>, workspace required: 45776896, provided ptr: 0x767283598000 size: 45711360
MIOpen(HIP): Warning [IsEnoughWorkspace] [GetSolutionsFallback WTI] Solver <ConvAsmImplicitGemmGTCDynamicBwdXdlopsNHWC>, workspace required: 45842432, provided ptr: 0x767281fcc000 size: 45711360
MIOpen(HIP): Warning [IsEnoughWorkspace] [GetSolutionsFallback WTI] Solver <ConvHipImplicitGemmGroupBwdXdlops>, workspace required: 45842432, provided ptr: 0x767281fcc000 size: 45711360
MIOpen(HIP): Warning [IsEnoughWorkspace] [GetSolutionsFallback AI] Solver <GemmFwdRest>, workspace required: 159989760, provided ptr: 0x767281fcc000 size: 45826048
MIOpen(HIP): Warning [IsEnoughWorkspace] [GetSolutionsFallback AI] Solver <ConvHipImplicitGemmGroupFwdXdlops>, workspace required: 45727744, provided ptr: 0x767283598000 size: 45711360
MIOpen(HIP): Warning [IsEnoughWorkspace] [GetSolutionsFallback AI] Solver <GemmFwdRest>, workspace required: 239984640, provided ptr: 0x767284b64000 size: 68595712
MIOpen(HIP): Warning [IsEnoughWorkspace] [GetSolutionsFallback AI] Solver <ConvHipImplicitGemmGroupFwdXdlops>, workspace required: 68571136, provided ptr: 0x767286c16000 size: 68567040
MIOpen(HIP): Warning [IsEnoughWorkspace] [GetSolutionsFallback AI] Solver <ConvHipImplicitGemmGroupFwdXdlops>, workspace required: 35355904, provided ptr: 0x767279e00000 size: 34284544
MIOpen(HIP): Warning [IsEnoughWorkspace] [GetSolutionsFallback AI] Solver <GemmFwdRest>, workspace required: 239984640, provided ptr: 0x767279e00000 size: 34284544
MIOpen(HIP): Warning [IsEnoughWorkspace] [GetSolutionsFallback AI] Solver <ConvHipImplicitGemmGroupFwdXdlops>, workspace required: 8287232, provided ptr: 0x767191480000 size: 1326080
MIOpen(HIP): Warning [IsEnoughWorkspace] [GetSolutionsFallback AI] Solver <ConvAsmImplicitGemmGTCDynamicFwdXdlopsNHWC>, workspace required: 8287232, provided ptr: 0x767191480000 size: 1326080
MIOpen(HIP): Warning [IsEnoughWorkspace] [GetSolutionsFallback WTI] Solver <ConvAsmImplicitGemmGTCDynamicBwdXdlopsNHWC>, workspace required: 37343232, provided ptr: 0x767255400000 size: 6062080
MIOpen(HIP): Warning [IsEnoughWorkspace] [GetSolutionsFallback WTI] Solver <ConvHipImplicitGemmGroupBwdXdlops>, workspace required: 37343232, provided ptr: 0x767255400000 size: 6062080
MIOpen(HIP): Warning [IsEnoughWorkspace] [GetSolutionsFallback AI] Solver <GemmFwdRest>, workspace required: 21217280, provided ptr: 0x7673242c0000 size: 13402112
MIOpen(HIP): Warning [IsEnoughWorkspace] [GetSolutionsFallback WTI] Solver <ConvAsmImplicitGemmGTCDynamicBwdXdlopsNHWC>, workspace required: 15851520, provided ptr: 0x7673242c0000 size: 15155200
MIOpen(HIP): Warning [IsEnoughWorkspace] [GetSolutionsFallback WTI] Solver <ConvHipImplicitGemmGroupBwdXdlops>, workspace required: 15851520, provided ptr: 0x7673242c0000 size: 15155200
MIOpen(HIP): Warning [IsEnoughWorkspace] [GetSolutionsFallback AI] Solver <GemmFwdRest>, workspace required: 53043200, provided ptr: 0x767279e00000 size: 16990208
MIOpen(HIP): Warning [IsEnoughWorkspace] [GetSolutionsFallback AI] Solver <ConvAsmImplicitGemmGTCDynamicFwdXdlopsNHWC>, workspace required: 15155200, provided ptr: 0 size: 0
MIOpen(HIP): Warning [IsEnoughWorkspace] [GetSolutionsFallback AI] Solver <ConvHipImplicitGemmGroupFwdXdlops>, workspace required: 15417344, provided ptr: 0 size: 0
MIOpen(HIP): Warning [IsEnoughWorkspace] [GetSolutionsFallback AI] Solver <GemmFwdRest>, workspace required: 106086400, provided ptr: 0x76727c95c000 size: 30769152
MIOpen(HIP): Warning [IsEnoughWorkspace] [GetSolutionsFallback AI] Solver <ConvHipImplicitGemmGroupFwdXdlops>, workspace required: 30375936, provided ptr: 0x767280a00000 size: 30310400
MIOpen(HIP): Warning [IsEnoughWorkspace] [GetSolutionsFallback WTI] Solver <ConvAsmImplicitGemmGTCDynamicBwdXdlopsNHWC>, workspace required: 30441472, provided ptr: 0x76727bae8000 size: 30310400
MIOpen(HIP): Warning [IsEnoughWorkspace] [GetSolutionsFallback WTI] Solver <ConvHipImplicitGemmGroupBwdXdlops>, workspace required: 30441472, provided ptr: 0x76727bae8000 size: 30310400
MIOpen(HIP): Warning [IsEnoughWorkspace] [GetSolutionsFallback AI] Solver <GemmFwdRest>, workspace required: 106086400, provided ptr: 0x76727c95c000 size: 30425088
MIOpen(HIP): Warning [IsEnoughWorkspace] [GetSolutionsFallback AI] Solver <ConvHipImplicitGemmGroupFwdXdlops>, workspace required: 30326784, provided ptr: 0x767280a00000 size: 30310400
MIOpen(HIP): Warning [IsEnoughWorkspace] [GetSolutionsFallback AI] Solver <GemmFwdRest>, workspace required: 159129600, provided ptr: 0x767281fae000 size: 45494272
MIOpen(HIP): Warning [IsEnoughWorkspace] [GetSolutionsFallback AI] Solver <ConvHipImplicitGemmGroupFwdXdlops>, workspace required: 45469696, provided ptr: 0x76728355c000 size: 45465600
MIOpen(HIP): Warning [IsEnoughWorkspace] [GetSolutionsFallback AI] Solver <ConvHipImplicitGemmGroupFwdXdlops>, workspace required: 23444224, provided ptr: 0x76727b3ae000 size: 22733824
MIOpen(HIP): Warning [IsEnoughWorkspace] [GetSolutionsFallback AI] Solver <GemmFwdRest>, workspace required: 159129600, provided ptr: 0x76727b3ae000 size: 22733824
MIOpen(HIP): Warning [IsEnoughWorkspace] [GetSolutionsFallback AI] Solver <ConvHipImplicitGemmGroupFwdXdlops>, workspace required: 8435712, provided ptr: 0x767191480000 size: 1533952
MIOpen(HIP): Warning [IsEnoughWorkspace] [GetSolutionsFallback AI] Solver <ConvAsmImplicitGemmGTCDynamicFwdXdlopsNHWC>, workspace required: 8435712, provided ptr: 0x767191480000 size: 1533952
MIOpen(HIP): Warning [IsEnoughWorkspace] [GetSolutionsFallback WTI] Solver <ConvAsmImplicitGemmGTCDynamicBwdXdlopsNHWC>, workspace required: 37937152, provided ptr: 0x767255400000 size: 7012352
MIOpen(HIP): Warning [IsEnoughWorkspace] [GetSolutionsFallback WTI] Solver <ConvHipImplicitGemmGroupBwdXdlops>, workspace required: 37937152, provided ptr: 0x767255400000 size: 7012352
MIOpen(HIP): Warning [IsEnoughWorkspace] [GetSolutionsFallback AI] Solver <GemmFwdRest>, workspace required: 24543232, provided ptr: 0x7673242c0000 size: 14352384
MIOpen(HIP): Warning [IsEnoughWorkspace] [GetSolutionsFallback AI] Solver <GemmFwdRest>, workspace required: 61358080, provided ptr: 0x76727a65c000 size: 19365888
MIOpen(HIP): Warning [IsEnoughWorkspace] [GetSolutionsFallback AI] Solver <ConvHipImplicitGemmGroupFwdXdlops>, workspace required: 17793024, provided ptr: 0x76727aeb8000 size: 17530880
MIOpen(HIP): Warning [IsEnoughWorkspace] [GetSolutionsFallback AI] Solver <GemmFwdRest>, workspace required: 122716160, provided ptr: 0x76727c7cc000 size: 35520512
MIOpen(HIP): Warning [IsEnoughWorkspace] [GetSolutionsFallback AI] Solver <ConvHipImplicitGemmGroupFwdXdlops>, workspace required: 35127296, provided ptr: 0x767280a00000 size: 35061760
MIOpen(HIP): Warning [IsEnoughWorkspace] [GetSolutionsFallback WTI] Solver <ConvAsmImplicitGemmGTCDynamicBwdXdlopsNHWC>, workspace required: 35192832, provided ptr: 0x76727c7cc000 size: 35061760
MIOpen(HIP): Warning [IsEnoughWorkspace] [GetSolutionsFallback WTI] Solver <ConvHipImplicitGemmGroupBwdXdlops>, workspace required: 35192832, provided ptr: 0x76727c7cc000 size: 35061760
MIOpen(HIP): Warning [IsEnoughWorkspace] [GetSolutionsFallback AI] Solver <GemmFwdRest>, workspace required: 122716160, provided ptr: 0x767280a00000 size: 35176448
MIOpen(HIP): Warning [IsEnoughWorkspace] [GetSolutionsFallback AI] Solver <ConvHipImplicitGemmGroupFwdXdlops>, workspace required: 35078144, provided ptr: 0x767280a00000 size: 35061760
MIOpen(HIP): Warning [IsEnoughWorkspace] [GetSolutionsFallback AI] Solver <GemmFwdRest>, workspace required: 184074240, provided ptr: 0x767283c28000 size: 52621312
MIOpen(HIP): Warning [IsEnoughWorkspace] [GetSolutionsFallback AI] Solver <ConvHipImplicitGemmGroupFwdXdlops>, workspace required: 52596736, provided ptr: 0x76728553c000 size: 52592640
MIOpen(HIP): Warning [IsEnoughWorkspace] [GetSolutionsFallback AI] Solver <ConvHipImplicitGemmGroupFwdXdlops>, workspace required: 27119104, provided ptr: 0x76727b714000 size: 26297344
MIOpen(HIP): Warning [IsEnoughWorkspace] [GetSolutionsFallback AI] Solver <GemmFwdRest>, workspace required: 184074240, provided ptr: 0x76727b714000 size: 26297344
[0;36m(APIServer pid=23472)[0;0m [32mINFO[0m [90m10-07 15:19:37[0m [90m[stats.py:902][0m [OmniTiming] req=speech-b00067ad46513c62-b85aabca total=4.67s engine=4.67s stages=[0:4.67s]
INFO:     127.0.0.1:60618 - "POST /v1/audio/speech HTTP/1.1" 200 OK
[0;36m(APIServer pid=23472)[0;0m [32mINFO[0m [90m10-07 15:19:37[0m [90m[serving_speech.py:2423][0m Diffusion TTS speech request speech-b8c4b845f698529c: voice_clone=False
[0;36m(APIServer pid=23472)[0;0m [32mINFO[0m [90m10-07 15:19:37[0m [90m[serving_speech.py:2471][0m Applied diffusion speech params: seed=42 extra_params={}
[0;36m(APIServer pid=23472)[0;0m [32mINFO[0m [90m10-07 15:19:37[0m [90m[diffusion_engine.py:764][0m [RequestBatch] admission wait done waiting=1 max_batch=8 waited_ms=2.1
MIOpen(HIP): Warning [IsEnoughWorkspace] [GetSolutionsFallback AI] Solver <ConvHipImplicitGemmGroupFwdXdlops>, workspace required: 8118272, provided ptr: 0x767191480000 size: 1089536
MIOpen(HIP): Warning [IsEnoughWorkspace] [GetSolutionsFallback AI] Solver <ConvAsmImplicitGemmGTCDynamicFwdXdlopsNHWC>, workspace required: 8118272, provided ptr: 0x767191480000 size: 1089536
MIOpen(HIP): Warning [IsEnoughWorkspace] [GetSolutionsFallback WTI] Solver <ConvAsmImplicitGemmGTCDynamicBwdXdlopsNHWC>, workspace required: 36667392, provided ptr: 0x767193c00000 size: 4980736
MIOpen(HIP): Warning [IsEnoughWorkspace] [GetSolutionsFallback WTI] Solver <ConvHipImplicitGemmGroupBwdXdlops>, workspace required: 36667392, provided ptr: 0x767193c00000 size: 4980736
MIOpen(HIP): Warning [IsEnoughWorkspace] [GetSolutionsFallback AI] Solver <GemmFwdRest>, workspace required: 17432576, provided ptr: 0x767255400000 size: 12320768
MIOpen(HIP): Warning [IsEnoughWorkspace] [GetSolutionsFallback WTI] Solver <ConvAsmImplicitGemmGTCDynamicBwdXdlopsNHWC>, workspace required: 13959168, provided ptr: 0x7673242c0000 size: 12451840
MIOpen(HIP): Warning [IsEnoughWorkspace] [GetSolutionsFallback WTI] Solver <ConvHipImplicitGemmGroupBwdXdlops>, workspace required: 13959168, provided ptr: 0x7673242c0000 size: 12451840
MIOpen(HIP): Warning [IsEnoughWorkspace] [GetSolutionsFallback AI] Solver <GemmFwdRest>, workspace required: 43581440, provided ptr: 0x7673248b0000 size: 14286848
MIOpen(HIP): Warning [IsEnoughWorkspace] [GetSolutionsFallback AI] Solver <ConvHipImplicitGemmGroupFwdXdlops>, workspace required: 12713984, provided ptr: 0x767279e00000 size: 12451840
MIOpen(HIP): Warning [IsEnoughWorkspace] [GetSolutionsFallback AI] Solver <GemmFwdRest>, workspace required: 87162880, provided ptr: 0x76727b5c0000 size: 25362432
MIOpen(HIP): Warning [IsEnoughWorkspace] [GetSolutionsFallback AI] Solver <ConvHipImplicitGemmGroupFwdXdlops>, workspace required: 24969216, provided ptr: 0x76727c1a0000 size: 24903680
MIOpen(HIP): Warning [IsEnoughWorkspace] [GetSolutionsFallback WTI] Solver <ConvAsmImplicitGemmGTCDynamicBwdXdlopsNHWC>, workspace required: 25034752, provided ptr: 0x76727a9e0000 size: 24903680
MIOpen(HIP): Warning [IsEnoughWorkspace] [GetSolutionsFallback WTI] Solver <ConvHipImplicitGemmGroupBwdXdlops>, workspace required: 25034752, provided ptr: 0x76727a9e0000 size: 24903680
MIOpen(HIP): Warning [IsEnoughWorkspace] [GetSolutionsFallback AI] Solver <GemmFwdRest>, workspace required: 87162880, provided ptr: 0x76727b5c0000 size: 25018368
MIOpen(HIP): Warning [IsEnoughWorkspace] [GetSolutionsFallback AI] Solver <ConvHipImplicitGemmGroupFwdXdlops>, workspace required: 24920064, provided ptr: 0x76727c1a0000 size: 24903680
MIOpen(HIP): Warning [IsEnoughWorkspace] [GetSolutionsFallback AI] Solver <GemmFwdRest>, workspace required: 130744320, provided ptr: 0x767280a00000 size: 37384192
MIOpen(HIP): Warning [IsEnoughWorkspace] [GetSolutionsFallback AI] Solver <ConvHipImplicitGemmGroupFwdXdlops>, workspace required: 37359616, provided ptr: 0x767281bd0000 size: 37355520
MIOpen(HIP): Warning [IsEnoughWorkspace] [GetSolutionsFallback AI] Solver <ConvHipImplicitGemmGroupFwdXdlops>, workspace required: 19262464, provided ptr: 0x767279e00000 size: 18678784
MIOpen(HIP): Warning [IsEnoughWorkspace] [GetSolutionsFallback AI] Solver <GemmFwdRest>, workspace required: 130744320, provided ptr: 0x767279e00000 size: 18678784
MIOpen(HIP): Warning [IsEnoughWorkspace] [GetSolutionsFallback AI] Solver <ConvHipImplicitGemmGroupFwdXdlops>, workspace required: 8666112, provided ptr: 0x7671904c0000 size: 1856512
MIOpen(HIP): Warning [IsEnoughWorkspace] [GetSolutionsFallback AI] Solver <ConvAsmImplicitGemmGTCDynamicFwdXdlopsNHWC>, workspace required: 8666112, provided ptr: 0x7671904c0000 size: 1856512
MIOpen(HIP): Warning [IsEnoughWorkspace] [GetSolutionsFallback WTI] Solver <ConvAsmImplicitGemmGTCDynamicBwdXdlopsNHWC>, workspace required: 38858752, provided ptr: 0x767255400000 size: 8486912
MIOpen(HIP): Warning [IsEnoughWorkspace] [GetSolutionsFallback WTI] Solver <ConvHipImplicitGemmGroupBwdXdlops>, workspace required: 38858752, provided ptr: 0x767255400000 size: 8486912
MIOpen(HIP): Warning [IsEnoughWorkspace] [GetSolutionsFallback AI] Solver <GemmFwdRest>, workspace required: 29704192, provided ptr: 0x7673242c0000 size: 15826944
MIOpen(HIP): Warning [IsEnoughWorkspace] [GetSolutionsFallback AI] Solver <GemmFwdRest>, workspace required: 74260480, provided ptr: 0x76727a81e000 size: 23052288
MIOpen(HIP): Warning [IsEnoughWorkspace] [GetSolutionsFallback AI] Solver <ConvHipImplicitGemmGroupFwdXdlops>, workspace required: 21479424, provided ptr: 0x76727b23c000 size: 21217280
MIOpen(HIP): Warning [IsEnoughWorkspace] [GetSolutionsFallback AI] Solver <GemmFwdRest>, workspace required: 148520960, provided ptr: 0x767280a00000 size: 42893312
MIOpen(HIP): Warning [IsEnoughWorkspace] [GetSolutionsFallback AI] Solver <ConvHipImplicitGemmGroupFwdXdlops>, workspace required: 42500096, provided ptr: 0x767280a00000 size: 42434560
MIOpen(HIP): Warning [IsEnoughWorkspace] [GetSolutionsFallback WTI] Solver <ConvAsmImplicitGemmGTCDynamicBwdXdlopsNHWC>, workspace required: 42565632, provided ptr: 0x767280a00000 size: 42434560
MIOpen(HIP): Warning [IsEnoughWorkspace] [GetSolutionsFallback WTI] Solver <ConvHipImplicitGemmGroupBwdXdlops>, workspace required: 42565632, provided ptr: 0x767280a00000 size: 42434560
MIOpen(HIP): Warning [IsEnoughWorkspace] [GetSolutionsFallback AI] Solver <GemmFwdRest>, workspace required: 148520960, provided ptr: 0x767280a00000 size: 42549248
MIOpen(HIP): Warning [IsEnoughWorkspace] [GetSolutionsFallback AI] Solver <ConvHipImplicitGemmGroupFwdXdlops>, workspace required: 42450944, provided ptr: 0x767281e3c000 size: 42434560
MIOpen(HIP): Warning [IsEnoughWorkspace] [GetSolutionsFallback AI] Solver <GemmFwdRest>, workspace required: 222781440, provided ptr: 0x7672846b4000 size: 63680512
MIOpen(HIP): Warning [IsEnoughWorkspace] [GetSolutionsFallback AI] Solver <ConvHipImplicitGemmGroupFwdXdlops>, workspace required: 63655936, provided ptr: 0x76728650e000 size: 63651840
MIOpen(HIP): Warning [IsEnoughWorkspace] [GetSolutionsFallback AI] Solver <ConvHipImplicitGemmGroupFwdXdlops>, workspace required: 32821504, provided ptr: 0x76727bc5a000 size: 31826944
MIOpen(HIP): Warning [IsEnoughWorkspace] [GetSolutionsFallback AI] Solver <GemmFwdRest>, workspace required: 222781440, provided ptr: 0x76727bc5a000 size: 31826944
MIOpen(HIP): Warning [IsEnoughWorkspace] [GetSolutionsFallback AI] Solver <ConvHipImplicitGemmGroupFwdXdlops>, workspace required: 8660992, provided ptr: 0x7671904c0000 size: 1849344
MIOpen(HIP): Warning [IsEnoughWorkspace] [GetSolutionsFallback AI] Solver <ConvAsmImplicitGemmGTCDynamicFwdXdlopsNHWC>, workspace required: 8660992, provided ptr: 0x7671904c0000 size: 1849344
MIOpen(HIP): Warning [IsEnoughWorkspace] [GetSolutionsFallback WTI] Solver <ConvAsmImplicitGemmGTCDynamicBwdXdlopsNHWC>, workspace required: 38838272, provided ptr: 0x767255400000 size: 8454144
MIOpen(HIP): Warning [IsEnoughWorkspace] [GetSolutionsFallback WTI] Solver <ConvHipImplicitGemmGroupBwdXdlops>, workspace required: 38838272, provided ptr: 0x767255400000 size: 8454144
MIOpen(HIP): Warning [IsEnoughWorkspace] [GetSolutionsFallback AI] Solver <GemmFwdRest>, workspace required: 29589504, provided ptr: 0x7673242c0000 size: 15794176
MIOpen(HIP): Warning [IsEnoughWorkspace] [GetSolutionsFallback AI] Solver <GemmFwdRest>, workspace required: 73973760, provided ptr: 0x76727a814000 size: 22970368
MIOpen(HIP): Warning [IsEnoughWorkspace] [GetSolutionsFallback AI] Solver <ConvHipImplicitGemmGroupFwdXdlops>, workspace required: 21397504, provided ptr: 0x76727b228000 size: 21135360
MIOpen(HIP): Warning [IsEnoughWorkspace] [GetSolutionsFallback AI] Solver <GemmFwdRest>, workspace required: 147947520, provided ptr: 0x767280a00000 size: 42729472
MIOpen(HIP): Warning [IsEnoughWorkspace] [GetSolutionsFallback AI] Solver <ConvHipImplicitGemmGroupFwdXdlops>, workspace required: 42336256, provided ptr: 0x767280a00000 size: 42270720
MIOpen(HIP): Warning [IsEnoughWorkspace] [GetSolutionsFallback WTI] Solver <ConvAsmImplicitGemmGTCDynamicBwdXdlopsNHWC>, workspace required: 42401792, provided ptr: 0x767280a00000 size: 42270720
MIOpen(HIP): Warning [IsEnoughWorkspace] [GetSolutionsFallback WTI] Solver <ConvHipImplicitGemmGroupBwdXdlops>, workspace required: 42401792, provided ptr: 0x767280a00000 size: 42270720
MIOpen(HIP): Warning [IsEnoughWorkspace] [GetSolutionsFallback AI] Solver <GemmFwdRest>, workspace required: 147947520, provided ptr: 0x767280a00000 size: 42385408
MIOpen(HIP): Warning [IsEnoughWorkspace] [GetSolutionsFallback AI] Solver <ConvHipImplicitGemmGroupFwdXdlops>, workspace required: 42287104, provided ptr: 0x767281e28000 size: 42270720
MIOpen(HIP): Warning [IsEnoughWorkspace] [GetSolutionsFallback AI] Solver <GemmFwdRest>, workspace required: 221921280, provided ptr: 0x767284678000 size: 63434752
MIOpen(HIP): Warning [IsEnoughWorkspace] [GetSolutionsFallback AI] Solver <ConvHipImplicitGemmGroupFwdXdlops>, workspace required: 63410176, provided ptr: 0x7672864b4000 size: 63406080
MIOpen(HIP): Warning [IsEnoughWorkspace] [GetSolutionsFallback AI] Solver <ConvHipImplicitGemmGroupFwdXdlops>, workspace required: 32694784, provided ptr: 0x76727bc3c000 size: 31704064
MIOpen(HIP): Warning [IsEnoughWorkspace] [GetSolutionsFallback AI] Solver <GemmFwdRest>, workspace required: 221921280, provided ptr: 0x76727bc3c000 size: 31704064
MIOpen(HIP): Warning [IsEnoughWorkspace] [GetSolutionsFallback AI] Solver <ConvHipImplicitGemmGroupFwdXdlops>, workspace required: 8154112, provided ptr: 0x767191480000 size: 1139712
MIOpen(HIP): Warning [IsEnoughWorkspace] [GetSolutionsFallback AI] Solver <ConvAsmImplicitGemmGTCDynamicFwdXdlopsNHWC>, workspace required: 8154112, provided ptr: 0x767191480000 size: 1139712
MIOpen(HIP): Warning [IsEnoughWorkspace] [GetSolutionsFallback WTI] Solver <ConvAsmImplicitGemmGTCDynamicBwdXdlopsNHWC>, workspace required: 36810752, provided ptr: 0x767193c00000 size: 5210112
MIOpen(HIP): Warning [IsEnoughWorkspace] [GetSolutionsFallback WTI] Solver <ConvHipImplicitGemmGroupBwdXdlops>, workspace required: 36810752, provided ptr: 0x767193c00000 size: 5210112
MIOpen(HIP): Warning [IsEnoughWorkspace] [GetSolutionsFallback AI] Solver <GemmFwdRest>, workspace required: 18235392, provided ptr: 0x767255400000 size: 12550144
MIOpen(HIP): Warning [IsEnoughWorkspace] [GetSolutionsFallback WTI] Solver <ConvAsmImplicitGemmGTCDynamicBwdXdlopsNHWC>, workspace required: 14360576, provided ptr: 0x7673242c0000 size: 13025280
MIOpen(HIP): Warning [IsEnoughWorkspace] [GetSolutionsFallback WTI] Solver <ConvHipImplicitGemmGroupBwdXdlops>, workspace required: 14360576, provided ptr: 0x7673242c0000 size: 13025280
MIOpen(HIP): Warning [IsEnoughWorkspace] [GetSolutionsFallback AI] Solver <GemmFwdRest>, workspace required: 45588480, provided ptr: 0x7673248f6000 size: 14860288
MIOpen(HIP): Warning [IsEnoughWorkspace] [GetSolutionsFallback AI] Solver <ConvHipImplicitGemmGroupFwdXdlops>, workspace required: 13287424, provided ptr: 0x767279e00000 size: 13025280
MIOpen(HIP): Warning [IsEnoughWorkspace] [GetSolutionsFallback AI] Solver <GemmFwdRest>, workspace required: 91176960, provided ptr: 0x76727b6d8000 size: 26509312
MIOpen(HIP): Warning [IsEnoughWorkspace] [GetSolutionsFallback AI] Solver <ConvHipImplicitGemmGroupFwdXdlops>, workspace required: 26116096, provided ptr: 0x76727c344000 size: 26050560
MIOpen(HIP): Warning [IsEnoughWorkspace] [GetSolutionsFallback WTI] Solver <ConvAsmImplicitGemmGTCDynamicBwdXdlopsNHWC>, workspace required: 26181632, provided ptr: 0x76727aa6c000 size: 26050560
MIOpen(HIP): Warning [IsEnoughWorkspace] [GetSolutionsFallback WTI] Solver <ConvHipImplicitGemmGroupBwdXdlops>, workspace required: 26181632, provided ptr: 0x76727aa6c000 size: 26050560
MIOpen(HIP): Warning [IsEnoughWorkspace] [GetSolutionsFallback AI] Solver <GemmFwdRest>, workspace required: 91176960, provided ptr: 0x76727b6d8000 size: 26165248
MIOpen(HIP): Warning [IsEnoughWorkspace] [GetSolutionsFallback AI] Solver <ConvHipImplicitGemmGroupFwdXdlops>, workspace required: 26066944, provided ptr: 0x76727c344000 size: 26050560
MIOpen(HIP): Warning [IsEnoughWorkspace] [GetSolutionsFallback AI] Solver <GemmFwdRest>, workspace required: 136765440, provided ptr: 0x767280a00000 size: 39104512
MIOpen(HIP): Warning [IsEnoughWorkspace] [GetSolutionsFallback AI] Solver <ConvHipImplicitGemmGroupFwdXdlops>, workspace required: 39079936, provided ptr: 0x767281ca2000 size: 39075840
MIOpen(HIP): Warning [IsEnoughWorkspace] [GetSolutionsFallback AI] Solver <ConvHipImplicitGemmGroupFwdXdlops>, workspace required: 20149504, provided ptr: 0x767279e00000 size: 19538944
MIOpen(HIP): Warning [IsEnoughWorkspace] [GetSolutionsFallback AI] Solver <GemmFwdRest>, workspace required: 136765440, provided ptr: 0x767279e00000 size: 19538944
MIOpen(HIP): Warning [IsEnoughWorkspace] [GetSolutionsFallback AI] Solver <ConvHipImplicitGemmGroupFwdXdlops>, workspace required: 8328192, provided ptr: 0x767191480000 size: 1383424
MIOpen(HIP): Warning [IsEnoughWorkspace] [GetSolutionsFallback AI] Solver <ConvAsmImplicitGemmGTCDynamicFwdXdlopsNHWC>, workspace required: 8328192, provided ptr: 0x767191480000 size: 1383424
MIOpen(HIP): Warning [IsEnoughWorkspace] [GetSolutionsFallback WTI] Solver <ConvAsmImplicitGemmGTCDynamicBwdXdlopsNHWC>, workspace required: 37507072, provided ptr: 0x767255400000 size: 6324224
MIOpen(HIP): Warning [IsEnoughWorkspace] [GetSolutionsFallback WTI] Solver <ConvHipImplicitGemmGroupBwdXdlops>, workspace required: 37507072, provided ptr: 0x767255400000 size: 6324224
MIOpen(HIP): Warning [IsEnoughWorkspace] [GetSolutionsFallback AI] Solver <GemmFwdRest>, workspace required: 22134784, provided ptr: 0x7673242c0000 size: 13664256
MIOpen(HIP): Warning [IsEnoughWorkspace] [GetSolutionsFallback WTI] Solver <ConvAsmImplicitGemmGTCDynamicBwdXdlopsNHWC>, workspace required: 16310272, provided ptr: 0x7673242c0000 size: 15810560
MIOpen(HIP): Warning [IsEnoughWorkspace] [GetSolutionsFallback WTI] Solver <ConvHipImplicitGemmGroupBwdXdlops>, workspace required: 16310272, provided ptr: 0x7673242c0000 size: 15810560
MIOpen(HIP): Warning [IsEnoughWorkspace] [GetSolutionsFallback AI] Solver <GemmFwdRest>, workspace required: 55336960, provided ptr: 0x767279e00000 size: 17645568
MIOpen(HIP): Warning [IsEnoughWorkspace] [GetSolutionsFallback AI] Solver <ConvAsmImplicitGemmGTCDynamicFwdXdlopsNHWC>, workspace required: 15810560, provided ptr: 0 size: 0
MIOpen(HIP): Warning [IsEnoughWorkspace] [GetSolutionsFallback AI] Solver <ConvHipImplicitGemmGroupFwdXdlops>, workspace required: 16072704, provided ptr: 0 size: 0
MIOpen(HIP): Warning [IsEnoughWorkspace] [GetSolutionsFallback AI] Solver <GemmFwdRest>, workspace required: 110673920, provided ptr: 0x76727cb3c000 size: 32079872
MIOpen(HIP): Warning [IsEnoughWorkspace] [GetSolutionsFallback AI] Solver <ConvHipImplicitGemmGroupFwdXdlops>, workspace required: 31686656, provided ptr: 0x767280a00000 size: 31621120
MIOpen(HIP): Warning [IsEnoughWorkspace] [GetSolutionsFallback WTI] Solver <ConvAsmImplicitGemmGTCDynamicBwdXdlopsNHWC>, workspace required: 31752192, provided ptr: 0x76727bc28000 size: 31621120
MIOpen(HIP): Warning [IsEnoughWorkspace] [GetSolutionsFallback WTI] Solver <ConvHipImplicitGemmGroupBwdXdlops>, workspace required: 31752192, provided ptr: 0x76727bc28000 size: 31621120
MIOpen(HIP): Warning [IsEnoughWorkspace] [GetSolutionsFallback AI] Solver <GemmFwdRest>, workspace required: 110673920, provided ptr: 0x76727cb3c000 size: 31735808
MIOpen(HIP): Warning [IsEnoughWorkspace] [GetSolutionsFallback AI] Solver <ConvHipImplicitGemmGroupFwdXdlops>, workspace required: 31637504, provided ptr: 0x767280a00000 size: 31621120
MIOpen(HIP): Warning [IsEnoughWorkspace] [GetSolutionsFallback AI] Solver <GemmFwdRest>, workspace required: 166010880, provided ptr: 0x76728209e000 size: 47460352
MIOpen(HIP): Warning [IsEnoughWorkspace] [GetSolutionsFallback AI] Solver <ConvHipImplicitGemmGroupFwdXdlops>, workspace required: 47435776, provided ptr: 0x76728373c000 size: 47431680
MIOpen(HIP): Warning [IsEnoughWorkspace] [GetSolutionsFallback AI] Solver <ConvHipImplicitGemmGroupFwdXdlops>, workspace required: 24457984, provided ptr: 0x76727b49e000 size: 23716864
MIOpen(HIP): Warning [IsEnoughWorkspace] [GetSolutionsFallback AI] Solver <GemmFwdRest>, workspace required: 166010880, provided ptr: 0x76727b49e000 size: 23716864
MIOpen(HIP): Warning [IsEnoughWorkspace] [GetSolutionsFallback AI] Solver <ConvHipImplicitGemmGroupFwdXdlops>, workspace required: 8650752, provided ptr: 0x7671904c0000 size: 1835008
MIOpen(HIP): Warning [IsEnoughWorkspace] [GetSolutionsFallback AI] Solver <ConvAsmImplicitGemmGTCDynamicFwdXdlopsNHWC>, workspace required: 8650752, provided ptr: 0x7671904c0000 size: 1835008
MIOpen(HIP): Warning [IsEnoughWorkspace] [GetSolutionsFallback WTI] Solver <ConvAsmImplicitGemmGTCDynamicBwdXdlopsNHWC>, workspace required: 38797312, provided ptr: 0x767255400000 size: 8388608
MIOpen(HIP): Warning [IsEnoughWorkspace] [GetSolutionsFallback WTI] Solver <ConvHipImplicitGemmGroupBwdXdlops>, workspace required: 38797312, provided ptr: 0x767255400000 size: 8388608
MIOpen(HIP): Warning [IsEnoughWorkspace] [GetSolutionsFallback AI] Solver <GemmFwdRest>, workspace required: 29360128, provided ptr: 0x7673242c0000 size: 15728640
MIOpen(HIP): Warning [IsEnoughWorkspace] [GetSolutionsFallback AI] Solver <GemmFwdRest>, workspace required: 73400320, provided ptr: 0x767279e00000 size: 22806528
MIOpen(HIP): Warning [IsEnoughWorkspace] [GetSolutionsFallback AI] Solver <ConvHipImplicitGemmGroupFwdXdlops>, workspace required: 21233664, provided ptr: 0x76727a800000 size: 20971520
MIOpen(HIP): Warning [IsEnoughWorkspace] [GetSolutionsFallback AI] Solver <GemmFwdRest>, workspace required: 146800640, provided ptr: 0x767280a00000 size: 42401792
MIOpen(HIP): Warning [IsEnoughWorkspace] [GetSolutionsFallback AI] Solver <ConvHipImplicitGemmGroupFwdXdlops>, workspace required: 42008576, provided ptr: 0x767281e00000 size: 41943040
MIOpen(HIP): Warning [IsEnoughWorkspace] [GetSolutionsFallback WTI] Solver <ConvAsmImplicitGemmGTCDynamicBwdXdlopsNHWC>, workspace required: 42074112, provided ptr: 0x767280a00000 size: 41943040
MIOpen(HIP): Warning [IsEnoughWorkspace] [GetSolutionsFallback WTI] Solver <ConvHipImplicitGemmGroupBwdXdlops>, workspace required: 42074112, provided ptr: 0x767280a00000 size: 41943040
MIOpen(HIP): Warning [IsEnoughWorkspace] [GetSolutionsFallback AI] Solver <GemmFwdRest>, workspace required: 146800640, provided ptr: 0x767280a00000 size: 42057728
MIOpen(HIP): Warning [IsEnoughWorkspace] [GetSolutionsFallback AI] Solver <ConvHipImplicitGemmGroupFwdXdlops>, workspace required: 41959424, provided ptr: 0x767281e00000 size: 41943040
MIOpen(HIP): Warning [IsEnoughWorkspace] [GetSolutionsFallback AI] Solver <GemmFwdRest>, workspace required: 220200960, provided ptr: 0x767284600000 size: 62943232
MIOpen(HIP): Warning [IsEnoughWorkspace] [GetSolutionsFallback AI] Solver <ConvHipImplicitGemmGroupFwdXdlops>, workspace required: 62918656, provided ptr: 0x767286400000 size: 62914560
MIOpen(HIP): Warning [IsEnoughWorkspace] [GetSolutionsFallback AI] Solver <ConvHipImplicitGemmGroupFwdXdlops>, workspace required: 32441344, provided ptr: 0x76727bc00000 size: 31458304
MIOpen(HIP): Warning [IsEnoughWorkspace] [GetSolutionsFallback AI] Solver <GemmFwdRest>, workspace required: 220200960, provided ptr: 0x76727bc00000 size: 31458304
MIOpen(HIP): Warning [IsEnoughWorkspace] [GetSolutionsFallback AI] Solver <ConvHipImplicitGemmGroupFwdXdlops>, workspace required: 8973312, provided ptr: 0x7671904c0000 size: 2286592
MIOpen(HIP): Warning [IsEnoughWorkspace] [GetSolutionsFallback AI] Solver <ConvAsmImplicitGemmGTCDynamicFwdXdlopsNHWC>, workspace required: 8973312, provided ptr: 0x7671904c0000 size: 2286592
MIOpen(HIP): Warning [IsEnoughWorkspace] [GetSolutionsFallback WTI] Solver <ConvAsmImplicitGemmGTCDynamicBwdXdlopsNHWC>, workspace required: 40087552, provided ptr: 0x767255400000 size: 10452992
MIOpen(HIP): Warning [IsEnoughWorkspace] [GetSolutionsFallback WTI] Solver <ConvHipImplicitGemmGroupBwdXdlops>, workspace required: 40087552, provided ptr: 0x767255400000 size: 10452992
MIOpen(HIP): Warning [IsEnoughWorkspace] [GetSolutionsFallback AI] Solver <GemmFwdRest>, workspace required: 36585472, provided ptr: 0x7673242c0000 size: 17793024
MIOpen(HIP): Warning [IsEnoughWorkspace] [GetSolutionsFallback AI] Solver <GemmFwdRest>, workspace required: 91463680, provided ptr: 0x76727b6ec000 size: 27967488
MIOpen(HIP): Warning [IsEnoughWorkspace] [GetSolutionsFallback AI] Solver <ConvHipImplicitGemmGroupFwdXdlops>, workspace required: 26394624, provided ptr: 0x76727c362000 size: 26132480
MIOpen(HIP): Warning [IsEnoughWorkspace] [GetSolutionsFallback AI] Solver <GemmFwdRest>, workspace required: 182927360, provided ptr: 0x7672822ec000 size: 52723712
MIOpen(HIP): Warning [IsEnoughWorkspace] [GetSolutionsFallback AI] Solver <ConvHipImplicitGemmGroupFwdXdlops>, workspace required: 52330496, provided ptr: 0x767283bd8000 size: 52264960
MIOpen(HIP): Warning [IsEnoughWorkspace] [GetSolutionsFallback WTI] Solver <ConvAsmImplicitGemmGTCDynamicBwdXdlopsNHWC>, workspace required: 52396032, provided ptr: 0x7672822ec000 size: 52264960
MIOpen(HIP): Warning [IsEnoughWorkspace] [GetSolutionsFallback WTI] Solver <ConvHipImplicitGemmGroupBwdXdlops>, workspace required: 52396032, provided ptr: 0x7672822ec000 size: 52264960
MIOpen(HIP): Warning [IsEnoughWorkspace] [GetSolutionsFallback AI] Solver <GemmFwdRest>, workspace required: 182927360, provided ptr: 0x7672822ec000 size: 52379648
MIOpen(HIP): Warning [IsEnoughWorkspace] [GetSolutionsFallback AI] Solver <ConvHipImplicitGemmGroupFwdXdlops>, workspace required: 52281344, provided ptr: 0x767283bd8000 size: 52264960
MIOpen(HIP): Warning [IsEnoughWorkspace] [GetSolutionsFallback AI] Solver <GemmFwdRest>, workspace required: 274391040, provided ptr: 0x7672854c4000 size: 78426112
MIOpen(HIP): Warning [IsEnoughWorkspace] [GetSolutionsFallback AI] Solver <ConvHipImplicitGemmGroupFwdXdlops>, workspace required: 78401536, provided ptr: 0x767287a26000 size: 78397440
MIOpen(HIP): Warning [IsEnoughWorkspace] [GetSolutionsFallback AI] Solver <ConvHipImplicitGemmGroupFwdXdlops>, workspace required: 40424704, provided ptr: 0x767279e00000 size: 39199744
MIOpen(HIP): Warning [IsEnoughWorkspace] [GetSolutionsFallback AI] Solver <GemmFwdRest>, workspace required: 274391040, provided ptr: 0x767279e00000 size: 39199744
MIOpen(HIP): Warning [IsEnoughWorkspace] [GetSolutionsFallback AI] Solver <ConvHipImplicitGemmGroupFwdXdlops>, workspace required: 8128512, provided ptr: 0x767191480000 size: 1103872
MIOpen(HIP): Warning [IsEnoughWorkspace] [GetSolutionsFallback AI] Solver <ConvAsmImplicitGemmGTCDynamicFwdXdlopsNHWC>, workspace required: 8128512, provided ptr: 0x767191480000 size: 1103872
MIOpen(HIP): Warning [IsEnoughWorkspace] [GetSolutionsFallback WTI] Solver <ConvAsmImplicitGemmGTCDynamicBwdXdlopsNHWC>, workspace required: 36708352, provided ptr: 0x767193c00000 size: 5046272
MIOpen(HIP): Warning [IsEnoughWorkspace] [GetSolutionsFallback WTI] Solver <ConvHipImplicitGemmGroupBwdXdlops>, workspace required: 36708352, provided ptr: 0x767193c00000 size: 5046272
MIOpen(HIP): Warning [IsEnoughWorkspace] [GetSolutionsFallback AI] Solver <GemmFwdRest>, workspace required: 17661952, provided ptr: 0x767255400000 size: 12386304
MIOpen(HIP): Warning [IsEnoughWorkspace] [GetSolutionsFallback WTI] Solver <ConvAsmImplicitGemmGTCDynamicBwdXdlopsNHWC>, workspace required: 14073856, provided ptr: 0x7673242c0000 size: 12615680
MIOpen(HIP): Warning [IsEnoughWorkspace] [GetSolutionsFallback WTI] Solver <ConvHipImplicitGemmGroupBwdXdlops>, workspace required: 14073856, provided ptr: 0x7673242c0000 size: 12615680
MIOpen(HIP): Warning [IsEnoughWorkspace] [GetSolutionsFallback AI] Solver <GemmFwdRest>, workspace required: 44154880, provided ptr: 0x7673248c4000 size: 14450688
MIOpen(HIP): Warning [IsEnoughWorkspace] [GetSolutionsFallback AI] Solver <ConvHipImplicitGemmGroupFwdXdlops>, workspace required: 12877824, provided ptr: 0x767279e00000 size: 12615680
MIOpen(HIP): Warning [IsEnoughWorkspace] [GetSolutionsFallback AI] Solver <GemmFwdRest>, workspace required: 88309760, provided ptr: 0x76727b610000 size: 25690112
MIOpen(HIP): Warning [IsEnoughWorkspace] [GetSolutionsFallback AI] Solver <ConvHipImplicitGemmGroupFwdXdlops>, workspace required: 25296896, provided ptr: 0x76727c218000 size: 25231360
MIOpen(HIP): Warning [IsEnoughWorkspace] [GetSolutionsFallback WTI] Solver <ConvAsmImplicitGemmGTCDynamicBwdXdlopsNHWC>, workspace required: 25362432, provided ptr: 0x76727aa08000 size: 25231360
MIOpen(HIP): Warning [IsEnoughWorkspace] [GetSolutionsFallback WTI] Solver <ConvHipImplicitGemmGroupBwdXdlops>, workspace required: 25362432, provided ptr: 0x76727aa08000 size: 25231360
MIOpen(HIP): Warning [IsEnoughWorkspace] [GetSolutionsFallback AI] Solver <GemmFwdRest>, workspace required: 88309760, provided ptr: 0x76727b610000 size: 25346048
MIOpen(HIP): Warning [IsEnoughWorkspace] [GetSolutionsFallback AI] Solver <ConvHipImplicitGemmGroupFwdXdlops>, workspace required: 25247744, provided ptr: 0x76727c218000 size: 25231360
MIOpen(HIP): Warning [IsEnoughWorkspace] [GetSolutionsFallback AI] Solver <GemmFwdRest>, workspace required: 132464640, provided ptr: 0x767280a00000 size: 37875712
MIOpen(HIP): Warning [IsEnoughWorkspace] [GetSolutionsFallback AI] Solver <ConvHipImplicitGemmGroupFwdXdlops>, workspace required: 37851136, provided ptr: 0x767281c0c000 size: 37847040
MIOpen(HIP): Warning [IsEnoughWorkspace] [GetSolutionsFallback AI] Solver <ConvHipImplicitGemmGroupFwdXdlops>, workspace required: 19515904, provided ptr: 0x767279e00000 size: 18924544
MIOpen(HIP): Warning [IsEnoughWorkspace] [GetSolutionsFallback AI] Solver <GemmFwdRest>, workspace required: 132464640, provided ptr: 0x767279e00000 size: 18924544
MIOpen(HIP): Warning [IsEnoughWorkspace] [GetSolutionsFallback AI] Solver <ConvHipImplicitGemmGroupFwdXdlops>, workspace required: 9085952, provided ptr: 0x7671904c0000 size: 2444288
MIOpen(HIP): Warning [IsEnoughWorkspace] [GetSolutionsFallback AI] Solver <ConvAsmImplicitGemmGTCDynamicFwdXdlopsNHWC>, workspace required: 9085952, provided ptr: 0x7671904c0000 size: 2444288
MIOpen(HIP): Warning [IsEnoughWorkspace] [GetSolutionsFallback WTI] Solver <ConvAsmImplicitGemmGTCDynamicBwdXdlopsNHWC>, workspace required: 40538112, provided ptr: 0x7673242c0000 size: 11173888
MIOpen(HIP): Warning [IsEnoughWorkspace] [GetSolutionsFallback WTI] Solver <ConvHipImplicitGemmGroupBwdXdlops>, workspace required: 40538112, provided ptr: 0x7673242c0000 size: 11173888
MIOpen(HIP): Warning [IsEnoughWorkspace] [GetSolutionsFallback AI] Solver <GemmFwdRest>, workspace required: 39108608, provided ptr: 0x767279e00000 size: 18513920
MIOpen(HIP): Warning [IsEnoughWorkspace] [GetSolutionsFallback AI] Solver <GemmFwdRest>, workspace required: 97771520, provided ptr: 0x76727b8a4000 size: 29769728
MIOpen(HIP): Warning [IsEnoughWorkspace] [GetSolutionsFallback AI] Solver <ConvHipImplicitGemmGroupFwdXdlops>, workspace required: 28196864, provided ptr: 0x76727c5f6000 size: 27934720
MIOpen(HIP): Warning [IsEnoughWorkspace] [GetSolutionsFallback AI] Solver <GemmFwdRest>, workspace required: 195543040, provided ptr: 0x7672824a4000 size: 56328192
MIOpen(HIP): Warning [IsEnoughWorkspace] [GetSolutionsFallback AI] Solver <ConvHipImplicitGemmGroupFwdXdlops>, workspace required: 55934976, provided ptr: 0x767283f48000 size: 55869440
MIOpen(HIP): Warning [IsEnoughWorkspace] [GetSolutionsFallback WTI] Solver <ConvAsmImplicitGemmGTCDynamicBwdXdlopsNHWC>, workspace required: 56000512, provided ptr: 0x7672824a4000 size: 55869440
MIOpen(HIP): Warning [IsEnoughWorkspace] [GetSolutionsFallback WTI] Solver <ConvHipImplicitGemmGroupBwdXdlops>, workspace required: 56000512, provided ptr: 0x7672824a4000 size: 55869440
MIOpen(HIP): Warning [IsEnoughWorkspace] [GetSolutionsFallback AI] Solver <GemmFwdRest>, workspace required: 195543040, provided ptr: 0x767283f48000 size: 55984128
MIOpen(HIP): Warning [IsEnoughWorkspace] [GetSolutionsFallback AI] Solver <ConvHipImplicitGemmGroupFwdXdlops>, workspace required: 55885824, provided ptr: 0x7672859ec000 size: 55869440
MIOpen(HIP): Warning [IsEnoughWorkspace] [GetSolutionsFallback AI] Solver <GemmFwdRest>, workspace required: 293314560, provided ptr: 0x7672859ec000 size: 83832832
MIOpen(HIP): Warning [IsEnoughWorkspace] [GetSolutionsFallback AI] Solver <ConvHipImplicitGemmGroupFwdXdlops>, workspace required: 83808256, provided ptr: 0x7672881e2000 size: 83804160
MIOpen(HIP): Warning [IsEnoughWorkspace] [GetSolutionsFallback AI] Solver <ConvHipImplicitGemmGroupFwdXdlops>, workspace required: 43212544, provided ptr: 0x767279e00000 size: 41903104
MIOpen(HIP): Warning [IsEnoughWorkspace] [GetSolutionsFallback AI] Solver <GemmFwdRest>, workspace required: 293314560, provided ptr: 0x767279e00000 size: 41903104
[0;36m(APIServer pid=23472)[0;0m [32mINFO[0m [90m10-07 15:19:45[0m [90m[stats.py:902][0m [OmniTiming] req=speech-b8c4b845f698529c-a282e2b7 total=7.50s engine=7.50s stages=[0:7.50s]
INFO:     127.0.0.1:60618 - "POST /v1/audio/speech HTTP/1.1" 200 OK
[0;36m(APIServer pid=23472)[0;0m [32mINFO[0m [90m10-07 15:19:45[0m [90m[serving_speech.py:2423][0m Diffusion TTS speech request speech-95596dea5044a222: voice_clone=False
[0;36m(APIServer pid=23472)[0;0m [32mINFO[0m [90m10-07 15:19:45[0m [90m[serving_speech.py:2471][0m Applied diffusion speech params: seed=42 extra_params={}
[0;36m(APIServer pid=23472)[0;0m [32mINFO[0m [90m10-07 15:19:45[0m [90m[diffusion_engine.py:764][0m [RequestBatch] admission wait done waiting=1 max_batch=8 waited_ms=2.1
MIOpen(HIP): Warning [IsEnoughWorkspace] [GetSolutionsFallback AI] Solver <ConvHipImplicitGemmGroupFwdXdlops>, workspace required: 9403392, provided ptr: 0x767193c00000 size: 2888704
MIOpen(HIP): Warning [IsEnoughWorkspace] [GetSolutionsFallback AI] Solver <ConvAsmImplicitGemmGTCDynamicFwdXdlopsNHWC>, workspace required: 9403392, provided ptr: 0x767193c00000 size: 2888704
MIOpen(HIP): Warning [IsEnoughWorkspace] [GetSolutionsFallback WTI] Solver <ConvAsmImplicitGemmGTCDynamicBwdXdlopsNHWC>, workspace required: 41807872, provided ptr: 0x7673242c0000 size: 13205504
MIOpen(HIP): Warning [IsEnoughWorkspace] [GetSolutionsFallback WTI] Solver <ConvHipImplicitGemmGroupBwdXdlops>, workspace required: 41807872, provided ptr: 0x7673242c0000 size: 13205504
MIOpen(HIP): Warning [IsEnoughWorkspace] [GetSolutionsFallback AI] Solver <GemmFwdRest>, workspace required: 46219264, provided ptr: 0x767279e00000 size: 20545536
MIOpen(HIP): Warning [IsEnoughWorkspace] [GetSolutionsFallback AI] Solver <GemmFwdRest>, workspace required: 115548160, provided ptr: 0x76727bd7c000 size: 34848768
MIOpen(HIP): Warning [IsEnoughWorkspace] [GetSolutionsFallback AI] Solver <ConvHipImplicitGemmGroupFwdXdlops>, workspace required: 33275904, provided ptr: 0x767280a00000 size: 33013760
MIOpen(HIP): Warning [IsEnoughWorkspace] [GetSolutionsFallback AI] Solver <GemmFwdRest>, workspace required: 231096320, provided ptr: 0x7672848f8000 size: 66486272
MIOpen(HIP): Warning [IsEnoughWorkspace] [GetSolutionsFallback AI] Solver <ConvHipImplicitGemmGroupFwdXdlops>, workspace required: 66093056, provided ptr: 0x767286874000 size: 66027520
MIOpen(HIP): Warning [IsEnoughWorkspace] [GetSolutionsFallback WTI] Solver <ConvAsmImplicitGemmGTCDynamicBwdXdlopsNHWC>, workspace required: 66158592, provided ptr: 0x76728297c000 size: 66027520
MIOpen(HIP): Warning [IsEnoughWorkspace] [GetSolutionsFallback WTI] Solver <ConvHipImplicitGemmGroupBwdXdlops>, workspace required: 66158592, provided ptr: 0x76728297c000 size: 66027520
MIOpen(HIP): Warning [IsEnoughWorkspace] [GetSolutionsFallback AI] Solver <GemmFwdRest>, workspace required: 231096320, provided ptr: 0x7672848f8000 size: 66142208
MIOpen(HIP): Warning [IsEnoughWorkspace] [GetSolutionsFallback AI] Solver <ConvHipImplicitGemmGroupFwdXdlops>, workspace required: 66043904, provided ptr: 0x767286874000 size: 66027520
MIOpen(HIP): Warning [IsEnoughWorkspace] [GetSolutionsFallback AI] Solver <GemmFwdRest>, workspace required: 346644480, provided ptr: 0x7672897ae000 size: 99069952
MIOpen(HIP): Warning [IsEnoughWorkspace] [GetSolutionsFallback AI] Solver <ConvHipImplicitGemmGroupFwdXdlops>, workspace required: 99045376, provided ptr: 0x76728c6e8000 size: 99041280
MIOpen(HIP): Warning [IsEnoughWorkspace] [GetSolutionsFallback AI] Solver <ConvHipImplicitGemmGroupFwdXdlops>, workspace required: 51069184, provided ptr: 0x767279e00000 size: 49521664
MIOpen(HIP): Warning [IsEnoughWorkspace] [GetSolutionsFallback AI] Solver <GemmFwdRest>, workspace required: 346644480, provided ptr: 0x767279e00000 size: 49521664
MIOpen(HIP): Warning [IsEnoughWorkspace] [GetSolutionsFallback AI] Solver <ConvHipImplicitGemmGroupFwdXdlops>, workspace required: 8507392, provided ptr: 0x7671904c0000 size: 1634304
MIOpen(HIP): Warning [IsEnoughWorkspace] [GetSolutionsFallback AI] Solver <ConvAsmImplicitGemmGTCDynamicFwdXdlopsNHWC>, workspace required: 8507392, provided ptr: 0x7671904c0000 size: 1634304
MIOpen(HIP): Warning [IsEnoughWorkspace] [GetSolutionsFallback WTI] Solver <ConvAsmImplicitGemmGTCDynamicBwdXdlopsNHWC>, workspace required: 38223872, provided ptr: 0x767255400000 size: 7471104
MIOpen(HIP): Warning [IsEnoughWorkspace] [GetSolutionsFallback WTI] Solver <ConvHipImplicitGemmGroupBwdXdlops>, workspace required: 38223872, provided ptr: 0x767255400000 size: 7471104
MIOpen(HIP): Warning [IsEnoughWorkspace] [GetSolutionsFallback AI] Solver <GemmFwdRest>, workspace required: 26148864, provided ptr: 0x7673242c0000 size: 14811136
MIOpen(HIP): Warning [IsEnoughWorkspace] [GetSolutionsFallback AI] Solver <GemmFwdRest>, workspace required: 65372160, provided ptr: 0x767279e00000 size: 20512768
MIOpen(HIP): Warning [IsEnoughWorkspace] [GetSolutionsFallback AI] Solver <ConvHipImplicitGemmGroupFwdXdlops>, workspace required: 18939904, provided ptr: 0x76727a6e8000 size: 18677760
MIOpen(HIP): Warning [IsEnoughWorkspace] [GetSolutionsFallback AI] Solver <GemmFwdRest>, workspace required: 130744320, provided ptr: 0x767280a00000 size: 37814272
MIOpen(HIP): Warning [IsEnoughWorkspace] [GetSolutionsFallback AI] Solver <ConvHipImplicitGemmGroupFwdXdlops>, workspace required: 37421056, provided ptr: 0x767280a00000 size: 37355520
MIOpen(HIP): Warning [IsEnoughWorkspace] [GetSolutionsFallback WTI] Solver <ConvAsmImplicitGemmGTCDynamicBwdXdlopsNHWC>, workspace required: 37486592, provided ptr: 0x76727c1a0000 size: 37355520
MIOpen(HIP): Warning [IsEnoughWorkspace] [GetSolutionsFallback WTI] Solver <ConvHipImplicitGemmGroupBwdXdlops>, workspace required: 37486592, provided ptr: 0x76727c1a0000 size: 37355520
MIOpen(HIP): Warning [IsEnoughWorkspace] [GetSolutionsFallback AI] Solver <GemmFwdRest>, workspace required: 130744320, provided ptr: 0x767280a00000 size: 37470208
MIOpen(HIP): Warning [IsEnoughWorkspace] [GetSolutionsFallback AI] Solver <ConvHipImplicitGemmGroupFwdXdlops>, workspace required: 37371904, provided ptr: 0x767280a00000 size: 37355520
MIOpen(HIP): Warning [IsEnoughWorkspace] [GetSolutionsFallback AI] Solver <GemmFwdRest>, workspace required: 196116480, provided ptr: 0x7672824b8000 size: 56061952
MIOpen(HIP): Warning [IsEnoughWorkspace] [GetSolutionsFallback AI] Solver <ConvHipImplicitGemmGroupFwdXdlops>, workspace required: 56037376, provided ptr: 0x767283f70000 size: 56033280
MIOpen(HIP): Warning [IsEnoughWorkspace] [GetSolutionsFallback AI] Solver <ConvHipImplicitGemmGroupFwdXdlops>, workspace required: 28893184, provided ptr: 0x76727b8b8000 size: 28017664
MIOpen(HIP): Warning [IsEnoughWorkspace] [GetSolutionsFallback AI] Solver <GemmFwdRest>, workspace required: 196116480, provided ptr: 0x76727b8b8000 size: 28017664
MIOpen(HIP): Warning [IsEnoughWorkspace] [GetSolutionsFallback AI] Solver <ConvHipImplicitGemmGroupFwdXdlops>, workspace required: 8655872, provided ptr: 0x7671904c0000 size: 1842176
MIOpen(HIP): Warning [IsEnoughWorkspace] [GetSolutionsFallback AI] Solver <ConvAsmImplicitGemmGTCDynamicFwdXdlopsNHWC>, workspace required: 8655872, provided ptr: 0x7671904c0000 size: 1842176
MIOpen(HIP): Warning [IsEnoughWorkspace] [GetSolutionsFallback WTI] Solver <ConvAsmImplicitGemmGTCDynamicBwdXdlopsNHWC>, workspace required: 38817792, provided ptr: 0x767255400000 size: 8421376
MIOpen(HIP): Warning [IsEnoughWorkspace] [GetSolutionsFallback WTI] Solver <ConvHipImplicitGemmGroupBwdXdlops>, workspace required: 38817792, provided ptr: 0x767255400000 size: 8421376
MIOpen(HIP): Warning [IsEnoughWorkspace] [GetSolutionsFallback AI] Solver <GemmFwdRest>, workspace required: 29474816, provided ptr: 0x7673242c0000 size: 15761408
MIOpen(HIP): Warning [IsEnoughWorkspace] [GetSolutionsFallback AI] Solver <GemmFwdRest>, workspace required: 73687040, provided ptr: 0x76727a80a000 size: 22888448
MIOpen(HIP): Warning [IsEnoughWorkspace] [GetSolutionsFallback AI] Solver <ConvHipImplicitGemmGroupFwdXdlops>, workspace required: 21315584, provided ptr: 0x76727b214000 size: 21053440
MIOpen(HIP): Warning [IsEnoughWorkspace] [GetSolutionsFallback AI] Solver <GemmFwdRest>, workspace required: 147374080, provided ptr: 0x767280a00000 size: 42565632
MIOpen(HIP): Warning [IsEnoughWorkspace] [GetSolutionsFallback AI] Solver <ConvHipImplicitGemmGroupFwdXdlops>, workspace required: 42172416, provided ptr: 0x767280a00000 size: 42106880
MIOpen(HIP): Warning [IsEnoughWorkspace] [GetSolutionsFallback WTI] Solver <ConvAsmImplicitGemmGTCDynamicBwdXdlopsNHWC>, workspace required: 42237952, provided ptr: 0x767280a00000 size: 42106880
MIOpen(HIP): Warning [IsEnoughWorkspace] [GetSolutionsFallback WTI] Solver <ConvHipImplicitGemmGroupBwdXdlops>, workspace required: 42237952, provided ptr: 0x767280a00000 size: 42106880
MIOpen(HIP): Warning [IsEnoughWorkspace] [GetSolutionsFallback AI] Solver <GemmFwdRest>, workspace required: 147374080, provided ptr: 0x767280a00000 size: 42221568
MIOpen(HIP): Warning [IsEnoughWorkspace] [GetSolutionsFallback AI] Solver <ConvHipImplicitGemmGroupFwdXdlops>, workspace required: 42123264, provided ptr: 0x767281e14000 size: 42106880
MIOpen(HIP): Warning [IsEnoughWorkspace] [GetSolutionsFallback AI] Solver <GemmFwdRest>, workspace required: 221061120, provided ptr: 0x76728463c000 size: 63188992
MIOpen(HIP): Warning [IsEnoughWorkspace] [GetSolutionsFallback AI] Solver <ConvHipImplicitGemmGroupFwdXdlops>, workspace required: 63164416, provided ptr: 0x76728645a000 size: 63160320
MIOpen(HIP): Warning [IsEnoughWorkspace] [GetSolutionsFallback AI] Solver <ConvHipImplicitGemmGroupFwdXdlops>, workspace required: 32568064, provided ptr: 0x76727bc1e000 size: 31581184
MIOpen(HIP): Warning [IsEnoughWorkspace] [GetSolutionsFallback AI] Solver <GemmFwdRest>, workspace required: 221061120, provided ptr: 0x76727bc1e000 size: 31581184
MIOpen(HIP): Warning [IsEnoughWorkspace] [GetSolutionsFallback AI] Solver <ConvHipImplicitGemmGroupFwdXdlops>, workspace required: 8804352, provided ptr: 0x7671904c0000 size: 2050048
MIOpen(HIP): Warning [IsEnoughWorkspace] [GetSolutionsFallback AI] Solver <ConvAsmImplicitGemmGTCDynamicFwdXdlopsNHWC>, workspace required: 8804352, provided ptr: 0x7671904c0000 size: 2050048
MIOpen(HIP): Warning [IsEnoughWorkspace] [GetSolutionsFallback WTI] Solver <ConvAsmImplicitGemmGTCDynamicBwdXdlopsNHWC>, workspace required: 39411712, provided ptr: 0x767255400000 size: 9371648
MIOpen(HIP): Warning [IsEnoughWorkspace] [GetSolutionsFallback WTI] Solver <ConvHipImplicitGemmGroupBwdXdlops>, workspace required: 39411712, provided ptr: 0x767255400000 size: 9371648
MIOpen(HIP): Warning [IsEnoughWorkspace] [GetSolutionsFallback AI] Solver <GemmFwdRest>, workspace required: 32800768, provided ptr: 0x7673242c0000 size: 16711680
MIOpen(HIP): Warning [IsEnoughWorkspace] [GetSolutionsFallback AI] Solver <GemmFwdRest>, workspace required: 82001920, provided ptr: 0x76727b458000 size: 25264128
MIOpen(HIP): Warning [IsEnoughWorkspace] [GetSolutionsFallback AI] Solver <ConvHipImplicitGemmGroupFwdXdlops>, workspace required: 23691264, provided ptr: 0x76727bf84000 size: 23429120
MIOpen(HIP): Warning [IsEnoughWorkspace] [GetSolutionsFallback AI] Solver <GemmFwdRest>, workspace required: 164003840, provided ptr: 0x767282058000 size: 47316992
MIOpen(HIP): Warning [IsEnoughWorkspace] [GetSolutionsFallback AI] Solver <ConvHipImplicitGemmGroupFwdXdlops>, workspace required: 46923776, provided ptr: 0x7672836b0000 size: 46858240
MIOpen(HIP): Warning [IsEnoughWorkspace] [GetSolutionsFallback WTI] Solver <ConvAsmImplicitGemmGTCDynamicBwdXdlopsNHWC>, workspace required: 46989312, provided ptr: 0x767282058000 size: 46858240
MIOpen(HIP): Warning [IsEnoughWorkspace] [GetSolutionsFallback WTI] Solver <ConvHipImplicitGemmGroupBwdXdlops>, workspace required: 46989312, provided ptr: 0x767282058000 size: 46858240
MIOpen(HIP): Warning [IsEnoughWorkspace] [GetSolutionsFallback AI] Solver <GemmFwdRest>, workspace required: 164003840, provided ptr: 0x767282058000 size: 46972928
MIOpen(HIP): Warning [IsEnoughWorkspace] [GetSolutionsFallback AI] Solver <ConvHipImplicitGemmGroupFwdXdlops>, workspace required: 46874624, provided ptr: 0x7672836b0000 size: 46858240
MIOpen(HIP): Warning [IsEnoughWorkspace] [GetSolutionsFallback AI] Solver <GemmFwdRest>, workspace required: 246005760, provided ptr: 0x767284d08000 size: 70316032
MIOpen(HIP): Warning [IsEnoughWorkspace] [GetSolutionsFallback AI] Solver <ConvHipImplicitGemmGroupFwdXdlops>, workspace required: 70291456, provided ptr: 0x767286e8c000 size: 70287360
MIOpen(HIP): Warning [IsEnoughWorkspace] [GetSolutionsFallback AI] Solver <ConvHipImplicitGemmGroupFwdXdlops>, workspace required: 36242944, provided ptr: 0x767279e00000 size: 35144704
MIOpen(HIP): Warning [IsEnoughWorkspace] [GetSolutionsFallback AI] Solver <GemmFwdRest>, workspace required: 246005760, provided ptr: 0x767279e00000 size: 35144704
MIOpen(HIP): Warning [IsEnoughWorkspace] [GetSolutionsFallback AI] Solver <ConvHipImplicitGemmGroupFwdXdlops>, workspace required: 8486912, provided ptr: 0x7671904c0000 size: 1605632
MIOpen(HIP): Warning [IsEnoughWorkspace] [GetSolutionsFallback AI] Solver <ConvAsmImplicitGemmGTCDynamicFwdXdlopsNHWC>, workspace required: 8486912, provided ptr: 0x7671904c0000 size: 1605632
MIOpen(HIP): Warning [IsEnoughWorkspace] [GetSolutionsFallback WTI] Solver <ConvAsmImplicitGemmGTCDynamicBwdXdlopsNHWC>, workspace required: 38141952, provided ptr: 0x767255400000 size: 7340032
MIOpen(HIP): Warning [IsEnoughWorkspace] [GetSolutionsFallback WTI] Solver <ConvHipImplicitGemmGroupBwdXdlops>, workspace required: 38141952, provided ptr: 0x767255400000 size: 7340032
MIOpen(HIP): Warning [IsEnoughWorkspace] [GetSolutionsFallback AI] Solver <GemmFwdRest>, workspace required: 25690112, provided ptr: 0x7673242c0000 size: 14680064
MIOpen(HIP): Warning [IsEnoughWorkspace] [GetSolutionsFallback AI] Solver <GemmFwdRest>, workspace required: 64225280, provided ptr: 0x76727a6c0000 size: 20185088
MIOpen(HIP): Warning [IsEnoughWorkspace] [GetSolutionsFallback AI] Solver <ConvHipImplicitGemmGroupFwdXdlops>, workspace required: 18612224, provided ptr: 0x76727af80000 size: 18350080
MIOpen(HIP): Warning [IsEnoughWorkspace] [GetSolutionsFallback AI] Solver <GemmFwdRest>, workspace required: 128450560, provided ptr: 0x767280a00000 size: 37158912
MIOpen(HIP): Warning [IsEnoughWorkspace] [GetSolutionsFallback AI] Solver <ConvHipImplicitGemmGroupFwdXdlops>, workspace required: 36765696, provided ptr: 0x767280a00000 size: 36700160
MIOpen(HIP): Warning [IsEnoughWorkspace] [GetSolutionsFallback WTI] Solver <ConvAsmImplicitGemmGTCDynamicBwdXdlopsNHWC>, workspace required: 36831232, provided ptr: 0x767280a00000 size: 36700160
MIOpen(HIP): Warning [IsEnoughWorkspace] [GetSolutionsFallback WTI] Solver <ConvHipImplicitGemmGroupBwdXdlops>, workspace required: 36831232, provided ptr: 0x767280a00000 size: 36700160
MIOpen(HIP): Warning [IsEnoughWorkspace] [GetSolutionsFallback AI] Solver <GemmFwdRest>, workspace required: 128450560, provided ptr: 0x767280a00000 size: 36814848
MIOpen(HIP): Warning [IsEnoughWorkspace] [GetSolutionsFallback AI] Solver <ConvHipImplicitGemmGroupFwdXdlops>, workspace required: 36716544, provided ptr: 0x767281b80000 size: 36700160
MIOpen(HIP): Warning [IsEnoughWorkspace] [GetSolutionsFallback AI] Solver <GemmFwdRest>, workspace required: 192675840, provided ptr: 0x767282440000 size: 55078912
MIOpen(HIP): Warning [IsEnoughWorkspace] [GetSolutionsFallback AI] Solver <ConvHipImplicitGemmGroupFwdXdlops>, workspace required: 55054336, provided ptr: 0x767283e80000 size: 55050240
MIOpen(HIP): Warning [IsEnoughWorkspace] [GetSolutionsFallback AI] Solver <ConvHipImplicitGemmGroupFwdXdlops>, workspace required: 28386304, provided ptr: 0x76727b840000 size: 27526144
MIOpen(HIP): Warning [IsEnoughWorkspace] [GetSolutionsFallback AI] Solver <GemmFwdRest>, workspace required: 192675840, provided ptr: 0x76727b840000 size: 27526144
MIOpen(HIP): Warning [IsEnoughWorkspace] [GetSolutionsFallback AI] Solver <ConvHipImplicitGemmGroupFwdXdlops>, workspace required: 8404992, provided ptr: 0x767191480000 size: 1490944
MIOpen(HIP): Warning [IsEnoughWorkspace] [GetSolutionsFallback AI] Solver <ConvAsmImplicitGemmGTCDynamicFwdXdlopsNHWC>, workspace required: 8404992, provided ptr: 0x767191480000 size: 1490944
MIOpen(HIP): Warning [IsEnoughWorkspace] [GetSolutionsFallback WTI] Solver <ConvAsmImplicitGemmGTCDynamicBwdXdlopsNHWC>, workspace required: 37814272, provided ptr: 0x767255400000 size: 6815744
MIOpen(HIP): Warning [IsEnoughWorkspace] [GetSolutionsFallback WTI] Solver <ConvHipImplicitGemmGroupBwdXdlops>, workspace required: 37814272, provided ptr: 0x767255400000 size: 6815744
MIOpen(HIP): Warning [IsEnoughWorkspace] [GetSolutionsFallback AI] Solver <GemmFwdRest>, workspace required: 23855104, provided ptr: 0x7673242c0000 size: 14155776
MIOpen(HIP): Warning [IsEnoughWorkspace] [GetSolutionsFallback WTI] Solver <ConvAsmImplicitGemmGTCDynamicBwdXdlopsNHWC>, workspace required: 17170432, provided ptr: 0x7673242c0000 size: 17039360
MIOpen(HIP): Warning [IsEnoughWorkspace] [GetSolutionsFallback WTI] Solver <ConvHipImplicitGemmGroupBwdXdlops>, workspace required: 17170432, provided ptr: 0x7673242c0000 size: 17039360
MIOpen(HIP): Warning [IsEnoughWorkspace] [GetSolutionsFallback AI] Solver <GemmFwdRest>, workspace required: 59637760, provided ptr: 0x767279e00000 size: 18874368
MIOpen(HIP): Warning [IsEnoughWorkspace] [GetSolutionsFallback AI] Solver <ConvHipImplicitGemmGroupFwdXdlops>, workspace required: 17301504, provided ptr: 0x76727a620000 size: 17039360
MIOpen(HIP): Warning [IsEnoughWorkspace] [GetSolutionsFallback AI] Solver <GemmFwdRest>, workspace required: 119275520, provided ptr: 0x767280a00000 size: 34537472
MIOpen(HIP): Warning [IsEnoughWorkspace] [GetSolutionsFallback AI] Solver <ConvHipImplicitGemmGroupFwdXdlops>, workspace required: 34144256, provided ptr: 0x767280a00000 size: 34078720
MIOpen(HIP): Warning [IsEnoughWorkspace] [GetSolutionsFallback WTI] Solver <ConvAsmImplicitGemmGTCDynamicBwdXdlopsNHWC>, workspace required: 34209792, provided ptr: 0x76727be80000 size: 34078720
MIOpen(HIP): Warning [IsEnoughWorkspace] [GetSolutionsFallback WTI] Solver <ConvHipImplicitGemmGroupBwdXdlops>, workspace required: 34209792, provided ptr: 0x76727be80000 size: 34078720
MIOpen(HIP): Warning [IsEnoughWorkspace] [GetSolutionsFallback AI] Solver <GemmFwdRest>, workspace required: 119275520, provided ptr: 0x767280a00000 size: 34193408
MIOpen(HIP): Warning [IsEnoughWorkspace] [GetSolutionsFallback AI] Solver <ConvHipImplicitGemmGroupFwdXdlops>, workspace required: 34095104, provided ptr: 0x767280a00000 size: 34078720
MIOpen(HIP): Warning [IsEnoughWorkspace] [GetSolutionsFallback AI] Solver <GemmFwdRest>, workspace required: 178913280, provided ptr: 0x767282260000 size: 51146752
MIOpen(HIP): Warning [IsEnoughWorkspace] [GetSolutionsFallback AI] Solver <ConvHipImplicitGemmGroupFwdXdlops>, workspace required: 51122176, provided ptr: 0x767283ac0000 size: 51118080
MIOpen(HIP): Warning [IsEnoughWorkspace] [GetSolutionsFallback AI] Solver <ConvHipImplicitGemmGroupFwdXdlops>, workspace required: 26358784, provided ptr: 0x76727b660000 size: 25560064
MIOpen(HIP): Warning [IsEnoughWorkspace] [GetSolutionsFallback AI] Solver <GemmFwdRest>, workspace required: 178913280, provided ptr: 0x76727b660000 size: 25560064
MIOpen(HIP): Warning [IsEnoughWorkspace] [GetSolutionsFallback AI] Solver <ConvHipImplicitGemmGroupFwdXdlops>, workspace required: 9070592, provided ptr: 0x7671904c0000 size: 2422784
MIOpen(HIP): Warning [IsEnoughWorkspace] [GetSolutionsFallback AI] Solver <ConvAsmImplicitGemmGTCDynamicFwdXdlopsNHWC>, workspace required: 9070592, provided ptr: 0x7671904c0000 size: 2422784
MIOpen(HIP): Warning [IsEnoughWorkspace] [GetSolutionsFallback WTI] Solver <ConvAsmImplicitGemmGTCDynamicBwdXdlopsNHWC>, workspace required: 40476672, provided ptr: 0x7673242c0000 size: 11075584
MIOpen(HIP): Warning [IsEnoughWorkspace] [GetSolutionsFallback WTI] Solver <ConvHipImplicitGemmGroupBwdXdlops>, workspace required: 40476672, provided ptr: 0x7673242c0000 size: 11075584
MIOpen(HIP): Warning [IsEnoughWorkspace] [GetSolutionsFallback AI] Solver <GemmFwdRest>, workspace required: 38764544, provided ptr: 0x767279e00000 size: 18415616
MIOpen(HIP): Warning [IsEnoughWorkspace] [GetSolutionsFallback AI] Solver <GemmFwdRest>, workspace required: 96911360, provided ptr: 0x76727ab34000 size: 29523968
MIOpen(HIP): Warning [IsEnoughWorkspace] [GetSolutionsFallback AI] Solver <ConvHipImplicitGemmGroupFwdXdlops>, workspace required: 27951104, provided ptr: 0x76727b868000 size: 27688960
MIOpen(HIP): Warning [IsEnoughWorkspace] [GetSolutionsFallback AI] Solver <GemmFwdRest>, workspace required: 193822720, provided ptr: 0x767282468000 size: 55836672
MIOpen(HIP): Warning [IsEnoughWorkspace] [GetSolutionsFallback AI] Solver <ConvHipImplicitGemmGroupFwdXdlops>, workspace required: 55443456, provided ptr: 0x767283ed0000 size: 55377920
MIOpen(HIP): Warning [IsEnoughWorkspace] [GetSolutionsFallback WTI] Solver <ConvAsmImplicitGemmGTCDynamicBwdXdlopsNHWC>, workspace required: 55508992, provided ptr: 0x767282468000 size: 55377920
MIOpen(HIP): Warning [IsEnoughWorkspace] [GetSolutionsFallback WTI] Solver <ConvHipImplicitGemmGroupBwdXdlops>, workspace required: 55508992, provided ptr: 0x767282468000 size: 55377920
MIOpen(HIP): Warning [IsEnoughWorkspace] [GetSolutionsFallback AI] Solver <GemmFwdRest>, workspace required: 193822720, provided ptr: 0x767283ed0000 size: 55492608
MIOpen(HIP): Warning [IsEnoughWorkspace] [GetSolutionsFallback AI] Solver <ConvHipImplicitGemmGroupFwdXdlops>, workspace required: 55394304, provided ptr: 0x767285938000 size: 55377920
MIOpen(HIP): Warning [IsEnoughWorkspace] [GetSolutionsFallback AI] Solver <GemmFwdRest>, workspace required: 290734080, provided ptr: 0x767285938000 size: 83095552
MIOpen(HIP): Warning [IsEnoughWorkspace] [GetSolutionsFallback AI] Solver <ConvHipImplicitGemmGroupFwdXdlops>, workspace required: 83070976, provided ptr: 0x7672880d4000 size: 83066880
MIOpen(HIP): Warning [IsEnoughWorkspace] [GetSolutionsFallback AI] Solver <ConvHipImplicitGemmGroupFwdXdlops>, workspace required: 42832384, provided ptr: 0x767279e00000 size: 41534464
MIOpen(HIP): Warning [IsEnoughWorkspace] [GetSolutionsFallback AI] Solver <GemmFwdRest>, workspace required: 290734080, provided ptr: 0x767279e00000 size: 41534464
MIOpen(HIP): Warning [IsEnoughWorkspace] [GetSolutionsFallback AI] Solver <ConvHipImplicitGemmGroupFwdXdlops>, workspace required: 8916992, provided ptr: 0x7671904c0000 size: 2207744
MIOpen(HIP): Warning [IsEnoughWorkspace] [GetSolutionsFallback AI] Solver <ConvAsmImplicitGemmGTCDynamicFwdXdlopsNHWC>, workspace required: 8916992, provided ptr: 0x7671904c0000 size: 2207744
MIOpen(HIP): Warning [IsEnoughWorkspace] [GetSolutionsFallback WTI] Solver <ConvAsmImplicitGemmGTCDynamicBwdXdlopsNHWC>, workspace required: 39862272, provided ptr: 0x767255400000 size: 10092544
MIOpen(HIP): Warning [IsEnoughWorkspace] [GetSolutionsFallback WTI] Solver <ConvHipImplicitGemmGroupBwdXdlops>, workspace required: 39862272, provided ptr: 0x767255400000 size: 10092544
MIOpen(HIP): Warning [IsEnoughWorkspace] [GetSolutionsFallback AI] Solver <GemmFwdRest>, workspace required: 35323904, provided ptr: 0x7673242c0000 size: 17432576
MIOpen(HIP): Warning [IsEnoughWorkspace] [GetSolutionsFallback AI] Solver <GemmFwdRest>, workspace required: 88309760, provided ptr: 0x76727b610000 size: 27066368
MIOpen(HIP): Warning [IsEnoughWorkspace] [GetSolutionsFallback AI] Solver <ConvHipImplicitGemmGroupFwdXdlops>, workspace required: 25493504, provided ptr: 0x76727c218000 size: 25231360
MIOpen(HIP): Warning [IsEnoughWorkspace] [GetSolutionsFallback AI] Solver <GemmFwdRest>, workspace required: 176619520, provided ptr: 0x767282210000 size: 50921472
MIOpen(HIP): Warning [IsEnoughWorkspace] [GetSolutionsFallback AI] Solver <ConvHipImplicitGemmGroupFwdXdlops>, workspace required: 50528256, provided ptr: 0x767283a20000 size: 50462720
MIOpen(HIP): Warning [IsEnoughWorkspace] [GetSolutionsFallback WTI] Solver <ConvAsmImplicitGemmGTCDynamicBwdXdlopsNHWC>, workspace required: 50593792, provided ptr: 0x767282210000 size: 50462720
MIOpen(HIP): Warning [IsEnoughWorkspace] [GetSolutionsFallback WTI] Solver <ConvHipImplicitGemmGroupBwdXdlops>, workspace required: 50593792, provided ptr: 0x767282210000 size: 50462720
MIOpen(HIP): Warning [IsEnoughWorkspace] [GetSolutionsFallback AI] Solver <GemmFwdRest>, workspace required: 176619520, provided ptr: 0x767282210000 size: 50577408
MIOpen(HIP): Warning [IsEnoughWorkspace] [GetSolutionsFallback AI] Solver <ConvHipImplicitGemmGroupFwdXdlops>, workspace required: 50479104, provided ptr: 0x767283a20000 size: 50462720
MIOpen(HIP): Warning [IsEnoughWorkspace] [GetSolutionsFallback AI] Solver <GemmFwdRest>, workspace required: 264929280, provided ptr: 0x767285230000 size: 75722752
MIOpen(HIP): Warning [IsEnoughWorkspace] [GetSolutionsFallback AI] Solver <ConvHipImplicitGemmGroupFwdXdlops>, workspace required: 75698176, provided ptr: 0x767287648000 size: 75694080
MIOpen(HIP): Warning [IsEnoughWorkspace] [GetSolutionsFallback AI] Solver <ConvHipImplicitGemmGroupFwdXdlops>, workspace required: 39030784, provided ptr: 0x767279e00000 size: 37848064
MIOpen(HIP): Warning [IsEnoughWorkspace] [GetSolutionsFallback AI] Solver <GemmFwdRest>, workspace required: 264929280, provided ptr: 0x767279e00000 size: 37848064
MIOpen(HIP): Warning [IsEnoughWorkspace] [GetSolutionsFallback AI] Solver <ConvHipImplicitGemmGroupFwdXdlops>, workspace required: 7964672, provided ptr: 0x7671f9600000 size: 874496
MIOpen(HIP): Warning [IsEnoughWorkspace] [GetSolutionsFallback AI] Solver <ConvAsmImplicitGemmGTCDynamicFwdXdlopsNHWC>, workspace required: 7964672, provided ptr: 0x7671f9600000 size: 874496
MIOpen(HIP): Warning [IsEnoughWorkspace] [GetSolutionsFallback WTI] Solver <ConvAsmImplicitGemmGTCDynamicBwdXdlopsNHWC>, workspace required: 36052992, provided ptr: 0x767193c00000 size: 3997696
MIOpen(HIP): Warning [IsEnoughWorkspace] [GetSolutionsFallback WTI] Solver <ConvHipImplicitGemmGroupBwdXdlops>, workspace required: 36052992, provided ptr: 0x767193c00000 size: 3997696
MIOpen(HIP): Warning [IsEnoughWorkspace] [GetSolutionsFallback AI] Solver <GemmFwdRest>, workspace required: 13991936, provided ptr: 0x767255400000 size: 11337728
MIOpen(HIP): Warning [IsEnoughWorkspace] [GetSolutionsFallback WTI] Solver <ConvAsmImplicitGemmGTCDynamicBwdXdlopsNHWC>, workspace required: 12238848, provided ptr: 0x7673242c0000 size: 9994240
MIOpen(HIP): Warning [IsEnoughWorkspace] [GetSolutionsFallback WTI] Solver <ConvHipImplicitGemmGroupBwdXdlops>, workspace required: 12238848, provided ptr: 0x7673242c0000 size: 9994240
MIOpen(HIP): Warning [IsEnoughWorkspace] [GetSolutionsFallback AI] Solver <GemmFwdRest>, workspace required: 34979840, provided ptr: 0x767324784000 size: 11829248
MIOpen(HIP): Warning [IsEnoughWorkspace] [GetSolutionsFallback AI] Solver <ConvHipImplicitGemmGroupFwdXdlops>, workspace required: 10256384, provided ptr: 0x767324c48000 size: 9994240
MIOpen(HIP): Warning [IsEnoughWorkspace] [GetSolutionsFallback AI] Solver <GemmFwdRest>, workspace required: 69959680, provided ptr: 0x76727a788000 size: 20447232
MIOpen(HIP): Warning [IsEnoughWorkspace] [GetSolutionsFallback AI] Solver <ConvHipImplicitGemmGroupFwdXdlops>, workspace required: 20054016, provided ptr: 0x76727b110000 size: 19988480
MIOpen(HIP): Warning [IsEnoughWorkspace] [GetSolutionsFallback WTI] Solver <ConvAsmImplicitGemmGTCDynamicBwdXdlopsNHWC>, workspace required: 20119552, provided ptr: 0x76727a788000 size: 19988480
MIOpen(HIP): Warning [IsEnoughWorkspace] [GetSolutionsFallback WTI] Solver <ConvHipImplicitGemmGroupBwdXdlops>, workspace required: 20119552, provided ptr: 0x76727a788000 size: 19988480
MIOpen(HIP): Warning [IsEnoughWorkspace] [GetSolutionsFallback AI] Solver <GemmFwdRest>, workspace required: 69959680, provided ptr: 0x76727a788000 size: 20103168
MIOpen(HIP): Warning [IsEnoughWorkspace] [GetSolutionsFallback AI] Solver <ConvHipImplicitGemmGroupFwdXdlops>, workspace required: 20004864, provided ptr: 0x76727b110000 size: 19988480
MIOpen(HIP): Warning [IsEnoughWorkspace] [GetSolutionsFallback AI] Solver <GemmFwdRest>, workspace required: 104939520, provided ptr: 0x76727c8e4000 size: 30011392
MIOpen(HIP): Warning [IsEnoughWorkspace] [GetSolutionsFallback AI] Solver <ConvHipImplicitGemmGroupFwdXdlops>, workspace required: 29986816, provided ptr: 0x767280a00000 size: 29982720
MIOpen(HIP): Warning [IsEnoughWorkspace] [GetSolutionsFallback AI] Solver <ConvHipImplicitGemmGroupFwdXdlops>, workspace required: 15460864, provided ptr: 0x767279e00000 size: 14992384
MIOpen(HIP): Warning [IsEnoughWorkspace] [GetSolutionsFallback AI] Solver <GemmFwdRest>, workspace required: 104939520, provided ptr: 0x767279e00000 size: 14992384
MIOpen(HIP): Warning [IsEnoughWorkspace] [GetSolutionsFallback AI] Solver <ConvHipImplicitGemmGroupFwdXdlops>, workspace required: 8840192, provided ptr: 0x7671904c0000 size: 2100224
MIOpen(HIP): Warning [IsEnoughWorkspace] [GetSolutionsFallback AI] Solver <ConvAsmImplicitGemmGTCDynamicFwdXdlopsNHWC>, workspace required: 8840192, provided ptr: 0x7671904c0000 size: 2100224
MIOpen(HIP): Warning [IsEnoughWorkspace] [GetSolutionsFallback WTI] Solver <ConvAsmImplicitGemmGTCDynamicBwdXdlopsNHWC>, workspace required: 39555072, provided ptr: 0x767255400000 size: 9601024
MIOpen(HIP): Warning [IsEnoughWorkspace] [GetSolutionsFallback WTI] Solver <ConvHipImplicitGemmGroupBwdXdlops>, workspace required: 39555072, provided ptr: 0x767255400000 size: 9601024
MIOpen(HIP): Warning [IsEnoughWorkspace] [GetSolutionsFallback AI] Solver <GemmFwdRest>, workspace required: 33603584, provided ptr: 0x7673242c0000 size: 16941056
MIOpen(HIP): Warning [IsEnoughWorkspace] [GetSolutionsFallback AI] Solver <GemmFwdRest>, workspace required: 84008960, provided ptr: 0x76727b4e4000 size: 25837568
MIOpen(HIP): Warning [IsEnoughWorkspace] [GetSolutionsFallback AI] Solver <ConvHipImplicitGemmGroupFwdXdlops>, workspace required: 24264704, provided ptr: 0x76727c056000 size: 24002560
MIOpen(HIP): Warning [IsEnoughWorkspace] [GetSolutionsFallback AI] Solver <GemmFwdRest>, workspace required: 168017920, provided ptr: 0x7672820e4000 size: 48463872
MIOpen(HIP): Warning [IsEnoughWorkspace] [GetSolutionsFallback AI] Solver <ConvHipImplicitGemmGroupFwdXdlops>, workspace required: 48070656, provided ptr: 0x7672837c8000 size: 48005120
MIOpen(HIP): Warning [IsEnoughWorkspace] [GetSolutionsFallback WTI] Solver <ConvAsmImplicitGemmGTCDynamicBwdXdlopsNHWC>, workspace required: 48136192, provided ptr: 0x7672820e4000 size: 48005120
MIOpen(HIP): Warning [IsEnoughWorkspace] [GetSolutionsFallback WTI] Solver <ConvHipImplicitGemmGroupBwdXdlops>, workspace required: 48136192, provided ptr: 0x7672820e4000 size: 48005120
MIOpen(HIP): Warning [IsEnoughWorkspace] [GetSolutionsFallback AI] Solver <GemmFwdRest>, workspace required: 168017920, provided ptr: 0x7672820e4000 size: 48119808
MIOpen(HIP): Warning [IsEnoughWorkspace] [GetSolutionsFallback AI] Solver <ConvHipImplicitGemmGroupFwdXdlops>, workspace required: 48021504, provided ptr: 0x7672837c8000 size: 48005120
MIOpen(HIP): Warning [IsEnoughWorkspace] [GetSolutionsFallback AI] Solver <GemmFwdRest>, workspace required: 252026880, provided ptr: 0x767284eac000 size: 72036352
MIOpen(HIP): Warning [IsEnoughWorkspace] [GetSolutionsFallback AI] Solver <ConvHipImplicitGemmGroupFwdXdlops>, workspace required: 72011776, provided ptr: 0x767287102000 size: 72007680
MIOpen(HIP): Warning [IsEnoughWorkspace] [GetSolutionsFallback AI] Solver <ConvHipImplicitGemmGroupFwdXdlops>, workspace required: 37129984, provided ptr: 0x767279e00000 size: 36004864
MIOpen(HIP): Warning [IsEnoughWorkspace] [GetSolutionsFallback AI] Solver <GemmFwdRest>, workspace required: 252026880, provided ptr: 0x767279e00000 size: 36004864
MIOpen(HIP): Warning [IsEnoughWorkspace] [GetSolutionsFallback AI] Solver <ConvHipImplicitGemmGroupFwdXdlops>, workspace required: 7903232, provided ptr: 0x7671f9600000 size: 788480
MIOpen(HIP): Warning [IsEnoughWorkspace] [GetSolutionsFallback AI] Solver <ConvAsmImplicitGemmGTCDynamicFwdXdlopsNHWC>, workspace required: 7903232, provided ptr: 0x7671f9600000 size: 788480
MIOpen(HIP): Warning [IsEnoughWorkspace] [GetSolutionsFallback WTI] Solver <ConvAsmImplicitGemmGTCDynamicBwdXdlopsNHWC>, workspace required: 35807232, provided ptr: 0x767193c00000 size: 3604480
MIOpen(HIP): Warning [IsEnoughWorkspace] [GetSolutionsFallback WTI] Solver <ConvHipImplicitGemmGroupBwdXdlops>, workspace required: 35807232, provided ptr: 0x767193c00000 size: 3604480
MIOpen(HIP): Warning [IsEnoughWorkspace] [GetSolutionsFallback WTI] Solver <ConvAsmImplicitGemmGTCDynamicBwdXdlopsNHWC>, workspace required: 11550720, provided ptr: 0x76725584c000 size: 9011200
MIOpen(HIP): Warning [IsEnoughWorkspace] [GetSolutionsFallback WTI] Solver <ConvHipImplicitGemmGroupBwdXdlops>, workspace required: 11550720, provided ptr: 0x76725584c000 size: 9011200
MIOpen(HIP): Warning [IsEnoughWorkspace] [GetSolutionsFallback AI] Solver <GemmFwdRest>, workspace required: 31539200, provided ptr: 0x7673242c0000 size: 10846208
MIOpen(HIP): Warning [IsEnoughWorkspace] [GetSolutionsFallback AI] Solver <ConvHipImplicitGemmGroupFwdXdlops>, workspace required: 9273344, provided ptr: 0x76732470c000 size: 9011200
MIOpen(HIP): Warning [IsEnoughWorkspace] [GetSolutionsFallback AI] Solver <GemmFwdRest>, workspace required: 63078400, provided ptr: 0x76727a698000 size: 18481152
MIOpen(HIP): Warning [IsEnoughWorkspace] [GetSolutionsFallback AI] Solver <ConvHipImplicitGemmGroupFwdXdlops>, workspace required: 18087936, provided ptr: 0x76727af30000 size: 18022400
MIOpen(HIP): Warning [IsEnoughWorkspace] [GetSolutionsFallback WTI] Solver <ConvAsmImplicitGemmGTCDynamicBwdXdlopsNHWC>, workspace required: 18153472, provided ptr: 0x76727a698000 size: 18022400
MIOpen(HIP): Warning [IsEnoughWorkspace] [GetSolutionsFallback WTI] Solver <ConvHipImplicitGemmGroupBwdXdlops>, workspace required: 18153472, provided ptr: 0x76727a698000 size: 18022400
MIOpen(HIP): Warning [IsEnoughWorkspace] [GetSolutionsFallback AI] Solver <GemmFwdRest>, workspace required: 63078400, provided ptr: 0x76727a698000 size: 18137088
MIOpen(HIP): Warning [IsEnoughWorkspace] [GetSolutionsFallback AI] Solver <ConvHipImplicitGemmGroupFwdXdlops>, workspace required: 18038784, provided ptr: 0x76727af30000 size: 18022400
MIOpen(HIP): Warning [IsEnoughWorkspace] [GetSolutionsFallback AI] Solver <GemmFwdRest>, workspace required: 94617600, provided ptr: 0x76727b7c8000 size: 27062272
MIOpen(HIP): Warning [IsEnoughWorkspace] [GetSolutionsFallback AI] Solver <ConvHipImplicitGemmGroupFwdXdlops>, workspace required: 27037696, provided ptr: 0x76727c4ac000 size: 27033600
MIOpen(HIP): Warning [IsEnoughWorkspace] [GetSolutionsFallback AI] Solver <ConvHipImplicitGemmGroupFwdXdlops>, workspace required: 13940224, provided ptr: 0x7673242c0000 size: 13517824
MIOpen(HIP): Warning [IsEnoughWorkspace] [GetSolutionsFallback AI] Solver <GemmFwdRest>, workspace required: 94617600, provided ptr: 0x7673242c0000 size: 13517824
[0;36m(APIServer pid=23472)[0;0m [32mINFO[0m [90m10-07 15:19:52[0m [90m[stats.py:902][0m [OmniTiming] req=speech-95596dea5044a222-b4d0bb57 total=7.88s engine=7.88s stages=[0:7.88s]
INFO:     127.0.0.1:60618 - "POST /v1/audio/speech HTTP/1.1" 200 OK
[0;36m(APIServer pid=23472)[0;0m [32mINFO[0m [90m10-07 15:19:53[0m [90m[serving_speech.py:2423][0m Diffusion TTS speech request speech-971aa84ce3e6726a: voice_clone=False
[0;36m(APIServer pid=23472)[0;0m [32mINFO[0m [90m10-07 15:19:53[0m [90m[serving_speech.py:2471][0m Applied diffusion speech params: seed=42 extra_params={}
[0;36m(APIServer pid=23472)[0;0m [32mINFO[0m [90m10-07 15:19:53[0m [90m[diffusion_engine.py:764][0m [RequestBatch] admission wait done waiting=1 max_batch=8 waited_ms=2.1
MIOpen(HIP): Warning [IsEnoughWorkspace] [GetSolutionsFallback AI] Solver <ConvHipImplicitGemmGroupFwdXdlops>, workspace required: 9060352, provided ptr: 0x7671904c0000 size: 2408448
MIOpen(HIP): Warning [IsEnoughWorkspace] [GetSolutionsFallback AI] Solver <ConvAsmImplicitGemmGTCDynamicFwdXdlopsNHWC>, workspace required: 9060352, provided ptr: 0x7671904c0000 size: 2408448
MIOpen(HIP): Warning [IsEnoughWorkspace] [GetSolutionsFallback WTI] Solver <ConvAsmImplicitGemmGTCDynamicBwdXdlopsNHWC>, workspace required: 40435712, provided ptr: 0x7673242c0000 size: 11010048
MIOpen(HIP): Warning [IsEnoughWorkspace] [GetSolutionsFallback WTI] Solver <ConvHipImplicitGemmGroupBwdXdlops>, workspace required: 40435712, provided ptr: 0x7673242c0000 size: 11010048
MIOpen(HIP): Warning [IsEnoughWorkspace] [GetSolutionsFallback AI] Solver <GemmFwdRest>, workspace required: 38535168, provided ptr: 0x767279e00000 size: 18350080
MIOpen(HIP): Warning [IsEnoughWorkspace] [GetSolutionsFallback AI] Solver <GemmFwdRest>, workspace required: 96337920, provided ptr: 0x76727ab20000 size: 29360128
MIOpen(HIP): Warning [IsEnoughWorkspace] [GetSolutionsFallback AI] Solver <ConvHipImplicitGemmGroupFwdXdlops>, workspace required: 27787264, provided ptr: 0x76727b840000 size: 27525120
MIOpen(HIP): Warning [IsEnoughWorkspace] [GetSolutionsFallback AI] Solver <GemmFwdRest>, workspace required: 192675840, provided ptr: 0x767282440000 size: 55508992
MIOpen(HIP): Warning [IsEnoughWorkspace] [GetSolutionsFallback AI] Solver <ConvHipImplicitGemmGroupFwdXdlops>, workspace required: 55115776, provided ptr: 0x767283e80000 size: 55050240
MIOpen(HIP): Warning [IsEnoughWorkspace] [GetSolutionsFallback WTI] Solver <ConvAsmImplicitGemmGTCDynamicBwdXdlopsNHWC>, workspace required: 55181312, provided ptr: 0x767282440000 size: 55050240
MIOpen(HIP): Warning [IsEnoughWorkspace] [GetSolutionsFallback WTI] Solver <ConvHipImplicitGemmGroupBwdXdlops>, workspace required: 55181312, provided ptr: 0x767282440000 size: 55050240
MIOpen(HIP): Warning [IsEnoughWorkspace] [GetSolutionsFallback AI] Solver <GemmFwdRest>, workspace required: 192675840, provided ptr: 0x767283e80000 size: 55164928
MIOpen(HIP): Warning [IsEnoughWorkspace] [GetSolutionsFallback AI] Solver <ConvHipImplicitGemmGroupFwdXdlops>, workspace required: 55066624, provided ptr: 0x7672858c0000 size: 55050240
MIOpen(HIP): Warning [IsEnoughWorkspace] [GetSolutionsFallback AI] Solver <GemmFwdRest>, workspace required: 289013760, provided ptr: 0x7672858c0000 size: 82604032
MIOpen(HIP): Warning [IsEnoughWorkspace] [GetSolutionsFallback AI] Solver <ConvHipImplicitGemmGroupFwdXdlops>, workspace required: 82579456, provided ptr: 0x767288020000 size: 82575360
MIOpen(HIP): Warning [IsEnoughWorkspace] [GetSolutionsFallback AI] Solver <ConvHipImplicitGemmGroupFwdXdlops>, workspace required: 42578944, provided ptr: 0x767279e00000 size: 41288704
MIOpen(HIP): Warning [IsEnoughWorkspace] [GetSolutionsFallback AI] Solver <GemmFwdRest>, workspace required: 289013760, provided ptr: 0x767279e00000 size: 41288704
MIOpen(HIP): Warning [IsEnoughWorkspace] [GetSolutionsFallback AI] Solver <ConvHipImplicitGemmGroupFwdXdlops>, workspace required: 8712192, provided ptr: 0x7671904c0000 size: 1921024
MIOpen(HIP): Warning [IsEnoughWorkspace] [GetSolutionsFallback AI] Solver <ConvAsmImplicitGemmGTCDynamicFwdXdlopsNHWC>, workspace required: 8712192, provided ptr: 0x7671904c0000 size: 1921024
MIOpen(HIP): Warning [IsEnoughWorkspace] [GetSolutionsFallback WTI] Solver <ConvAsmImplicitGemmGTCDynamicBwdXdlopsNHWC>, workspace required: 39043072, provided ptr: 0x767255400000 size: 8781824
MIOpen(HIP): Warning [IsEnoughWorkspace] [GetSolutionsFallback WTI] Solver <ConvHipImplicitGemmGroupBwdXdlops>, workspace required: 39043072, provided ptr: 0x767255400000 size: 8781824
MIOpen(HIP): Warning [IsEnoughWorkspace] [GetSolutionsFallback AI] Solver <GemmFwdRest>, workspace required: 30736384, provided ptr: 0x7673242c0000 size: 16121856
MIOpen(HIP): Warning [IsEnoughWorkspace] [GetSolutionsFallback AI] Solver <GemmFwdRest>, workspace required: 76840960, provided ptr: 0x76727a878000 size: 23789568
MIOpen(HIP): Warning [IsEnoughWorkspace] [GetSolutionsFallback AI] Solver <ConvHipImplicitGemmGroupFwdXdlops>, workspace required: 22216704, provided ptr: 0x76727b2f0000 size: 21954560
MIOpen(HIP): Warning [IsEnoughWorkspace] [GetSolutionsFallback AI] Solver <GemmFwdRest>, workspace required: 153681920, provided ptr: 0x767280a00000 size: 44367872
MIOpen(HIP): Warning [IsEnoughWorkspace] [GetSolutionsFallback AI] Solver <ConvHipImplicitGemmGroupFwdXdlops>, workspace required: 43974656, provided ptr: 0x767280a00000 size: 43909120
MIOpen(HIP): Warning [IsEnoughWorkspace] [GetSolutionsFallback WTI] Solver <ConvAsmImplicitGemmGTCDynamicBwdXdlopsNHWC>, workspace required: 44040192, provided ptr: 0x767280a00000 size: 43909120
MIOpen(HIP): Warning [IsEnoughWorkspace] [GetSolutionsFallback WTI] Solver <ConvHipImplicitGemmGroupBwdXdlops>, workspace required: 44040192, provided ptr: 0x767280a00000 size: 43909120
MIOpen(HIP): Warning [IsEnoughWorkspace] [GetSolutionsFallback AI] Solver <GemmFwdRest>, workspace required: 153681920, provided ptr: 0x767280a00000 size: 44023808
MIOpen(HIP): Warning [IsEnoughWorkspace] [GetSolutionsFallback AI] Solver <ConvHipImplicitGemmGroupFwdXdlops>, workspace required: 43925504, provided ptr: 0x767281ef0000 size: 43909120
MIOpen(HIP): Warning [IsEnoughWorkspace] [GetSolutionsFallback AI] Solver <GemmFwdRest>, workspace required: 230522880, provided ptr: 0x7672848d0000 size: 65892352
MIOpen(HIP): Warning [IsEnoughWorkspace] [GetSolutionsFallback AI] Solver <ConvHipImplicitGemmGroupFwdXdlops>, workspace required: 65867776, provided ptr: 0x767286838000 size: 65863680
MIOpen(HIP): Warning [IsEnoughWorkspace] [GetSolutionsFallback AI] Solver <ConvHipImplicitGemmGroupFwdXdlops>, workspace required: 33961984, provided ptr: 0x76727bd68000 size: 32932864
MIOpen(HIP): Warning [IsEnoughWorkspace] [GetSolutionsFallback AI] Solver <GemmFwdRest>, workspace required: 230522880, provided ptr: 0x76727bd68000 size: 32932864
MIOpen(HIP): Warning [IsEnoughWorkspace] [GetSolutionsFallback AI] Solver <ConvHipImplicitGemmGroupFwdXdlops>, workspace required: 8620032, provided ptr: 0x7671904c0000 size: 1792000
MIOpen(HIP): Warning [IsEnoughWorkspace] [GetSolutionsFallback AI] Solver <ConvAsmImplicitGemmGTCDynamicFwdXdlopsNHWC>, workspace required: 8620032, provided ptr: 0x7671904c0000 size: 1792000
MIOpen(HIP): Warning [IsEnoughWorkspace] [GetSolutionsFallback WTI] Solver <ConvAsmImplicitGemmGTCDynamicBwdXdlopsNHWC>, workspace required: 38674432, provided ptr: 0x767255400000 size: 8192000
MIOpen(HIP): Warning [IsEnoughWorkspace] [GetSolutionsFallback WTI] Solver <ConvHipImplicitGemmGroupBwdXdlops>, workspace required: 38674432, provided ptr: 0x767255400000 size: 8192000
MIOpen(HIP): Warning [IsEnoughWorkspace] [GetSolutionsFallback AI] Solver <GemmFwdRest>, workspace required: 28672000, provided ptr: 0x7673242c0000 size: 15532032
MIOpen(HIP): Warning [IsEnoughWorkspace] [GetSolutionsFallback AI] Solver <GemmFwdRest>, workspace required: 71680000, provided ptr: 0x767279e00000 size: 22315008
MIOpen(HIP): Warning [IsEnoughWorkspace] [GetSolutionsFallback AI] Solver <ConvHipImplicitGemmGroupFwdXdlops>, workspace required: 20742144, provided ptr: 0x76727a7c4000 size: 20480000
MIOpen(HIP): Warning [IsEnoughWorkspace] [GetSolutionsFallback AI] Solver <GemmFwdRest>, workspace required: 143360000, provided ptr: 0x767280a00000 size: 41418752
MIOpen(HIP): Warning [IsEnoughWorkspace] [GetSolutionsFallback AI] Solver <ConvHipImplicitGemmGroupFwdXdlops>, workspace required: 41025536, provided ptr: 0x767281d88000 size: 40960000
MIOpen(HIP): Warning [IsEnoughWorkspace] [GetSolutionsFallback WTI] Solver <ConvAsmImplicitGemmGTCDynamicBwdXdlopsNHWC>, workspace required: 41091072, provided ptr: 0x767280a00000 size: 40960000
MIOpen(HIP): Warning [IsEnoughWorkspace] [GetSolutionsFallback WTI] Solver <ConvHipImplicitGemmGroupBwdXdlops>, workspace required: 41091072, provided ptr: 0x767280a00000 size: 40960000
MIOpen(HIP): Warning [IsEnoughWorkspace] [GetSolutionsFallback AI] Solver <GemmFwdRest>, workspace required: 143360000, provided ptr: 0x767280a00000 size: 41074688
MIOpen(HIP): Warning [IsEnoughWorkspace] [GetSolutionsFallback AI] Solver <ConvHipImplicitGemmGroupFwdXdlops>, workspace required: 40976384, provided ptr: 0x767281d88000 size: 40960000
MIOpen(HIP): Warning [IsEnoughWorkspace] [GetSolutionsFallback AI] Solver <GemmFwdRest>, workspace required: 215040000, provided ptr: 0x767284498000 size: 61468672
MIOpen(HIP): Warning [IsEnoughWorkspace] [GetSolutionsFallback AI] Solver <ConvHipImplicitGemmGroupFwdXdlops>, workspace required: 61444096, provided ptr: 0x7672861e4000 size: 61440000
MIOpen(HIP): Warning [IsEnoughWorkspace] [GetSolutionsFallback AI] Solver <ConvHipImplicitGemmGroupFwdXdlops>, workspace required: 31681024, provided ptr: 0x76727bb4c000 size: 30721024
MIOpen(HIP): Warning [IsEnoughWorkspace] [GetSolutionsFallback AI] Solver <GemmFwdRest>, workspace required: 215040000, provided ptr: 0x76727bb4c000 size: 30721024
MIOpen(HIP): Warning [IsEnoughWorkspace] [GetSolutionsFallback AI] Solver <ConvHipImplicitGemmGroupFwdXdlops>, workspace required: 8957952, provided ptr: 0x7671904c0000 size: 2265088
MIOpen(HIP): Warning [IsEnoughWorkspace] [GetSolutionsFallback AI] Solver <ConvAsmImplicitGemmGTCDynamicFwdXdlopsNHWC>, workspace required: 8957952, provided ptr: 0x7671904c0000 size: 2265088
MIOpen(HIP): Warning [IsEnoughWorkspace] [GetSolutionsFallback WTI] Solver <ConvAsmImplicitGemmGTCDynamicBwdXdlopsNHWC>, workspace required: 40026112, provided ptr: 0x767255400000 size: 10354688
MIOpen(HIP): Warning [IsEnoughWorkspace] [GetSolutionsFallback WTI] Solver <ConvHipImplicitGemmGroupBwdXdlops>, workspace required: 40026112, provided ptr: 0x767255400000 size: 10354688
MIOpen(HIP): Warning [IsEnoughWorkspace] [GetSolutionsFallback AI] Solver <GemmFwdRest>, workspace required: 36241408, provided ptr: 0x7673242c0000 size: 17694720
MIOpen(HIP): Warning [IsEnoughWorkspace] [GetSolutionsFallback AI] Solver <GemmFwdRest>, workspace required: 90603520, provided ptr: 0x76727b6b0000 size: 27721728
MIOpen(HIP): Warning [IsEnoughWorkspace] [GetSolutionsFallback AI] Solver <ConvHipImplicitGemmGroupFwdXdlops>, workspace required: 26148864, provided ptr: 0x76727c308000 size: 25886720
MIOpen(HIP): Warning [IsEnoughWorkspace] [GetSolutionsFallback AI] Solver <GemmFwdRest>, workspace required: 181207040, provided ptr: 0x7672822b0000 size: 52232192
MIOpen(HIP): Warning [IsEnoughWorkspace] [GetSolutionsFallback AI] Solver <ConvHipImplicitGemmGroupFwdXdlops>, workspace required: 51838976, provided ptr: 0x767283b60000 size: 51773440
MIOpen(HIP): Warning [IsEnoughWorkspace] [GetSolutionsFallback WTI] Solver <ConvAsmImplicitGemmGTCDynamicBwdXdlopsNHWC>, workspace required: 51904512, provided ptr: 0x7672822b0000 size: 51773440
MIOpen(HIP): Warning [IsEnoughWorkspace] [GetSolutionsFallback WTI] Solver <ConvHipImplicitGemmGroupBwdXdlops>, workspace required: 51904512, provided ptr: 0x7672822b0000 size: 51773440
MIOpen(HIP): Warning [IsEnoughWorkspace] [GetSolutionsFallback AI] Solver <GemmFwdRest>, workspace required: 181207040, provided ptr: 0x7672822b0000 size: 51888128
MIOpen(HIP): Warning [IsEnoughWorkspace] [GetSolutionsFallback AI] Solver <ConvHipImplicitGemmGroupFwdXdlops>, workspace required: 51789824, provided ptr: 0x767283b60000 size: 51773440
MIOpen(HIP): Warning [IsEnoughWorkspace] [GetSolutionsFallback AI] Solver <GemmFwdRest>, workspace required: 271810560, provided ptr: 0x767285410000 size: 77688832
MIOpen(HIP): Warning [IsEnoughWorkspace] [GetSolutionsFallback AI] Solver <ConvHipImplicitGemmGroupFwdXdlops>, workspace required: 77664256, provided ptr: 0x767287918000 size: 77660160
MIOpen(HIP): Warning [IsEnoughWorkspace] [GetSolutionsFallback AI] Solver <ConvHipImplicitGemmGroupFwdXdlops>, workspace required: 40044544, provided ptr: 0x767279e00000 size: 38831104
MIOpen(HIP): Warning [IsEnoughWorkspace] [GetSolutionsFallback AI] Solver <GemmFwdRest>, workspace required: 271810560, provided ptr: 0x767279e00000 size: 38831104
MIOpen(HIP): Warning [IsEnoughWorkspace] [GetSolutionsFallback AI] Solver <ConvHipImplicitGemmGroupFwdXdlops>, workspace required: 9024512, provided ptr: 0x7671904c0000 size: 2358272
MIOpen(HIP): Warning [IsEnoughWorkspace] [GetSolutionsFallback AI] Solver <ConvAsmImplicitGemmGTCDynamicFwdXdlopsNHWC>, workspace required: 9024512, provided ptr: 0x7671904c0000 size: 2358272
MIOpen(HIP): Warning [IsEnoughWorkspace] [GetSolutionsFallback WTI] Solver <ConvAsmImplicitGemmGTCDynamicBwdXdlopsNHWC>, workspace required: 40292352, provided ptr: 0x7673242c0000 size: 10780672
MIOpen(HIP): Warning [IsEnoughWorkspace] [GetSolutionsFallback WTI] Solver <ConvHipImplicitGemmGroupBwdXdlops>, workspace required: 40292352, provided ptr: 0x7673242c0000 size: 10780672
MIOpen(HIP): Warning [IsEnoughWorkspace] [GetSolutionsFallback AI] Solver <GemmFwdRest>, workspace required: 37732352, provided ptr: 0x767279e00000 size: 18120704
MIOpen(HIP): Warning [IsEnoughWorkspace] [GetSolutionsFallback AI] Solver <GemmFwdRest>, workspace required: 94330880, provided ptr: 0x76727aada000 size: 28786688
MIOpen(HIP): Warning [IsEnoughWorkspace] [GetSolutionsFallback AI] Solver <ConvHipImplicitGemmGroupFwdXdlops>, workspace required: 27213824, provided ptr: 0x76727b7b4000 size: 26951680
MIOpen(HIP): Warning [IsEnoughWorkspace] [GetSolutionsFallback AI] Solver <GemmFwdRest>, workspace required: 188661760, provided ptr: 0x7672823b4000 size: 54362112
MIOpen(HIP): Warning [IsEnoughWorkspace] [GetSolutionsFallback AI] Solver <ConvHipImplicitGemmGroupFwdXdlops>, workspace required: 53968896, provided ptr: 0x767283d68000 size: 53903360
MIOpen(HIP): Warning [IsEnoughWorkspace] [GetSolutionsFallback WTI] Solver <ConvAsmImplicitGemmGTCDynamicBwdXdlopsNHWC>, workspace required: 54034432, provided ptr: 0x7672823b4000 size: 53903360
MIOpen(HIP): Warning [IsEnoughWorkspace] [GetSolutionsFallback WTI] Solver <ConvHipImplicitGemmGroupBwdXdlops>, workspace required: 54034432, provided ptr: 0x7672823b4000 size: 53903360
MIOpen(HIP): Warning [IsEnoughWorkspace] [GetSolutionsFallback AI] Solver <GemmFwdRest>, workspace required: 188661760, provided ptr: 0x767283d68000 size: 54018048
MIOpen(HIP): Warning [IsEnoughWorkspace] [GetSolutionsFallback AI] Solver <ConvHipImplicitGemmGroupFwdXdlops>, workspace required: 53919744, provided ptr: 0x76728571c000 size: 53903360
MIOpen(HIP): Warning [IsEnoughWorkspace] [GetSolutionsFallback AI] Solver <GemmFwdRest>, workspace required: 282992640, provided ptr: 0x76728571c000 size: 80883712
MIOpen(HIP): Warning [IsEnoughWorkspace] [GetSolutionsFallback AI] Solver <ConvHipImplicitGemmGroupFwdXdlops>, workspace required: 80859136, provided ptr: 0x767287daa000 size: 80855040
MIOpen(HIP): Warning [IsEnoughWorkspace] [GetSolutionsFallback AI] Solver <ConvHipImplicitGemmGroupFwdXdlops>, workspace required: 41691904, provided ptr: 0x767279e00000 size: 40428544
MIOpen(HIP): Warning [IsEnoughWorkspace] [GetSolutionsFallback AI] Solver <GemmFwdRest>, workspace required: 282992640, provided ptr: 0x767279e00000 size: 40428544
MIOpen(HIP): Warning [IsEnoughWorkspace] [GetSolutionsFallback AI] Solver <ConvHipImplicitGemmGroupFwdXdlops>, workspace required: 8082432, provided ptr: 0x7671f9600000 size: 1039360
MIOpen(HIP): Warning [IsEnoughWorkspace] [GetSolutionsFallback AI] Solver <ConvAsmImplicitGemmGTCDynamicFwdXdlopsNHWC>, workspace required: 8082432, provided ptr: 0x7671f9600000 size: 1039360
MIOpen(HIP): Warning [IsEnoughWorkspace] [GetSolutionsFallback WTI] Solver <ConvAsmImplicitGemmGTCDynamicBwdXdlopsNHWC>, workspace required: 36524032, provided ptr: 0x767193c00000 size: 4751360
MIOpen(HIP): Warning [IsEnoughWorkspace] [GetSolutionsFallback WTI] Solver <ConvHipImplicitGemmGroupBwdXdlops>, workspace required: 36524032, provided ptr: 0x767193c00000 size: 4751360
MIOpen(HIP): Warning [IsEnoughWorkspace] [GetSolutionsFallback AI] Solver <GemmFwdRest>, workspace required: 16629760, provided ptr: 0x767255400000 size: 12091392
MIOpen(HIP): Warning [IsEnoughWorkspace] [GetSolutionsFallback WTI] Solver <ConvAsmImplicitGemmGTCDynamicBwdXdlopsNHWC>, workspace required: 13557760, provided ptr: 0x7673242c0000 size: 11878400
MIOpen(HIP): Warning [IsEnoughWorkspace] [GetSolutionsFallback WTI] Solver <ConvHipImplicitGemmGroupBwdXdlops>, workspace required: 13557760, provided ptr: 0x7673242c0000 size: 11878400
MIOpen(HIP): Warning [IsEnoughWorkspace] [GetSolutionsFallback AI] Solver <GemmFwdRest>, workspace required: 41574400, provided ptr: 0x76732486a000 size: 13713408
MIOpen(HIP): Warning [IsEnoughWorkspace] [GetSolutionsFallback AI] Solver <ConvHipImplicitGemmGroupFwdXdlops>, workspace required: 12140544, provided ptr: 0x767279e00000 size: 11878400
MIOpen(HIP): Warning [IsEnoughWorkspace] [GetSolutionsFallback AI] Solver <GemmFwdRest>, workspace required: 83148800, provided ptr: 0x76727b4a8000 size: 24215552
MIOpen(HIP): Warning [IsEnoughWorkspace] [GetSolutionsFallback AI] Solver <ConvHipImplicitGemmGroupFwdXdlops>, workspace required: 23822336, provided ptr: 0x76727bffc000 size: 23756800
MIOpen(HIP): Warning [IsEnoughWorkspace] [GetSolutionsFallback WTI] Solver <ConvAsmImplicitGemmGTCDynamicBwdXdlopsNHWC>, workspace required: 23887872, provided ptr: 0x76727a954000 size: 23756800
MIOpen(HIP): Warning [IsEnoughWorkspace] [GetSolutionsFallback WTI] Solver <ConvHipImplicitGemmGroupBwdXdlops>, workspace required: 23887872, provided ptr: 0x76727a954000 size: 23756800
MIOpen(HIP): Warning [IsEnoughWorkspace] [GetSolutionsFallback AI] Solver <GemmFwdRest>, workspace required: 83148800, provided ptr: 0x76727b4a8000 size: 23871488
MIOpen(HIP): Warning [IsEnoughWorkspace] [GetSolutionsFallback AI] Solver <ConvHipImplicitGemmGroupFwdXdlops>, workspace required: 23773184, provided ptr: 0x76727bffc000 size: 23756800
MIOpen(HIP): Warning [IsEnoughWorkspace] [GetSolutionsFallback AI] Solver <GemmFwdRest>, workspace required: 124723200, provided ptr: 0x767280a00000 size: 35663872
MIOpen(HIP): Warning [IsEnoughWorkspace] [GetSolutionsFallback AI] Solver <ConvHipImplicitGemmGroupFwdXdlops>, workspace required: 35639296, provided ptr: 0x767280a00000 size: 35635200
MIOpen(HIP): Warning [IsEnoughWorkspace] [GetSolutionsFallback AI] Solver <ConvHipImplicitGemmGroupFwdXdlops>, workspace required: 18375424, provided ptr: 0x767279e00000 size: 17818624
MIOpen(HIP): Warning [IsEnoughWorkspace] [GetSolutionsFallback AI] Solver <GemmFwdRest>, workspace required: 124723200, provided ptr: 0x767279e00000 size: 17818624
MIOpen(HIP): Warning [IsEnoughWorkspace] [GetSolutionsFallback AI] Solver <ConvHipImplicitGemmGroupFwdXdlops>, workspace required: 8927232, provided ptr: 0x7671904c0000 size: 2222080
MIOpen(HIP): Warning [IsEnoughWorkspace] [GetSolutionsFallback AI] Solver <ConvAsmImplicitGemmGTCDynamicFwdXdlopsNHWC>, workspace required: 8927232, provided ptr: 0x7671904c0000 size: 2222080
MIOpen(HIP): Warning [IsEnoughWorkspace] [GetSolutionsFallback WTI] Solver <ConvAsmImplicitGemmGTCDynamicBwdXdlopsNHWC>, workspace required: 39903232, provided ptr: 0x767255400000 size: 10158080
MIOpen(HIP): Warning [IsEnoughWorkspace] [GetSolutionsFallback WTI] Solver <ConvHipImplicitGemmGroupBwdXdlops>, workspace required: 39903232, provided ptr: 0x767255400000 size: 10158080
MIOpen(HIP): Warning [IsEnoughWorkspace] [GetSolutionsFallback AI] Solver <GemmFwdRest>, workspace required: 35553280, provided ptr: 0x7673242c0000 size: 17498112
MIOpen(HIP): Warning [IsEnoughWorkspace] [GetSolutionsFallback AI] Solver <GemmFwdRest>, workspace required: 88883200, provided ptr: 0x76727b638000 size: 27230208
MIOpen(HIP): Warning [IsEnoughWorkspace] [GetSolutionsFallback AI] Solver <ConvHipImplicitGemmGroupFwdXdlops>, workspace required: 25657344, provided ptr: 0x76727c254000 size: 25395200
MIOpen(HIP): Warning [IsEnoughWorkspace] [GetSolutionsFallback AI] Solver <GemmFwdRest>, workspace required: 177766400, provided ptr: 0x767282238000 size: 51249152
MIOpen(HIP): Warning [IsEnoughWorkspace] [GetSolutionsFallback AI] Solver <ConvHipImplicitGemmGroupFwdXdlops>, workspace required: 50855936, provided ptr: 0x767283a70000 size: 50790400
MIOpen(HIP): Warning [IsEnoughWorkspace] [GetSolutionsFallback WTI] Solver <ConvAsmImplicitGemmGTCDynamicBwdXdlopsNHWC>, workspace required: 50921472, provided ptr: 0x767282238000 size: 50790400
MIOpen(HIP): Warning [IsEnoughWorkspace] [GetSolutionsFallback WTI] Solver <ConvHipImplicitGemmGroupBwdXdlops>, workspace required: 50921472, provided ptr: 0x767282238000 size: 50790400
MIOpen(HIP): Warning [IsEnoughWorkspace] [GetSolutionsFallback AI] Solver <GemmFwdRest>, workspace required: 177766400, provided ptr: 0x767282238000 size: 50905088
MIOpen(HIP): Warning [IsEnoughWorkspace] [GetSolutionsFallback AI] Solver <ConvHipImplicitGemmGroupFwdXdlops>, workspace required: 50806784, provided ptr: 0x767283a70000 size: 50790400
MIOpen(HIP): Warning [IsEnoughWorkspace] [GetSolutionsFallback AI] Solver <GemmFwdRest>, workspace required: 266649600, provided ptr: 0x7672852a8000 size: 76214272
MIOpen(HIP): Warning [IsEnoughWorkspace] [GetSolutionsFallback AI] Solver <ConvHipImplicitGemmGroupFwdXdlops>, workspace required: 76189696, provided ptr: 0x7672876fc000 size: 76185600
MIOpen(HIP): Warning [IsEnoughWorkspace] [GetSolutionsFallback AI] Solver <ConvHipImplicitGemmGroupFwdXdlops>, workspace required: 39284224, provided ptr: 0x767279e00000 size: 38093824
MIOpen(HIP): Warning [IsEnoughWorkspace] [GetSolutionsFallback AI] Solver <GemmFwdRest>, workspace required: 266649600, provided ptr: 0x767279e00000 size: 38093824
MIOpen(HIP): Warning [IsEnoughWorkspace] [GetSolutionsFallback AI] Solver <ConvHipImplicitGemmGroupFwdXdlops>, workspace required: 8532992, provided ptr: 0x7671904c0000 size: 1670144
MIOpen(HIP): Warning [IsEnoughWorkspace] [GetSolutionsFallback AI] Solver <ConvAsmImplicitGemmGTCDynamicFwdXdlopsNHWC>, workspace required: 8532992, provided ptr: 0x7671904c0000 size: 1670144
MIOpen(HIP): Warning [IsEnoughWorkspace] [GetSolutionsFallback WTI] Solver <ConvAsmImplicitGemmGTCDynamicBwdXdlopsNHWC>, workspace required: 38326272, provided ptr: 0x767255400000 size: 7634944
MIOpen(HIP): Warning [IsEnoughWorkspace] [GetSolutionsFallback WTI] Solver <ConvHipImplicitGemmGroupBwdXdlops>, workspace required: 38326272, provided ptr: 0x767255400000 size: 7634944
MIOpen(HIP): Warning [IsEnoughWorkspace] [GetSolutionsFallback AI] Solver <GemmFwdRest>, workspace required: 26722304, provided ptr: 0x7673242c0000 size: 14974976
MIOpen(HIP): Warning [IsEnoughWorkspace] [GetSolutionsFallback AI] Solver <GemmFwdRest>, workspace required: 66805760, provided ptr: 0x767279e00000 size: 20922368
MIOpen(HIP): Warning [IsEnoughWorkspace] [GetSolutionsFallback AI] Solver <ConvHipImplicitGemmGroupFwdXdlops>, workspace required: 19349504, provided ptr: 0x76727a71a000 size: 19087360
MIOpen(HIP): Warning [IsEnoughWorkspace] [GetSolutionsFallback AI] Solver <GemmFwdRest>, workspace required: 133611520, provided ptr: 0x767280a00000 size: 38633472
MIOpen(HIP): Warning [IsEnoughWorkspace] [GetSolutionsFallback AI] Solver <ConvHipImplicitGemmGroupFwdXdlops>, workspace required: 38240256, provided ptr: 0x767280a00000 size: 38174720
MIOpen(HIP): Warning [IsEnoughWorkspace] [GetSolutionsFallback WTI] Solver <ConvAsmImplicitGemmGTCDynamicBwdXdlopsNHWC>, workspace required: 38305792, provided ptr: 0x76727c268000 size: 38174720
MIOpen(HIP): Warning [IsEnoughWorkspace] [GetSolutionsFallback WTI] Solver <ConvHipImplicitGemmGroupBwdXdlops>, workspace required: 38305792, provided ptr: 0x76727c268000 size: 38174720
MIOpen(HIP): Warning [IsEnoughWorkspace] [GetSolutionsFallback AI] Solver <GemmFwdRest>, workspace required: 133611520, provided ptr: 0x767280a00000 size: 38289408
MIOpen(HIP): Warning [IsEnoughWorkspace] [GetSolutionsFallback AI] Solver <ConvHipImplicitGemmGroupFwdXdlops>, workspace required: 38191104, provided ptr: 0x767280a00000 size: 38174720
MIOpen(HIP): Warning [IsEnoughWorkspace] [GetSolutionsFallback AI] Solver <GemmFwdRest>, workspace required: 200417280, provided ptr: 0x76728254e000 size: 57290752
MIOpen(HIP): Warning [IsEnoughWorkspace] [GetSolutionsFallback AI] Solver <ConvHipImplicitGemmGroupFwdXdlops>, workspace required: 57266176, provided ptr: 0x76728409c000 size: 57262080
MIOpen(HIP): Warning [IsEnoughWorkspace] [GetSolutionsFallback AI] Solver <ConvHipImplicitGemmGroupFwdXdlops>, workspace required: 29526784, provided ptr: 0x76727b94e000 size: 28632064
MIOpen(HIP): Warning [IsEnoughWorkspace] [GetSolutionsFallback AI] Solver <GemmFwdRest>, workspace required: 200417280, provided ptr: 0x76727b94e000 size: 28632064
[0;36m(APIServer pid=23472)[0;0m [32mINFO[0m [90m10-07 15:19:59[0m [90m[stats.py:902][0m [OmniTiming] req=speech-971aa84ce3e6726a-bbc115f6 total=6.53s engine=6.53s stages=[0:6.53s]
INFO:     127.0.0.1:60618 - "POST /v1/audio/speech HTTP/1.1" 200 OK
[0;36m(APIServer pid=23472)[0;0m [32mINFO[0m [90m10-07 15:19:59[0m [90m[serving_speech.py:2423][0m Diffusion TTS speech request speech-9740ab709330a9db: voice_clone=False
[0;36m(APIServer pid=23472)[0;0m [32mINFO[0m [90m10-07 15:19:59[0m [90m[serving_speech.py:2471][0m Applied diffusion speech params: seed=42 extra_params={}
[0;36m(APIServer pid=23472)[0;0m [32mINFO[0m [90m10-07 15:19:59[0m [90m[diffusion_engine.py:764][0m [RequestBatch] admission wait done waiting=1 max_batch=8 waited_ms=2.1
MIOpen(HIP): Warning [IsEnoughWorkspace] [GetSolutionsFallback AI] Solver <ConvHipImplicitGemmGroupFwdXdlops>, workspace required: 9188352, provided ptr: 0x7671904c0000 size: 2587648
MIOpen(HIP): Warning [IsEnoughWorkspace] [GetSolutionsFallback AI] Solver <ConvAsmImplicitGemmGTCDynamicFwdXdlopsNHWC>, workspace required: 9188352, provided ptr: 0x7671904c0000 size: 2587648
MIOpen(HIP): Warning [IsEnoughWorkspace] [GetSolutionsFallback WTI] Solver <ConvAsmImplicitGemmGTCDynamicBwdXdlopsNHWC>, workspace required: 40947712, provided ptr: 0x7673242c0000 size: 11829248
MIOpen(HIP): Warning [IsEnoughWorkspace] [GetSolutionsFallback WTI] Solver <ConvHipImplicitGemmGroupBwdXdlops>, workspace required: 40947712, provided ptr: 0x7673242c0000 size: 11829248
MIOpen(HIP): Warning [IsEnoughWorkspace] [GetSolutionsFallback AI] Solver <GemmFwdRest>, workspace required: 41402368, provided ptr: 0x767279e00000 size: 19169280
MIOpen(HIP): Warning [IsEnoughWorkspace] [GetSolutionsFallback AI] Solver <GemmFwdRest>, workspace required: 103505920, provided ptr: 0x76727ba34000 size: 31408128
MIOpen(HIP): Warning [IsEnoughWorkspace] [GetSolutionsFallback AI] Solver <ConvHipImplicitGemmGroupFwdXdlops>, workspace required: 29835264, provided ptr: 0x76727c84e000 size: 29573120
MIOpen(HIP): Warning [IsEnoughWorkspace] [GetSolutionsFallback AI] Solver <GemmFwdRest>, workspace required: 207011840, provided ptr: 0x767282634000 size: 59604992
MIOpen(HIP): Warning [IsEnoughWorkspace] [GetSolutionsFallback AI] Solver <ConvHipImplicitGemmGroupFwdXdlops>, workspace required: 59211776, provided ptr: 0x767284268000 size: 59146240
MIOpen(HIP): Warning [IsEnoughWorkspace] [GetSolutionsFallback WTI] Solver <ConvAsmImplicitGemmGTCDynamicBwdXdlopsNHWC>, workspace required: 59277312, provided ptr: 0x767282634000 size: 59146240
MIOpen(HIP): Warning [IsEnoughWorkspace] [GetSolutionsFallback WTI] Solver <ConvHipImplicitGemmGroupBwdXdlops>, workspace required: 59277312, provided ptr: 0x767282634000 size: 59146240
MIOpen(HIP): Warning [IsEnoughWorkspace] [GetSolutionsFallback AI] Solver <GemmFwdRest>, workspace required: 207011840, provided ptr: 0x767284268000 size: 59260928
MIOpen(HIP): Warning [IsEnoughWorkspace] [GetSolutionsFallback AI] Solver <ConvHipImplicitGemmGroupFwdXdlops>, workspace required: 59162624, provided ptr: 0x767285e9c000 size: 59146240
MIOpen(HIP): Warning [IsEnoughWorkspace] [GetSolutionsFallback AI] Solver <GemmFwdRest>, workspace required: 310517760, provided ptr: 0x767285e9c000 size: 88748032
MIOpen(HIP): Warning [IsEnoughWorkspace] [GetSolutionsFallback AI] Solver <ConvHipImplicitGemmGroupFwdXdlops>, workspace required: 88723456, provided ptr: 0x7672888ea000 size: 88719360
MIOpen(HIP): Warning [IsEnoughWorkspace] [GetSolutionsFallback AI] Solver <ConvHipImplicitGemmGroupFwdXdlops>, workspace required: 45746944, provided ptr: 0x767279e00000 size: 44360704
MIOpen(HIP): Warning [IsEnoughWorkspace] [GetSolutionsFallback AI] Solver <GemmFwdRest>, workspace required: 310517760, provided ptr: 0x767279e00000 size: 44360704
MIOpen(HIP): Warning [IsEnoughWorkspace] [GetSolutionsFallback AI] Solver <ConvHipImplicitGemmGroupFwdXdlops>, workspace required: 8701952, provided ptr: 0x7671904c0000 size: 1906688
MIOpen(HIP): Warning [IsEnoughWorkspace] [GetSolutionsFallback AI] Solver <ConvAsmImplicitGemmGTCDynamicFwdXdlopsNHWC>, workspace required: 8701952, provided ptr: 0x7671904c0000 size: 1906688
MIOpen(HIP): Warning [IsEnoughWorkspace] [GetSolutionsFallback WTI] Solver <ConvAsmImplicitGemmGTCDynamicBwdXdlopsNHWC>, workspace required: 39002112, provided ptr: 0x767255400000 size: 8716288
MIOpen(HIP): Warning [IsEnoughWorkspace] [GetSolutionsFallback WTI] Solver <ConvHipImplicitGemmGroupBwdXdlops>, workspace required: 39002112, provided ptr: 0x767255400000 size: 8716288
MIOpen(HIP): Warning [IsEnoughWorkspace] [GetSolutionsFallback AI] Solver <GemmFwdRest>, workspace required: 30507008, provided ptr: 0x7673242c0000 size: 16056320
MIOpen(HIP): Warning [IsEnoughWorkspace] [GetSolutionsFallback AI] Solver <GemmFwdRest>, workspace required: 76267520, provided ptr: 0x76727a864000 size: 23625728
MIOpen(HIP): Warning [IsEnoughWorkspace] [GetSolutionsFallback AI] Solver <ConvHipImplicitGemmGroupFwdXdlops>, workspace required: 22052864, provided ptr: 0x76727b2c8000 size: 21790720
MIOpen(HIP): Warning [IsEnoughWorkspace] [GetSolutionsFallback AI] Solver <GemmFwdRest>, workspace required: 152535040, provided ptr: 0x767280a00000 size: 44040192
MIOpen(HIP): Warning [IsEnoughWorkspace] [GetSolutionsFallback AI] Solver <ConvHipImplicitGemmGroupFwdXdlops>, workspace required: 43646976, provided ptr: 0x767280a00000 size: 43581440
MIOpen(HIP): Warning [IsEnoughWorkspace] [GetSolutionsFallback WTI] Solver <ConvAsmImplicitGemmGTCDynamicBwdXdlopsNHWC>, workspace required: 43712512, provided ptr: 0x767280a00000 size: 43581440
MIOpen(HIP): Warning [IsEnoughWorkspace] [GetSolutionsFallback WTI] Solver <ConvHipImplicitGemmGroupBwdXdlops>, workspace required: 43712512, provided ptr: 0x767280a00000 size: 43581440
MIOpen(HIP): Warning [IsEnoughWorkspace] [GetSolutionsFallback AI] Solver <GemmFwdRest>, workspace required: 152535040, provided ptr: 0x767280a00000 size: 43696128
MIOpen(HIP): Warning [IsEnoughWorkspace] [GetSolutionsFallback AI] Solver <ConvHipImplicitGemmGroupFwdXdlops>, workspace required: 43597824, provided ptr: 0x767281ec8000 size: 43581440
MIOpen(HIP): Warning [IsEnoughWorkspace] [GetSolutionsFallback AI] Solver <GemmFwdRest>, workspace required: 228802560, provided ptr: 0x767284858000 size: 65400832
MIOpen(HIP): Warning [IsEnoughWorkspace] [GetSolutionsFallback AI] Solver <ConvHipImplicitGemmGroupFwdXdlops>, workspace required: 65376256, provided ptr: 0x767286784000 size: 65372160
MIOpen(HIP): Warning [IsEnoughWorkspace] [GetSolutionsFallback AI] Solver <ConvHipImplicitGemmGroupFwdXdlops>, workspace required: 33708544, provided ptr: 0x76727bd2c000 size: 32687104
MIOpen(HIP): Warning [IsEnoughWorkspace] [GetSolutionsFallback AI] Solver <GemmFwdRest>, workspace required: 228802560, provided ptr: 0x76727bd2c000 size: 32687104
MIOpen(HIP): Warning [IsEnoughWorkspace] [GetSolutionsFallback AI] Solver <ConvHipImplicitGemmGroupFwdXdlops>, workspace required: 7969792, provided ptr: 0x7671f9600000 size: 881664
MIOpen(HIP): Warning [IsEnoughWorkspace] [GetSolutionsFallback AI] Solver <ConvAsmImplicitGemmGTCDynamicFwdXdlopsNHWC>, workspace required: 7969792, provided ptr: 0x7671f9600000 size: 881664
MIOpen(HIP): Warning [IsEnoughWorkspace] [GetSolutionsFallback WTI] Solver <ConvAsmImplicitGemmGTCDynamicBwdXdlopsNHWC>, workspace required: 36073472, provided ptr: 0x767193c00000 size: 4030464
MIOpen(HIP): Warning [IsEnoughWorkspace] [GetSolutionsFallback WTI] Solver <ConvHipImplicitGemmGroupBwdXdlops>, workspace required: 36073472, provided ptr: 0x767193c00000 size: 4030464
MIOpen(HIP): Warning [IsEnoughWorkspace] [GetSolutionsFallback AI] Solver <GemmFwdRest>, workspace required: 14106624, provided ptr: 0x767255400000 size: 11370496
MIOpen(HIP): Warning [IsEnoughWorkspace] [GetSolutionsFallback WTI] Solver <ConvAsmImplicitGemmGTCDynamicBwdXdlopsNHWC>, workspace required: 12296192, provided ptr: 0x7673242c0000 size: 10076160
MIOpen(HIP): Warning [IsEnoughWorkspace] [GetSolutionsFallback WTI] Solver <ConvHipImplicitGemmGroupBwdXdlops>, workspace required: 12296192, provided ptr: 0x7673242c0000 size: 10076160
MIOpen(HIP): Warning [IsEnoughWorkspace] [GetSolutionsFallback AI] Solver <GemmFwdRest>, workspace required: 35266560, provided ptr: 0x76732478e000 size: 11911168
MIOpen(HIP): Warning [IsEnoughWorkspace] [GetSolutionsFallback AI] Solver <ConvHipImplicitGemmGroupFwdXdlops>, workspace required: 10338304, provided ptr: 0x767324c5c000 size: 10076160
MIOpen(HIP): Warning [IsEnoughWorkspace] [GetSolutionsFallback AI] Solver <GemmFwdRest>, workspace required: 70533120, provided ptr: 0x76727a79c000 size: 20611072
MIOpen(HIP): Warning [IsEnoughWorkspace] [GetSolutionsFallback AI] Solver <ConvHipImplicitGemmGroupFwdXdlops>, workspace required: 20217856, provided ptr: 0x76727b138000 size: 20152320
MIOpen(HIP): Warning [IsEnoughWorkspace] [GetSolutionsFallback WTI] Solver <ConvAsmImplicitGemmGTCDynamicBwdXdlopsNHWC>, workspace required: 20283392, provided ptr: 0x76727a79c000 size: 20152320
MIOpen(HIP): Warning [IsEnoughWorkspace] [GetSolutionsFallback WTI] Solver <ConvHipImplicitGemmGroupBwdXdlops>, workspace required: 20283392, provided ptr: 0x76727a79c000 size: 20152320
MIOpen(HIP): Warning [IsEnoughWorkspace] [GetSolutionsFallback AI] Solver <GemmFwdRest>, workspace required: 70533120, provided ptr: 0x76727a79c000 size: 20267008
MIOpen(HIP): Warning [IsEnoughWorkspace] [GetSolutionsFallback AI] Solver <ConvHipImplicitGemmGroupFwdXdlops>, workspace required: 20168704, provided ptr: 0x76727b138000 size: 20152320
MIOpen(HIP): Warning [IsEnoughWorkspace] [GetSolutionsFallback AI] Solver <GemmFwdRest>, workspace required: 105799680, provided ptr: 0x76727c93e000 size: 30257152
MIOpen(HIP): Warning [IsEnoughWorkspace] [GetSolutionsFallback AI] Solver <ConvHipImplicitGemmGroupFwdXdlops>, workspace required: 30232576, provided ptr: 0x767280a00000 size: 30228480
MIOpen(HIP): Warning [IsEnoughWorkspace] [GetSolutionsFallback AI] Solver <ConvHipImplicitGemmGroupFwdXdlops>, workspace required: 15587584, provided ptr: 0x767279e00000 size: 15115264
MIOpen(HIP): Warning [IsEnoughWorkspace] [GetSolutionsFallback AI] Solver <GemmFwdRest>, workspace required: 105799680, provided ptr: 0x767279e00000 size: 15115264
MIOpen(HIP): Warning [IsEnoughWorkspace] [GetSolutionsFallback AI] Solver <ConvHipImplicitGemmGroupFwdXdlops>, workspace required: 8742912, provided ptr: 0x7671904c0000 size: 1964032
MIOpen(HIP): Warning [IsEnoughWorkspace] [GetSolutionsFallback AI] Solver <ConvAsmImplicitGemmGTCDynamicFwdXdlopsNHWC>, workspace required: 8742912, provided ptr: 0x7671904c0000 size: 1964032
MIOpen(HIP): Warning [IsEnoughWorkspace] [GetSolutionsFallback WTI] Solver <ConvAsmImplicitGemmGTCDynamicBwdXdlopsNHWC>, workspace required: 39165952, provided ptr: 0x767255400000 size: 8978432
MIOpen(HIP): Warning [IsEnoughWorkspace] [GetSolutionsFallback WTI] Solver <ConvHipImplicitGemmGroupBwdXdlops>, workspace required: 39165952, provided ptr: 0x767255400000 size: 8978432
MIOpen(HIP): Warning [IsEnoughWorkspace] [GetSolutionsFallback AI] Solver <GemmFwdRest>, workspace required: 31424512, provided ptr: 0x7673242c0000 size: 16318464
MIOpen(HIP): Warning [IsEnoughWorkspace] [GetSolutionsFallback AI] Solver <GemmFwdRest>, workspace required: 78561280, provided ptr: 0x76727b368000 size: 24281088
MIOpen(HIP): Warning [IsEnoughWorkspace] [GetSolutionsFallback AI] Solver <ConvHipImplicitGemmGroupFwdXdlops>, workspace required: 22708224, provided ptr: 0x76727be1c000 size: 22446080
MIOpen(HIP): Warning [IsEnoughWorkspace] [GetSolutionsFallback AI] Solver <GemmFwdRest>, workspace required: 157122560, provided ptr: 0x767280a00000 size: 45350912
MIOpen(HIP): Warning [IsEnoughWorkspace] [GetSolutionsFallback AI] Solver <ConvHipImplicitGemmGroupFwdXdlops>, workspace required: 44957696, provided ptr: 0x767281f68000 size: 44892160
MIOpen(HIP): Warning [IsEnoughWorkspace] [GetSolutionsFallback WTI] Solver <ConvAsmImplicitGemmGTCDynamicBwdXdlopsNHWC>, workspace required: 45023232, provided ptr: 0x767280a00000 size: 44892160
MIOpen(HIP): Warning [IsEnoughWorkspace] [GetSolutionsFallback WTI] Solver <ConvHipImplicitGemmGroupBwdXdlops>, workspace required: 45023232, provided ptr: 0x767280a00000 size: 44892160
MIOpen(HIP): Warning [IsEnoughWorkspace] [GetSolutionsFallback AI] Solver <GemmFwdRest>, workspace required: 157122560, provided ptr: 0x767281f68000 size: 45006848
MIOpen(HIP): Warning [IsEnoughWorkspace] [GetSolutionsFallback AI] Solver <ConvHipImplicitGemmGroupFwdXdlops>, workspace required: 44908544, provided ptr: 0x7672834d0000 size: 44892160
MIOpen(HIP): Warning [IsEnoughWorkspace] [GetSolutionsFallback AI] Solver <GemmFwdRest>, workspace required: 235683840, provided ptr: 0x767285fa0000 size: 67366912
MIOpen(HIP): Warning [IsEnoughWorkspace] [GetSolutionsFallback AI] Solver <ConvHipImplicitGemmGroupFwdXdlops>, workspace required: 67342336, provided ptr: 0x767287fbc000 size: 67338240
MIOpen(HIP): Warning [IsEnoughWorkspace] [GetSolutionsFallback AI] Solver <ConvHipImplicitGemmGroupFwdXdlops>, workspace required: 34722304, provided ptr: 0x76727be1c000 size: 33670144
MIOpen(HIP): Warning [IsEnoughWorkspace] [GetSolutionsFallback AI] Solver <GemmFwdRest>, workspace required: 235683840, provided ptr: 0x76727be1c000 size: 33670144
MIOpen(HIP): Warning [IsEnoughWorkspace] [GetSolutionsFallback AI] Solver <ConvHipImplicitGemmGroupFwdXdlops>, workspace required: 9055232, provided ptr: 0x7671904c0000 size: 2401280
MIOpen(HIP): Warning [IsEnoughWorkspace] [GetSolutionsFallback AI] Solver <ConvAsmImplicitGemmGTCDynamicFwdXdlopsNHWC>, workspace required: 9055232, provided ptr: 0x7671904c0000 size: 2401280
MIOpen(HIP): Warning [IsEnoughWorkspace] [GetSolutionsFallback WTI] Solver <ConvAsmImplicitGemmGTCDynamicBwdXdlopsNHWC>, workspace required: 40415232, provided ptr: 0x7673242c0000 size: 10977280
MIOpen(HIP): Warning [IsEnoughWorkspace] [GetSolutionsFallback WTI] Solver <ConvHipImplicitGemmGroupBwdXdlops>, workspace required: 40415232, provided ptr: 0x7673242c0000 size: 10977280
MIOpen(HIP): Warning [IsEnoughWorkspace] [GetSolutionsFallback AI] Solver <GemmFwdRest>, workspace required: 38420480, provided ptr: 0x767279e00000 size: 18317312
MIOpen(HIP): Warning [IsEnoughWorkspace] [GetSolutionsFallback AI] Solver <GemmFwdRest>, workspace required: 96051200, provided ptr: 0x76727ab16000 size: 29278208
MIOpen(HIP): Warning [IsEnoughWorkspace] [GetSolutionsFallback AI] Solver <ConvHipImplicitGemmGroupFwdXdlops>, workspace required: 27705344, provided ptr: 0x76727b82c000 size: 27443200
MIOpen(HIP): Warning [IsEnoughWorkspace] [GetSolutionsFallback AI] Solver <GemmFwdRest>, workspace required: 192102400, provided ptr: 0x76728242c000 size: 55345152
MIOpen(HIP): Warning [IsEnoughWorkspace] [GetSolutionsFallback AI] Solver <ConvHipImplicitGemmGroupFwdXdlops>, workspace required: 54951936, provided ptr: 0x767283e58000 size: 54886400
MIOpen(HIP): Warning [IsEnoughWorkspace] [GetSolutionsFallback WTI] Solver <ConvAsmImplicitGemmGTCDynamicBwdXdlopsNHWC>, workspace required: 55017472, provided ptr: 0x76728242c000 size: 54886400
MIOpen(HIP): Warning [IsEnoughWorkspace] [GetSolutionsFallback WTI] Solver <ConvHipImplicitGemmGroupBwdXdlops>, workspace required: 55017472, provided ptr: 0x76728242c000 size: 54886400
MIOpen(HIP): Warning [IsEnoughWorkspace] [GetSolutionsFallback AI] Solver <GemmFwdRest>, workspace required: 192102400, provided ptr: 0x767283e58000 size: 55001088
MIOpen(HIP): Warning [IsEnoughWorkspace] [GetSolutionsFallback AI] Solver <ConvHipImplicitGemmGroupFwdXdlops>, workspace required: 54902784, provided ptr: 0x767285884000 size: 54886400
MIOpen(HIP): Warning [IsEnoughWorkspace] [GetSolutionsFallback AI] Solver <GemmFwdRest>, workspace required: 288153600, provided ptr: 0x767285884000 size: 82358272
MIOpen(HIP): Warning [IsEnoughWorkspace] [GetSolutionsFallback AI] Solver <ConvHipImplicitGemmGroupFwdXdlops>, workspace required: 82333696, provided ptr: 0x767287fc6000 size: 82329600
MIOpen(HIP): Warning [IsEnoughWorkspace] [GetSolutionsFallback AI] Solver <ConvHipImplicitGemmGroupFwdXdlops>, workspace required: 42452224, provided ptr: 0x767279e00000 size: 41165824
MIOpen(HIP): Warning [IsEnoughWorkspace] [GetSolutionsFallback AI] Solver <GemmFwdRest>, workspace required: 288153600, provided ptr: 0x767279e00000 size: 41165824
MIOpen(HIP): Warning [IsEnoughWorkspace] [GetSolutionsFallback AI] Solver <ConvHipImplicitGemmGroupFwdXdlops>, workspace required: 8993792, provided ptr: 0x7671904c0000 size: 2315264
MIOpen(HIP): Warning [IsEnoughWorkspace] [GetSolutionsFallback AI] Solver <ConvAsmImplicitGemmGTCDynamicFwdXdlopsNHWC>, workspace required: 8993792, provided ptr: 0x7671904c0000 size: 2315264
MIOpen(HIP): Warning [IsEnoughWorkspace] [GetSolutionsFallback WTI] Solver <ConvAsmImplicitGemmGTCDynamicBwdXdlopsNHWC>, workspace required: 40169472, provided ptr: 0x7673242c0000 size: 10584064
MIOpen(HIP): Warning [IsEnoughWorkspace] [GetSolutionsFallback WTI] Solver <ConvHipImplicitGemmGroupBwdXdlops>, workspace required: 40169472, provided ptr: 0x7673242c0000 size: 10584064
MIOpen(HIP): Warning [IsEnoughWorkspace] [GetSolutionsFallback AI] Solver <GemmFwdRest>, workspace required: 37044224, provided ptr: 0x767279e00000 size: 17924096
MIOpen(HIP): Warning [IsEnoughWorkspace] [GetSolutionsFallback AI] Solver <GemmFwdRest>, workspace required: 92610560, provided ptr: 0x76727aa9e000 size: 28295168
MIOpen(HIP): Warning [IsEnoughWorkspace] [GetSolutionsFallback AI] Solver <ConvHipImplicitGemmGroupFwdXdlops>, workspace required: 26722304, provided ptr: 0x76727b73c000 size: 26460160
MIOpen(HIP): Warning [IsEnoughWorkspace] [GetSolutionsFallback AI] Solver <GemmFwdRest>, workspace required: 185221120, provided ptr: 0x76728233c000 size: 53379072
MIOpen(HIP): Warning [IsEnoughWorkspace] [GetSolutionsFallback AI] Solver <ConvHipImplicitGemmGroupFwdXdlops>, workspace required: 52985856, provided ptr: 0x767283c78000 size: 52920320
MIOpen(HIP): Warning [IsEnoughWorkspace] [GetSolutionsFallback WTI] Solver <ConvAsmImplicitGemmGTCDynamicBwdXdlopsNHWC>, workspace required: 53051392, provided ptr: 0x76728233c000 size: 52920320
MIOpen(HIP): Warning [IsEnoughWorkspace] [GetSolutionsFallback WTI] Solver <ConvHipImplicitGemmGroupBwdXdlops>, workspace required: 53051392, provided ptr: 0x76728233c000 size: 52920320
MIOpen(HIP): Warning [IsEnoughWorkspace] [GetSolutionsFallback AI] Solver <GemmFwdRest>, workspace required: 185221120, provided ptr: 0x76728233c000 size: 53035008
MIOpen(HIP): Warning [IsEnoughWorkspace] [GetSolutionsFallback AI] Solver <ConvHipImplicitGemmGroupFwdXdlops>, workspace required: 52936704, provided ptr: 0x767283c78000 size: 52920320
MIOpen(HIP): Warning [IsEnoughWorkspace] [GetSolutionsFallback AI] Solver <GemmFwdRest>, workspace required: 277831680, provided ptr: 0x7672855b4000 size: 79409152
MIOpen(HIP): Warning [IsEnoughWorkspace] [GetSolutionsFallback AI] Solver <ConvHipImplicitGemmGroupFwdXdlops>, workspace required: 79384576, provided ptr: 0x767287b8e000 size: 79380480
MIOpen(HIP): Warning [IsEnoughWorkspace] [GetSolutionsFallback AI] Solver <ConvHipImplicitGemmGroupFwdXdlops>, workspace required: 40931584, provided ptr: 0x767279e00000 size: 39691264
MIOpen(HIP): Warning [IsEnoughWorkspace] [GetSolutionsFallback AI] Solver <GemmFwdRest>, workspace required: 277831680, provided ptr: 0x767279e00000 size: 39691264
MIOpen(HIP): Warning [IsEnoughWorkspace] [GetSolutionsFallback AI] Solver <ConvHipImplicitGemmGroupFwdXdlops>, workspace required: 8471552, provided ptr: 0x7671904c0000 size: 1584128
MIOpen(HIP): Warning [IsEnoughWorkspace] [GetSolutionsFallback AI] Solver <ConvAsmImplicitGemmGTCDynamicFwdXdlopsNHWC>, workspace required: 8471552, provided ptr: 0x7671904c0000 size: 1584128
MIOpen(HIP): Warning [IsEnoughWorkspace] [GetSolutionsFallback WTI] Solver <ConvAsmImplicitGemmGTCDynamicBwdXdlopsNHWC>, workspace required: 38080512, provided ptr: 0x767255400000 size: 7241728
MIOpen(HIP): Warning [IsEnoughWorkspace] [GetSolutionsFallback WTI] Solver <ConvHipImplicitGemmGroupBwdXdlops>, workspace required: 38080512, provided ptr: 0x767255400000 size: 7241728
MIOpen(HIP): Warning [IsEnoughWorkspace] [GetSolutionsFallback AI] Solver <GemmFwdRest>, workspace required: 25346048, provided ptr: 0x7673242c0000 size: 14581760
MIOpen(HIP): Warning [IsEnoughWorkspace] [GetSolutionsFallback AI] Solver <GemmFwdRest>, workspace required: 63365120, provided ptr: 0x76727a6a2000 size: 19939328
MIOpen(HIP): Warning [IsEnoughWorkspace] [GetSolutionsFallback AI] Solver <ConvHipImplicitGemmGroupFwdXdlops>, workspace required: 18366464, provided ptr: 0x76727af44000 size: 18104320
MIOpen(HIP): Warning [IsEnoughWorkspace] [GetSolutionsFallback AI] Solver <GemmFwdRest>, workspace required: 126730240, provided ptr: 0x767280a00000 size: 36667392
MIOpen(HIP): Warning [IsEnoughWorkspace] [GetSolutionsFallback AI] Solver <ConvHipImplicitGemmGroupFwdXdlops>, workspace required: 36274176, provided ptr: 0x767280a00000 size: 36208640
MIOpen(HIP): Warning [IsEnoughWorkspace] [GetSolutionsFallback WTI] Solver <ConvAsmImplicitGemmGTCDynamicBwdXdlopsNHWC>, workspace required: 36339712, provided ptr: 0x767280a00000 size: 36208640
MIOpen(HIP): Warning [IsEnoughWorkspace] [GetSolutionsFallback WTI] Solver <ConvHipImplicitGemmGroupBwdXdlops>, workspace required: 36339712, provided ptr: 0x767280a00000 size: 36208640
MIOpen(HIP): Warning [IsEnoughWorkspace] [GetSolutionsFallback AI] Solver <GemmFwdRest>, workspace required: 126730240, provided ptr: 0x767280a00000 size: 36323328
MIOpen(HIP): Warning [IsEnoughWorkspace] [GetSolutionsFallback AI] Solver <ConvHipImplicitGemmGroupFwdXdlops>, workspace required: 36225024, provided ptr: 0x767281b44000 size: 36208640
MIOpen(HIP): Warning [IsEnoughWorkspace] [GetSolutionsFallback AI] Solver <GemmFwdRest>, workspace required: 190095360, provided ptr: 0x7672823e6000 size: 54341632
MIOpen(HIP): Warning [IsEnoughWorkspace] [GetSolutionsFallback AI] Solver <ConvHipImplicitGemmGroupFwdXdlops>, workspace required: 54317056, provided ptr: 0x767283dcc000 size: 54312960
MIOpen(HIP): Warning [IsEnoughWorkspace] [GetSolutionsFallback AI] Solver <ConvHipImplicitGemmGroupFwdXdlops>, workspace required: 28006144, provided ptr: 0x76727b7e6000 size: 27157504
MIOpen(HIP): Warning [IsEnoughWorkspace] [GetSolutionsFallback AI] Solver <GemmFwdRest>, workspace required: 190095360, provided ptr: 0x76727b7e6000 size: 27157504
[0;36m(APIServer pid=23472)[0;0m [32mINFO[0m [90m10-07 15:20:06[0m [90m[stats.py:902][0m [OmniTiming] req=speech-9740ab709330a9db-81e3f7d6 total=6.42s engine=6.42s stages=[0:6.42s]
INFO:     127.0.0.1:60618 - "POST /v1/audio/speech HTTP/1.1" 200 OK
[0;36m(APIServer pid=23472)[0;0m [32mINFO[0m [90m10-07 15:20:06[0m [90m[serving_speech.py:2423][0m Diffusion TTS speech request speech-9e92291b561c4270: voice_clone=False
[0;36m(APIServer pid=23472)[0;0m [32mINFO[0m [90m10-07 15:20:06[0m [90m[serving_speech.py:2471][0m Applied diffusion speech params: seed=42 extra_params={}
[0;36m(APIServer pid=23472)[0;0m [32mINFO[0m [90m10-07 15:20:06[0m [90m[diffusion_engine.py:764][0m [RequestBatch] admission wait done waiting=1 max_batch=8 waited_ms=2.1
MIOpen(HIP): Warning [IsEnoughWorkspace] [GetSolutionsFallback AI] Solver <ConvHipImplicitGemmGroupFwdXdlops>, workspace required: 9039872, provided ptr: 0x7671904c0000 size: 2379776
MIOpen(HIP): Warning [IsEnoughWorkspace] [GetSolutionsFallback AI] Solver <ConvAsmImplicitGemmGTCDynamicFwdXdlopsNHWC>, workspace required: 9039872, provided ptr: 0x7671904c0000 size: 2379776
MIOpen(HIP): Warning [IsEnoughWorkspace] [GetSolutionsFallback WTI] Solver <ConvAsmImplicitGemmGTCDynamicBwdXdlopsNHWC>, workspace required: 40353792, provided ptr: 0x7673242c0000 size: 10878976
MIOpen(HIP): Warning [IsEnoughWorkspace] [GetSolutionsFallback WTI] Solver <ConvHipImplicitGemmGroupBwdXdlops>, workspace required: 40353792, provided ptr: 0x7673242c0000 size: 10878976
MIOpen(HIP): Warning [IsEnoughWorkspace] [GetSolutionsFallback AI] Solver <GemmFwdRest>, workspace required: 38076416, provided ptr: 0x767279e00000 size: 18219008
MIOpen(HIP): Warning [IsEnoughWorkspace] [GetSolutionsFallback AI] Solver <GemmFwdRest>, workspace required: 95191040, provided ptr: 0x76727aaf8000 size: 29032448
MIOpen(HIP): Warning [IsEnoughWorkspace] [GetSolutionsFallback AI] Solver <ConvHipImplicitGemmGroupFwdXdlops>, workspace required: 27459584, provided ptr: 0x76727b7f0000 size: 27197440
MIOpen(HIP): Warning [IsEnoughWorkspace] [GetSolutionsFallback AI] Solver <GemmFwdRest>, workspace required: 190382080, provided ptr: 0x7672823f0000 size: 54853632
MIOpen(HIP): Warning [IsEnoughWorkspace] [GetSolutionsFallback AI] Solver <ConvHipImplicitGemmGroupFwdXdlops>, workspace required: 54460416, provided ptr: 0x767283de0000 size: 54394880
MIOpen(HIP): Warning [IsEnoughWorkspace] [GetSolutionsFallback WTI] Solver <ConvAsmImplicitGemmGTCDynamicBwdXdlopsNHWC>, workspace required: 54525952, provided ptr: 0x7672823f0000 size: 54394880
MIOpen(HIP): Warning [IsEnoughWorkspace] [GetSolutionsFallback WTI] Solver <ConvHipImplicitGemmGroupBwdXdlops>, workspace required: 54525952, provided ptr: 0x7672823f0000 size: 54394880
MIOpen(HIP): Warning [IsEnoughWorkspace] [GetSolutionsFallback AI] Solver <GemmFwdRest>, workspace required: 190382080, provided ptr: 0x767283de0000 size: 54509568
MIOpen(HIP): Warning [IsEnoughWorkspace] [GetSolutionsFallback AI] Solver <ConvHipImplicitGemmGroupFwdXdlops>, workspace required: 54411264, provided ptr: 0x7672857d0000 size: 54394880
MIOpen(HIP): Warning [IsEnoughWorkspace] [GetSolutionsFallback AI] Solver <GemmFwdRest>, workspace required: 285573120, provided ptr: 0x7672857d0000 size: 81620992
MIOpen(HIP): Warning [IsEnoughWorkspace] [GetSolutionsFallback AI] Solver <ConvHipImplicitGemmGroupFwdXdlops>, workspace required: 81596416, provided ptr: 0x767287eb8000 size: 81592320
MIOpen(HIP): Warning [IsEnoughWorkspace] [GetSolutionsFallback AI] Solver <ConvHipImplicitGemmGroupFwdXdlops>, workspace required: 42072064, provided ptr: 0x767279e00000 size: 40797184
MIOpen(HIP): Warning [IsEnoughWorkspace] [GetSolutionsFallback AI] Solver <GemmFwdRest>, workspace required: 285573120, provided ptr: 0x767279e00000 size: 40797184
MIOpen(HIP): Warning [IsEnoughWorkspace] [GetSolutionsFallback AI] Solver <ConvHipImplicitGemmGroupFwdXdlops>, workspace required: 8727552, provided ptr: 0x7671904c0000 size: 1942528
MIOpen(HIP): Warning [IsEnoughWorkspace] [GetSolutionsFallback AI] Solver <ConvAsmImplicitGemmGTCDynamicFwdXdlopsNHWC>, workspace required: 8727552, provided ptr: 0x7671904c0000 size: 1942528
MIOpen(HIP): Warning [IsEnoughWorkspace] [GetSolutionsFallback WTI] Solver <ConvAsmImplicitGemmGTCDynamicBwdXdlopsNHWC>, workspace required: 39104512, provided ptr: 0x767255400000 size: 8880128
MIOpen(HIP): Warning [IsEnoughWorkspace] [GetSolutionsFallback WTI] Solver <ConvHipImplicitGemmGroupBwdXdlops>, workspace required: 39104512, provided ptr: 0x767255400000 size: 8880128
MIOpen(HIP): Warning [IsEnoughWorkspace] [GetSolutionsFallback AI] Solver <GemmFwdRest>, workspace required: 31080448, provided ptr: 0x7673242c0000 size: 16220160
MIOpen(HIP): Warning [IsEnoughWorkspace] [GetSolutionsFallback AI] Solver <GemmFwdRest>, workspace required: 77701120, provided ptr: 0x76727a896000 size: 24035328
MIOpen(HIP): Warning [IsEnoughWorkspace] [GetSolutionsFallback AI] Solver <ConvHipImplicitGemmGroupFwdXdlops>, workspace required: 22462464, provided ptr: 0x76727b32c000 size: 22200320
MIOpen(HIP): Warning [IsEnoughWorkspace] [GetSolutionsFallback AI] Solver <GemmFwdRest>, workspace required: 155402240, provided ptr: 0x767280a00000 size: 44859392
MIOpen(HIP): Warning [IsEnoughWorkspace] [GetSolutionsFallback AI] Solver <ConvHipImplicitGemmGroupFwdXdlops>, workspace required: 44466176, provided ptr: 0x767280a00000 size: 44400640
MIOpen(HIP): Warning [IsEnoughWorkspace] [GetSolutionsFallback WTI] Solver <ConvAsmImplicitGemmGTCDynamicBwdXdlopsNHWC>, workspace required: 44531712, provided ptr: 0x767280a00000 size: 44400640
MIOpen(HIP): Warning [IsEnoughWorkspace] [GetSolutionsFallback WTI] Solver <ConvHipImplicitGemmGroupBwdXdlops>, workspace required: 44531712, provided ptr: 0x767280a00000 size: 44400640
MIOpen(HIP): Warning [IsEnoughWorkspace] [GetSolutionsFallback AI] Solver <GemmFwdRest>, workspace required: 155402240, provided ptr: 0x767280a00000 size: 44515328
MIOpen(HIP): Warning [IsEnoughWorkspace] [GetSolutionsFallback AI] Solver <ConvHipImplicitGemmGroupFwdXdlops>, workspace required: 44417024, provided ptr: 0x767281f2c000 size: 44400640
MIOpen(HIP): Warning [IsEnoughWorkspace] [GetSolutionsFallback AI] Solver <GemmFwdRest>, workspace required: 233103360, provided ptr: 0x767284984000 size: 66629632
MIOpen(HIP): Warning [IsEnoughWorkspace] [GetSolutionsFallback AI] Solver <ConvHipImplicitGemmGroupFwdXdlops>, workspace required: 66605056, provided ptr: 0x767286946000 size: 66600960
MIOpen(HIP): Warning [IsEnoughWorkspace] [GetSolutionsFallback AI] Solver <ConvHipImplicitGemmGroupFwdXdlops>, workspace required: 34342144, provided ptr: 0x76727bdc2000 size: 33301504
MIOpen(HIP): Warning [IsEnoughWorkspace] [GetSolutionsFallback AI] Solver <GemmFwdRest>, workspace required: 233103360, provided ptr: 0x76727bdc2000 size: 33301504
MIOpen(HIP): Warning [IsEnoughWorkspace] [GetSolutionsFallback AI] Solver <ConvHipImplicitGemmGroupFwdXdlops>, workspace required: 8379392, provided ptr: 0x767191480000 size: 1455104
MIOpen(HIP): Warning [IsEnoughWorkspace] [GetSolutionsFallback AI] Solver <ConvAsmImplicitGemmGTCDynamicFwdXdlopsNHWC>, workspace required: 8379392, provided ptr: 0x767191480000 size: 1455104
MIOpen(HIP): Warning [IsEnoughWorkspace] [GetSolutionsFallback WTI] Solver <ConvAsmImplicitGemmGTCDynamicBwdXdlopsNHWC>, workspace required: 37711872, provided ptr: 0x767255400000 size: 6651904
MIOpen(HIP): Warning [IsEnoughWorkspace] [GetSolutionsFallback WTI] Solver <ConvHipImplicitGemmGroupBwdXdlops>, workspace required: 37711872, provided ptr: 0x767255400000 size: 6651904
MIOpen(HIP): Warning [IsEnoughWorkspace] [GetSolutionsFallback AI] Solver <GemmFwdRest>, workspace required: 23281664, provided ptr: 0x7673242c0000 size: 13991936
MIOpen(HIP): Warning [IsEnoughWorkspace] [GetSolutionsFallback WTI] Solver <ConvAsmImplicitGemmGTCDynamicBwdXdlopsNHWC>, workspace required: 16883712, provided ptr: 0x7673242c0000 size: 16629760
MIOpen(HIP): Warning [IsEnoughWorkspace] [GetSolutionsFallback WTI] Solver <ConvHipImplicitGemmGroupBwdXdlops>, workspace required: 16883712, provided ptr: 0x7673242c0000 size: 16629760
MIOpen(HIP): Warning [IsEnoughWorkspace] [GetSolutionsFallback AI] Solver <GemmFwdRest>, workspace required: 58204160, provided ptr: 0x767279e00000 size: 18464768
MIOpen(HIP): Warning [IsEnoughWorkspace] [GetSolutionsFallback AI] Solver <ConvAsmImplicitGemmGTCDynamicFwdXdlopsNHWC>, workspace required: 16629760, provided ptr: 0 size: 0
MIOpen(HIP): Warning [IsEnoughWorkspace] [GetSolutionsFallback AI] Solver <ConvHipImplicitGemmGroupFwdXdlops>, workspace required: 16891904, provided ptr: 0 size: 0
MIOpen(HIP): Warning [IsEnoughWorkspace] [GetSolutionsFallback AI] Solver <GemmFwdRest>, workspace required: 116408320, provided ptr: 0x767280a00000 size: 33718272
MIOpen(HIP): Warning [IsEnoughWorkspace] [GetSolutionsFallback AI] Solver <ConvHipImplicitGemmGroupFwdXdlops>, workspace required: 33325056, provided ptr: 0x767280a00000 size: 33259520
MIOpen(HIP): Warning [IsEnoughWorkspace] [GetSolutionsFallback WTI] Solver <ConvAsmImplicitGemmGTCDynamicBwdXdlopsNHWC>, workspace required: 33390592, provided ptr: 0x76727bdb8000 size: 33259520
MIOpen(HIP): Warning [IsEnoughWorkspace] [GetSolutionsFallback WTI] Solver <ConvHipImplicitGemmGroupBwdXdlops>, workspace required: 33390592, provided ptr: 0x76727bdb8000 size: 33259520
MIOpen(HIP): Warning [IsEnoughWorkspace] [GetSolutionsFallback AI] Solver <GemmFwdRest>, workspace required: 116408320, provided ptr: 0x767280a00000 size: 33374208
MIOpen(HIP): Warning [IsEnoughWorkspace] [GetSolutionsFallback AI] Solver <ConvHipImplicitGemmGroupFwdXdlops>, workspace required: 33275904, provided ptr: 0x767280a00000 size: 33259520
MIOpen(HIP): Warning [IsEnoughWorkspace] [GetSolutionsFallback AI] Solver <GemmFwdRest>, workspace required: 174612480, provided ptr: 0x7672821ca000 size: 49917952
MIOpen(HIP): Warning [IsEnoughWorkspace] [GetSolutionsFallback AI] Solver <ConvHipImplicitGemmGroupFwdXdlops>, workspace required: 49893376, provided ptr: 0x767283994000 size: 49889280
MIOpen(HIP): Warning [IsEnoughWorkspace] [GetSolutionsFallback AI] Solver <ConvHipImplicitGemmGroupFwdXdlops>, workspace required: 25725184, provided ptr: 0x76727b5ca000 size: 24945664
MIOpen(HIP): Warning [IsEnoughWorkspace] [GetSolutionsFallback AI] Solver <GemmFwdRest>, workspace required: 174612480, provided ptr: 0x76727b5ca000 size: 24945664
MIOpen(HIP): Warning [IsEnoughWorkspace] [GetSolutionsFallback AI] Solver <ConvHipImplicitGemmGroupFwdXdlops>, workspace required: 9377792, provided ptr: 0x767193c00000 size: 2852864
MIOpen(HIP): Warning [IsEnoughWorkspace] [GetSolutionsFallback AI] Solver <ConvAsmImplicitGemmGTCDynamicFwdXdlopsNHWC>, workspace required: 9377792, provided ptr: 0x767193c00000 size: 2852864
MIOpen(HIP): Warning [IsEnoughWorkspace] [GetSolutionsFallback WTI] Solver <ConvAsmImplicitGemmGTCDynamicBwdXdlopsNHWC>, workspace required: 41705472, provided ptr: 0x7673242c0000 size: 13041664
MIOpen(HIP): Warning [IsEnoughWorkspace] [GetSolutionsFallback WTI] Solver <ConvHipImplicitGemmGroupBwdXdlops>, workspace required: 41705472, provided ptr: 0x7673242c0000 size: 13041664
MIOpen(HIP): Warning [IsEnoughWorkspace] [GetSolutionsFallback AI] Solver <GemmFwdRest>, workspace required: 45645824, provided ptr: 0x767279e00000 size: 20381696
MIOpen(HIP): Warning [IsEnoughWorkspace] [GetSolutionsFallback AI] Solver <GemmFwdRest>, workspace required: 114114560, provided ptr: 0x76727bd18000 size: 34439168
MIOpen(HIP): Warning [IsEnoughWorkspace] [GetSolutionsFallback AI] Solver <ConvHipImplicitGemmGroupFwdXdlops>, workspace required: 32866304, provided ptr: 0x767280a00000 size: 32604160
MIOpen(HIP): Warning [IsEnoughWorkspace] [GetSolutionsFallback AI] Solver <GemmFwdRest>, workspace required: 228229120, provided ptr: 0x767284830000 size: 65667072
MIOpen(HIP): Warning [IsEnoughWorkspace] [GetSolutionsFallback AI] Solver <ConvHipImplicitGemmGroupFwdXdlops>, workspace required: 65273856, provided ptr: 0x767286748000 size: 65208320
MIOpen(HIP): Warning [IsEnoughWorkspace] [GetSolutionsFallback WTI] Solver <ConvAsmImplicitGemmGTCDynamicBwdXdlopsNHWC>, workspace required: 65339392, provided ptr: 0x767282918000 size: 65208320
MIOpen(HIP): Warning [IsEnoughWorkspace] [GetSolutionsFallback WTI] Solver <ConvHipImplicitGemmGroupBwdXdlops>, workspace required: 65339392, provided ptr: 0x767282918000 size: 65208320
MIOpen(HIP): Warning [IsEnoughWorkspace] [GetSolutionsFallback AI] Solver <GemmFwdRest>, workspace required: 228229120, provided ptr: 0x767284830000 size: 65323008
MIOpen(HIP): Warning [IsEnoughWorkspace] [GetSolutionsFallback AI] Solver <ConvHipImplicitGemmGroupFwdXdlops>, workspace required: 65224704, provided ptr: 0x767286748000 size: 65208320
MIOpen(HIP): Warning [IsEnoughWorkspace] [GetSolutionsFallback AI] Solver <GemmFwdRest>, workspace required: 342343680, provided ptr: 0x7672895ec000 size: 97841152
MIOpen(HIP): Warning [IsEnoughWorkspace] [GetSolutionsFallback AI] Solver <ConvHipImplicitGemmGroupFwdXdlops>, workspace required: 97816576, provided ptr: 0x76728c490000 size: 97812480
MIOpen(HIP): Warning [IsEnoughWorkspace] [GetSolutionsFallback AI] Solver <ConvHipImplicitGemmGroupFwdXdlops>, workspace required: 50435584, provided ptr: 0x767279e00000 size: 48907264
MIOpen(HIP): Warning [IsEnoughWorkspace] [GetSolutionsFallback AI] Solver <GemmFwdRest>, workspace required: 342343680, provided ptr: 0x767279e00000 size: 48907264
[0;36m(APIServer pid=23472)[0;0m [32mINFO[0m [90m10-07 15:20:11[0m [90m[stats.py:902][0m [OmniTiming] req=speech-9e92291b561c4270-93e3a114 total=5.13s engine=5.13s stages=[0:5.13s]
INFO:     127.0.0.1:60618 - "POST /v1/audio/speech HTTP/1.1" 200 OK
[0;36m(APIServer pid=23472)[0;0m [32mINFO[0m [90m10-07 15:20:11[0m [90m[serving_speech.py:2423][0m Diffusion TTS speech request speech-aaba77ad1e15589e: voice_clone=False
[0;36m(APIServer pid=23472)[0;0m [32mINFO[0m [90m10-07 15:20:11[0m [90m[serving_speech.py:2471][0m Applied diffusion speech params: seed=42 extra_params={}
[0;36m(APIServer pid=23472)[0;0m [32mINFO[0m [90m10-07 15:20:11[0m [90m[diffusion_engine.py:764][0m [RequestBatch] admission wait done waiting=1 max_batch=8 waited_ms=2.1
MIOpen(HIP): Warning [IsEnoughWorkspace] [GetSolutionsFallback AI] Solver <ConvHipImplicitGemmGroupFwdXdlops>, workspace required: 8963072, provided ptr: 0x7671904c0000 size: 2272256
MIOpen(HIP): Warning [IsEnoughWorkspace] [GetSolutionsFallback AI] Solver <ConvAsmImplicitGemmGTCDynamicFwdXdlopsNHWC>, workspace required: 8963072, provided ptr: 0x7671904c0000 size: 2272256
MIOpen(HIP): Warning [IsEnoughWorkspace] [GetSolutionsFallback WTI] Solver <ConvAsmImplicitGemmGTCDynamicBwdXdlopsNHWC>, workspace required: 40046592, provided ptr: 0x767255400000 size: 10387456
MIOpen(HIP): Warning [IsEnoughWorkspace] [GetSolutionsFallback WTI] Solver <ConvHipImplicitGemmGroupBwdXdlops>, workspace required: 40046592, provided ptr: 0x767255400000 size: 10387456
MIOpen(HIP): Warning [IsEnoughWorkspace] [GetSolutionsFallback AI] Solver <GemmFwdRest>, workspace required: 36356096, provided ptr: 0x7673242c0000 size: 17727488
MIOpen(HIP): Warning [IsEnoughWorkspace] [GetSolutionsFallback AI] Solver <GemmFwdRest>, workspace required: 90890240, provided ptr: 0x76727b6c4000 size: 27803648
MIOpen(HIP): Warning [IsEnoughWorkspace] [GetSolutionsFallback AI] Solver <ConvHipImplicitGemmGroupFwdXdlops>, workspace required: 26230784, provided ptr: 0x76727c326000 size: 25968640
MIOpen(HIP): Warning [IsEnoughWorkspace] [GetSolutionsFallback AI] Solver <GemmFwdRest>, workspace required: 181780480, provided ptr: 0x7672822c4000 size: 52396032
MIOpen(HIP): Warning [IsEnoughWorkspace] [GetSolutionsFallback AI] Solver <ConvHipImplicitGemmGroupFwdXdlops>, workspace required: 52002816, provided ptr: 0x767283b88000 size: 51937280
MIOpen(HIP): Warning [IsEnoughWorkspace] [GetSolutionsFallback WTI] Solver <ConvAsmImplicitGemmGTCDynamicBwdXdlopsNHWC>, workspace required: 52068352, provided ptr: 0x7672822c4000 size: 51937280
MIOpen(HIP): Warning [IsEnoughWorkspace] [GetSolutionsFallback WTI] Solver <ConvHipImplicitGemmGroupBwdXdlops>, workspace required: 52068352, provided ptr: 0x7672822c4000 size: 51937280
MIOpen(HIP): Warning [IsEnoughWorkspace] [GetSolutionsFallback AI] Solver <GemmFwdRest>, workspace required: 181780480, provided ptr: 0x7672822c4000 size: 52051968
MIOpen(HIP): Warning [IsEnoughWorkspace] [GetSolutionsFallback AI] Solver <ConvHipImplicitGemmGroupFwdXdlops>, workspace required: 51953664, provided ptr: 0x767283b88000 size: 51937280
MIOpen(HIP): Warning [IsEnoughWorkspace] [GetSolutionsFallback AI] Solver <GemmFwdRest>, workspace required: 272670720, provided ptr: 0x76728544c000 size: 77934592
MIOpen(HIP): Warning [IsEnoughWorkspace] [GetSolutionsFallback AI] Solver <ConvHipImplicitGemmGroupFwdXdlops>, workspace required: 77910016, provided ptr: 0x767287972000 size: 77905920
MIOpen(HIP): Warning [IsEnoughWorkspace] [GetSolutionsFallback AI] Solver <ConvHipImplicitGemmGroupFwdXdlops>, workspace required: 40171264, provided ptr: 0x767279e00000 size: 38953984
MIOpen(HIP): Warning [IsEnoughWorkspace] [GetSolutionsFallback AI] Solver <GemmFwdRest>, workspace required: 272670720, provided ptr: 0x767279e00000 size: 38953984
MIOpen(HIP): Warning [IsEnoughWorkspace] [GetSolutionsFallback AI] Solver <ConvHipImplicitGemmGroupFwdXdlops>, workspace required: 8179712, provided ptr: 0x767191480000 size: 1175552
MIOpen(HIP): Warning [IsEnoughWorkspace] [GetSolutionsFallback AI] Solver <ConvAsmImplicitGemmGTCDynamicFwdXdlopsNHWC>, workspace required: 8179712, provided ptr: 0x767191480000 size: 1175552
MIOpen(HIP): Warning [IsEnoughWorkspace] [GetSolutionsFallback WTI] Solver <ConvAsmImplicitGemmGTCDynamicBwdXdlopsNHWC>, workspace required: 36913152, provided ptr: 0x767255400000 size: 5373952
MIOpen(HIP): Warning [IsEnoughWorkspace] [GetSolutionsFallback WTI] Solver <ConvHipImplicitGemmGroupBwdXdlops>, workspace required: 36913152, provided ptr: 0x767255400000 size: 5373952
MIOpen(HIP): Warning [IsEnoughWorkspace] [GetSolutionsFallback AI] Solver <GemmFwdRest>, workspace required: 18808832, provided ptr: 0x7673242c0000 size: 12713984
MIOpen(HIP): Warning [IsEnoughWorkspace] [GetSolutionsFallback WTI] Solver <ConvAsmImplicitGemmGTCDynamicBwdXdlopsNHWC>, workspace required: 14647296, provided ptr: 0x7673242c0000 size: 13434880
MIOpen(HIP): Warning [IsEnoughWorkspace] [GetSolutionsFallback WTI] Solver <ConvHipImplicitGemmGroupBwdXdlops>, workspace required: 14647296, provided ptr: 0x7673242c0000 size: 13434880
MIOpen(HIP): Warning [IsEnoughWorkspace] [GetSolutionsFallback AI] Solver <GemmFwdRest>, workspace required: 47022080, provided ptr: 0x767279e00000 size: 15269888
MIOpen(HIP): Warning [IsEnoughWorkspace] [GetSolutionsFallback AI] Solver <ConvAsmImplicitGemmGTCDynamicFwdXdlopsNHWC>, workspace required: 13434880, provided ptr: 0 size: 0
MIOpen(HIP): Warning [IsEnoughWorkspace] [GetSolutionsFallback AI] Solver <ConvHipImplicitGemmGroupFwdXdlops>, workspace required: 13697024, provided ptr: 0 size: 0
MIOpen(HIP): Warning [IsEnoughWorkspace] [GetSolutionsFallback AI] Solver <GemmFwdRest>, workspace required: 94044160, provided ptr: 0x76727aad0000 size: 27328512
MIOpen(HIP): Warning [IsEnoughWorkspace] [GetSolutionsFallback AI] Solver <ConvHipImplicitGemmGroupFwdXdlops>, workspace required: 26935296, provided ptr: 0x76727b7a0000 size: 26869760
MIOpen(HIP): Warning [IsEnoughWorkspace] [GetSolutionsFallback WTI] Solver <ConvAsmImplicitGemmGTCDynamicBwdXdlopsNHWC>, workspace required: 27000832, provided ptr: 0x76727aad0000 size: 26869760
MIOpen(HIP): Warning [IsEnoughWorkspace] [GetSolutionsFallback WTI] Solver <ConvHipImplicitGemmGroupBwdXdlops>, workspace required: 27000832, provided ptr: 0x76727aad0000 size: 26869760
MIOpen(HIP): Warning [IsEnoughWorkspace] [GetSolutionsFallback AI] Solver <GemmFwdRest>, workspace required: 94044160, provided ptr: 0x76727b7a0000 size: 26984448
MIOpen(HIP): Warning [IsEnoughWorkspace] [GetSolutionsFallback AI] Solver <ConvHipImplicitGemmGroupFwdXdlops>, workspace required: 26886144, provided ptr: 0x76727c470000 size: 26869760
MIOpen(HIP): Warning [IsEnoughWorkspace] [GetSolutionsFallback AI] Solver <GemmFwdRest>, workspace required: 141066240, provided ptr: 0x767280a00000 size: 40333312
MIOpen(HIP): Warning [IsEnoughWorkspace] [GetSolutionsFallback AI] Solver <ConvHipImplicitGemmGroupFwdXdlops>, workspace required: 40308736, provided ptr: 0x767281d38000 size: 40304640
MIOpen(HIP): Warning [IsEnoughWorkspace] [GetSolutionsFallback AI] Solver <ConvHipImplicitGemmGroupFwdXdlops>, workspace required: 20783104, provided ptr: 0x767279e00000 size: 20153344
MIOpen(HIP): Warning [IsEnoughWorkspace] [GetSolutionsFallback AI] Solver <GemmFwdRest>, workspace required: 141066240, provided ptr: 0x767279e00000 size: 20153344
MIOpen(HIP): Warning [IsEnoughWorkspace] [GetSolutionsFallback AI] Solver <ConvHipImplicitGemmGroupFwdXdlops>, workspace required: 9285632, provided ptr: 0x7671904c0000 size: 2723840
MIOpen(HIP): Warning [IsEnoughWorkspace] [GetSolutionsFallback AI] Solver <ConvAsmImplicitGemmGTCDynamicFwdXdlopsNHWC>, workspace required: 9285632, provided ptr: 0x7671904c0000 size: 2723840
MIOpen(HIP): Warning [IsEnoughWorkspace] [GetSolutionsFallback WTI] Solver <ConvAsmImplicitGemmGTCDynamicBwdXdlopsNHWC>, workspace required: 41336832, provided ptr: 0x7673242c0000 size: 12451840
MIOpen(HIP): Warning [IsEnoughWorkspace] [GetSolutionsFallback WTI] Solver <ConvHipImplicitGemmGroupBwdXdlops>, workspace required: 41336832, provided ptr: 0x7673242c0000 size: 12451840
MIOpen(HIP): Warning [IsEnoughWorkspace] [GetSolutionsFallback AI] Solver <GemmFwdRest>, workspace required: 43581440, provided ptr: 0x767279e00000 size: 19791872
MIOpen(HIP): Warning [IsEnoughWorkspace] [GetSolutionsFallback AI] Solver <GemmFwdRest>, workspace required: 108953600, provided ptr: 0x76727bbb0000 size: 32964608
MIOpen(HIP): Warning [IsEnoughWorkspace] [GetSolutionsFallback AI] Solver <ConvHipImplicitGemmGroupFwdXdlops>, workspace required: 31391744, provided ptr: 0x76727ca88000 size: 31129600
MIOpen(HIP): Warning [IsEnoughWorkspace] [GetSolutionsFallback AI] Solver <GemmFwdRest>, workspace required: 217907200, provided ptr: 0x7672827b0000 size: 62717952
MIOpen(HIP): Warning [IsEnoughWorkspace] [GetSolutionsFallback AI] Solver <ConvHipImplicitGemmGroupFwdXdlops>, workspace required: 62324736, provided ptr: 0x767284560000 size: 62259200
MIOpen(HIP): Warning [IsEnoughWorkspace] [GetSolutionsFallback WTI] Solver <ConvAsmImplicitGemmGTCDynamicBwdXdlopsNHWC>, workspace required: 62390272, provided ptr: 0x7672827b0000 size: 62259200
MIOpen(HIP): Warning [IsEnoughWorkspace] [GetSolutionsFallback WTI] Solver <ConvHipImplicitGemmGroupBwdXdlops>, workspace required: 62390272, provided ptr: 0x7672827b0000 size: 62259200
MIOpen(HIP): Warning [IsEnoughWorkspace] [GetSolutionsFallback AI] Solver <GemmFwdRest>, workspace required: 217907200, provided ptr: 0x767284560000 size: 62373888
MIOpen(HIP): Warning [IsEnoughWorkspace] [GetSolutionsFallback AI] Solver <ConvHipImplicitGemmGroupFwdXdlops>, workspace required: 62275584, provided ptr: 0x767286310000 size: 62259200
MIOpen(HIP): Warning [IsEnoughWorkspace] [GetSolutionsFallback AI] Solver <GemmFwdRest>, workspace required: 326860800, provided ptr: 0x767286310000 size: 93417472
MIOpen(HIP): Warning [IsEnoughWorkspace] [GetSolutionsFallback AI] Solver <ConvHipImplicitGemmGroupFwdXdlops>, workspace required: 93392896, provided ptr: 0x767288f98000 size: 93388800
MIOpen(HIP): Warning [IsEnoughWorkspace] [GetSolutionsFallback AI] Solver <ConvHipImplicitGemmGroupFwdXdlops>, workspace required: 48154624, provided ptr: 0x767279e00000 size: 46695424
MIOpen(HIP): Warning [IsEnoughWorkspace] [GetSolutionsFallback AI] Solver <GemmFwdRest>, workspace required: 326860800, provided ptr: 0x767279e00000 size: 46695424
MIOpen(HIP): Warning [IsEnoughWorkspace] [GetSolutionsFallback AI] Solver <ConvAsmImplicitGemmGTCDynamicFwdXdlopsNHWC>, workspace required: 7616512, provided ptr: 0x7672b1340000 size: 387072
MIOpen(HIP): Warning [IsEnoughWorkspace] [GetSolutionsFallback AI] Solver <ConvHipImplicitGemmGroupFwdXdlops>, workspace required: 7616512, provided ptr: 0x7672b1340000 size: 387072
MIOpen(HIP): Warning [IsEnoughWorkspace] [GetSolutionsFallback WTI] Solver <ConvAsmImplicitGemmGTCDynamicBwdXdlopsNHWC>, workspace required: 34660352, provided ptr: 0x7671904c0000 size: 1769472
MIOpen(HIP): Warning [IsEnoughWorkspace] [GetSolutionsFallback WTI] Solver <ConvHipImplicitGemmGroupBwdXdlops>, workspace required: 34660352, provided ptr: 0x7671904c0000 size: 1769472
MIOpen(HIP): Warning [IsEnoughWorkspace] [GetSolutionsFallback AI] Solver <ConvAsmImplicitGemmGTCDynamicFwdXdlopsNHWC>, workspace required: 9109504, provided ptr: 0x767255400000 size: 6193152
MIOpen(HIP): Warning [IsEnoughWorkspace] [GetSolutionsFallback AI] Solver <ConvHipImplicitGemmGroupFwdXdlops>, workspace required: 9109504, provided ptr: 0x767255400000 size: 6193152
MIOpen(HIP): Warning [IsEnoughWorkspace] [GetSolutionsFallback AI] Solver <ConvHipImplicitGemmGroupFwdXdlops>, workspace required: 2818048, provided ptr: 0 size: 0
MIOpen(HIP): Warning [IsEnoughWorkspace] [GetSolutionsFallback AI] Solver <ConvAsmImplicitGemmGTCDynamicFwdXdlopsNHWC>, workspace required: 1769472, provided ptr: 0 size: 0
MIOpen(HIP): Warning [IsEnoughWorkspace] [GetSolutionsFallback WTI] Solver <ConvAsmImplicitGemmGTCDynamicFwdXdlopsNHWC>, workspace required: 9109504, provided ptr: 0x767255400000 size: 6193152
MIOpen(HIP): Warning [IsEnoughWorkspace] [GetSolutionsFallback WTI] Solver <ConvHipImplicitGemmGroupFwdXdlops>, workspace required: 9109504, provided ptr: 0x767255400000 size: 6193152
MIOpen(HIP): Warning [IsEnoughWorkspace] [GetSolutionsFallback WTI] Solver <ConvAsmImplicitGemmGTCDynamicFwdXdlopsNHWC>, workspace required: 9109504, provided ptr: 0x767255400000 size: 6193152
MIOpen(HIP): Warning [IsEnoughWorkspace] [GetSolutionsFallback WTI] Solver <ConvHipImplicitGemmGroupFwdXdlops>, workspace required: 9109504, provided ptr: 0x767255400000 size: 6193152
MIOpen(HIP): Warning [IsEnoughWorkspace] [GetSolutionsFallback WTI] Solver <ConvAsmImplicitGemmGTCDynamicBwdXdlopsNHWC>, workspace required: 8339456, provided ptr: 0x767193c00000 size: 4423680
MIOpen(HIP): Warning [IsEnoughWorkspace] [GetSolutionsFallback WTI] Solver <ConvHipImplicitGemmGroupBwdXdlops>, workspace required: 8339456, provided ptr: 0x767193c00000 size: 4423680
MIOpen(HIP): Warning [IsEnoughWorkspace] [GetSolutionsFallback AI] Solver <GemmFwdRest>, workspace required: 15482880, provided ptr: 0x767255400000 size: 6258688
MIOpen(HIP): Warning [IsEnoughWorkspace] [GetSolutionsFallback AI] Solver <ConvAsmImplicitGemmGTCDynamicFwdXdlopsNHWC>, workspace required: 9306112, provided ptr: 0 size: 0
MIOpen(HIP): Warning [IsEnoughWorkspace] [GetSolutionsFallback AI] Solver <ConvHipImplicitGemmGroupFwdXdlops>, workspace required: 9306112, provided ptr: 0 size: 0
MIOpen(HIP): Warning [IsEnoughWorkspace] [GetSolutionsFallback AI] Solver <GemmFwdRest>, workspace required: 30965760, provided ptr: 0 size: 0
MIOpen(HIP): Warning [IsEnoughWorkspace] [GetSolutionsFallback AI] Solver <ConvAsmImplicitGemmGTCDynamicFwdXdlopsNHWC>, workspace required: 8847360, provided ptr: 0 size: 0
MIOpen(HIP): Warning [IsEnoughWorkspace] [GetSolutionsFallback AI] Solver <ConvHipImplicitGemmGroupFwdXdlops>, workspace required: 8912896, provided ptr: 0 size: 0
MIOpen(HIP): Warning [IsEnoughWorkspace] [GetSolutionsFallback WTI] Solver <ConvAsmImplicitGemmGTCDynamicBwdXdlopsNHWC>, workspace required: 8978432, provided ptr: 0x7673242c0000 size: 8847360
MIOpen(HIP): Warning [IsEnoughWorkspace] [GetSolutionsFallback WTI] Solver <ConvHipImplicitGemmGroupBwdXdlops>, workspace required: 8978432, provided ptr: 0x7673242c0000 size: 8847360
MIOpen(HIP): Warning [IsEnoughWorkspace] [GetSolutionsFallback AI] Solver <GemmFwdRest>, workspace required: 30965760, provided ptr: 0x7673242c0000 size: 8962048
MIOpen(HIP): Warning [IsEnoughWorkspace] [GetSolutionsFallback AI] Solver <ConvHipImplicitGemmGroupFwdXdlops>, workspace required: 8863744, provided ptr: 0x7673246f8000 size: 8847360
MIOpen(HIP): Warning [IsEnoughWorkspace] [GetSolutionsFallback AI] Solver <GemmFwdRest>, workspace required: 46448640, provided ptr: 0x767279e00000 size: 13299712
MIOpen(HIP): Warning [IsEnoughWorkspace] [GetSolutionsFallback AI] Solver <ConvHipImplicitGemmGroupFwdXdlops>, workspace required: 13275136, provided ptr: 0x767279e00000 size: 13271040
MIOpen(HIP): Warning [IsEnoughWorkspace] [GetSolutionsFallback AI] Solver <ConvHipImplicitGemmGroupFwdXdlops>, workspace required: 6843904, provided ptr: 0x767255a54000 size: 6636544
MIOpen(HIP): Warning [IsEnoughWorkspace] [GetSolutionsFallback AI] Solver <GemmFwdRest>, workspace required: 46448640, provided ptr: 0x767255a54000 size: 6636544
MIOpen(HIP): Warning [IsEnoughWorkspace] [GetSolutionsFallback AI] Solver <ConvHipImplicitGemmGroupFwdXdlops>, workspace required: 8220672, provided ptr: 0x767191480000 size: 1232896
MIOpen(HIP): Warning [IsEnoughWorkspace] [GetSolutionsFallback AI] Solver <ConvAsmImplicitGemmGTCDynamicFwdXdlopsNHWC>, workspace required: 8220672, provided ptr: 0x767191480000 size: 1232896
MIOpen(HIP): Warning [IsEnoughWorkspace] [GetSolutionsFallback WTI] Solver <ConvAsmImplicitGemmGTCDynamicBwdXdlopsNHWC>, workspace required: 37076992, provided ptr: 0x767255400000 size: 5636096
MIOpen(HIP): Warning [IsEnoughWorkspace] [GetSolutionsFallback WTI] Solver <ConvHipImplicitGemmGroupBwdXdlops>, workspace required: 37076992, provided ptr: 0x767255400000 size: 5636096
MIOpen(HIP): Warning [IsEnoughWorkspace] [GetSolutionsFallback AI] Solver <GemmFwdRest>, workspace required: 19726336, provided ptr: 0x7673242c0000 size: 12976128
MIOpen(HIP): Warning [IsEnoughWorkspace] [GetSolutionsFallback WTI] Solver <ConvAsmImplicitGemmGTCDynamicBwdXdlopsNHWC>, workspace required: 15106048, provided ptr: 0x7673242c0000 size: 14090240
MIOpen(HIP): Warning [IsEnoughWorkspace] [GetSolutionsFallback WTI] Solver <ConvHipImplicitGemmGroupBwdXdlops>, workspace required: 15106048, provided ptr: 0x7673242c0000 size: 14090240
MIOpen(HIP): Warning [IsEnoughWorkspace] [GetSolutionsFallback AI] Solver <GemmFwdRest>, workspace required: 49315840, provided ptr: 0x767279e00000 size: 15925248
MIOpen(HIP): Warning [IsEnoughWorkspace] [GetSolutionsFallback AI] Solver <ConvAsmImplicitGemmGTCDynamicFwdXdlopsNHWC>, workspace required: 14090240, provided ptr: 0 size: 0
MIOpen(HIP): Warning [IsEnoughWorkspace] [GetSolutionsFallback AI] Solver <ConvHipImplicitGemmGroupFwdXdlops>, workspace required: 14352384, provided ptr: 0 size: 0
MIOpen(HIP): Warning [IsEnoughWorkspace] [GetSolutionsFallback AI] Solver <GemmFwdRest>, workspace required: 98631680, provided ptr: 0x76727ab70000 size: 28639232
MIOpen(HIP): Warning [IsEnoughWorkspace] [GetSolutionsFallback AI] Solver <ConvHipImplicitGemmGroupFwdXdlops>, workspace required: 28246016, provided ptr: 0x76727b8e0000 size: 28180480
MIOpen(HIP): Warning [IsEnoughWorkspace] [GetSolutionsFallback WTI] Solver <ConvAsmImplicitGemmGTCDynamicBwdXdlopsNHWC>, workspace required: 28311552, provided ptr: 0x76727ab70000 size: 28180480
MIOpen(HIP): Warning [IsEnoughWorkspace] [GetSolutionsFallback WTI] Solver <ConvHipImplicitGemmGroupBwdXdlops>, workspace required: 28311552, provided ptr: 0x76727ab70000 size: 28180480
MIOpen(HIP): Warning [IsEnoughWorkspace] [GetSolutionsFallback AI] Solver <GemmFwdRest>, workspace required: 98631680, provided ptr: 0x76727b8e0000 size: 28295168
MIOpen(HIP): Warning [IsEnoughWorkspace] [GetSolutionsFallback AI] Solver <ConvHipImplicitGemmGroupFwdXdlops>, workspace required: 28196864, provided ptr: 0x76727c650000 size: 28180480
MIOpen(HIP): Warning [IsEnoughWorkspace] [GetSolutionsFallback AI] Solver <GemmFwdRest>, workspace required: 147947520, provided ptr: 0x767280a00000 size: 42299392
MIOpen(HIP): Warning [IsEnoughWorkspace] [GetSolutionsFallback AI] Solver <ConvHipImplicitGemmGroupFwdXdlops>, workspace required: 42274816, provided ptr: 0x767281e28000 size: 42270720
MIOpen(HIP): Warning [IsEnoughWorkspace] [GetSolutionsFallback AI] Solver <ConvHipImplicitGemmGroupFwdXdlops>, workspace required: 21796864, provided ptr: 0x767279e00000 size: 21136384
MIOpen(HIP): Warning [IsEnoughWorkspace] [GetSolutionsFallback AI] Solver <GemmFwdRest>, workspace required: 147947520, provided ptr: 0x767279e00000 size: 21136384
MIOpen(HIP): Warning [IsEnoughWorkspace] [GetSolutionsFallback AI] Solver <ConvHipImplicitGemmGroupFwdXdlops>, workspace required: 7974912, provided ptr: 0x7671f9600000 size: 888832
MIOpen(HIP): Warning [IsEnoughWorkspace] [GetSolutionsFallback AI] Solver <ConvAsmImplicitGemmGTCDynamicFwdXdlopsNHWC>, workspace required: 7974912, provided ptr: 0x7671f9600000 size: 888832
MIOpen(HIP): Warning [IsEnoughWorkspace] [GetSolutionsFallback WTI] Solver <ConvAsmImplicitGemmGTCDynamicBwdXdlopsNHWC>, workspace required: 36093952, provided ptr: 0x767193c00000 size: 4063232
MIOpen(HIP): Warning [IsEnoughWorkspace] [GetSolutionsFallback WTI] Solver <ConvHipImplicitGemmGroupBwdXdlops>, workspace required: 36093952, provided ptr: 0x767193c00000 size: 4063232
MIOpen(HIP): Warning [IsEnoughWorkspace] [GetSolutionsFallback AI] Solver <GemmFwdRest>, workspace required: 14221312, provided ptr: 0x767255400000 size: 11403264
MIOpen(HIP): Warning [IsEnoughWorkspace] [GetSolutionsFallback WTI] Solver <ConvAsmImplicitGemmGTCDynamicBwdXdlopsNHWC>, workspace required: 12353536, provided ptr: 0x7673242c0000 size: 10158080
MIOpen(HIP): Warning [IsEnoughWorkspace] [GetSolutionsFallback WTI] Solver <ConvHipImplicitGemmGroupBwdXdlops>, workspace required: 12353536, provided ptr: 0x7673242c0000 size: 10158080
MIOpen(HIP): Warning [IsEnoughWorkspace] [GetSolutionsFallback AI] Solver <GemmFwdRest>, workspace required: 35553280, provided ptr: 0x767324798000 size: 11993088
MIOpen(HIP): Warning [IsEnoughWorkspace] [GetSolutionsFallback AI] Solver <ConvHipImplicitGemmGroupFwdXdlops>, workspace required: 10420224, provided ptr: 0x767324c70000 size: 10158080
MIOpen(HIP): Warning [IsEnoughWorkspace] [GetSolutionsFallback AI] Solver <GemmFwdRest>, workspace required: 71106560, provided ptr: 0x76727a7b0000 size: 20774912
MIOpen(HIP): Warning [IsEnoughWorkspace] [GetSolutionsFallback AI] Solver <ConvHipImplicitGemmGroupFwdXdlops>, workspace required: 20381696, provided ptr: 0x76727b160000 size: 20316160
MIOpen(HIP): Warning [IsEnoughWorkspace] [GetSolutionsFallback WTI] Solver <ConvAsmImplicitGemmGTCDynamicBwdXdlopsNHWC>, workspace required: 20447232, provided ptr: 0x76727a7b0000 size: 20316160
MIOpen(HIP): Warning [IsEnoughWorkspace] [GetSolutionsFallback WTI] Solver <ConvHipImplicitGemmGroupBwdXdlops>, workspace required: 20447232, provided ptr: 0x76727a7b0000 size: 20316160
MIOpen(HIP): Warning [IsEnoughWorkspace] [GetSolutionsFallback AI] Solver <GemmFwdRest>, workspace required: 71106560, provided ptr: 0x76727a7b0000 size: 20430848
MIOpen(HIP): Warning [IsEnoughWorkspace] [GetSolutionsFallback AI] Solver <ConvHipImplicitGemmGroupFwdXdlops>, workspace required: 20332544, provided ptr: 0x76727b160000 size: 20316160
MIOpen(HIP): Warning [IsEnoughWorkspace] [GetSolutionsFallback AI] Solver <GemmFwdRest>, workspace required: 106659840, provided ptr: 0x76727c998000 size: 30502912
MIOpen(HIP): Warning [IsEnoughWorkspace] [GetSolutionsFallback AI] Solver <ConvHipImplicitGemmGroupFwdXdlops>, workspace required: 30478336, provided ptr: 0x767280a00000 size: 30474240
MIOpen(HIP): Warning [IsEnoughWorkspace] [GetSolutionsFallback AI] Solver <ConvHipImplicitGemmGroupFwdXdlops>, workspace required: 15714304, provided ptr: 0x767279e00000 size: 15238144
MIOpen(HIP): Warning [IsEnoughWorkspace] [GetSolutionsFallback AI] Solver <GemmFwdRest>, workspace required: 106659840, provided ptr: 0x767279e00000 size: 15238144
MIOpen(HIP): Warning [IsEnoughWorkspace] [GetSolutionsFallback AI] Solver <ConvHipImplicitGemmGroupFwdXdlops>, workspace required: 8312832, provided ptr: 0x767191480000 size: 1361920
MIOpen(HIP): Warning [IsEnoughWorkspace] [GetSolutionsFallback AI] Solver <ConvAsmImplicitGemmGTCDynamicFwdXdlopsNHWC>, workspace required: 8312832, provided ptr: 0x767191480000 size: 1361920
MIOpen(HIP): Warning [IsEnoughWorkspace] [GetSolutionsFallback WTI] Solver <ConvAsmImplicitGemmGTCDynamicBwdXdlopsNHWC>, workspace required: 37445632, provided ptr: 0x767255400000 size: 6225920
MIOpen(HIP): Warning [IsEnoughWorkspace] [GetSolutionsFallback WTI] Solver <ConvHipImplicitGemmGroupBwdXdlops>, workspace required: 37445632, provided ptr: 0x767255400000 size: 6225920
MIOpen(HIP): Warning [IsEnoughWorkspace] [GetSolutionsFallback AI] Solver <GemmFwdRest>, workspace required: 21790720, provided ptr: 0x7673242c0000 size: 13565952
MIOpen(HIP): Warning [IsEnoughWorkspace] [GetSolutionsFallback WTI] Solver <ConvAsmImplicitGemmGTCDynamicBwdXdlopsNHWC>, workspace required: 16138240, provided ptr: 0x7673242c0000 size: 15564800
MIOpen(HIP): Warning [IsEnoughWorkspace] [GetSolutionsFallback WTI] Solver <ConvHipImplicitGemmGroupBwdXdlops>, workspace required: 16138240, provided ptr: 0x7673242c0000 size: 15564800
MIOpen(HIP): Warning [IsEnoughWorkspace] [GetSolutionsFallback AI] Solver <GemmFwdRest>, workspace required: 54476800, provided ptr: 0x767279e00000 size: 17399808
MIOpen(HIP): Warning [IsEnoughWorkspace] [GetSolutionsFallback AI] Solver <ConvAsmImplicitGemmGTCDynamicFwdXdlopsNHWC>, workspace required: 15564800, provided ptr: 0 size: 0
MIOpen(HIP): Warning [IsEnoughWorkspace] [GetSolutionsFallback AI] Solver <ConvHipImplicitGemmGroupFwdXdlops>, workspace required: 15826944, provided ptr: 0 size: 0
MIOpen(HIP): Warning [IsEnoughWorkspace] [GetSolutionsFallback AI] Solver <GemmFwdRest>, workspace required: 108953600, provided ptr: 0x76727ca88000 size: 31588352
MIOpen(HIP): Warning [IsEnoughWorkspace] [GetSolutionsFallback AI] Solver <ConvHipImplicitGemmGroupFwdXdlops>, workspace required: 31195136, provided ptr: 0x767280a00000 size: 31129600
MIOpen(HIP): Warning [IsEnoughWorkspace] [GetSolutionsFallback WTI] Solver <ConvAsmImplicitGemmGTCDynamicBwdXdlopsNHWC>, workspace required: 31260672, provided ptr: 0x76727bbb0000 size: 31129600
MIOpen(HIP): Warning [IsEnoughWorkspace] [GetSolutionsFallback WTI] Solver <ConvHipImplicitGemmGroupBwdXdlops>, workspace required: 31260672, provided ptr: 0x76727bbb0000 size: 31129600
MIOpen(HIP): Warning [IsEnoughWorkspace] [GetSolutionsFallback AI] Solver <GemmFwdRest>, workspace required: 108953600, provided ptr: 0x76727ca88000 size: 31244288
MIOpen(HIP): Warning [IsEnoughWorkspace] [GetSolutionsFallback AI] Solver <ConvHipImplicitGemmGroupFwdXdlops>, workspace required: 31145984, provided ptr: 0x767280a00000 size: 31129600
MIOpen(HIP): Warning [IsEnoughWorkspace] [GetSolutionsFallback AI] Solver <GemmFwdRest>, workspace required: 163430400, provided ptr: 0x767282044000 size: 46723072
MIOpen(HIP): Warning [IsEnoughWorkspace] [GetSolutionsFallback AI] Solver <ConvHipImplicitGemmGroupFwdXdlops>, workspace required: 46698496, provided ptr: 0x767283688000 size: 46694400
MIOpen(HIP): Warning [IsEnoughWorkspace] [GetSolutionsFallback AI] Solver <ConvHipImplicitGemmGroupFwdXdlops>, workspace required: 24077824, provided ptr: 0x76727b444000 size: 23348224
MIOpen(HIP): Warning [IsEnoughWorkspace] [GetSolutionsFallback AI] Solver <GemmFwdRest>, workspace required: 163430400, provided ptr: 0x76727b444000 size: 23348224
MIOpen(HIP): Warning [IsEnoughWorkspace] [GetSolutionsFallback AI] Solver <ConvAsmImplicitGemmGTCDynamicFwdXdlopsNHWC>, workspace required: 7652352, provided ptr: 0x7672b1347000 size: 437248
MIOpen(HIP): Warning [IsEnoughWorkspace] [GetSolutionsFallback AI] Solver <ConvHipImplicitGemmGroupFwdXdlops>, workspace required: 7652352, provided ptr: 0x7672b1347000 size: 437248
MIOpen(HIP): Warning [IsEnoughWorkspace] [GetSolutionsFallback WTI] Solver <ConvAsmImplicitGemmGTCDynamicBwdXdlopsNHWC>, workspace required: 34803712, provided ptr: 0x7671904c0000 size: 1998848
MIOpen(HIP): Warning [IsEnoughWorkspace] [GetSolutionsFallback WTI] Solver <ConvHipImplicitGemmGroupBwdXdlops>, workspace required: 34803712, provided ptr: 0x7671904c0000 size: 1998848
MIOpen(HIP): Warning [IsEnoughWorkspace] [GetSolutionsFallback AI] Solver <ConvAsmImplicitGemmGTCDynamicFwdXdlopsNHWC>, workspace required: 9338880, provided ptr: 0x767255400000 size: 6995968
MIOpen(HIP): Warning [IsEnoughWorkspace] [GetSolutionsFallback AI] Solver <ConvHipImplicitGemmGroupFwdXdlops>, workspace required: 9338880, provided ptr: 0x767255400000 size: 6995968
MIOpen(HIP): Warning [IsEnoughWorkspace] [GetSolutionsFallback AI] Solver <ConvHipImplicitGemmGroupFwdXdlops>, workspace required: 3047424, provided ptr: 0 size: 0
MIOpen(HIP): Warning [IsEnoughWorkspace] [GetSolutionsFallback AI] Solver <ConvAsmImplicitGemmGTCDynamicFwdXdlopsNHWC>, workspace required: 1998848, provided ptr: 0 size: 0
MIOpen(HIP): Warning [IsEnoughWorkspace] [GetSolutionsFallback WTI] Solver <ConvAsmImplicitGemmGTCDynamicFwdXdlopsNHWC>, workspace required: 9338880, provided ptr: 0x767255400000 size: 6995968
MIOpen(HIP): Warning [IsEnoughWorkspace] [GetSolutionsFallback WTI] Solver <ConvHipImplicitGemmGroupFwdXdlops>, workspace required: 9338880, provided ptr: 0x767255400000 size: 6995968
MIOpen(HIP): Warning [IsEnoughWorkspace] [GetSolutionsFallback WTI] Solver <ConvAsmImplicitGemmGTCDynamicFwdXdlopsNHWC>, workspace required: 9338880, provided ptr: 0x767255400000 size: 6995968
MIOpen(HIP): Warning [IsEnoughWorkspace] [GetSolutionsFallback WTI] Solver <ConvHipImplicitGemmGroupFwdXdlops>, workspace required: 9338880, provided ptr: 0x767255400000 size: 6995968
MIOpen(HIP): Warning [IsEnoughWorkspace] [GetSolutionsFallback WTI] Solver <ConvAsmImplicitGemmGTCDynamicBwdXdlopsNHWC>, workspace required: 8740864, provided ptr: 0x767193c00000 size: 4997120
MIOpen(HIP): Warning [IsEnoughWorkspace] [GetSolutionsFallback WTI] Solver <ConvHipImplicitGemmGroupBwdXdlops>, workspace required: 8740864, provided ptr: 0x767193c00000 size: 4997120
MIOpen(HIP): Warning [IsEnoughWorkspace] [GetSolutionsFallback AI] Solver <GemmFwdRest>, workspace required: 17489920, provided ptr: 0x767255400000 size: 6832128
MIOpen(HIP): Warning [IsEnoughWorkspace] [GetSolutionsFallback AI] Solver <GemmFwdRest>, workspace required: 34979840, provided ptr: 0x767324784000 size: 10452992
MIOpen(HIP): Warning [IsEnoughWorkspace] [GetSolutionsFallback AI] Solver <ConvHipImplicitGemmGroupFwdXdlops>, workspace required: 10059776, provided ptr: 0x767324c48000 size: 9994240
MIOpen(HIP): Warning [IsEnoughWorkspace] [GetSolutionsFallback WTI] Solver <ConvAsmImplicitGemmGTCDynamicBwdXdlopsNHWC>, workspace required: 10125312, provided ptr: 0x767324784000 size: 9994240
MIOpen(HIP): Warning [IsEnoughWorkspace] [GetSolutionsFallback WTI] Solver <ConvHipImplicitGemmGroupBwdXdlops>, workspace required: 10125312, provided ptr: 0x767324784000 size: 9994240
MIOpen(HIP): Warning [IsEnoughWorkspace] [GetSolutionsFallback AI] Solver <GemmFwdRest>, workspace required: 34979840, provided ptr: 0x767324784000 size: 10108928
MIOpen(HIP): Warning [IsEnoughWorkspace] [GetSolutionsFallback AI] Solver <ConvHipImplicitGemmGroupFwdXdlops>, workspace required: 10010624, provided ptr: 0x767324c48000 size: 9994240
MIOpen(HIP): Warning [IsEnoughWorkspace] [GetSolutionsFallback AI] Solver <GemmFwdRest>, workspace required: 52469760, provided ptr: 0x76727a526000 size: 15020032
MIOpen(HIP): Warning [IsEnoughWorkspace] [GetSolutionsFallback AI] Solver <ConvHipImplicitGemmGroupFwdXdlops>, workspace required: 14995456, provided ptr: 0x76727ac4c000 size: 14991360
MIOpen(HIP): Warning [IsEnoughWorkspace] [GetSolutionsFallback AI] Solver <ConvHipImplicitGemmGroupFwdXdlops>, workspace required: 7730944, provided ptr: 0x7673242c0000 size: 7496704
MIOpen(HIP): Warning [IsEnoughWorkspace] [GetSolutionsFallback AI] Solver <GemmFwdRest>, workspace required: 52469760, provided ptr: 0x7673242c0000 size: 7496704
MIOpen(HIP): Warning [IsEnoughWorkspace] [GetSolutionsFallback AI] Solver <ConvHipImplicitGemmGroupFwdXdlops>, workspace required: 8036352, provided ptr: 0x7671f9600000 size: 974848
MIOpen(HIP): Warning [IsEnoughWorkspace] [GetSolutionsFallback AI] Solver <ConvAsmImplicitGemmGTCDynamicFwdXdlopsNHWC>, workspace required: 8036352, provided ptr: 0x7671f9600000 size: 974848
MIOpen(HIP): Warning [IsEnoughWorkspace] [GetSolutionsFallback WTI] Solver <ConvAsmImplicitGemmGTCDynamicBwdXdlopsNHWC>, workspace required: 36339712, provided ptr: 0x767193c00000 size: 4456448
MIOpen(HIP): Warning [IsEnoughWorkspace] [GetSolutionsFallback WTI] Solver <ConvHipImplicitGemmGroupBwdXdlops>, workspace required: 36339712, provided ptr: 0x767193c00000 size: 4456448
MIOpen(HIP): Warning [IsEnoughWorkspace] [GetSolutionsFallback AI] Solver <GemmFwdRest>, workspace required: 15597568, provided ptr: 0x767255400000 size: 11796480
MIOpen(HIP): Warning [IsEnoughWorkspace] [GetSolutionsFallback WTI] Solver <ConvAsmImplicitGemmGTCDynamicBwdXdlopsNHWC>, workspace required: 13041664, provided ptr: 0x7673242c0000 size: 11141120
MIOpen(HIP): Warning [IsEnoughWorkspace] [GetSolutionsFallback WTI] Solver <ConvHipImplicitGemmGroupBwdXdlops>, workspace required: 13041664, provided ptr: 0x7673242c0000 size: 11141120
MIOpen(HIP): Warning [IsEnoughWorkspace] [GetSolutionsFallback AI] Solver <GemmFwdRest>, workspace required: 38993920, provided ptr: 0x767324810000 size: 12976128
MIOpen(HIP): Warning [IsEnoughWorkspace] [GetSolutionsFallback AI] Solver <ConvHipImplicitGemmGroupFwdXdlops>, workspace required: 11403264, provided ptr: 0x767324d60000 size: 11141120
MIOpen(HIP): Warning [IsEnoughWorkspace] [GetSolutionsFallback AI] Solver <GemmFwdRest>, workspace required: 77987840, provided ptr: 0x76727a8a0000 size: 22740992
MIOpen(HIP): Warning [IsEnoughWorkspace] [GetSolutionsFallback AI] Solver <ConvHipImplicitGemmGroupFwdXdlops>, workspace required: 22347776, provided ptr: 0x76727b340000 size: 22282240
MIOpen(HIP): Warning [IsEnoughWorkspace] [GetSolutionsFallback WTI] Solver <ConvAsmImplicitGemmGTCDynamicBwdXdlopsNHWC>, workspace required: 22413312, provided ptr: 0x76727a8a0000 size: 22282240
MIOpen(HIP): Warning [IsEnoughWorkspace] [GetSolutionsFallback WTI] Solver <ConvHipImplicitGemmGroupBwdXdlops>, workspace required: 22413312, provided ptr: 0x76727a8a0000 size: 22282240
MIOpen(HIP): Warning [IsEnoughWorkspace] [GetSolutionsFallback AI] Solver <GemmFwdRest>, workspace required: 77987840, provided ptr: 0x76727a8a0000 size: 22396928
MIOpen(HIP): Warning [IsEnoughWorkspace] [GetSolutionsFallback AI] Solver <ConvHipImplicitGemmGroupFwdXdlops>, workspace required: 22298624, provided ptr: 0x76727b340000 size: 22282240
MIOpen(HIP): Warning [IsEnoughWorkspace] [GetSolutionsFallback AI] Solver <GemmFwdRest>, workspace required: 116981760, provided ptr: 0x767280a00000 size: 33452032
MIOpen(HIP): Warning [IsEnoughWorkspace] [GetSolutionsFallback AI] Solver <ConvHipImplicitGemmGroupFwdXdlops>, workspace required: 33427456, provided ptr: 0x767280a00000 size: 33423360
MIOpen(HIP): Warning [IsEnoughWorkspace] [GetSolutionsFallback AI] Solver <ConvHipImplicitGemmGroupFwdXdlops>, workspace required: 17234944, provided ptr: 0x7673242c0000 size: 16712704
MIOpen(HIP): Warning [IsEnoughWorkspace] [GetSolutionsFallback AI] Solver <GemmFwdRest>, workspace required: 116981760, provided ptr: 0x7673242c0000 size: 16712704
[0;36m(APIServer pid=23472)[0;0m [32mINFO[0m [90m10-07 15:20:18[0m [90m[stats.py:902][0m [OmniTiming] req=speech-aaba77ad1e15589e-88959ea0 total=7.08s engine=7.08s stages=[0:7.08s]
INFO:     127.0.0.1:60618 - "POST /v1/audio/speech HTTP/1.1" 200 OK
[0;36m(APIServer pid=23472)[0;0m [32mINFO[0m [90m10-07 15:20:18[0m [90m[serving_speech.py:2423][0m Diffusion TTS speech request speech-99499156f8640cef: voice_clone=False
[0;36m(APIServer pid=23472)[0;0m [32mINFO[0m [90m10-07 15:20:18[0m [90m[serving_speech.py:2471][0m Applied diffusion speech params: seed=42 extra_params={}
[0;36m(APIServer pid=23472)[0;0m [32mINFO[0m [90m10-07 15:20:18[0m [90m[diffusion_engine.py:764][0m [RequestBatch] admission wait done waiting=1 max_batch=8 waited_ms=2.1
MIOpen(HIP): Warning [IsEnoughWorkspace] [GetSolutionsFallback AI] Solver <ConvHipImplicitGemmGroupFwdXdlops>, workspace required: 9275392, provided ptr: 0x7671904c0000 size: 2709504
MIOpen(HIP): Warning [IsEnoughWorkspace] [GetSolutionsFallback AI] Solver <ConvAsmImplicitGemmGTCDynamicFwdXdlopsNHWC>, workspace required: 9275392, provided ptr: 0x7671904c0000 size: 2709504
MIOpen(HIP): Warning [IsEnoughWorkspace] [GetSolutionsFallback WTI] Solver <ConvAsmImplicitGemmGTCDynamicBwdXdlopsNHWC>, workspace required: 41295872, provided ptr: 0x7673242c0000 size: 12386304
MIOpen(HIP): Warning [IsEnoughWorkspace] [GetSolutionsFallback WTI] Solver <ConvHipImplicitGemmGroupBwdXdlops>, workspace required: 41295872, provided ptr: 0x7673242c0000 size: 12386304
MIOpen(HIP): Warning [IsEnoughWorkspace] [GetSolutionsFallback AI] Solver <GemmFwdRest>, workspace required: 43352064, provided ptr: 0x767279e00000 size: 19726336
MIOpen(HIP): Warning [IsEnoughWorkspace] [GetSolutionsFallback AI] Solver <GemmFwdRest>, workspace required: 108380160, provided ptr: 0x76727bb88000 size: 32800768
MIOpen(HIP): Warning [IsEnoughWorkspace] [GetSolutionsFallback AI] Solver <ConvHipImplicitGemmGroupFwdXdlops>, workspace required: 31227904, provided ptr: 0x76727ca4c000 size: 30965760
MIOpen(HIP): Warning [IsEnoughWorkspace] [GetSolutionsFallback AI] Solver <GemmFwdRest>, workspace required: 216760320, provided ptr: 0x767282788000 size: 62390272
MIOpen(HIP): Warning [IsEnoughWorkspace] [GetSolutionsFallback AI] Solver <ConvHipImplicitGemmGroupFwdXdlops>, workspace required: 61997056, provided ptr: 0x767284510000 size: 61931520
MIOpen(HIP): Warning [IsEnoughWorkspace] [GetSolutionsFallback WTI] Solver <ConvAsmImplicitGemmGTCDynamicBwdXdlopsNHWC>, workspace required: 62062592, provided ptr: 0x767282788000 size: 61931520
MIOpen(HIP): Warning [IsEnoughWorkspace] [GetSolutionsFallback WTI] Solver <ConvHipImplicitGemmGroupBwdXdlops>, workspace required: 62062592, provided ptr: 0x767282788000 size: 61931520
MIOpen(HIP): Warning [IsEnoughWorkspace] [GetSolutionsFallback AI] Solver <GemmFwdRest>, workspace required: 216760320, provided ptr: 0x767284510000 size: 62046208
MIOpen(HIP): Warning [IsEnoughWorkspace] [GetSolutionsFallback AI] Solver <ConvHipImplicitGemmGroupFwdXdlops>, workspace required: 61947904, provided ptr: 0x767286298000 size: 61931520
MIOpen(HIP): Warning [IsEnoughWorkspace] [GetSolutionsFallback AI] Solver <GemmFwdRest>, workspace required: 325140480, provided ptr: 0x767286298000 size: 92925952
MIOpen(HIP): Warning [IsEnoughWorkspace] [GetSolutionsFallback AI] Solver <ConvHipImplicitGemmGroupFwdXdlops>, workspace required: 92901376, provided ptr: 0x767288ee4000 size: 92897280
MIOpen(HIP): Warning [IsEnoughWorkspace] [GetSolutionsFallback AI] Solver <ConvHipImplicitGemmGroupFwdXdlops>, workspace required: 47901184, provided ptr: 0x767279e00000 size: 46449664
MIOpen(HIP): Warning [IsEnoughWorkspace] [GetSolutionsFallback AI] Solver <GemmFwdRest>, workspace required: 325140480, provided ptr: 0x767279e00000 size: 46449664
MIOpen(HIP): Warning [IsEnoughWorkspace] [GetSolutionsFallback AI] Solver <ConvHipImplicitGemmGroupFwdXdlops>, workspace required: 8860672, provided ptr: 0x7671904c0000 size: 2128896
MIOpen(HIP): Warning [IsEnoughWorkspace] [GetSolutionsFallback AI] Solver <ConvAsmImplicitGemmGTCDynamicFwdXdlopsNHWC>, workspace required: 8860672, provided ptr: 0x7671904c0000 size: 2128896
MIOpen(HIP): Warning [IsEnoughWorkspace] [GetSolutionsFallback WTI] Solver <ConvAsmImplicitGemmGTCDynamicBwdXdlopsNHWC>, workspace required: 39636992, provided ptr: 0x767255400000 size: 9732096
MIOpen(HIP): Warning [IsEnoughWorkspace] [GetSolutionsFallback WTI] Solver <ConvHipImplicitGemmGroupBwdXdlops>, workspace required: 39636992, provided ptr: 0x767255400000 size: 9732096
MIOpen(HIP): Warning [IsEnoughWorkspace] [GetSolutionsFallback AI] Solver <GemmFwdRest>, workspace required: 34062336, provided ptr: 0x7673242c0000 size: 17072128
MIOpen(HIP): Warning [IsEnoughWorkspace] [GetSolutionsFallback AI] Solver <GemmFwdRest>, workspace required: 85155840, provided ptr: 0x76727b534000 size: 26165248
MIOpen(HIP): Warning [IsEnoughWorkspace] [GetSolutionsFallback AI] Solver <ConvHipImplicitGemmGroupFwdXdlops>, workspace required: 24592384, provided ptr: 0x76727c0ce000 size: 24330240
MIOpen(HIP): Warning [IsEnoughWorkspace] [GetSolutionsFallback AI] Solver <GemmFwdRest>, workspace required: 170311680, provided ptr: 0x767282134000 size: 49119232
MIOpen(HIP): Warning [IsEnoughWorkspace] [GetSolutionsFallback AI] Solver <ConvHipImplicitGemmGroupFwdXdlops>, workspace required: 48726016, provided ptr: 0x767283868000 size: 48660480
MIOpen(HIP): Warning [IsEnoughWorkspace] [GetSolutionsFallback WTI] Solver <ConvAsmImplicitGemmGTCDynamicBwdXdlopsNHWC>, workspace required: 48791552, provided ptr: 0x767282134000 size: 48660480
MIOpen(HIP): Warning [IsEnoughWorkspace] [GetSolutionsFallback WTI] Solver <ConvHipImplicitGemmGroupBwdXdlops>, workspace required: 48791552, provided ptr: 0x767282134000 size: 48660480
MIOpen(HIP): Warning [IsEnoughWorkspace] [GetSolutionsFallback AI] Solver <GemmFwdRest>, workspace required: 170311680, provided ptr: 0x767282134000 size: 48775168
MIOpen(HIP): Warning [IsEnoughWorkspace] [GetSolutionsFallback AI] Solver <ConvHipImplicitGemmGroupFwdXdlops>, workspace required: 48676864, provided ptr: 0x767283868000 size: 48660480
MIOpen(HIP): Warning [IsEnoughWorkspace] [GetSolutionsFallback AI] Solver <GemmFwdRest>, workspace required: 255467520, provided ptr: 0x767284f9c000 size: 73019392
MIOpen(HIP): Warning [IsEnoughWorkspace] [GetSolutionsFallback AI] Solver <ConvHipImplicitGemmGroupFwdXdlops>, workspace required: 72994816, provided ptr: 0x76728726a000 size: 72990720
MIOpen(HIP): Warning [IsEnoughWorkspace] [GetSolutionsFallback AI] Solver <ConvHipImplicitGemmGroupFwdXdlops>, workspace required: 37636864, provided ptr: 0x767279e00000 size: 36496384
MIOpen(HIP): Warning [IsEnoughWorkspace] [GetSolutionsFallback AI] Solver <GemmFwdRest>, workspace required: 255467520, provided ptr: 0x767279e00000 size: 36496384
MIOpen(HIP): Warning [IsEnoughWorkspace] [GetSolutionsFallback AI] Solver <ConvHipImplicitGemmGroupFwdXdlops>, workspace required: 8548352, provided ptr: 0x7671904c0000 size: 1691648
MIOpen(HIP): Warning [IsEnoughWorkspace] [GetSolutionsFallback AI] Solver <ConvAsmImplicitGemmGTCDynamicFwdXdlopsNHWC>, workspace required: 8548352, provided ptr: 0x7671904c0000 size: 1691648
MIOpen(HIP): Warning [IsEnoughWorkspace] [GetSolutionsFallback WTI] Solver <ConvAsmImplicitGemmGTCDynamicBwdXdlopsNHWC>, workspace required: 38387712, provided ptr: 0x767255400000 size: 7733248
MIOpen(HIP): Warning [IsEnoughWorkspace] [GetSolutionsFallback WTI] Solver <ConvHipImplicitGemmGroupBwdXdlops>, workspace required: 38387712, provided ptr: 0x767255400000 size: 7733248
MIOpen(HIP): Warning [IsEnoughWorkspace] [GetSolutionsFallback AI] Solver <GemmFwdRest>, workspace required: 27066368, provided ptr: 0x7673242c0000 size: 15073280
MIOpen(HIP): Warning [IsEnoughWorkspace] [GetSolutionsFallback AI] Solver <GemmFwdRest>, workspace required: 67665920, provided ptr: 0x767279e00000 size: 21168128
MIOpen(HIP): Warning [IsEnoughWorkspace] [GetSolutionsFallback AI] Solver <ConvHipImplicitGemmGroupFwdXdlops>, workspace required: 19595264, provided ptr: 0x76727a738000 size: 19333120
MIOpen(HIP): Warning [IsEnoughWorkspace] [GetSolutionsFallback AI] Solver <GemmFwdRest>, workspace required: 135331840, provided ptr: 0x767280a00000 size: 39124992
MIOpen(HIP): Warning [IsEnoughWorkspace] [GetSolutionsFallback AI] Solver <ConvHipImplicitGemmGroupFwdXdlops>, workspace required: 38731776, provided ptr: 0x767280a00000 size: 38666240
MIOpen(HIP): Warning [IsEnoughWorkspace] [GetSolutionsFallback WTI] Solver <ConvAsmImplicitGemmGTCDynamicBwdXdlopsNHWC>, workspace required: 38797312, provided ptr: 0x76727c2e0000 size: 38666240
MIOpen(HIP): Warning [IsEnoughWorkspace] [GetSolutionsFallback WTI] Solver <ConvHipImplicitGemmGroupBwdXdlops>, workspace required: 38797312, provided ptr: 0x76727c2e0000 size: 38666240
MIOpen(HIP): Warning [IsEnoughWorkspace] [GetSolutionsFallback AI] Solver <GemmFwdRest>, workspace required: 135331840, provided ptr: 0x767280a00000 size: 38780928
MIOpen(HIP): Warning [IsEnoughWorkspace] [GetSolutionsFallback AI] Solver <ConvHipImplicitGemmGroupFwdXdlops>, workspace required: 38682624, provided ptr: 0x767280a00000 size: 38666240
MIOpen(HIP): Warning [IsEnoughWorkspace] [GetSolutionsFallback AI] Solver <GemmFwdRest>, workspace required: 202997760, provided ptr: 0x7672825a8000 size: 58028032
MIOpen(HIP): Warning [IsEnoughWorkspace] [GetSolutionsFallback AI] Solver <ConvHipImplicitGemmGroupFwdXdlops>, workspace required: 58003456, provided ptr: 0x767284150000 size: 57999360
MIOpen(HIP): Warning [IsEnoughWorkspace] [GetSolutionsFallback AI] Solver <ConvHipImplicitGemmGroupFwdXdlops>, workspace required: 29906944, provided ptr: 0x76727b9a8000 size: 29000704
MIOpen(HIP): Warning [IsEnoughWorkspace] [GetSolutionsFallback AI] Solver <GemmFwdRest>, workspace required: 202997760, provided ptr: 0x76727b9a8000 size: 29000704
MIOpen(HIP): Warning [IsEnoughWorkspace] [GetSolutionsFallback AI] Solver <ConvHipImplicitGemmGroupFwdXdlops>, workspace required: 9362432, provided ptr: 0x767193c00000 size: 2831360
MIOpen(HIP): Warning [IsEnoughWorkspace] [GetSolutionsFallback AI] Solver <ConvAsmImplicitGemmGTCDynamicFwdXdlopsNHWC>, workspace required: 9362432, provided ptr: 0x767193c00000 size: 2831360
MIOpen(HIP): Warning [IsEnoughWorkspace] [GetSolutionsFallback WTI] Solver <ConvAsmImplicitGemmGTCDynamicBwdXdlopsNHWC>, workspace required: 41644032, provided ptr: 0x7673242c0000 size: 12943360
MIOpen(HIP): Warning [IsEnoughWorkspace] [GetSolutionsFallback WTI] Solver <ConvHipImplicitGemmGroupBwdXdlops>, workspace required: 41644032, provided ptr: 0x7673242c0000 size: 12943360
MIOpen(HIP): Warning [IsEnoughWorkspace] [GetSolutionsFallback AI] Solver <GemmFwdRest>, workspace required: 45301760, provided ptr: 0x767279e00000 size: 20283392
MIOpen(HIP): Warning [IsEnoughWorkspace] [GetSolutionsFallback AI] Solver <GemmFwdRest>, workspace required: 113254400, provided ptr: 0x76727bcdc000 size: 34193408
MIOpen(HIP): Warning [IsEnoughWorkspace] [GetSolutionsFallback AI] Solver <ConvHipImplicitGemmGroupFwdXdlops>, workspace required: 32620544, provided ptr: 0x767280a00000 size: 32358400
MIOpen(HIP): Warning [IsEnoughWorkspace] [GetSolutionsFallback AI] Solver <GemmFwdRest>, workspace required: 226508800, provided ptr: 0x7672847b8000 size: 65175552
MIOpen(HIP): Warning [IsEnoughWorkspace] [GetSolutionsFallback AI] Solver <ConvHipImplicitGemmGroupFwdXdlops>, workspace required: 64782336, provided ptr: 0x767286694000 size: 64716800
MIOpen(HIP): Warning [IsEnoughWorkspace] [GetSolutionsFallback WTI] Solver <ConvAsmImplicitGemmGTCDynamicBwdXdlopsNHWC>, workspace required: 64847872, provided ptr: 0x7672828dc000 size: 64716800
MIOpen(HIP): Warning [IsEnoughWorkspace] [GetSolutionsFallback WTI] Solver <ConvHipImplicitGemmGroupBwdXdlops>, workspace required: 64847872, provided ptr: 0x7672828dc000 size: 64716800
MIOpen(HIP): Warning [IsEnoughWorkspace] [GetSolutionsFallback AI] Solver <GemmFwdRest>, workspace required: 226508800, provided ptr: 0x7672847b8000 size: 64831488
MIOpen(HIP): Warning [IsEnoughWorkspace] [GetSolutionsFallback AI] Solver <ConvHipImplicitGemmGroupFwdXdlops>, workspace required: 64733184, provided ptr: 0x767286694000 size: 64716800
MIOpen(HIP): Warning [IsEnoughWorkspace] [GetSolutionsFallback AI] Solver <GemmFwdRest>, workspace required: 339763200, provided ptr: 0x7672894de000 size: 97103872
MIOpen(HIP): Warning [IsEnoughWorkspace] [GetSolutionsFallback AI] Solver <ConvHipImplicitGemmGroupFwdXdlops>, workspace required: 97079296, provided ptr: 0x76728c328000 size: 97075200
MIOpen(HIP): Warning [IsEnoughWorkspace] [GetSolutionsFallback AI] Solver <ConvHipImplicitGemmGroupFwdXdlops>, workspace required: 50055424, provided ptr: 0x767279e00000 size: 48538624
MIOpen(HIP): Warning [IsEnoughWorkspace] [GetSolutionsFallback AI] Solver <GemmFwdRest>, workspace required: 339763200, provided ptr: 0x767279e00000 size: 48538624
MIOpen(HIP): Warning [IsEnoughWorkspace] [GetSolutionsFallback AI] Solver <ConvHipImplicitGemmGroupFwdXdlops>, workspace required: 9316352, provided ptr: 0x767193c00000 size: 2766848
MIOpen(HIP): Warning [IsEnoughWorkspace] [GetSolutionsFallback AI] Solver <ConvAsmImplicitGemmGTCDynamicFwdXdlopsNHWC>, workspace required: 9316352, provided ptr: 0x767193c00000 size: 2766848
MIOpen(HIP): Warning [IsEnoughWorkspace] [GetSolutionsFallback WTI] Solver <ConvAsmImplicitGemmGTCDynamicBwdXdlopsNHWC>, workspace required: 41459712, provided ptr: 0x7673242c0000 size: 12648448
MIOpen(HIP): Warning [IsEnoughWorkspace] [GetSolutionsFallback WTI] Solver <ConvHipImplicitGemmGroupBwdXdlops>, workspace required: 41459712, provided ptr: 0x7673242c0000 size: 12648448
MIOpen(HIP): Warning [IsEnoughWorkspace] [GetSolutionsFallback AI] Solver <GemmFwdRest>, workspace required: 44269568, provided ptr: 0x767279e00000 size: 19988480
MIOpen(HIP): Warning [IsEnoughWorkspace] [GetSolutionsFallback AI] Solver <GemmFwdRest>, workspace required: 110673920, provided ptr: 0x76727bc28000 size: 33456128
MIOpen(HIP): Warning [IsEnoughWorkspace] [GetSolutionsFallback AI] Solver <ConvHipImplicitGemmGroupFwdXdlops>, workspace required: 31883264, provided ptr: 0x76727cb3c000 size: 31621120
MIOpen(HIP): Warning [IsEnoughWorkspace] [GetSolutionsFallback AI] Solver <GemmFwdRest>, workspace required: 221347840, provided ptr: 0x767282828000 size: 63700992
MIOpen(HIP): Warning [IsEnoughWorkspace] [GetSolutionsFallback AI] Solver <ConvHipImplicitGemmGroupFwdXdlops>, workspace required: 63307776, provided ptr: 0x767284650000 size: 63242240
MIOpen(HIP): Warning [IsEnoughWorkspace] [GetSolutionsFallback WTI] Solver <ConvAsmImplicitGemmGTCDynamicBwdXdlopsNHWC>, workspace required: 63373312, provided ptr: 0x767282828000 size: 63242240
MIOpen(HIP): Warning [IsEnoughWorkspace] [GetSolutionsFallback WTI] Solver <ConvHipImplicitGemmGroupBwdXdlops>, workspace required: 63373312, provided ptr: 0x767282828000 size: 63242240
MIOpen(HIP): Warning [IsEnoughWorkspace] [GetSolutionsFallback AI] Solver <GemmFwdRest>, workspace required: 221347840, provided ptr: 0x767284650000 size: 63356928
MIOpen(HIP): Warning [IsEnoughWorkspace] [GetSolutionsFallback AI] Solver <ConvHipImplicitGemmGroupFwdXdlops>, workspace required: 63258624, provided ptr: 0x767286478000 size: 63242240
MIOpen(HIP): Warning [IsEnoughWorkspace] [GetSolutionsFallback AI] Solver <GemmFwdRest>, workspace required: 332021760, provided ptr: 0x767286478000 size: 94892032
MIOpen(HIP): Warning [IsEnoughWorkspace] [GetSolutionsFallback AI] Solver <ConvHipImplicitGemmGroupFwdXdlops>, workspace required: 94867456, provided ptr: 0x7672891b4000 size: 94863360
MIOpen(HIP): Warning [IsEnoughWorkspace] [GetSolutionsFallback AI] Solver <ConvHipImplicitGemmGroupFwdXdlops>, workspace required: 48914944, provided ptr: 0x767279e00000 size: 47432704
MIOpen(HIP): Warning [IsEnoughWorkspace] [GetSolutionsFallback AI] Solver <GemmFwdRest>, workspace required: 332021760, provided ptr: 0x767279e00000 size: 47432704
MIOpen(HIP): Warning [IsEnoughWorkspace] [GetSolutionsFallback AI] Solver <ConvHipImplicitGemmGroupFwdXdlops>, workspace required: 7887872, provided ptr: 0x7671f9600000 size: 766976
MIOpen(HIP): Warning [IsEnoughWorkspace] [GetSolutionsFallback AI] Solver <ConvAsmImplicitGemmGTCDynamicFwdXdlopsNHWC>, workspace required: 7887872, provided ptr: 0x7671f9600000 size: 766976
MIOpen(HIP): Warning [IsEnoughWorkspace] [GetSolutionsFallback WTI] Solver <ConvAsmImplicitGemmGTCDynamicBwdXdlopsNHWC>, workspace required: 35745792, provided ptr: 0x767193c00000 size: 3506176
MIOpen(HIP): Warning [IsEnoughWorkspace] [GetSolutionsFallback WTI] Solver <ConvHipImplicitGemmGroupBwdXdlops>, workspace required: 35745792, provided ptr: 0x767193c00000 size: 3506176
MIOpen(HIP): Warning [IsEnoughWorkspace] [GetSolutionsFallback WTI] Solver <ConvAsmImplicitGemmGTCDynamicBwdXdlopsNHWC>, workspace required: 11378688, provided ptr: 0x76725582e000 size: 8765440
MIOpen(HIP): Warning [IsEnoughWorkspace] [GetSolutionsFallback WTI] Solver <ConvHipImplicitGemmGroupBwdXdlops>, workspace required: 11378688, provided ptr: 0x76725582e000 size: 8765440
MIOpen(HIP): Warning [IsEnoughWorkspace] [GetSolutionsFallback AI] Solver <GemmFwdRest>, workspace required: 30679040, provided ptr: 0x7673242c0000 size: 10600448
MIOpen(HIP): Warning [IsEnoughWorkspace] [GetSolutionsFallback AI] Solver <ConvHipImplicitGemmGroupFwdXdlops>, workspace required: 9027584, provided ptr: 0x7673246ee000 size: 8765440
MIOpen(HIP): Warning [IsEnoughWorkspace] [GetSolutionsFallback AI] Solver <GemmFwdRest>, workspace required: 61358080, provided ptr: 0x76727a65c000 size: 17989632
MIOpen(HIP): Warning [IsEnoughWorkspace] [GetSolutionsFallback AI] Solver <ConvHipImplicitGemmGroupFwdXdlops>, workspace required: 17596416, provided ptr: 0x76727aeb8000 size: 17530880
MIOpen(HIP): Warning [IsEnoughWorkspace] [GetSolutionsFallback WTI] Solver <ConvAsmImplicitGemmGTCDynamicBwdXdlopsNHWC>, workspace required: 17661952, provided ptr: 0x76727a65c000 size: 17530880
MIOpen(HIP): Warning [IsEnoughWorkspace] [GetSolutionsFallback WTI] Solver <ConvHipImplicitGemmGroupBwdXdlops>, workspace required: 17661952, provided ptr: 0x76727a65c000 size: 17530880
MIOpen(HIP): Warning [IsEnoughWorkspace] [GetSolutionsFallback AI] Solver <GemmFwdRest>, workspace required: 61358080, provided ptr: 0x76727a65c000 size: 17645568
MIOpen(HIP): Warning [IsEnoughWorkspace] [GetSolutionsFallback AI] Solver <ConvHipImplicitGemmGroupFwdXdlops>, workspace required: 17547264, provided ptr: 0x76727aeb8000 size: 17530880
MIOpen(HIP): Warning [IsEnoughWorkspace] [GetSolutionsFallback AI] Solver <GemmFwdRest>, workspace required: 92037120, provided ptr: 0x76727b714000 size: 26324992
MIOpen(HIP): Warning [IsEnoughWorkspace] [GetSolutionsFallback AI] Solver <ConvHipImplicitGemmGroupFwdXdlops>, workspace required: 26300416, provided ptr: 0x76727c39e000 size: 26296320
MIOpen(HIP): Warning [IsEnoughWorkspace] [GetSolutionsFallback AI] Solver <ConvHipImplicitGemmGroupFwdXdlops>, workspace required: 13560064, provided ptr: 0x7673242c0000 size: 13149184
MIOpen(HIP): Warning [IsEnoughWorkspace] [GetSolutionsFallback AI] Solver <GemmFwdRest>, workspace required: 92037120, provided ptr: 0x7673242c0000 size: 13149184
MIOpen(HIP): Warning [IsEnoughWorkspace] [GetSolutionsFallback AI] Solver <ConvHipImplicitGemmGroupFwdXdlops>, workspace required: 8230912, provided ptr: 0x767191480000 size: 1247232
MIOpen(HIP): Warning [IsEnoughWorkspace] [GetSolutionsFallback AI] Solver <ConvAsmImplicitGemmGTCDynamicFwdXdlopsNHWC>, workspace required: 8230912, provided ptr: 0x767191480000 size: 1247232
MIOpen(HIP): Warning [IsEnoughWorkspace] [GetSolutionsFallback WTI] Solver <ConvAsmImplicitGemmGTCDynamicBwdXdlopsNHWC>, workspace required: 37117952, provided ptr: 0x767255400000 size: 5701632
MIOpen(HIP): Warning [IsEnoughWorkspace] [GetSolutionsFallback WTI] Solver <ConvHipImplicitGemmGroupBwdXdlops>, workspace required: 37117952, provided ptr: 0x767255400000 size: 5701632
MIOpen(HIP): Warning [IsEnoughWorkspace] [GetSolutionsFallback AI] Solver <GemmFwdRest>, workspace required: 19955712, provided ptr: 0x7673242c0000 size: 13041664
MIOpen(HIP): Warning [IsEnoughWorkspace] [GetSolutionsFallback WTI] Solver <ConvAsmImplicitGemmGTCDynamicBwdXdlopsNHWC>, workspace required: 15220736, provided ptr: 0x7673242c0000 size: 14254080
MIOpen(HIP): Warning [IsEnoughWorkspace] [GetSolutionsFallback WTI] Solver <ConvHipImplicitGemmGroupBwdXdlops>, workspace required: 15220736, provided ptr: 0x7673242c0000 size: 14254080
MIOpen(HIP): Warning [IsEnoughWorkspace] [GetSolutionsFallback AI] Solver <GemmFwdRest>, workspace required: 49889280, provided ptr: 0x767279e00000 size: 16089088
MIOpen(HIP): Warning [IsEnoughWorkspace] [GetSolutionsFallback AI] Solver <ConvAsmImplicitGemmGTCDynamicFwdXdlopsNHWC>, workspace required: 14254080, provided ptr: 0 size: 0
MIOpen(HIP): Warning [IsEnoughWorkspace] [GetSolutionsFallback AI] Solver <ConvHipImplicitGemmGroupFwdXdlops>, workspace required: 14516224, provided ptr: 0 size: 0
MIOpen(HIP): Warning [IsEnoughWorkspace] [GetSolutionsFallback AI] Solver <GemmFwdRest>, workspace required: 99778560, provided ptr: 0x76727ab98000 size: 28966912
MIOpen(HIP): Warning [IsEnoughWorkspace] [GetSolutionsFallback AI] Solver <ConvHipImplicitGemmGroupFwdXdlops>, workspace required: 28573696, provided ptr: 0x76727b930000 size: 28508160
MIOpen(HIP): Warning [IsEnoughWorkspace] [GetSolutionsFallback WTI] Solver <ConvAsmImplicitGemmGTCDynamicBwdXdlopsNHWC>, workspace required: 28639232, provided ptr: 0x76727ab98000 size: 28508160
MIOpen(HIP): Warning [IsEnoughWorkspace] [GetSolutionsFallback WTI] Solver <ConvHipImplicitGemmGroupBwdXdlops>, workspace required: 28639232, provided ptr: 0x76727ab98000 size: 28508160
MIOpen(HIP): Warning [IsEnoughWorkspace] [GetSolutionsFallback AI] Solver <GemmFwdRest>, workspace required: 99778560, provided ptr: 0x76727b930000 size: 28622848
MIOpen(HIP): Warning [IsEnoughWorkspace] [GetSolutionsFallback AI] Solver <ConvHipImplicitGemmGroupFwdXdlops>, workspace required: 28524544, provided ptr: 0x76727c6c8000 size: 28508160
MIOpen(HIP): Warning [IsEnoughWorkspace] [GetSolutionsFallback AI] Solver <GemmFwdRest>, workspace required: 149667840, provided ptr: 0x767280a00000 size: 42790912
MIOpen(HIP): Warning [IsEnoughWorkspace] [GetSolutionsFallback AI] Solver <ConvHipImplicitGemmGroupFwdXdlops>, workspace required: 42766336, provided ptr: 0x767281e64000 size: 42762240
MIOpen(HIP): Warning [IsEnoughWorkspace] [GetSolutionsFallback AI] Solver <ConvHipImplicitGemmGroupFwdXdlops>, workspace required: 22050304, provided ptr: 0x767279e00000 size: 21382144
MIOpen(HIP): Warning [IsEnoughWorkspace] [GetSolutionsFallback AI] Solver <GemmFwdRest>, workspace required: 149667840, provided ptr: 0x767279e00000 size: 21382144
[0;36m(APIServer pid=23472)[0;0m [32mINFO[0m [90m10-07 15:20:24[0m [90m[stats.py:902][0m [OmniTiming] req=speech-99499156f8640cef-a0573988 total=5.67s engine=5.67s stages=[0:5.67s]
INFO:     127.0.0.1:60618 - "POST /v1/audio/speech HTTP/1.1" 200 OK
[0;36m(APIServer pid=23472)[0;0m [32mINFO[0m [90m10-07 15:20:24[0m [90m[serving_speech.py:2423][0m Diffusion TTS speech request speech-957f170d546ecb28: voice_clone=False
[0;36m(APIServer pid=23472)[0;0m [32mINFO[0m [90m10-07 15:20:24[0m [90m[serving_speech.py:2471][0m Applied diffusion speech params: seed=42 extra_params={}
[0;36m(APIServer pid=23472)[0;0m [32mINFO[0m [90m10-07 15:20:24[0m [90m[diffusion_engine.py:764][0m [RequestBatch] admission wait done waiting=1 max_batch=8 waited_ms=2.1
MIOpen(HIP): Warning [IsEnoughWorkspace] [GetSolutionsFallback AI] Solver <ConvHipImplicitGemmGroupFwdXdlops>, workspace required: 8640512, provided ptr: 0x7671904c0000 size: 1820672
MIOpen(HIP): Warning [IsEnoughWorkspace] [GetSolutionsFallback AI] Solver <ConvAsmImplicitGemmGTCDynamicFwdXdlopsNHWC>, workspace required: 8640512, provided ptr: 0x7671904c0000 size: 1820672
MIOpen(HIP): Warning [IsEnoughWorkspace] [GetSolutionsFallback WTI] Solver <ConvAsmImplicitGemmGTCDynamicBwdXdlopsNHWC>, workspace required: 38756352, provided ptr: 0x767255400000 size: 8323072
MIOpen(HIP): Warning [IsEnoughWorkspace] [GetSolutionsFallback WTI] Solver <ConvHipImplicitGemmGroupBwdXdlops>, workspace required: 38756352, provided ptr: 0x767255400000 size: 8323072
MIOpen(HIP): Warning [IsEnoughWorkspace] [GetSolutionsFallback AI] Solver <GemmFwdRest>, workspace required: 29130752, provided ptr: 0x7673242c0000 size: 15663104
MIOpen(HIP): Warning [IsEnoughWorkspace] [GetSolutionsFallback AI] Solver <GemmFwdRest>, workspace required: 72826880, provided ptr: 0x767279e00000 size: 22642688
MIOpen(HIP): Warning [IsEnoughWorkspace] [GetSolutionsFallback AI] Solver <ConvHipImplicitGemmGroupFwdXdlops>, workspace required: 21069824, provided ptr: 0x76727a7ec000 size: 20807680
MIOpen(HIP): Warning [IsEnoughWorkspace] [GetSolutionsFallback AI] Solver <GemmFwdRest>, workspace required: 145653760, provided ptr: 0x767280a00000 size: 42074112
MIOpen(HIP): Warning [IsEnoughWorkspace] [GetSolutionsFallback AI] Solver <ConvHipImplicitGemmGroupFwdXdlops>, workspace required: 41680896, provided ptr: 0x767281dd8000 size: 41615360
MIOpen(HIP): Warning [IsEnoughWorkspace] [GetSolutionsFallback WTI] Solver <ConvAsmImplicitGemmGTCDynamicBwdXdlopsNHWC>, workspace required: 41746432, provided ptr: 0x767280a00000 size: 41615360
MIOpen(HIP): Warning [IsEnoughWorkspace] [GetSolutionsFallback WTI] Solver <ConvHipImplicitGemmGroupBwdXdlops>, workspace required: 41746432, provided ptr: 0x767280a00000 size: 41615360
MIOpen(HIP): Warning [IsEnoughWorkspace] [GetSolutionsFallback AI] Solver <GemmFwdRest>, workspace required: 145653760, provided ptr: 0x767280a00000 size: 41730048
MIOpen(HIP): Warning [IsEnoughWorkspace] [GetSolutionsFallback AI] Solver <ConvHipImplicitGemmGroupFwdXdlops>, workspace required: 41631744, provided ptr: 0x767281dd8000 size: 41615360
MIOpen(HIP): Warning [IsEnoughWorkspace] [GetSolutionsFallback AI] Solver <GemmFwdRest>, workspace required: 218480640, provided ptr: 0x767284588000 size: 62451712
MIOpen(HIP): Warning [IsEnoughWorkspace] [GetSolutionsFallback AI] Solver <ConvHipImplicitGemmGroupFwdXdlops>, workspace required: 62427136, provided ptr: 0x76728634c000 size: 62423040
MIOpen(HIP): Warning [IsEnoughWorkspace] [GetSolutionsFallback AI] Solver <ConvHipImplicitGemmGroupFwdXdlops>, workspace required: 32187904, provided ptr: 0x76727bbc4000 size: 31212544
MIOpen(HIP): Warning [IsEnoughWorkspace] [GetSolutionsFallback AI] Solver <GemmFwdRest>, workspace required: 218480640, provided ptr: 0x76727bbc4000 size: 31212544
MIOpen(HIP): Warning [IsEnoughWorkspace] [GetSolutionsFallback AI] Solver <ConvHipImplicitGemmGroupFwdXdlops>, workspace required: 9193472, provided ptr: 0x7671904c0000 size: 2594816
MIOpen(HIP): Warning [IsEnoughWorkspace] [GetSolutionsFallback AI] Solver <ConvAsmImplicitGemmGTCDynamicFwdXdlopsNHWC>, workspace required: 9193472, provided ptr: 0x7671904c0000 size: 2594816
MIOpen(HIP): Warning [IsEnoughWorkspace] [GetSolutionsFallback WTI] Solver <ConvAsmImplicitGemmGTCDynamicBwdXdlopsNHWC>, workspace required: 40968192, provided ptr: 0x7673242c0000 size: 11862016
MIOpen(HIP): Warning [IsEnoughWorkspace] [GetSolutionsFallback WTI] Solver <ConvHipImplicitGemmGroupBwdXdlops>, workspace required: 40968192, provided ptr: 0x7673242c0000 size: 11862016
MIOpen(HIP): Warning [IsEnoughWorkspace] [GetSolutionsFallback AI] Solver <GemmFwdRest>, workspace required: 41517056, provided ptr: 0x767279e00000 size: 19202048
MIOpen(HIP): Warning [IsEnoughWorkspace] [GetSolutionsFallback AI] Solver <GemmFwdRest>, workspace required: 103792640, provided ptr: 0x76727ba48000 size: 31490048
MIOpen(HIP): Warning [IsEnoughWorkspace] [GetSolutionsFallback AI] Solver <ConvHipImplicitGemmGroupFwdXdlops>, workspace required: 29917184, provided ptr: 0x76727c86c000 size: 29655040
MIOpen(HIP): Warning [IsEnoughWorkspace] [GetSolutionsFallback AI] Solver <GemmFwdRest>, workspace required: 207585280, provided ptr: 0x767282648000 size: 59768832
MIOpen(HIP): Warning [IsEnoughWorkspace] [GetSolutionsFallback AI] Solver <ConvHipImplicitGemmGroupFwdXdlops>, workspace required: 59375616, provided ptr: 0x767284290000 size: 59310080
MIOpen(HIP): Warning [IsEnoughWorkspace] [GetSolutionsFallback WTI] Solver <ConvAsmImplicitGemmGTCDynamicBwdXdlopsNHWC>, workspace required: 59441152, provided ptr: 0x767282648000 size: 59310080
MIOpen(HIP): Warning [IsEnoughWorkspace] [GetSolutionsFallback WTI] Solver <ConvHipImplicitGemmGroupBwdXdlops>, workspace required: 59441152, provided ptr: 0x767282648000 size: 59310080
MIOpen(HIP): Warning [IsEnoughWorkspace] [GetSolutionsFallback AI] Solver <GemmFwdRest>, workspace required: 207585280, provided ptr: 0x767284290000 size: 59424768
MIOpen(HIP): Warning [IsEnoughWorkspace] [GetSolutionsFallback AI] Solver <ConvHipImplicitGemmGroupFwdXdlops>, workspace required: 59326464, provided ptr: 0x767285ed8000 size: 59310080
MIOpen(HIP): Warning [IsEnoughWorkspace] [GetSolutionsFallback AI] Solver <GemmFwdRest>, workspace required: 311377920, provided ptr: 0x767285ed8000 size: 88993792
MIOpen(HIP): Warning [IsEnoughWorkspace] [GetSolutionsFallback AI] Solver <ConvHipImplicitGemmGroupFwdXdlops>, workspace required: 88969216, provided ptr: 0x767288944000 size: 88965120
MIOpen(HIP): Warning [IsEnoughWorkspace] [GetSolutionsFallback AI] Solver <ConvHipImplicitGemmGroupFwdXdlops>, workspace required: 45873664, provided ptr: 0x767279e00000 size: 44483584
MIOpen(HIP): Warning [IsEnoughWorkspace] [GetSolutionsFallback AI] Solver <GemmFwdRest>, workspace required: 311377920, provided ptr: 0x767279e00000 size: 44483584
MIOpen(HIP): Warning [IsEnoughWorkspace] [GetSolutionsFallback AI] Solver <ConvHipImplicitGemmGroupFwdXdlops>, workspace required: 8998912, provided ptr: 0x7671904c0000 size: 2322432
MIOpen(HIP): Warning [IsEnoughWorkspace] [GetSolutionsFallback AI] Solver <ConvAsmImplicitGemmGTCDynamicFwdXdlopsNHWC>, workspace required: 8998912, provided ptr: 0x7671904c0000 size: 2322432
MIOpen(HIP): Warning [IsEnoughWorkspace] [GetSolutionsFallback WTI] Solver <ConvAsmImplicitGemmGTCDynamicBwdXdlopsNHWC>, workspace required: 40189952, provided ptr: 0x7673242c0000 size: 10616832
MIOpen(HIP): Warning [IsEnoughWorkspace] [GetSolutionsFallback WTI] Solver <ConvHipImplicitGemmGroupBwdXdlops>, workspace required: 40189952, provided ptr: 0x7673242c0000 size: 10616832
MIOpen(HIP): Warning [IsEnoughWorkspace] [GetSolutionsFallback AI] Solver <GemmFwdRest>, workspace required: 37158912, provided ptr: 0x767279e00000 size: 17956864
MIOpen(HIP): Warning [IsEnoughWorkspace] [GetSolutionsFallback AI] Solver <GemmFwdRest>, workspace required: 92897280, provided ptr: 0x76727aaa8000 size: 28377088
MIOpen(HIP): Warning [IsEnoughWorkspace] [GetSolutionsFallback AI] Solver <ConvHipImplicitGemmGroupFwdXdlops>, workspace required: 26804224, provided ptr: 0x76727b750000 size: 26542080
MIOpen(HIP): Warning [IsEnoughWorkspace] [GetSolutionsFallback AI] Solver <GemmFwdRest>, workspace required: 185794560, provided ptr: 0x767282350000 size: 53542912
MIOpen(HIP): Warning [IsEnoughWorkspace] [GetSolutionsFallback AI] Solver <ConvHipImplicitGemmGroupFwdXdlops>, workspace required: 53149696, provided ptr: 0x767283ca0000 size: 53084160
MIOpen(HIP): Warning [IsEnoughWorkspace] [GetSolutionsFallback WTI] Solver <ConvAsmImplicitGemmGTCDynamicBwdXdlopsNHWC>, workspace required: 53215232, provided ptr: 0x767282350000 size: 53084160
MIOpen(HIP): Warning [IsEnoughWorkspace] [GetSolutionsFallback WTI] Solver <ConvHipImplicitGemmGroupBwdXdlops>, workspace required: 53215232, provided ptr: 0x767282350000 size: 53084160
MIOpen(HIP): Warning [IsEnoughWorkspace] [GetSolutionsFallback AI] Solver <GemmFwdRest>, workspace required: 185794560, provided ptr: 0x767282350000 size: 53198848
MIOpen(HIP): Warning [IsEnoughWorkspace] [GetSolutionsFallback AI] Solver <ConvHipImplicitGemmGroupFwdXdlops>, workspace required: 53100544, provided ptr: 0x767283ca0000 size: 53084160
MIOpen(HIP): Warning [IsEnoughWorkspace] [GetSolutionsFallback AI] Solver <GemmFwdRest>, workspace required: 278691840, provided ptr: 0x7672855f0000 size: 79654912
MIOpen(HIP): Warning [IsEnoughWorkspace] [GetSolutionsFallback AI] Solver <ConvHipImplicitGemmGroupFwdXdlops>, workspace required: 79630336, provided ptr: 0x767287be8000 size: 79626240
MIOpen(HIP): Warning [IsEnoughWorkspace] [GetSolutionsFallback AI] Solver <ConvHipImplicitGemmGroupFwdXdlops>, workspace required: 41058304, provided ptr: 0x767279e00000 size: 39814144
MIOpen(HIP): Warning [IsEnoughWorkspace] [GetSolutionsFallback AI] Solver <GemmFwdRest>, workspace required: 278691840, provided ptr: 0x767279e00000 size: 39814144
MIOpen(HIP): Warning [IsEnoughWorkspace] [GetSolutionsFallback AI] Solver <ConvHipImplicitGemmGroupFwdXdlops>, workspace required: 8512512, provided ptr: 0x7671904c0000 size: 1641472
MIOpen(HIP): Warning [IsEnoughWorkspace] [GetSolutionsFallback AI] Solver <ConvAsmImplicitGemmGTCDynamicFwdXdlopsNHWC>, workspace required: 8512512, provided ptr: 0x7671904c0000 size: 1641472
MIOpen(HIP): Warning [IsEnoughWorkspace] [GetSolutionsFallback WTI] Solver <ConvAsmImplicitGemmGTCDynamicBwdXdlopsNHWC>, workspace required: 38244352, provided ptr: 0x767255400000 size: 7503872
MIOpen(HIP): Warning [IsEnoughWorkspace] [GetSolutionsFallback WTI] Solver <ConvHipImplicitGemmGroupBwdXdlops>, workspace required: 38244352, provided ptr: 0x767255400000 size: 7503872
MIOpen(HIP): Warning [IsEnoughWorkspace] [GetSolutionsFallback AI] Solver <GemmFwdRest>, workspace required: 26263552, provided ptr: 0x7673242c0000 size: 14843904
MIOpen(HIP): Warning [IsEnoughWorkspace] [GetSolutionsFallback AI] Solver <GemmFwdRest>, workspace required: 65658880, provided ptr: 0x767279e00000 size: 20594688
MIOpen(HIP): Warning [IsEnoughWorkspace] [GetSolutionsFallback AI] Solver <ConvHipImplicitGemmGroupFwdXdlops>, workspace required: 19021824, provided ptr: 0x76727a6f2000 size: 18759680
MIOpen(HIP): Warning [IsEnoughWorkspace] [GetSolutionsFallback AI] Solver <GemmFwdRest>, workspace required: 131317760, provided ptr: 0x767280a00000 size: 37978112
MIOpen(HIP): Warning [IsEnoughWorkspace] [GetSolutionsFallback AI] Solver <ConvHipImplicitGemmGroupFwdXdlops>, workspace required: 37584896, provided ptr: 0x767280a00000 size: 37519360
MIOpen(HIP): Warning [IsEnoughWorkspace] [GetSolutionsFallback WTI] Solver <ConvAsmImplicitGemmGTCDynamicBwdXdlopsNHWC>, workspace required: 37650432, provided ptr: 0x76727c1c8000 size: 37519360
MIOpen(HIP): Warning [IsEnoughWorkspace] [GetSolutionsFallback WTI] Solver <ConvHipImplicitGemmGroupBwdXdlops>, workspace required: 37650432, provided ptr: 0x76727c1c8000 size: 37519360
MIOpen(HIP): Warning [IsEnoughWorkspace] [GetSolutionsFallback AI] Solver <GemmFwdRest>, workspace required: 131317760, provided ptr: 0x767280a00000 size: 37634048
MIOpen(HIP): Warning [IsEnoughWorkspace] [GetSolutionsFallback AI] Solver <ConvHipImplicitGemmGroupFwdXdlops>, workspace required: 37535744, provided ptr: 0x767280a00000 size: 37519360
MIOpen(HIP): Warning [IsEnoughWorkspace] [GetSolutionsFallback AI] Solver <GemmFwdRest>, workspace required: 196976640, provided ptr: 0x7672824d6000 size: 56307712
MIOpen(HIP): Warning [IsEnoughWorkspace] [GetSolutionsFallback AI] Solver <ConvHipImplicitGemmGroupFwdXdlops>, workspace required: 56283136, provided ptr: 0x767283fac000 size: 56279040
MIOpen(HIP): Warning [IsEnoughWorkspace] [GetSolutionsFallback AI] Solver <ConvHipImplicitGemmGroupFwdXdlops>, workspace required: 29019904, provided ptr: 0x76727b8d6000 size: 28140544
MIOpen(HIP): Warning [IsEnoughWorkspace] [GetSolutionsFallback AI] Solver <GemmFwdRest>, workspace required: 196976640, provided ptr: 0x76727b8d6000 size: 28140544
MIOpen(HIP): Warning [IsEnoughWorkspace] [GetSolutionsFallback AI] Solver <ConvHipImplicitGemmGroupFwdXdlops>, workspace required: 8988672, provided ptr: 0x7671904c0000 size: 2308096
MIOpen(HIP): Warning [IsEnoughWorkspace] [GetSolutionsFallback AI] Solver <ConvAsmImplicitGemmGTCDynamicFwdXdlopsNHWC>, workspace required: 8988672, provided ptr: 0x7671904c0000 size: 2308096
MIOpen(HIP): Warning [IsEnoughWorkspace] [GetSolutionsFallback WTI] Solver <ConvAsmImplicitGemmGTCDynamicBwdXdlopsNHWC>, workspace required: 40148992, provided ptr: 0x7673242c0000 size: 10551296
MIOpen(HIP): Warning [IsEnoughWorkspace] [GetSolutionsFallback WTI] Solver <ConvHipImplicitGemmGroupBwdXdlops>, workspace required: 40148992, provided ptr: 0x7673242c0000 size: 10551296
MIOpen(HIP): Warning [IsEnoughWorkspace] [GetSolutionsFallback AI] Solver <GemmFwdRest>, workspace required: 36929536, provided ptr: 0x767279e00000 size: 17891328
MIOpen(HIP): Warning [IsEnoughWorkspace] [GetSolutionsFallback AI] Solver <GemmFwdRest>, workspace required: 92323840, provided ptr: 0x76727aa94000 size: 28213248
MIOpen(HIP): Warning [IsEnoughWorkspace] [GetSolutionsFallback AI] Solver <ConvHipImplicitGemmGroupFwdXdlops>, workspace required: 26640384, provided ptr: 0x76727b728000 size: 26378240
MIOpen(HIP): Warning [IsEnoughWorkspace] [GetSolutionsFallback AI] Solver <GemmFwdRest>, workspace required: 184647680, provided ptr: 0x767282328000 size: 53215232
MIOpen(HIP): Warning [IsEnoughWorkspace] [GetSolutionsFallback AI] Solver <ConvHipImplicitGemmGroupFwdXdlops>, workspace required: 52822016, provided ptr: 0x767283c50000 size: 52756480
MIOpen(HIP): Warning [IsEnoughWorkspace] [GetSolutionsFallback WTI] Solver <ConvAsmImplicitGemmGTCDynamicBwdXdlopsNHWC>, workspace required: 52887552, provided ptr: 0x767282328000 size: 52756480
MIOpen(HIP): Warning [IsEnoughWorkspace] [GetSolutionsFallback WTI] Solver <ConvHipImplicitGemmGroupBwdXdlops>, workspace required: 52887552, provided ptr: 0x767282328000 size: 52756480
MIOpen(HIP): Warning [IsEnoughWorkspace] [GetSolutionsFallback AI] Solver <GemmFwdRest>, workspace required: 184647680, provided ptr: 0x767282328000 size: 52871168
MIOpen(HIP): Warning [IsEnoughWorkspace] [GetSolutionsFallback AI] Solver <ConvHipImplicitGemmGroupFwdXdlops>, workspace required: 52772864, provided ptr: 0x767283c50000 size: 52756480
MIOpen(HIP): Warning [IsEnoughWorkspace] [GetSolutionsFallback AI] Solver <GemmFwdRest>, workspace required: 276971520, provided ptr: 0x767285578000 size: 79163392
MIOpen(HIP): Warning [IsEnoughWorkspace] [GetSolutionsFallback AI] Solver <ConvHipImplicitGemmGroupFwdXdlops>, workspace required: 79138816, provided ptr: 0x767287b34000 size: 79134720
MIOpen(HIP): Warning [IsEnoughWorkspace] [GetSolutionsFallback AI] Solver <ConvHipImplicitGemmGroupFwdXdlops>, workspace required: 40804864, provided ptr: 0x767279e00000 size: 39568384
MIOpen(HIP): Warning [IsEnoughWorkspace] [GetSolutionsFallback AI] Solver <GemmFwdRest>, workspace required: 276971520, provided ptr: 0x767279e00000 size: 39568384
[0;36m(APIServer pid=23472)[0;0m [32mINFO[0m [90m10-07 15:20:29[0m [90m[stats.py:902][0m [OmniTiming] req=speech-957f170d546ecb28-861e4ef3 total=5.61s engine=5.61s stages=[0:5.61s]
INFO:     127.0.0.1:60618 - "POST /v1/audio/speech HTTP/1.1" 200 OK
[0;36m(APIServer pid=23472)[0;0m [32mINFO[0m [90m10-07 15:20:29[0m [90m[serving_speech.py:2423][0m Diffusion TTS speech request speech-bdb4a8fa8c30f8f1: voice_clone=False
[0;36m(APIServer pid=23472)[0;0m [32mINFO[0m [90m10-07 15:20:29[0m [90m[serving_speech.py:2471][0m Applied diffusion speech params: seed=42 extra_params={}
[0;36m(APIServer pid=23472)[0;0m [32mINFO[0m [90m10-07 15:20:29[0m [90m[diffusion_engine.py:764][0m [RequestBatch] admission wait done waiting=1 max_batch=8 waited_ms=2.1
MIOpen(HIP): Warning [IsEnoughWorkspace] [GetSolutionsFallback AI] Solver <ConvHipImplicitGemmGroupFwdXdlops>, workspace required: 7913472, provided ptr: 0x7671f9600000 size: 802816
MIOpen(HIP): Warning [IsEnoughWorkspace] [GetSolutionsFallback AI] Solver <ConvAsmImplicitGemmGTCDynamicFwdXdlopsNHWC>, workspace required: 7913472, provided ptr: 0x7671f9600000 size: 802816
MIOpen(HIP): Warning [IsEnoughWorkspace] [GetSolutionsFallback WTI] Solver <ConvAsmImplicitGemmGTCDynamicBwdXdlopsNHWC>, workspace required: 35848192, provided ptr: 0x767193c00000 size: 3670016
MIOpen(HIP): Warning [IsEnoughWorkspace] [GetSolutionsFallback WTI] Solver <ConvHipImplicitGemmGroupBwdXdlops>, workspace required: 35848192, provided ptr: 0x767193c00000 size: 3670016
MIOpen(HIP): Warning [IsEnoughWorkspace] [GetSolutionsFallback WTI] Solver <ConvAsmImplicitGemmGTCDynamicBwdXdlopsNHWC>, workspace required: 11665408, provided ptr: 0x767255860000 size: 9175040
MIOpen(HIP): Warning [IsEnoughWorkspace] [GetSolutionsFallback WTI] Solver <ConvHipImplicitGemmGroupBwdXdlops>, workspace required: 11665408, provided ptr: 0x767255860000 size: 9175040
MIOpen(HIP): Warning [IsEnoughWorkspace] [GetSolutionsFallback AI] Solver <GemmFwdRest>, workspace required: 32112640, provided ptr: 0x7673242c0000 size: 11010048
MIOpen(HIP): Warning [IsEnoughWorkspace] [GetSolutionsFallback AI] Solver <ConvHipImplicitGemmGroupFwdXdlops>, workspace required: 9437184, provided ptr: 0x767324720000 size: 9175040
MIOpen(HIP): Warning [IsEnoughWorkspace] [GetSolutionsFallback AI] Solver <GemmFwdRest>, workspace required: 64225280, provided ptr: 0x76727a6c0000 size: 18808832
MIOpen(HIP): Warning [IsEnoughWorkspace] [GetSolutionsFallback AI] Solver <ConvHipImplicitGemmGroupFwdXdlops>, workspace required: 18415616, provided ptr: 0x76727af80000 size: 18350080
MIOpen(HIP): Warning [IsEnoughWorkspace] [GetSolutionsFallback WTI] Solver <ConvAsmImplicitGemmGTCDynamicBwdXdlopsNHWC>, workspace required: 18481152, provided ptr: 0x76727a6c0000 size: 18350080
MIOpen(HIP): Warning [IsEnoughWorkspace] [GetSolutionsFallback WTI] Solver <ConvHipImplicitGemmGroupBwdXdlops>, workspace required: 18481152, provided ptr: 0x76727a6c0000 size: 18350080
MIOpen(HIP): Warning [IsEnoughWorkspace] [GetSolutionsFallback AI] Solver <GemmFwdRest>, workspace required: 64225280, provided ptr: 0x76727a6c0000 size: 18464768
MIOpen(HIP): Warning [IsEnoughWorkspace] [GetSolutionsFallback AI] Solver <ConvHipImplicitGemmGroupFwdXdlops>, workspace required: 18366464, provided ptr: 0x76727af80000 size: 18350080
MIOpen(HIP): Warning [IsEnoughWorkspace] [GetSolutionsFallback AI] Solver <GemmFwdRest>, workspace required: 96337920, provided ptr: 0x76727b840000 size: 27553792
MIOpen(HIP): Warning [IsEnoughWorkspace] [GetSolutionsFallback AI] Solver <ConvHipImplicitGemmGroupFwdXdlops>, workspace required: 27529216, provided ptr: 0x76727c560000 size: 27525120
MIOpen(HIP): Warning [IsEnoughWorkspace] [GetSolutionsFallback AI] Solver <ConvHipImplicitGemmGroupFwdXdlops>, workspace required: 14193664, provided ptr: 0x7673242c0000 size: 13763584
MIOpen(HIP): Warning [IsEnoughWorkspace] [GetSolutionsFallback AI] Solver <GemmFwdRest>, workspace required: 96337920, provided ptr: 0x7673242c0000 size: 13763584
MIOpen(HIP): Warning [IsEnoughWorkspace] [GetSolutionsFallback AI] Solver <ConvHipImplicitGemmGroupFwdXdlops>, workspace required: 8758272, provided ptr: 0x7671904c0000 size: 1985536
MIOpen(HIP): Warning [IsEnoughWorkspace] [GetSolutionsFallback AI] Solver <ConvAsmImplicitGemmGTCDynamicFwdXdlopsNHWC>, workspace required: 8758272, provided ptr: 0x7671904c0000 size: 1985536
MIOpen(HIP): Warning [IsEnoughWorkspace] [GetSolutionsFallback WTI] Solver <ConvAsmImplicitGemmGTCDynamicBwdXdlopsNHWC>, workspace required: 39227392, provided ptr: 0x767255400000 size: 9076736
MIOpen(HIP): Warning [IsEnoughWorkspace] [GetSolutionsFallback WTI] Solver <ConvHipImplicitGemmGroupBwdXdlops>, workspace required: 39227392, provided ptr: 0x767255400000 size: 9076736
MIOpen(HIP): Warning [IsEnoughWorkspace] [GetSolutionsFallback AI] Solver <GemmFwdRest>, workspace required: 31768576, provided ptr: 0x7673242c0000 size: 16416768
MIOpen(HIP): Warning [IsEnoughWorkspace] [GetSolutionsFallback AI] Solver <GemmFwdRest>, workspace required: 79421440, provided ptr: 0x76727b3a4000 size: 24526848
MIOpen(HIP): Warning [IsEnoughWorkspace] [GetSolutionsFallback AI] Solver <ConvHipImplicitGemmGroupFwdXdlops>, workspace required: 22953984, provided ptr: 0x76727be76000 size: 22691840
MIOpen(HIP): Warning [IsEnoughWorkspace] [GetSolutionsFallback AI] Solver <GemmFwdRest>, workspace required: 158842880, provided ptr: 0x767280a00000 size: 45842432
MIOpen(HIP): Warning [IsEnoughWorkspace] [GetSolutionsFallback AI] Solver <ConvHipImplicitGemmGroupFwdXdlops>, workspace required: 45449216, provided ptr: 0x767281fa4000 size: 45383680
MIOpen(HIP): Warning [IsEnoughWorkspace] [GetSolutionsFallback WTI] Solver <ConvAsmImplicitGemmGTCDynamicBwdXdlopsNHWC>, workspace required: 45514752, provided ptr: 0x767280a00000 size: 45383680
MIOpen(HIP): Warning [IsEnoughWorkspace] [GetSolutionsFallback WTI] Solver <ConvHipImplicitGemmGroupBwdXdlops>, workspace required: 45514752, provided ptr: 0x767280a00000 size: 45383680
MIOpen(HIP): Warning [IsEnoughWorkspace] [GetSolutionsFallback AI] Solver <GemmFwdRest>, workspace required: 158842880, provided ptr: 0x767281fa4000 size: 45498368
MIOpen(HIP): Warning [IsEnoughWorkspace] [GetSolutionsFallback AI] Solver <ConvHipImplicitGemmGroupFwdXdlops>, workspace required: 45400064, provided ptr: 0x767283548000 size: 45383680
MIOpen(HIP): Warning [IsEnoughWorkspace] [GetSolutionsFallback AI] Solver <GemmFwdRest>, workspace required: 238264320, provided ptr: 0x767286090000 size: 68104192
MIOpen(HIP): Warning [IsEnoughWorkspace] [GetSolutionsFallback AI] Solver <ConvHipImplicitGemmGroupFwdXdlops>, workspace required: 68079616, provided ptr: 0x767288106000 size: 68075520
MIOpen(HIP): Warning [IsEnoughWorkspace] [GetSolutionsFallback AI] Solver <ConvHipImplicitGemmGroupFwdXdlops>, workspace required: 35102464, provided ptr: 0x76727be76000 size: 34038784
MIOpen(HIP): Warning [IsEnoughWorkspace] [GetSolutionsFallback AI] Solver <GemmFwdRest>, workspace required: 238264320, provided ptr: 0x76727be76000 size: 34038784
MIOpen(HIP): Warning [IsEnoughWorkspace] [GetSolutionsFallback AI] Solver <ConvAsmImplicitGemmGTCDynamicFwdXdlopsNHWC>, workspace required: 9510912, provided ptr: 0x767193c00000 size: 3039232
MIOpen(HIP): Warning [IsEnoughWorkspace] [GetSolutionsFallback AI] Solver <ConvHipImplicitGemmGroupFwdXdlops>, workspace required: 9510912, provided ptr: 0x767193c00000 size: 3039232
MIOpen(HIP): Warning [IsEnoughWorkspace] [GetSolutionsFallback WTI] Solver <ConvAsmImplicitGemmGTCDynamicBwdXdlopsNHWC>, workspace required: 42237952, provided ptr: 0x7673242c0000 size: 13893632
MIOpen(HIP): Warning [IsEnoughWorkspace] [GetSolutionsFallback WTI] Solver <ConvHipImplicitGemmGroupBwdXdlops>, workspace required: 42237952, provided ptr: 0x7673242c0000 size: 13893632
MIOpen(HIP): Warning [IsEnoughWorkspace] [GetSolutionsFallback AI] Solver <GemmFwdRest>, workspace required: 48627712, provided ptr: 0x767279e00000 size: 21233664
MIOpen(HIP): Warning [IsEnoughWorkspace] [GetSolutionsFallback AI] Solver <GemmFwdRest>, workspace required: 121569280, provided ptr: 0x76727bf20000 size: 36569088
MIOpen(HIP): Warning [IsEnoughWorkspace] [GetSolutionsFallback AI] Solver <ConvHipImplicitGemmGroupFwdXdlops>, workspace required: 34996224, provided ptr: 0x767280a00000 size: 34734080
MIOpen(HIP): Warning [IsEnoughWorkspace] [GetSolutionsFallback AI] Solver <GemmFwdRest>, workspace required: 243138560, provided ptr: 0x767284c40000 size: 69926912
MIOpen(HIP): Warning [IsEnoughWorkspace] [GetSolutionsFallback AI] Solver <ConvHipImplicitGemmGroupFwdXdlops>, workspace required: 69533696, provided ptr: 0x767286d60000 size: 69468160
MIOpen(HIP): Warning [IsEnoughWorkspace] [GetSolutionsFallback WTI] Solver <ConvAsmImplicitGemmGTCDynamicBwdXdlopsNHWC>, workspace required: 69599232, provided ptr: 0x767282b20000 size: 69468160
MIOpen(HIP): Warning [IsEnoughWorkspace] [GetSolutionsFallback WTI] Solver <ConvHipImplicitGemmGroupBwdXdlops>, workspace required: 69599232, provided ptr: 0x767282b20000 size: 69468160
MIOpen(HIP): Warning [IsEnoughWorkspace] [GetSolutionsFallback AI] Solver <GemmFwdRest>, workspace required: 243138560, provided ptr: 0x767284c40000 size: 69582848
MIOpen(HIP): Warning [IsEnoughWorkspace] [GetSolutionsFallback AI] Solver <ConvHipImplicitGemmGroupFwdXdlops>, workspace required: 69484544, provided ptr: 0x767286d60000 size: 69468160
MIOpen(HIP): Warning [IsEnoughWorkspace] [GetSolutionsFallback AI] Solver <GemmFwdRest>, workspace required: 364707840, provided ptr: 0x767289f10000 size: 104230912
MIOpen(HIP): Warning [IsEnoughWorkspace] [GetSolutionsFallback AI] Solver <ConvHipImplicitGemmGroupFwdXdlops>, workspace required: 104206336, provided ptr: 0x76728d0c0000 size: 104202240
MIOpen(HIP): Warning [IsEnoughWorkspace] [GetSolutionsFallback AI] Solver <ConvHipImplicitGemmGroupFwdXdlops>, workspace required: 53730304, provided ptr: 0x7670ea200000 size: 52102144
MIOpen(HIP): Warning [IsEnoughWorkspace] [GetSolutionsFallback AI] Solver <GemmFwdRest>, workspace required: 364707840, provided ptr: 0x7670ea200000 size: 52102144
MIOpen(HIP): Warning [IsEnoughWorkspace] [GetSolutionsFallback AI] Solver <ConvHipImplicitGemmGroupFwdXdlops>, workspace required: 8681472, provided ptr: 0x7671904c0000 size: 1878016
MIOpen(HIP): Warning [IsEnoughWorkspace] [GetSolutionsFallback AI] Solver <ConvAsmImplicitGemmGTCDynamicFwdXdlopsNHWC>, workspace required: 8681472, provided ptr: 0x7671904c0000 size: 1878016
MIOpen(HIP): Warning [IsEnoughWorkspace] [GetSolutionsFallback WTI] Solver <ConvAsmImplicitGemmGTCDynamicBwdXdlopsNHWC>, workspace required: 38920192, provided ptr: 0x767255400000 size: 8585216
MIOpen(HIP): Warning [IsEnoughWorkspace] [GetSolutionsFallback WTI] Solver <ConvHipImplicitGemmGroupBwdXdlops>, workspace required: 38920192, provided ptr: 0x767255400000 size: 8585216
MIOpen(HIP): Warning [IsEnoughWorkspace] [GetSolutionsFallback AI] Solver <GemmFwdRest>, workspace required: 30048256, provided ptr: 0x7673242c0000 size: 15925248
MIOpen(HIP): Warning [IsEnoughWorkspace] [GetSolutionsFallback AI] Solver <GemmFwdRest>, workspace required: 75120640, provided ptr: 0x76727a83c000 size: 23298048
MIOpen(HIP): Warning [IsEnoughWorkspace] [GetSolutionsFallback AI] Solver <ConvHipImplicitGemmGroupFwdXdlops>, workspace required: 21725184, provided ptr: 0x76727b278000 size: 21463040
MIOpen(HIP): Warning [IsEnoughWorkspace] [GetSolutionsFallback AI] Solver <GemmFwdRest>, workspace required: 150241280, provided ptr: 0x767280a00000 size: 43384832
MIOpen(HIP): Warning [IsEnoughWorkspace] [GetSolutionsFallback AI] Solver <ConvHipImplicitGemmGroupFwdXdlops>, workspace required: 42991616, provided ptr: 0x767280a00000 size: 42926080
MIOpen(HIP): Warning [IsEnoughWorkspace] [GetSolutionsFallback WTI] Solver <ConvAsmImplicitGemmGTCDynamicBwdXdlopsNHWC>, workspace required: 43057152, provided ptr: 0x767280a00000 size: 42926080
MIOpen(HIP): Warning [IsEnoughWorkspace] [GetSolutionsFallback WTI] Solver <ConvHipImplicitGemmGroupBwdXdlops>, workspace required: 43057152, provided ptr: 0x767280a00000 size: 42926080
MIOpen(HIP): Warning [IsEnoughWorkspace] [GetSolutionsFallback AI] Solver <GemmFwdRest>, workspace required: 150241280, provided ptr: 0x767280a00000 size: 43040768
MIOpen(HIP): Warning [IsEnoughWorkspace] [GetSolutionsFallback AI] Solver <ConvHipImplicitGemmGroupFwdXdlops>, workspace required: 42942464, provided ptr: 0x767281e78000 size: 42926080
MIOpen(HIP): Warning [IsEnoughWorkspace] [GetSolutionsFallback AI] Solver <GemmFwdRest>, workspace required: 225361920, provided ptr: 0x767284768000 size: 64417792
MIOpen(HIP): Warning [IsEnoughWorkspace] [GetSolutionsFallback AI] Solver <ConvHipImplicitGemmGroupFwdXdlops>, workspace required: 64393216, provided ptr: 0x76728661c000 size: 64389120
MIOpen(HIP): Warning [IsEnoughWorkspace] [GetSolutionsFallback AI] Solver <ConvHipImplicitGemmGroupFwdXdlops>, workspace required: 33201664, provided ptr: 0x76727bcb4000 size: 32195584
MIOpen(HIP): Warning [IsEnoughWorkspace] [GetSolutionsFallback AI] Solver <GemmFwdRest>, workspace required: 225361920, provided ptr: 0x76727bcb4000 size: 32195584
MIOpen(HIP): Warning [IsEnoughWorkspace] [GetSolutionsFallback AI] Solver <ConvHipImplicitGemmGroupFwdXdlops>, workspace required: 8968192, provided ptr: 0x7671904c0000 size: 2279424
MIOpen(HIP): Warning [IsEnoughWorkspace] [GetSolutionsFallback AI] Solver <ConvAsmImplicitGemmGTCDynamicFwdXdlopsNHWC>, workspace required: 8968192, provided ptr: 0x7671904c0000 size: 2279424
MIOpen(HIP): Warning [IsEnoughWorkspace] [GetSolutionsFallback WTI] Solver <ConvAsmImplicitGemmGTCDynamicBwdXdlopsNHWC>, workspace required: 40067072, provided ptr: 0x767255400000 size: 10420224
MIOpen(HIP): Warning [IsEnoughWorkspace] [GetSolutionsFallback WTI] Solver <ConvHipImplicitGemmGroupBwdXdlops>, workspace required: 40067072, provided ptr: 0x767255400000 size: 10420224
MIOpen(HIP): Warning [IsEnoughWorkspace] [GetSolutionsFallback AI] Solver <GemmFwdRest>, workspace required: 36470784, provided ptr: 0x7673242c0000 size: 17760256
MIOpen(HIP): Warning [IsEnoughWorkspace] [GetSolutionsFallback AI] Solver <GemmFwdRest>, workspace required: 91176960, provided ptr: 0x76727b6d8000 size: 27885568
MIOpen(HIP): Warning [IsEnoughWorkspace] [GetSolutionsFallback AI] Solver <ConvHipImplicitGemmGroupFwdXdlops>, workspace required: 26312704, provided ptr: 0x76727c344000 size: 26050560
MIOpen(HIP): Warning [IsEnoughWorkspace] [GetSolutionsFallback AI] Solver <GemmFwdRest>, workspace required: 182353920, provided ptr: 0x7672822d8000 size: 52559872
MIOpen(HIP): Warning [IsEnoughWorkspace] [GetSolutionsFallback AI] Solver <ConvHipImplicitGemmGroupFwdXdlops>, workspace required: 52166656, provided ptr: 0x767283bb0000 size: 52101120
MIOpen(HIP): Warning [IsEnoughWorkspace] [GetSolutionsFallback WTI] Solver <ConvAsmImplicitGemmGTCDynamicBwdXdlopsNHWC>, workspace required: 52232192, provided ptr: 0x7672822d8000 size: 52101120
MIOpen(HIP): Warning [IsEnoughWorkspace] [GetSolutionsFallback WTI] Solver <ConvHipImplicitGemmGroupBwdXdlops>, workspace required: 52232192, provided ptr: 0x7672822d8000 size: 52101120
MIOpen(HIP): Warning [IsEnoughWorkspace] [GetSolutionsFallback AI] Solver <GemmFwdRest>, workspace required: 182353920, provided ptr: 0x7672822d8000 size: 52215808
MIOpen(HIP): Warning [IsEnoughWorkspace] [GetSolutionsFallback AI] Solver <ConvHipImplicitGemmGroupFwdXdlops>, workspace required: 52117504, provided ptr: 0x767283bb0000 size: 52101120
MIOpen(HIP): Warning [IsEnoughWorkspace] [GetSolutionsFallback AI] Solver <GemmFwdRest>, workspace required: 273530880, provided ptr: 0x767285488000 size: 78180352
MIOpen(HIP): Warning [IsEnoughWorkspace] [GetSolutionsFallback AI] Solver <ConvHipImplicitGemmGroupFwdXdlops>, workspace required: 78155776, provided ptr: 0x7672879cc000 size: 78151680
MIOpen(HIP): Warning [IsEnoughWorkspace] [GetSolutionsFallback AI] Solver <ConvHipImplicitGemmGroupFwdXdlops>, workspace required: 40297984, provided ptr: 0x767279e00000 size: 39076864
MIOpen(HIP): Warning [IsEnoughWorkspace] [GetSolutionsFallback AI] Solver <GemmFwdRest>, workspace required: 273530880, provided ptr: 0x767279e00000 size: 39076864
MIOpen(HIP): Warning [IsEnoughWorkspace] [GetSolutionsFallback AI] Solver <ConvAsmImplicitGemmGTCDynamicFwdXdlopsNHWC>, workspace required: 7703552, provided ptr: 0x7672b137d000 size: 508928
MIOpen(HIP): Warning [IsEnoughWorkspace] [GetSolutionsFallback AI] Solver <ConvHipImplicitGemmGroupFwdXdlops>, workspace required: 7703552, provided ptr: 0x7672b137d000 size: 508928
MIOpen(HIP): Warning [IsEnoughWorkspace] [GetSolutionsFallback WTI] Solver <ConvAsmImplicitGemmGTCDynamicBwdXdlopsNHWC>, workspace required: 35008512, provided ptr: 0x7671904c0000 size: 2326528
MIOpen(HIP): Warning [IsEnoughWorkspace] [GetSolutionsFallback WTI] Solver <ConvHipImplicitGemmGroupBwdXdlops>, workspace required: 35008512, provided ptr: 0x7671904c0000 size: 2326528
MIOpen(HIP): Warning [IsEnoughWorkspace] [GetSolutionsFallback AI] Solver <ConvAsmImplicitGemmGTCDynamicFwdXdlopsNHWC>, workspace required: 9666560, provided ptr: 0x767255400000 size: 8142848
MIOpen(HIP): Warning [IsEnoughWorkspace] [GetSolutionsFallback AI] Solver <ConvHipImplicitGemmGroupFwdXdlops>, workspace required: 9666560, provided ptr: 0x767255400000 size: 8142848
MIOpen(HIP): Warning [IsEnoughWorkspace] [GetSolutionsFallback AI] Solver <ConvHipImplicitGemmGroupFwdXdlops>, workspace required: 3375104, provided ptr: 0 size: 0
MIOpen(HIP): Warning [IsEnoughWorkspace] [GetSolutionsFallback AI] Solver <ConvAsmImplicitGemmGTCDynamicFwdXdlopsNHWC>, workspace required: 2326528, provided ptr: 0 size: 0
MIOpen(HIP): Warning [IsEnoughWorkspace] [GetSolutionsFallback WTI] Solver <ConvAsmImplicitGemmGTCDynamicFwdXdlopsNHWC>, workspace required: 9666560, provided ptr: 0x767255400000 size: 8142848
MIOpen(HIP): Warning [IsEnoughWorkspace] [GetSolutionsFallback WTI] Solver <ConvHipImplicitGemmGroupFwdXdlops>, workspace required: 9666560, provided ptr: 0x767255400000 size: 8142848
MIOpen(HIP): Warning [IsEnoughWorkspace] [GetSolutionsFallback WTI] Solver <ConvAsmImplicitGemmGTCDynamicFwdXdlopsNHWC>, workspace required: 9666560, provided ptr: 0x767255400000 size: 8142848
MIOpen(HIP): Warning [IsEnoughWorkspace] [GetSolutionsFallback WTI] Solver <ConvHipImplicitGemmGroupFwdXdlops>, workspace required: 9666560, provided ptr: 0x767255400000 size: 8142848
MIOpen(HIP): Warning [IsEnoughWorkspace] [GetSolutionsFallback WTI] Solver <ConvAsmImplicitGemmGTCDynamicBwdXdlopsNHWC>, workspace required: 9314304, provided ptr: 0x767255400000 size: 5816320
MIOpen(HIP): Warning [IsEnoughWorkspace] [GetSolutionsFallback WTI] Solver <ConvHipImplicitGemmGroupBwdXdlops>, workspace required: 9314304, provided ptr: 0x767255400000 size: 5816320
MIOpen(HIP): Warning [IsEnoughWorkspace] [GetSolutionsFallback AI] Solver <GemmFwdRest>, workspace required: 20357120, provided ptr: 0x76725598c000 size: 7651328
MIOpen(HIP): Warning [IsEnoughWorkspace] [GetSolutionsFallback AI] Solver <GemmFwdRest>, workspace required: 40714240, provided ptr: 0x76732484c000 size: 12091392
MIOpen(HIP): Warning [IsEnoughWorkspace] [GetSolutionsFallback AI] Solver <ConvHipImplicitGemmGroupFwdXdlops>, workspace required: 11698176, provided ptr: 0x767279e00000 size: 11632640
MIOpen(HIP): Warning [IsEnoughWorkspace] [GetSolutionsFallback WTI] Solver <ConvAsmImplicitGemmGTCDynamicBwdXdlopsNHWC>, workspace required: 11763712, provided ptr: 0x76732484c000 size: 11632640
MIOpen(HIP): Warning [IsEnoughWorkspace] [GetSolutionsFallback WTI] Solver <ConvHipImplicitGemmGroupBwdXdlops>, workspace required: 11763712, provided ptr: 0x76732484c000 size: 11632640
MIOpen(HIP): Warning [IsEnoughWorkspace] [GetSolutionsFallback AI] Solver <GemmFwdRest>, workspace required: 40714240, provided ptr: 0x767279e00000 size: 11747328
MIOpen(HIP): Warning [IsEnoughWorkspace] [GetSolutionsFallback AI] Solver <ConvHipImplicitGemmGroupFwdXdlops>, workspace required: 11649024, provided ptr: 0x767279e00000 size: 11632640
MIOpen(HIP): Warning [IsEnoughWorkspace] [GetSolutionsFallback AI] Solver <GemmFwdRest>, workspace required: 61071360, provided ptr: 0x76727a652000 size: 17477632
MIOpen(HIP): Warning [IsEnoughWorkspace] [GetSolutionsFallback AI] Solver <ConvHipImplicitGemmGroupFwdXdlops>, workspace required: 17453056, provided ptr: 0x76727aea4000 size: 17448960
MIOpen(HIP): Warning [IsEnoughWorkspace] [GetSolutionsFallback AI] Solver <ConvHipImplicitGemmGroupFwdXdlops>, workspace required: 8998144, provided ptr: 0x767255400000 size: 8725504
MIOpen(HIP): Warning [IsEnoughWorkspace] [GetSolutionsFallback AI] Solver <GemmFwdRest>, workspace required: 61071360, provided ptr: 0x767255400000 size: 8725504
MIOpen(HIP): Warning [IsEnoughWorkspace] [GetSolutionsFallback AI] Solver <ConvHipImplicitGemmGroupFwdXdlops>, workspace required: 8174592, provided ptr: 0x767191480000 size: 1168384
MIOpen(HIP): Warning [IsEnoughWorkspace] [GetSolutionsFallback AI] Solver <ConvAsmImplicitGemmGTCDynamicFwdXdlopsNHWC>, workspace required: 8174592, provided ptr: 0x767191480000 size: 1168384
MIOpen(HIP): Warning [IsEnoughWorkspace] [GetSolutionsFallback WTI] Solver <ConvAsmImplicitGemmGTCDynamicBwdXdlopsNHWC>, workspace required: 36892672, provided ptr: 0x767255400000 size: 5341184
MIOpen(HIP): Warning [IsEnoughWorkspace] [GetSolutionsFallback WTI] Solver <ConvHipImplicitGemmGroupBwdXdlops>, workspace required: 36892672, provided ptr: 0x767255400000 size: 5341184
MIOpen(HIP): Warning [IsEnoughWorkspace] [GetSolutionsFallback AI] Solver <GemmFwdRest>, workspace required: 18694144, provided ptr: 0x7673242c0000 size: 12681216
MIOpen(HIP): Warning [IsEnoughWorkspace] [GetSolutionsFallback WTI] Solver <ConvAsmImplicitGemmGTCDynamicBwdXdlopsNHWC>, workspace required: 14589952, provided ptr: 0x7673242c0000 size: 13352960
MIOpen(HIP): Warning [IsEnoughWorkspace] [GetSolutionsFallback WTI] Solver <ConvHipImplicitGemmGroupBwdXdlops>, workspace required: 14589952, provided ptr: 0x7673242c0000 size: 13352960
MIOpen(HIP): Warning [IsEnoughWorkspace] [GetSolutionsFallback AI] Solver <GemmFwdRest>, workspace required: 46735360, provided ptr: 0x767279e00000 size: 15187968
MIOpen(HIP): Warning [IsEnoughWorkspace] [GetSolutionsFallback AI] Solver <ConvAsmImplicitGemmGTCDynamicFwdXdlopsNHWC>, workspace required: 13352960, provided ptr: 0 size: 0
MIOpen(HIP): Warning [IsEnoughWorkspace] [GetSolutionsFallback AI] Solver <ConvHipImplicitGemmGroupFwdXdlops>, workspace required: 13615104, provided ptr: 0 size: 0
MIOpen(HIP): Warning [IsEnoughWorkspace] [GetSolutionsFallback AI] Solver <GemmFwdRest>, workspace required: 93470720, provided ptr: 0x76727aabc000 size: 27164672
MIOpen(HIP): Warning [IsEnoughWorkspace] [GetSolutionsFallback AI] Solver <ConvHipImplicitGemmGroupFwdXdlops>, workspace required: 26771456, provided ptr: 0x76727b778000 size: 26705920
MIOpen(HIP): Warning [IsEnoughWorkspace] [GetSolutionsFallback WTI] Solver <ConvAsmImplicitGemmGTCDynamicBwdXdlopsNHWC>, workspace required: 26836992, provided ptr: 0x76727aabc000 size: 26705920
MIOpen(HIP): Warning [IsEnoughWorkspace] [GetSolutionsFallback WTI] Solver <ConvHipImplicitGemmGroupBwdXdlops>, workspace required: 26836992, provided ptr: 0x76727aabc000 size: 26705920
MIOpen(HIP): Warning [IsEnoughWorkspace] [GetSolutionsFallback AI] Solver <GemmFwdRest>, workspace required: 93470720, provided ptr: 0x76727b778000 size: 26820608
MIOpen(HIP): Warning [IsEnoughWorkspace] [GetSolutionsFallback AI] Solver <ConvHipImplicitGemmGroupFwdXdlops>, workspace required: 26722304, provided ptr: 0x76727c434000 size: 26705920
MIOpen(HIP): Warning [IsEnoughWorkspace] [GetSolutionsFallback AI] Solver <GemmFwdRest>, workspace required: 140206080, provided ptr: 0x767280a00000 size: 40087552
MIOpen(HIP): Warning [IsEnoughWorkspace] [GetSolutionsFallback AI] Solver <ConvHipImplicitGemmGroupFwdXdlops>, workspace required: 40062976, provided ptr: 0x767281d1a000 size: 40058880
MIOpen(HIP): Warning [IsEnoughWorkspace] [GetSolutionsFallback AI] Solver <ConvHipImplicitGemmGroupFwdXdlops>, workspace required: 20656384, provided ptr: 0x767279e00000 size: 20030464
MIOpen(HIP): Warning [IsEnoughWorkspace] [GetSolutionsFallback AI] Solver <GemmFwdRest>, workspace required: 140206080, provided ptr: 0x767279e00000 size: 20030464
MIOpen(HIP): Warning [IsEnoughWorkspace] [GetSolutionsFallback AI] Solver <ConvHipImplicitGemmGroupFwdXdlops>, workspace required: 7898112, provided ptr: 0x7671f9600000 size: 781312
MIOpen(HIP): Warning [IsEnoughWorkspace] [GetSolutionsFallback AI] Solver <ConvAsmImplicitGemmGTCDynamicFwdXdlopsNHWC>, workspace required: 7898112, provided ptr: 0x7671f9600000 size: 781312
MIOpen(HIP): Warning [IsEnoughWorkspace] [GetSolutionsFallback WTI] Solver <ConvAsmImplicitGemmGTCDynamicBwdXdlopsNHWC>, workspace required: 35786752, provided ptr: 0x767193c00000 size: 3571712
MIOpen(HIP): Warning [IsEnoughWorkspace] [GetSolutionsFallback WTI] Solver <ConvHipImplicitGemmGroupBwdXdlops>, workspace required: 35786752, provided ptr: 0x767193c00000 size: 3571712
MIOpen(HIP): Warning [IsEnoughWorkspace] [GetSolutionsFallback WTI] Solver <ConvAsmImplicitGemmGTCDynamicBwdXdlopsNHWC>, workspace required: 11493376, provided ptr: 0x767255842000 size: 8929280
MIOpen(HIP): Warning [IsEnoughWorkspace] [GetSolutionsFallback WTI] Solver <ConvHipImplicitGemmGroupBwdXdlops>, workspace required: 11493376, provided ptr: 0x767255842000 size: 8929280
MIOpen(HIP): Warning [IsEnoughWorkspace] [GetSolutionsFallback AI] Solver <GemmFwdRest>, workspace required: 31252480, provided ptr: 0x7673242c0000 size: 10764288
MIOpen(HIP): Warning [IsEnoughWorkspace] [GetSolutionsFallback AI] Solver <ConvHipImplicitGemmGroupFwdXdlops>, workspace required: 9191424, provided ptr: 0x767324702000 size: 8929280
MIOpen(HIP): Warning [IsEnoughWorkspace] [GetSolutionsFallback AI] Solver <GemmFwdRest>, workspace required: 62504960, provided ptr: 0x76727a684000 size: 18317312
MIOpen(HIP): Warning [IsEnoughWorkspace] [GetSolutionsFallback AI] Solver <ConvHipImplicitGemmGroupFwdXdlops>, workspace required: 17924096, provided ptr: 0x76727af08000 size: 17858560
MIOpen(HIP): Warning [IsEnoughWorkspace] [GetSolutionsFallback WTI] Solver <ConvAsmImplicitGemmGTCDynamicBwdXdlopsNHWC>, workspace required: 17989632, provided ptr: 0x76727a684000 size: 17858560
MIOpen(HIP): Warning [IsEnoughWorkspace] [GetSolutionsFallback WTI] Solver <ConvHipImplicitGemmGroupBwdXdlops>, workspace required: 17989632, provided ptr: 0x76727a684000 size: 17858560
MIOpen(HIP): Warning [IsEnoughWorkspace] [GetSolutionsFallback AI] Solver <GemmFwdRest>, workspace required: 62504960, provided ptr: 0x76727a684000 size: 17973248
MIOpen(HIP): Warning [IsEnoughWorkspace] [GetSolutionsFallback AI] Solver <ConvHipImplicitGemmGroupFwdXdlops>, workspace required: 17874944, provided ptr: 0x76727af08000 size: 17858560
MIOpen(HIP): Warning [IsEnoughWorkspace] [GetSolutionsFallback AI] Solver <GemmFwdRest>, workspace required: 93757440, provided ptr: 0x76727b78c000 size: 26816512
MIOpen(HIP): Warning [IsEnoughWorkspace] [GetSolutionsFallback AI] Solver <ConvHipImplicitGemmGroupFwdXdlops>, workspace required: 26791936, provided ptr: 0x76727c452000 size: 26787840
MIOpen(HIP): Warning [IsEnoughWorkspace] [GetSolutionsFallback AI] Solver <ConvHipImplicitGemmGroupFwdXdlops>, workspace required: 13813504, provided ptr: 0x7673242c0000 size: 13394944
MIOpen(HIP): Warning [IsEnoughWorkspace] [GetSolutionsFallback AI] Solver <GemmFwdRest>, workspace required: 93757440, provided ptr: 0x7673242c0000 size: 13394944
[0;36m(APIServer pid=23472)[0;0m [32mINFO[0m [90m10-07 15:20:37[0m [90m[stats.py:902][0m [OmniTiming] req=speech-bdb4a8fa8c30f8f1-94c679b6 total=7.46s engine=7.46s stages=[0:7.46s]
INFO:     127.0.0.1:60618 - "POST /v1/audio/speech HTTP/1.1" 200 OK
[0;36m(APIServer pid=23472)[0;0m [32mINFO[0m [90m10-07 15:20:37[0m [90m[serving_speech.py:2423][0m Diffusion TTS speech request speech-946c10f3ea6d4f27: voice_clone=False
[0;36m(APIServer pid=23472)[0;0m [32mINFO[0m [90m10-07 15:20:37[0m [90m[serving_speech.py:2471][0m Applied diffusion speech params: seed=42 extra_params={}
[0;36m(APIServer pid=23472)[0;0m [32mINFO[0m [90m10-07 15:20:37[0m [90m[diffusion_engine.py:764][0m [RequestBatch] admission wait done waiting=1 max_batch=8 waited_ms=2.1
MIOpen(HIP): Warning [IsEnoughWorkspace] [GetSolutionsFallback AI] Solver <ConvHipImplicitGemmGroupFwdXdlops>, workspace required: 8809472, provided ptr: 0x7671904c0000 size: 2057216
MIOpen(HIP): Warning [IsEnoughWorkspace] [GetSolutionsFallback AI] Solver <ConvAsmImplicitGemmGTCDynamicFwdXdlopsNHWC>, workspace required: 8809472, provided ptr: 0x7671904c0000 size: 2057216
MIOpen(HIP): Warning [IsEnoughWorkspace] [GetSolutionsFallback WTI] Solver <ConvAsmImplicitGemmGTCDynamicBwdXdlopsNHWC>, workspace required: 39432192, provided ptr: 0x767255400000 size: 9404416
MIOpen(HIP): Warning [IsEnoughWorkspace] [GetSolutionsFallback WTI] Solver <ConvHipImplicitGemmGroupBwdXdlops>, workspace required: 39432192, provided ptr: 0x767255400000 size: 9404416
MIOpen(HIP): Warning [IsEnoughWorkspace] [GetSolutionsFallback AI] Solver <GemmFwdRest>, workspace required: 32915456, provided ptr: 0x7673242c0000 size: 16744448
MIOpen(HIP): Warning [IsEnoughWorkspace] [GetSolutionsFallback AI] Solver <GemmFwdRest>, workspace required: 82288640, provided ptr: 0x76727b46c000 size: 25346048
MIOpen(HIP): Warning [IsEnoughWorkspace] [GetSolutionsFallback AI] Solver <ConvHipImplicitGemmGroupFwdXdlops>, workspace required: 23773184, provided ptr: 0x76727bfa2000 size: 23511040
MIOpen(HIP): Warning [IsEnoughWorkspace] [GetSolutionsFallback AI] Solver <GemmFwdRest>, workspace required: 164577280, provided ptr: 0x76728206c000 size: 47480832
MIOpen(HIP): Warning [IsEnoughWorkspace] [GetSolutionsFallback AI] Solver <ConvHipImplicitGemmGroupFwdXdlops>, workspace required: 47087616, provided ptr: 0x7672836d8000 size: 47022080
MIOpen(HIP): Warning [IsEnoughWorkspace] [GetSolutionsFallback WTI] Solver <ConvAsmImplicitGemmGTCDynamicBwdXdlopsNHWC>, workspace required: 47153152, provided ptr: 0x76728206c000 size: 47022080
MIOpen(HIP): Warning [IsEnoughWorkspace] [GetSolutionsFallback WTI] Solver <ConvHipImplicitGemmGroupBwdXdlops>, workspace required: 47153152, provided ptr: 0x76728206c000 size: 47022080
MIOpen(HIP): Warning [IsEnoughWorkspace] [GetSolutionsFallback AI] Solver <GemmFwdRest>, workspace required: 164577280, provided ptr: 0x76728206c000 size: 47136768
MIOpen(HIP): Warning [IsEnoughWorkspace] [GetSolutionsFallback AI] Solver <ConvHipImplicitGemmGroupFwdXdlops>, workspace required: 47038464, provided ptr: 0x7672836d8000 size: 47022080
MIOpen(HIP): Warning [IsEnoughWorkspace] [GetSolutionsFallback AI] Solver <GemmFwdRest>, workspace required: 246865920, provided ptr: 0x767284d44000 size: 70561792
MIOpen(HIP): Warning [IsEnoughWorkspace] [GetSolutionsFallback AI] Solver <ConvHipImplicitGemmGroupFwdXdlops>, workspace required: 70537216, provided ptr: 0x767286ee6000 size: 70533120
MIOpen(HIP): Warning [IsEnoughWorkspace] [GetSolutionsFallback AI] Solver <ConvHipImplicitGemmGroupFwdXdlops>, workspace required: 36369664, provided ptr: 0x767279e00000 size: 35267584
MIOpen(HIP): Warning [IsEnoughWorkspace] [GetSolutionsFallback AI] Solver <GemmFwdRest>, workspace required: 246865920, provided ptr: 0x767279e00000 size: 35267584
MIOpen(HIP): Warning [IsEnoughWorkspace] [GetSolutionsFallback AI] Solver <ConvHipImplicitGemmGroupFwdXdlops>, workspace required: 8517632, provided ptr: 0x7671904c0000 size: 1648640
MIOpen(HIP): Warning [IsEnoughWorkspace] [GetSolutionsFallback AI] Solver <ConvAsmImplicitGemmGTCDynamicFwdXdlopsNHWC>, workspace required: 8517632, provided ptr: 0x7671904c0000 size: 1648640
MIOpen(HIP): Warning [IsEnoughWorkspace] [GetSolutionsFallback WTI] Solver <ConvAsmImplicitGemmGTCDynamicBwdXdlopsNHWC>, workspace required: 38264832, provided ptr: 0x767255400000 size: 7536640
MIOpen(HIP): Warning [IsEnoughWorkspace] [GetSolutionsFallback WTI] Solver <ConvHipImplicitGemmGroupBwdXdlops>, workspace required: 38264832, provided ptr: 0x767255400000 size: 7536640
MIOpen(HIP): Warning [IsEnoughWorkspace] [GetSolutionsFallback AI] Solver <GemmFwdRest>, workspace required: 26378240, provided ptr: 0x7673242c0000 size: 14876672
MIOpen(HIP): Warning [IsEnoughWorkspace] [GetSolutionsFallback AI] Solver <GemmFwdRest>, workspace required: 65945600, provided ptr: 0x767279e00000 size: 20676608
MIOpen(HIP): Warning [IsEnoughWorkspace] [GetSolutionsFallback AI] Solver <ConvHipImplicitGemmGroupFwdXdlops>, workspace required: 19103744, provided ptr: 0x76727a6fc000 size: 18841600
MIOpen(HIP): Warning [IsEnoughWorkspace] [GetSolutionsFallback AI] Solver <GemmFwdRest>, workspace required: 131891200, provided ptr: 0x767280a00000 size: 38141952
MIOpen(HIP): Warning [IsEnoughWorkspace] [GetSolutionsFallback AI] Solver <ConvHipImplicitGemmGroupFwdXdlops>, workspace required: 37748736, provided ptr: 0x767280a00000 size: 37683200
MIOpen(HIP): Warning [IsEnoughWorkspace] [GetSolutionsFallback WTI] Solver <ConvAsmImplicitGemmGTCDynamicBwdXdlopsNHWC>, workspace required: 37814272, provided ptr: 0x76727c1f0000 size: 37683200
MIOpen(HIP): Warning [IsEnoughWorkspace] [GetSolutionsFallback WTI] Solver <ConvHipImplicitGemmGroupBwdXdlops>, workspace required: 37814272, provided ptr: 0x76727c1f0000 size: 37683200
MIOpen(HIP): Warning [IsEnoughWorkspace] [GetSolutionsFallback AI] Solver <GemmFwdRest>, workspace required: 131891200, provided ptr: 0x767280a00000 size: 37797888
MIOpen(HIP): Warning [IsEnoughWorkspace] [GetSolutionsFallback AI] Solver <ConvHipImplicitGemmGroupFwdXdlops>, workspace required: 37699584, provided ptr: 0x767280a00000 size: 37683200
MIOpen(HIP): Warning [IsEnoughWorkspace] [GetSolutionsFallback AI] Solver <GemmFwdRest>, workspace required: 197836800, provided ptr: 0x7672824f4000 size: 56553472
MIOpen(HIP): Warning [IsEnoughWorkspace] [GetSolutionsFallback AI] Solver <ConvHipImplicitGemmGroupFwdXdlops>, workspace required: 56528896, provided ptr: 0x767283fe8000 size: 56524800
MIOpen(HIP): Warning [IsEnoughWorkspace] [GetSolutionsFallback AI] Solver <ConvHipImplicitGemmGroupFwdXdlops>, workspace required: 29146624, provided ptr: 0x76727b8f4000 size: 28263424
MIOpen(HIP): Warning [IsEnoughWorkspace] [GetSolutionsFallback AI] Solver <GemmFwdRest>, workspace required: 197836800, provided ptr: 0x76727b8f4000 size: 28263424
MIOpen(HIP): Warning [IsEnoughWorkspace] [GetSolutionsFallback AI] Solver <ConvHipImplicitGemmGroupFwdXdlops>, workspace required: 9172992, provided ptr: 0x7671904c0000 size: 2566144
MIOpen(HIP): Warning [IsEnoughWorkspace] [GetSolutionsFallback AI] Solver <ConvAsmImplicitGemmGTCDynamicFwdXdlopsNHWC>, workspace required: 9172992, provided ptr: 0x7671904c0000 size: 2566144
MIOpen(HIP): Warning [IsEnoughWorkspace] [GetSolutionsFallback WTI] Solver <ConvAsmImplicitGemmGTCDynamicBwdXdlopsNHWC>, workspace required: 40886272, provided ptr: 0x7673242c0000 size: 11730944
MIOpen(HIP): Warning [IsEnoughWorkspace] [GetSolutionsFallback WTI] Solver <ConvHipImplicitGemmGroupBwdXdlops>, workspace required: 40886272, provided ptr: 0x7673242c0000 size: 11730944
MIOpen(HIP): Warning [IsEnoughWorkspace] [GetSolutionsFallback AI] Solver <GemmFwdRest>, workspace required: 41058304, provided ptr: 0x767279e00000 size: 19070976
MIOpen(HIP): Warning [IsEnoughWorkspace] [GetSolutionsFallback AI] Solver <GemmFwdRest>, workspace required: 102645760, provided ptr: 0x76727b9f8000 size: 31162368
MIOpen(HIP): Warning [IsEnoughWorkspace] [GetSolutionsFallback AI] Solver <ConvHipImplicitGemmGroupFwdXdlops>, workspace required: 29589504, provided ptr: 0x76727c7f4000 size: 29327360
MIOpen(HIP): Warning [IsEnoughWorkspace] [GetSolutionsFallback AI] Solver <GemmFwdRest>, workspace required: 205291520, provided ptr: 0x7672825f8000 size: 59113472
MIOpen(HIP): Warning [IsEnoughWorkspace] [GetSolutionsFallback AI] Solver <ConvHipImplicitGemmGroupFwdXdlops>, workspace required: 58720256, provided ptr: 0x7672841f0000 size: 58654720
MIOpen(HIP): Warning [IsEnoughWorkspace] [GetSolutionsFallback WTI] Solver <ConvAsmImplicitGemmGTCDynamicBwdXdlopsNHWC>, workspace required: 58785792, provided ptr: 0x7672825f8000 size: 58654720
MIOpen(HIP): Warning [IsEnoughWorkspace] [GetSolutionsFallback WTI] Solver <ConvHipImplicitGemmGroupBwdXdlops>, workspace required: 58785792, provided ptr: 0x7672825f8000 size: 58654720
MIOpen(HIP): Warning [IsEnoughWorkspace] [GetSolutionsFallback AI] Solver <GemmFwdRest>, workspace required: 205291520, provided ptr: 0x7672841f0000 size: 58769408
MIOpen(HIP): Warning [IsEnoughWorkspace] [GetSolutionsFallback AI] Solver <ConvHipImplicitGemmGroupFwdXdlops>, workspace required: 58671104, provided ptr: 0x767285de8000 size: 58654720
MIOpen(HIP): Warning [IsEnoughWorkspace] [GetSolutionsFallback AI] Solver <GemmFwdRest>, workspace required: 307937280, provided ptr: 0x767285de8000 size: 88010752
MIOpen(HIP): Warning [IsEnoughWorkspace] [GetSolutionsFallback AI] Solver <ConvHipImplicitGemmGroupFwdXdlops>, workspace required: 87986176, provided ptr: 0x7672887dc000 size: 87982080
MIOpen(HIP): Warning [IsEnoughWorkspace] [GetSolutionsFallback AI] Solver <ConvHipImplicitGemmGroupFwdXdlops>, workspace required: 45366784, provided ptr: 0x767279e00000 size: 43992064
MIOpen(HIP): Warning [IsEnoughWorkspace] [GetSolutionsFallback AI] Solver <GemmFwdRest>, workspace required: 307937280, provided ptr: 0x767279e00000 size: 43992064
MIOpen(HIP): Warning [IsEnoughWorkspace] [GetSolutionsFallback AI] Solver <ConvHipImplicitGemmGroupFwdXdlops>, workspace required: 8609792, provided ptr: 0x7671904c0000 size: 1777664
MIOpen(HIP): Warning [IsEnoughWorkspace] [GetSolutionsFallback AI] Solver <ConvAsmImplicitGemmGTCDynamicFwdXdlopsNHWC>, workspace required: 8609792, provided ptr: 0x7671904c0000 size: 1777664
MIOpen(HIP): Warning [IsEnoughWorkspace] [GetSolutionsFallback WTI] Solver <ConvAsmImplicitGemmGTCDynamicBwdXdlopsNHWC>, workspace required: 38633472, provided ptr: 0x767255400000 size: 8126464
MIOpen(HIP): Warning [IsEnoughWorkspace] [GetSolutionsFallback WTI] Solver <ConvHipImplicitGemmGroupBwdXdlops>, workspace required: 38633472, provided ptr: 0x767255400000 size: 8126464
MIOpen(HIP): Warning [IsEnoughWorkspace] [GetSolutionsFallback AI] Solver <GemmFwdRest>, workspace required: 28442624, provided ptr: 0x7673242c0000 size: 15466496
MIOpen(HIP): Warning [IsEnoughWorkspace] [GetSolutionsFallback AI] Solver <GemmFwdRest>, workspace required: 71106560, provided ptr: 0x767279e00000 size: 22151168
MIOpen(HIP): Warning [IsEnoughWorkspace] [GetSolutionsFallback AI] Solver <ConvHipImplicitGemmGroupFwdXdlops>, workspace required: 20578304, provided ptr: 0x76727a7b0000 size: 20316160
MIOpen(HIP): Warning [IsEnoughWorkspace] [GetSolutionsFallback AI] Solver <GemmFwdRest>, workspace required: 142213120, provided ptr: 0x767280a00000 size: 41091072
MIOpen(HIP): Warning [IsEnoughWorkspace] [GetSolutionsFallback AI] Solver <ConvHipImplicitGemmGroupFwdXdlops>, workspace required: 40697856, provided ptr: 0x767281d60000 size: 40632320
MIOpen(HIP): Warning [IsEnoughWorkspace] [GetSolutionsFallback WTI] Solver <ConvAsmImplicitGemmGTCDynamicBwdXdlopsNHWC>, workspace required: 40763392, provided ptr: 0x767280a00000 size: 40632320
MIOpen(HIP): Warning [IsEnoughWorkspace] [GetSolutionsFallback WTI] Solver <ConvHipImplicitGemmGroupBwdXdlops>, workspace required: 40763392, provided ptr: 0x767280a00000 size: 40632320
MIOpen(HIP): Warning [IsEnoughWorkspace] [GetSolutionsFallback AI] Solver <GemmFwdRest>, workspace required: 142213120, provided ptr: 0x767280a00000 size: 40747008
MIOpen(HIP): Warning [IsEnoughWorkspace] [GetSolutionsFallback AI] Solver <ConvHipImplicitGemmGroupFwdXdlops>, workspace required: 40648704, provided ptr: 0x767281d60000 size: 40632320
MIOpen(HIP): Warning [IsEnoughWorkspace] [GetSolutionsFallback AI] Solver <GemmFwdRest>, workspace required: 213319680, provided ptr: 0x767284420000 size: 60977152
MIOpen(HIP): Warning [IsEnoughWorkspace] [GetSolutionsFallback AI] Solver <ConvHipImplicitGemmGroupFwdXdlops>, workspace required: 60952576, provided ptr: 0x767286130000 size: 60948480
MIOpen(HIP): Warning [IsEnoughWorkspace] [GetSolutionsFallback AI] Solver <ConvHipImplicitGemmGroupFwdXdlops>, workspace required: 31427584, provided ptr: 0x76727bb10000 size: 30475264
MIOpen(HIP): Warning [IsEnoughWorkspace] [GetSolutionsFallback AI] Solver <GemmFwdRest>, workspace required: 213319680, provided ptr: 0x76727bb10000 size: 30475264
[0;36m(APIServer pid=23472)[0;0m [32mINFO[0m [90m10-07 15:20:42[0m [90m[stats.py:902][0m [OmniTiming] req=speech-946c10f3ea6d4f27-834fdb10 total=5.41s engine=5.41s stages=[0:5.41s]
INFO:     127.0.0.1:60618 - "POST /v1/audio/speech HTTP/1.1" 200 OK
[0;36m(APIServer pid=23472)[0;0m [32mINFO[0m [90m10-07 15:20:42[0m [90m[serving_speech.py:2423][0m Diffusion TTS speech request speech-ade978d633e94ec2: voice_clone=False
[0;36m(APIServer pid=23472)[0;0m [32mINFO[0m [90m10-07 15:20:42[0m [90m[serving_speech.py:2471][0m Applied diffusion speech params: seed=42 extra_params={}
[0;36m(APIServer pid=23472)[0;0m [32mINFO[0m [90m10-07 15:20:42[0m [90m[diffusion_engine.py:764][0m [RequestBatch] admission wait done waiting=1 max_batch=8 waited_ms=2.1
MIOpen(HIP): Warning [IsEnoughWorkspace] [GetSolutionsFallback AI] Solver <ConvHipImplicitGemmGroupFwdXdlops>, workspace required: 8850432, provided ptr: 0x7671904c0000 size: 2114560
MIOpen(HIP): Warning [IsEnoughWorkspace] [GetSolutionsFallback AI] Solver <ConvAsmImplicitGemmGTCDynamicFwdXdlopsNHWC>, workspace required: 8850432, provided ptr: 0x7671904c0000 size: 2114560
MIOpen(HIP): Warning [IsEnoughWorkspace] [GetSolutionsFallback WTI] Solver <ConvAsmImplicitGemmGTCDynamicBwdXdlopsNHWC>, workspace required: 39596032, provided ptr: 0x767255400000 size: 9666560
MIOpen(HIP): Warning [IsEnoughWorkspace] [GetSolutionsFallback WTI] Solver <ConvHipImplicitGemmGroupBwdXdlops>, workspace required: 39596032, provided ptr: 0x767255400000 size: 9666560
MIOpen(HIP): Warning [IsEnoughWorkspace] [GetSolutionsFallback AI] Solver <GemmFwdRest>, workspace required: 33832960, provided ptr: 0x7673242c0000 size: 17006592
MIOpen(HIP): Warning [IsEnoughWorkspace] [GetSolutionsFallback AI] Solver <GemmFwdRest>, workspace required: 84582400, provided ptr: 0x76727b50c000 size: 26001408
MIOpen(HIP): Warning [IsEnoughWorkspace] [GetSolutionsFallback AI] Solver <ConvHipImplicitGemmGroupFwdXdlops>, workspace required: 24428544, provided ptr: 0x76727c092000 size: 24166400
MIOpen(HIP): Warning [IsEnoughWorkspace] [GetSolutionsFallback AI] Solver <GemmFwdRest>, workspace required: 169164800, provided ptr: 0x76728210c000 size: 48791552
MIOpen(HIP): Warning [IsEnoughWorkspace] [GetSolutionsFallback AI] Solver <ConvHipImplicitGemmGroupFwdXdlops>, workspace required: 48398336, provided ptr: 0x767283818000 size: 48332800
MIOpen(HIP): Warning [IsEnoughWorkspace] [GetSolutionsFallback WTI] Solver <ConvAsmImplicitGemmGTCDynamicBwdXdlopsNHWC>, workspace required: 48463872, provided ptr: 0x76728210c000 size: 48332800
MIOpen(HIP): Warning [IsEnoughWorkspace] [GetSolutionsFallback WTI] Solver <ConvHipImplicitGemmGroupBwdXdlops>, workspace required: 48463872, provided ptr: 0x76728210c000 size: 48332800
MIOpen(HIP): Warning [IsEnoughWorkspace] [GetSolutionsFallback AI] Solver <GemmFwdRest>, workspace required: 169164800, provided ptr: 0x76728210c000 size: 48447488
MIOpen(HIP): Warning [IsEnoughWorkspace] [GetSolutionsFallback AI] Solver <ConvHipImplicitGemmGroupFwdXdlops>, workspace required: 48349184, provided ptr: 0x767283818000 size: 48332800
MIOpen(HIP): Warning [IsEnoughWorkspace] [GetSolutionsFallback AI] Solver <GemmFwdRest>, workspace required: 253747200, provided ptr: 0x767284f24000 size: 72527872
MIOpen(HIP): Warning [IsEnoughWorkspace] [GetSolutionsFallback AI] Solver <ConvHipImplicitGemmGroupFwdXdlops>, workspace required: 72503296, provided ptr: 0x7672871b6000 size: 72499200
MIOpen(HIP): Warning [IsEnoughWorkspace] [GetSolutionsFallback AI] Solver <ConvHipImplicitGemmGroupFwdXdlops>, workspace required: 37383424, provided ptr: 0x767279e00000 size: 36250624
MIOpen(HIP): Warning [IsEnoughWorkspace] [GetSolutionsFallback AI] Solver <GemmFwdRest>, workspace required: 253747200, provided ptr: 0x767279e00000 size: 36250624
MIOpen(HIP): Warning [IsEnoughWorkspace] [GetSolutionsFallback AI] Solver <ConvHipImplicitGemmGroupFwdXdlops>, workspace required: 8901632, provided ptr: 0x7671904c0000 size: 2186240
MIOpen(HIP): Warning [IsEnoughWorkspace] [GetSolutionsFallback AI] Solver <ConvAsmImplicitGemmGTCDynamicFwdXdlopsNHWC>, workspace required: 8901632, provided ptr: 0x7671904c0000 size: 2186240
MIOpen(HIP): Warning [IsEnoughWorkspace] [GetSolutionsFallback WTI] Solver <ConvAsmImplicitGemmGTCDynamicBwdXdlopsNHWC>, workspace required: 39800832, provided ptr: 0x767255400000 size: 9994240
MIOpen(HIP): Warning [IsEnoughWorkspace] [GetSolutionsFallback WTI] Solver <ConvHipImplicitGemmGroupBwdXdlops>, workspace required: 39800832, provided ptr: 0x767255400000 size: 9994240
MIOpen(HIP): Warning [IsEnoughWorkspace] [GetSolutionsFallback AI] Solver <GemmFwdRest>, workspace required: 34979840, provided ptr: 0x7673242c0000 size: 17334272
MIOpen(HIP): Warning [IsEnoughWorkspace] [GetSolutionsFallback AI] Solver <GemmFwdRest>, workspace required: 87449600, provided ptr: 0x76727b5d4000 size: 26820608
MIOpen(HIP): Warning [IsEnoughWorkspace] [GetSolutionsFallback AI] Solver <ConvHipImplicitGemmGroupFwdXdlops>, workspace required: 25247744, provided ptr: 0x76727c1be000 size: 24985600
MIOpen(HIP): Warning [IsEnoughWorkspace] [GetSolutionsFallback AI] Solver <GemmFwdRest>, workspace required: 174899200, provided ptr: 0x7672821d4000 size: 50429952
MIOpen(HIP): Warning [IsEnoughWorkspace] [GetSolutionsFallback AI] Solver <ConvHipImplicitGemmGroupFwdXdlops>, workspace required: 50036736, provided ptr: 0x7672839a8000 size: 49971200
MIOpen(HIP): Warning [IsEnoughWorkspace] [GetSolutionsFallback WTI] Solver <ConvAsmImplicitGemmGTCDynamicBwdXdlopsNHWC>, workspace required: 50102272, provided ptr: 0x7672821d4000 size: 49971200
MIOpen(HIP): Warning [IsEnoughWorkspace] [GetSolutionsFallback WTI] Solver <ConvHipImplicitGemmGroupBwdXdlops>, workspace required: 50102272, provided ptr: 0x7672821d4000 size: 49971200
MIOpen(HIP): Warning [IsEnoughWorkspace] [GetSolutionsFallback AI] Solver <GemmFwdRest>, workspace required: 174899200, provided ptr: 0x7672821d4000 size: 50085888
MIOpen(HIP): Warning [IsEnoughWorkspace] [GetSolutionsFallback AI] Solver <ConvHipImplicitGemmGroupFwdXdlops>, workspace required: 49987584, provided ptr: 0x7672839a8000 size: 49971200
MIOpen(HIP): Warning [IsEnoughWorkspace] [GetSolutionsFallback AI] Solver <GemmFwdRest>, workspace required: 262348800, provided ptr: 0x76728517c000 size: 74985472
MIOpen(HIP): Warning [IsEnoughWorkspace] [GetSolutionsFallback AI] Solver <ConvHipImplicitGemmGroupFwdXdlops>, workspace required: 74960896, provided ptr: 0x76728753a000 size: 74956800
MIOpen(HIP): Warning [IsEnoughWorkspace] [GetSolutionsFallback AI] Solver <ConvHipImplicitGemmGroupFwdXdlops>, workspace required: 38650624, provided ptr: 0x767279e00000 size: 37479424
MIOpen(HIP): Warning [IsEnoughWorkspace] [GetSolutionsFallback AI] Solver <GemmFwdRest>, workspace required: 262348800, provided ptr: 0x767279e00000 size: 37479424
MIOpen(HIP): Warning [IsEnoughWorkspace] [GetSolutionsFallback AI] Solver <ConvHipImplicitGemmGroupFwdXdlops>, workspace required: 9270272, provided ptr: 0x7671904c0000 size: 2702336
MIOpen(HIP): Warning [IsEnoughWorkspace] [GetSolutionsFallback AI] Solver <ConvAsmImplicitGemmGTCDynamicFwdXdlopsNHWC>, workspace required: 9270272, provided ptr: 0x7671904c0000 size: 2702336
MIOpen(HIP): Warning [IsEnoughWorkspace] [GetSolutionsFallback WTI] Solver <ConvAsmImplicitGemmGTCDynamicBwdXdlopsNHWC>, workspace required: 41275392, provided ptr: 0x7673242c0000 size: 12353536
MIOpen(HIP): Warning [IsEnoughWorkspace] [GetSolutionsFallback WTI] Solver <ConvHipImplicitGemmGroupBwdXdlops>, workspace required: 41275392, provided ptr: 0x7673242c0000 size: 12353536
MIOpen(HIP): Warning [IsEnoughWorkspace] [GetSolutionsFallback AI] Solver <GemmFwdRest>, workspace required: 43237376, provided ptr: 0x767279e00000 size: 19693568
MIOpen(HIP): Warning [IsEnoughWorkspace] [GetSolutionsFallback AI] Solver <GemmFwdRest>, workspace required: 108093440, provided ptr: 0x76727bb74000 size: 32718848
MIOpen(HIP): Warning [IsEnoughWorkspace] [GetSolutionsFallback AI] Solver <ConvHipImplicitGemmGroupFwdXdlops>, workspace required: 31145984, provided ptr: 0x76727ca2e000 size: 30883840
MIOpen(HIP): Warning [IsEnoughWorkspace] [GetSolutionsFallback AI] Solver <GemmFwdRest>, workspace required: 216186880, provided ptr: 0x767282774000 size: 62226432
MIOpen(HIP): Warning [IsEnoughWorkspace] [GetSolutionsFallback AI] Solver <ConvHipImplicitGemmGroupFwdXdlops>, workspace required: 61833216, provided ptr: 0x7672844e8000 size: 61767680
MIOpen(HIP): Warning [IsEnoughWorkspace] [GetSolutionsFallback WTI] Solver <ConvAsmImplicitGemmGTCDynamicBwdXdlopsNHWC>, workspace required: 61898752, provided ptr: 0x767282774000 size: 61767680
MIOpen(HIP): Warning [IsEnoughWorkspace] [GetSolutionsFallback WTI] Solver <ConvHipImplicitGemmGroupBwdXdlops>, workspace required: 61898752, provided ptr: 0x767282774000 size: 61767680
MIOpen(HIP): Warning [IsEnoughWorkspace] [GetSolutionsFallback AI] Solver <GemmFwdRest>, workspace required: 216186880, provided ptr: 0x7672844e8000 size: 61882368
MIOpen(HIP): Warning [IsEnoughWorkspace] [GetSolutionsFallback AI] Solver <ConvHipImplicitGemmGroupFwdXdlops>, workspace required: 61784064, provided ptr: 0x76728625c000 size: 61767680
MIOpen(HIP): Warning [IsEnoughWorkspace] [GetSolutionsFallback AI] Solver <GemmFwdRest>, workspace required: 324280320, provided ptr: 0x76728625c000 size: 92680192
MIOpen(HIP): Warning [IsEnoughWorkspace] [GetSolutionsFallback AI] Solver <ConvHipImplicitGemmGroupFwdXdlops>, workspace required: 92655616, provided ptr: 0x767288e8a000 size: 92651520
MIOpen(HIP): Warning [IsEnoughWorkspace] [GetSolutionsFallback AI] Solver <ConvHipImplicitGemmGroupFwdXdlops>, workspace required: 47774464, provided ptr: 0x767279e00000 size: 46326784
MIOpen(HIP): Warning [IsEnoughWorkspace] [GetSolutionsFallback AI] Solver <GemmFwdRest>, workspace required: 324280320, provided ptr: 0x767279e00000 size: 46326784
MIOpen(HIP): Warning [IsEnoughWorkspace] [GetSolutionsFallback AI] Solver <ConvHipImplicitGemmGroupFwdXdlops>, workspace required: 8691712, provided ptr: 0x7671904c0000 size: 1892352
MIOpen(HIP): Warning [IsEnoughWorkspace] [GetSolutionsFallback AI] Solver <ConvAsmImplicitGemmGTCDynamicFwdXdlopsNHWC>, workspace required: 8691712, provided ptr: 0x7671904c0000 size: 1892352
MIOpen(HIP): Warning [IsEnoughWorkspace] [GetSolutionsFallback WTI] Solver <ConvAsmImplicitGemmGTCDynamicBwdXdlopsNHWC>, workspace required: 38961152, provided ptr: 0x767255400000 size: 8650752
MIOpen(HIP): Warning [IsEnoughWorkspace] [GetSolutionsFallback WTI] Solver <ConvHipImplicitGemmGroupBwdXdlops>, workspace required: 38961152, provided ptr: 0x767255400000 size: 8650752
MIOpen(HIP): Warning [IsEnoughWorkspace] [GetSolutionsFallback AI] Solver <GemmFwdRest>, workspace required: 30277632, provided ptr: 0x7673242c0000 size: 15990784
MIOpen(HIP): Warning [IsEnoughWorkspace] [GetSolutionsFallback AI] Solver <GemmFwdRest>, workspace required: 75694080, provided ptr: 0x76727a850000 size: 23461888
MIOpen(HIP): Warning [IsEnoughWorkspace] [GetSolutionsFallback AI] Solver <ConvHipImplicitGemmGroupFwdXdlops>, workspace required: 21889024, provided ptr: 0x76727b2a0000 size: 21626880
MIOpen(HIP): Warning [IsEnoughWorkspace] [GetSolutionsFallback AI] Solver <GemmFwdRest>, workspace required: 151388160, provided ptr: 0x767280a00000 size: 43712512
MIOpen(HIP): Warning [IsEnoughWorkspace] [GetSolutionsFallback AI] Solver <ConvHipImplicitGemmGroupFwdXdlops>, workspace required: 43319296, provided ptr: 0x767280a00000 size: 43253760
MIOpen(HIP): Warning [IsEnoughWorkspace] [GetSolutionsFallback WTI] Solver <ConvAsmImplicitGemmGTCDynamicBwdXdlopsNHWC>, workspace required: 43384832, provided ptr: 0x767280a00000 size: 43253760
MIOpen(HIP): Warning [IsEnoughWorkspace] [GetSolutionsFallback WTI] Solver <ConvHipImplicitGemmGroupBwdXdlops>, workspace required: 43384832, provided ptr: 0x767280a00000 size: 43253760
MIOpen(HIP): Warning [IsEnoughWorkspace] [GetSolutionsFallback AI] Solver <GemmFwdRest>, workspace required: 151388160, provided ptr: 0x767280a00000 size: 43368448
MIOpen(HIP): Warning [IsEnoughWorkspace] [GetSolutionsFallback AI] Solver <ConvHipImplicitGemmGroupFwdXdlops>, workspace required: 43270144, provided ptr: 0x767281ea0000 size: 43253760
MIOpen(HIP): Warning [IsEnoughWorkspace] [GetSolutionsFallback AI] Solver <GemmFwdRest>, workspace required: 227082240, provided ptr: 0x7672847e0000 size: 64909312
MIOpen(HIP): Warning [IsEnoughWorkspace] [GetSolutionsFallback AI] Solver <ConvHipImplicitGemmGroupFwdXdlops>, workspace required: 64884736, provided ptr: 0x7672866d0000 size: 64880640
MIOpen(HIP): Warning [IsEnoughWorkspace] [GetSolutionsFallback AI] Solver <ConvHipImplicitGemmGroupFwdXdlops>, workspace required: 33455104, provided ptr: 0x76727bcf0000 size: 32441344
MIOpen(HIP): Warning [IsEnoughWorkspace] [GetSolutionsFallback AI] Solver <GemmFwdRest>, workspace required: 227082240, provided ptr: 0x76727bcf0000 size: 32441344
MIOpen(HIP): Warning [IsEnoughWorkspace] [GetSolutionsFallback AI] Solver <ConvHipImplicitGemmGroupFwdXdlops>, workspace required: 7985152, provided ptr: 0x7671f9600000 size: 903168
MIOpen(HIP): Warning [IsEnoughWorkspace] [GetSolutionsFallback AI] Solver <ConvAsmImplicitGemmGTCDynamicFwdXdlopsNHWC>, workspace required: 7985152, provided ptr: 0x7671f9600000 size: 903168
MIOpen(HIP): Warning [IsEnoughWorkspace] [GetSolutionsFallback WTI] Solver <ConvAsmImplicitGemmGTCDynamicBwdXdlopsNHWC>, workspace required: 36134912, provided ptr: 0x767193c00000 size: 4128768
MIOpen(HIP): Warning [IsEnoughWorkspace] [GetSolutionsFallback WTI] Solver <ConvHipImplicitGemmGroupBwdXdlops>, workspace required: 36134912, provided ptr: 0x767193c00000 size: 4128768
MIOpen(HIP): Warning [IsEnoughWorkspace] [GetSolutionsFallback AI] Solver <GemmFwdRest>, workspace required: 14450688, provided ptr: 0x767255400000 size: 11468800
MIOpen(HIP): Warning [IsEnoughWorkspace] [GetSolutionsFallback WTI] Solver <ConvAsmImplicitGemmGTCDynamicBwdXdlopsNHWC>, workspace required: 12468224, provided ptr: 0x7673242c0000 size: 10321920
MIOpen(HIP): Warning [IsEnoughWorkspace] [GetSolutionsFallback WTI] Solver <ConvHipImplicitGemmGroupBwdXdlops>, workspace required: 12468224, provided ptr: 0x7673242c0000 size: 10321920
MIOpen(HIP): Warning [IsEnoughWorkspace] [GetSolutionsFallback AI] Solver <GemmFwdRest>, workspace required: 36126720, provided ptr: 0x7673247ac000 size: 12156928
MIOpen(HIP): Warning [IsEnoughWorkspace] [GetSolutionsFallback AI] Solver <ConvHipImplicitGemmGroupFwdXdlops>, workspace required: 10584064, provided ptr: 0x767324c98000 size: 10321920
MIOpen(HIP): Warning [IsEnoughWorkspace] [GetSolutionsFallback AI] Solver <GemmFwdRest>, workspace required: 72253440, provided ptr: 0x76727a7d8000 size: 21102592
MIOpen(HIP): Warning [IsEnoughWorkspace] [GetSolutionsFallback AI] Solver <ConvHipImplicitGemmGroupFwdXdlops>, workspace required: 20709376, provided ptr: 0x76727b1b0000 size: 20643840
MIOpen(HIP): Warning [IsEnoughWorkspace] [GetSolutionsFallback WTI] Solver <ConvAsmImplicitGemmGTCDynamicBwdXdlopsNHWC>, workspace required: 20774912, provided ptr: 0x76727a7d8000 size: 20643840
MIOpen(HIP): Warning [IsEnoughWorkspace] [GetSolutionsFallback WTI] Solver <ConvHipImplicitGemmGroupBwdXdlops>, workspace required: 20774912, provided ptr: 0x76727a7d8000 size: 20643840
MIOpen(HIP): Warning [IsEnoughWorkspace] [GetSolutionsFallback AI] Solver <GemmFwdRest>, workspace required: 72253440, provided ptr: 0x76727a7d8000 size: 20758528
MIOpen(HIP): Warning [IsEnoughWorkspace] [GetSolutionsFallback AI] Solver <ConvHipImplicitGemmGroupFwdXdlops>, workspace required: 20660224, provided ptr: 0x76727b1b0000 size: 20643840
MIOpen(HIP): Warning [IsEnoughWorkspace] [GetSolutionsFallback AI] Solver <GemmFwdRest>, workspace required: 108380160, provided ptr: 0x76727ca4c000 size: 30994432
MIOpen(HIP): Warning [IsEnoughWorkspace] [GetSolutionsFallback AI] Solver <ConvHipImplicitGemmGroupFwdXdlops>, workspace required: 30969856, provided ptr: 0x767280a00000 size: 30965760
MIOpen(HIP): Warning [IsEnoughWorkspace] [GetSolutionsFallback AI] Solver <ConvHipImplicitGemmGroupFwdXdlops>, workspace required: 15967744, provided ptr: 0x767279e00000 size: 15483904
MIOpen(HIP): Warning [IsEnoughWorkspace] [GetSolutionsFallback AI] Solver <GemmFwdRest>, workspace required: 108380160, provided ptr: 0x767279e00000 size: 15483904
[0;36m(APIServer pid=23472)[0;0m [32mINFO[0m [90m10-07 15:20:47[0m [90m[stats.py:902][0m [OmniTiming] req=speech-ade978d633e94ec2-a55e5943 total=5.04s engine=5.04s stages=[0:5.04s]
INFO:     127.0.0.1:60618 - "POST /v1/audio/speech HTTP/1.1" 200 OK
[0;36m(APIServer pid=23472)[0;0m [32mINFO[0m [90m10-07 15:20:47[0m [90m[serving_speech.py:2423][0m Diffusion TTS speech request speech-8826f5ff918e2082: voice_clone=False
[0;36m(APIServer pid=23472)[0;0m [32mINFO[0m [90m10-07 15:20:47[0m [90m[serving_speech.py:2471][0m Applied diffusion speech params: seed=42 extra_params={}
[0;36m(APIServer pid=23472)[0;0m [32mINFO[0m [90m10-07 15:20:47[0m [90m[diffusion_engine.py:764][0m [RequestBatch] admission wait done waiting=1 max_batch=8 waited_ms=2.1
MIOpen(HIP): Warning [IsEnoughWorkspace] [GetSolutionsFallback AI] Solver <ConvHipImplicitGemmGroupFwdXdlops>, workspace required: 9019392, provided ptr: 0x7671904c0000 size: 2351104
MIOpen(HIP): Warning [IsEnoughWorkspace] [GetSolutionsFallback AI] Solver <ConvAsmImplicitGemmGTCDynamicFwdXdlopsNHWC>, workspace required: 9019392, provided ptr: 0x7671904c0000 size: 2351104
MIOpen(HIP): Warning [IsEnoughWorkspace] [GetSolutionsFallback WTI] Solver <ConvAsmImplicitGemmGTCDynamicBwdXdlopsNHWC>, workspace required: 40271872, provided ptr: 0x7673242c0000 size: 10747904
MIOpen(HIP): Warning [IsEnoughWorkspace] [GetSolutionsFallback WTI] Solver <ConvHipImplicitGemmGroupBwdXdlops>, workspace required: 40271872, provided ptr: 0x7673242c0000 size: 10747904
MIOpen(HIP): Warning [IsEnoughWorkspace] [GetSolutionsFallback AI] Solver <GemmFwdRest>, workspace required: 37617664, provided ptr: 0x767279e00000 size: 18087936
MIOpen(HIP): Warning [IsEnoughWorkspace] [GetSolutionsFallback AI] Solver <GemmFwdRest>, workspace required: 94044160, provided ptr: 0x76727aad0000 size: 28704768
MIOpen(HIP): Warning [IsEnoughWorkspace] [GetSolutionsFallback AI] Solver <ConvHipImplicitGemmGroupFwdXdlops>, workspace required: 27131904, provided ptr: 0x76727b7a0000 size: 26869760
MIOpen(HIP): Warning [IsEnoughWorkspace] [GetSolutionsFallback AI] Solver <GemmFwdRest>, workspace required: 188088320, provided ptr: 0x7672823a0000 size: 54198272
MIOpen(HIP): Warning [IsEnoughWorkspace] [GetSolutionsFallback AI] Solver <ConvHipImplicitGemmGroupFwdXdlops>, workspace required: 53805056, provided ptr: 0x767283d40000 size: 53739520
MIOpen(HIP): Warning [IsEnoughWorkspace] [GetSolutionsFallback WTI] Solver <ConvAsmImplicitGemmGTCDynamicBwdXdlopsNHWC>, workspace required: 53870592, provided ptr: 0x7672823a0000 size: 53739520
MIOpen(HIP): Warning [IsEnoughWorkspace] [GetSolutionsFallback WTI] Solver <ConvHipImplicitGemmGroupBwdXdlops>, workspace required: 53870592, provided ptr: 0x7672823a0000 size: 53739520
MIOpen(HIP): Warning [IsEnoughWorkspace] [GetSolutionsFallback AI] Solver <GemmFwdRest>, workspace required: 188088320, provided ptr: 0x767283d40000 size: 53854208
MIOpen(HIP): Warning [IsEnoughWorkspace] [GetSolutionsFallback AI] Solver <ConvHipImplicitGemmGroupFwdXdlops>, workspace required: 53755904, provided ptr: 0x7672856e0000 size: 53739520
MIOpen(HIP): Warning [IsEnoughWorkspace] [GetSolutionsFallback AI] Solver <GemmFwdRest>, workspace required: 282132480, provided ptr: 0x7672856e0000 size: 80637952
MIOpen(HIP): Warning [IsEnoughWorkspace] [GetSolutionsFallback AI] Solver <ConvHipImplicitGemmGroupFwdXdlops>, workspace required: 80613376, provided ptr: 0x767287d50000 size: 80609280
MIOpen(HIP): Warning [IsEnoughWorkspace] [GetSolutionsFallback AI] Solver <ConvHipImplicitGemmGroupFwdXdlops>, workspace required: 41565184, provided ptr: 0x767279e00000 size: 40305664
MIOpen(HIP): Warning [IsEnoughWorkspace] [GetSolutionsFallback AI] Solver <GemmFwdRest>, workspace required: 282132480, provided ptr: 0x767279e00000 size: 40305664
MIOpen(HIP): Warning [IsEnoughWorkspace] [GetSolutionsFallback AI] Solver <ConvHipImplicitGemmGroupFwdXdlops>, workspace required: 7959552, provided ptr: 0x7671f9600000 size: 867328
MIOpen(HIP): Warning [IsEnoughWorkspace] [GetSolutionsFallback AI] Solver <ConvAsmImplicitGemmGTCDynamicFwdXdlopsNHWC>, workspace required: 7959552, provided ptr: 0x7671f9600000 size: 867328
MIOpen(HIP): Warning [IsEnoughWorkspace] [GetSolutionsFallback WTI] Solver <ConvAsmImplicitGemmGTCDynamicBwdXdlopsNHWC>, workspace required: 36032512, provided ptr: 0x767193c00000 size: 3964928
MIOpen(HIP): Warning [IsEnoughWorkspace] [GetSolutionsFallback WTI] Solver <ConvHipImplicitGemmGroupBwdXdlops>, workspace required: 36032512, provided ptr: 0x767193c00000 size: 3964928
MIOpen(HIP): Warning [IsEnoughWorkspace] [GetSolutionsFallback AI] Solver <GemmFwdRest>, workspace required: 13877248, provided ptr: 0x767255400000 size: 11304960
MIOpen(HIP): Warning [IsEnoughWorkspace] [GetSolutionsFallback WTI] Solver <ConvAsmImplicitGemmGTCDynamicBwdXdlopsNHWC>, workspace required: 12181504, provided ptr: 0x7673242c0000 size: 9912320
MIOpen(HIP): Warning [IsEnoughWorkspace] [GetSolutionsFallback WTI] Solver <ConvHipImplicitGemmGroupBwdXdlops>, workspace required: 12181504, provided ptr: 0x7673242c0000 size: 9912320
MIOpen(HIP): Warning [IsEnoughWorkspace] [GetSolutionsFallback AI] Solver <GemmFwdRest>, workspace required: 34693120, provided ptr: 0x76732477a000 size: 11747328
MIOpen(HIP): Warning [IsEnoughWorkspace] [GetSolutionsFallback AI] Solver <ConvHipImplicitGemmGroupFwdXdlops>, workspace required: 10174464, provided ptr: 0x767324c34000 size: 9912320
MIOpen(HIP): Warning [IsEnoughWorkspace] [GetSolutionsFallback AI] Solver <GemmFwdRest>, workspace required: 69386240, provided ptr: 0x76727a774000 size: 20283392
MIOpen(HIP): Warning [IsEnoughWorkspace] [GetSolutionsFallback AI] Solver <ConvHipImplicitGemmGroupFwdXdlops>, workspace required: 19890176, provided ptr: 0x76727b0e8000 size: 19824640
MIOpen(HIP): Warning [IsEnoughWorkspace] [GetSolutionsFallback WTI] Solver <ConvAsmImplicitGemmGTCDynamicBwdXdlopsNHWC>, workspace required: 19955712, provided ptr: 0x76727a774000 size: 19824640
MIOpen(HIP): Warning [IsEnoughWorkspace] [GetSolutionsFallback WTI] Solver <ConvHipImplicitGemmGroupBwdXdlops>, workspace required: 19955712, provided ptr: 0x76727a774000 size: 19824640
MIOpen(HIP): Warning [IsEnoughWorkspace] [GetSolutionsFallback AI] Solver <GemmFwdRest>, workspace required: 69386240, provided ptr: 0x76727a774000 size: 19939328
MIOpen(HIP): Warning [IsEnoughWorkspace] [GetSolutionsFallback AI] Solver <ConvHipImplicitGemmGroupFwdXdlops>, workspace required: 19841024, provided ptr: 0x76727b0e8000 size: 19824640
MIOpen(HIP): Warning [IsEnoughWorkspace] [GetSolutionsFallback AI] Solver <GemmFwdRest>, workspace required: 104079360, provided ptr: 0x76727c88a000 size: 29765632
MIOpen(HIP): Warning [IsEnoughWorkspace] [GetSolutionsFallback AI] Solver <ConvHipImplicitGemmGroupFwdXdlops>, workspace required: 29741056, provided ptr: 0x767280a00000 size: 29736960
MIOpen(HIP): Warning [IsEnoughWorkspace] [GetSolutionsFallback AI] Solver <ConvHipImplicitGemmGroupFwdXdlops>, workspace required: 15334144, provided ptr: 0x767279e00000 size: 14869504
MIOpen(HIP): Warning [IsEnoughWorkspace] [GetSolutionsFallback AI] Solver <GemmFwdRest>, workspace required: 104079360, provided ptr: 0x767279e00000 size: 14869504
MIOpen(HIP): Warning [IsEnoughWorkspace] [GetSolutionsFallback AI] Solver <ConvHipImplicitGemmGroupFwdXdlops>, workspace required: 8942592, provided ptr: 0x7671904c0000 size: 2243584
MIOpen(HIP): Warning [IsEnoughWorkspace] [GetSolutionsFallback AI] Solver <ConvAsmImplicitGemmGTCDynamicFwdXdlopsNHWC>, workspace required: 8942592, provided ptr: 0x7671904c0000 size: 2243584
MIOpen(HIP): Warning [IsEnoughWorkspace] [GetSolutionsFallback WTI] Solver <ConvAsmImplicitGemmGTCDynamicBwdXdlopsNHWC>, workspace required: 39964672, provided ptr: 0x767255400000 size: 10256384
MIOpen(HIP): Warning [IsEnoughWorkspace] [GetSolutionsFallback WTI] Solver <ConvHipImplicitGemmGroupBwdXdlops>, workspace required: 39964672, provided ptr: 0x767255400000 size: 10256384
MIOpen(HIP): Warning [IsEnoughWorkspace] [GetSolutionsFallback AI] Solver <GemmFwdRest>, workspace required: 35897344, provided ptr: 0x7673242c0000 size: 17596416
MIOpen(HIP): Warning [IsEnoughWorkspace] [GetSolutionsFallback AI] Solver <GemmFwdRest>, workspace required: 89743360, provided ptr: 0x76727b674000 size: 27475968
MIOpen(HIP): Warning [IsEnoughWorkspace] [GetSolutionsFallback AI] Solver <ConvHipImplicitGemmGroupFwdXdlops>, workspace required: 25903104, provided ptr: 0x76727c2ae000 size: 25640960
MIOpen(HIP): Warning [IsEnoughWorkspace] [GetSolutionsFallback AI] Solver <GemmFwdRest>, workspace required: 179486720, provided ptr: 0x767282274000 size: 51740672
MIOpen(HIP): Warning [IsEnoughWorkspace] [GetSolutionsFallback AI] Solver <ConvHipImplicitGemmGroupFwdXdlops>, workspace required: 51347456, provided ptr: 0x767283ae8000 size: 51281920
MIOpen(HIP): Warning [IsEnoughWorkspace] [GetSolutionsFallback WTI] Solver <ConvAsmImplicitGemmGTCDynamicBwdXdlopsNHWC>, workspace required: 51412992, provided ptr: 0x767282274000 size: 51281920
MIOpen(HIP): Warning [IsEnoughWorkspace] [GetSolutionsFallback WTI] Solver <ConvHipImplicitGemmGroupBwdXdlops>, workspace required: 51412992, provided ptr: 0x767282274000 size: 51281920
MIOpen(HIP): Warning [IsEnoughWorkspace] [GetSolutionsFallback AI] Solver <GemmFwdRest>, workspace required: 179486720, provided ptr: 0x767282274000 size: 51396608
MIOpen(HIP): Warning [IsEnoughWorkspace] [GetSolutionsFallback AI] Solver <ConvHipImplicitGemmGroupFwdXdlops>, workspace required: 51298304, provided ptr: 0x767283ae8000 size: 51281920
MIOpen(HIP): Warning [IsEnoughWorkspace] [GetSolutionsFallback AI] Solver <GemmFwdRest>, workspace required: 269230080, provided ptr: 0x76728535c000 size: 76951552
MIOpen(HIP): Warning [IsEnoughWorkspace] [GetSolutionsFallback AI] Solver <ConvHipImplicitGemmGroupFwdXdlops>, workspace required: 76926976, provided ptr: 0x76728780a000 size: 76922880
MIOpen(HIP): Warning [IsEnoughWorkspace] [GetSolutionsFallback AI] Solver <ConvHipImplicitGemmGroupFwdXdlops>, workspace required: 39664384, provided ptr: 0x767279e00000 size: 38462464
MIOpen(HIP): Warning [IsEnoughWorkspace] [GetSolutionsFallback AI] Solver <GemmFwdRest>, workspace required: 269230080, provided ptr: 0x767279e00000 size: 38462464
MIOpen(HIP): Warning [IsEnoughWorkspace] [GetSolutionsFallback AI] Solver <ConvHipImplicitGemmGroupFwdXdlops>, workspace required: 8031232, provided ptr: 0x7671f9600000 size: 967680
MIOpen(HIP): Warning [IsEnoughWorkspace] [GetSolutionsFallback AI] Solver <ConvAsmImplicitGemmGTCDynamicFwdXdlopsNHWC>, workspace required: 8031232, provided ptr: 0x7671f9600000 size: 967680
MIOpen(HIP): Warning [IsEnoughWorkspace] [GetSolutionsFallback WTI] Solver <ConvAsmImplicitGemmGTCDynamicBwdXdlopsNHWC>, workspace required: 36319232, provided ptr: 0x767193c00000 size: 4423680
MIOpen(HIP): Warning [IsEnoughWorkspace] [GetSolutionsFallback WTI] Solver <ConvHipImplicitGemmGroupBwdXdlops>, workspace required: 36319232, provided ptr: 0x767193c00000 size: 4423680
MIOpen(HIP): Warning [IsEnoughWorkspace] [GetSolutionsFallback AI] Solver <GemmFwdRest>, workspace required: 15482880, provided ptr: 0x767255400000 size: 11763712
MIOpen(HIP): Warning [IsEnoughWorkspace] [GetSolutionsFallback WTI] Solver <ConvAsmImplicitGemmGTCDynamicBwdXdlopsNHWC>, workspace required: 12984320, provided ptr: 0x7673242c0000 size: 11059200
MIOpen(HIP): Warning [IsEnoughWorkspace] [GetSolutionsFallback WTI] Solver <ConvHipImplicitGemmGroupBwdXdlops>, workspace required: 12984320, provided ptr: 0x7673242c0000 size: 11059200
MIOpen(HIP): Warning [IsEnoughWorkspace] [GetSolutionsFallback AI] Solver <GemmFwdRest>, workspace required: 38707200, provided ptr: 0x767324806000 size: 12894208
MIOpen(HIP): Warning [IsEnoughWorkspace] [GetSolutionsFallback AI] Solver <ConvHipImplicitGemmGroupFwdXdlops>, workspace required: 11321344, provided ptr: 0x767324d4c000 size: 11059200
MIOpen(HIP): Warning [IsEnoughWorkspace] [GetSolutionsFallback AI] Solver <GemmFwdRest>, workspace required: 77414400, provided ptr: 0x76727a88c000 size: 22577152
MIOpen(HIP): Warning [IsEnoughWorkspace] [GetSolutionsFallback AI] Solver <ConvHipImplicitGemmGroupFwdXdlops>, workspace required: 22183936, provided ptr: 0x76727b318000 size: 22118400
MIOpen(HIP): Warning [IsEnoughWorkspace] [GetSolutionsFallback WTI] Solver <ConvAsmImplicitGemmGTCDynamicBwdXdlopsNHWC>, workspace required: 22249472, provided ptr: 0x76727a88c000 size: 22118400
MIOpen(HIP): Warning [IsEnoughWorkspace] [GetSolutionsFallback WTI] Solver <ConvHipImplicitGemmGroupBwdXdlops>, workspace required: 22249472, provided ptr: 0x76727a88c000 size: 22118400
MIOpen(HIP): Warning [IsEnoughWorkspace] [GetSolutionsFallback AI] Solver <GemmFwdRest>, workspace required: 77414400, provided ptr: 0x76727a88c000 size: 22233088
MIOpen(HIP): Warning [IsEnoughWorkspace] [GetSolutionsFallback AI] Solver <ConvHipImplicitGemmGroupFwdXdlops>, workspace required: 22134784, provided ptr: 0x76727b318000 size: 22118400
MIOpen(HIP): Warning [IsEnoughWorkspace] [GetSolutionsFallback AI] Solver <GemmFwdRest>, workspace required: 116121600, provided ptr: 0x767280a00000 size: 33206272
MIOpen(HIP): Warning [IsEnoughWorkspace] [GetSolutionsFallback AI] Solver <ConvHipImplicitGemmGroupFwdXdlops>, workspace required: 33181696, provided ptr: 0x767280a00000 size: 33177600
MIOpen(HIP): Warning [IsEnoughWorkspace] [GetSolutionsFallback AI] Solver <ConvHipImplicitGemmGroupFwdXdlops>, workspace required: 17108224, provided ptr: 0x7673242c0000 size: 16589824
MIOpen(HIP): Warning [IsEnoughWorkspace] [GetSolutionsFallback AI] Solver <GemmFwdRest>, workspace required: 116121600, provided ptr: 0x7673242c0000 size: 16589824
MIOpen(HIP): Warning [IsEnoughWorkspace] [GetSolutionsFallback AI] Solver <ConvHipImplicitGemmGroupFwdXdlops>, workspace required: 9229312, provided ptr: 0x7671904c0000 size: 2644992
MIOpen(HIP): Warning [IsEnoughWorkspace] [GetSolutionsFallback AI] Solver <ConvAsmImplicitGemmGTCDynamicFwdXdlopsNHWC>, workspace required: 9229312, provided ptr: 0x7671904c0000 size: 2644992
MIOpen(HIP): Warning [IsEnoughWorkspace] [GetSolutionsFallback WTI] Solver <ConvAsmImplicitGemmGTCDynamicBwdXdlopsNHWC>, workspace required: 41111552, provided ptr: 0x7673242c0000 size: 12091392
MIOpen(HIP): Warning [IsEnoughWorkspace] [GetSolutionsFallback WTI] Solver <ConvHipImplicitGemmGroupBwdXdlops>, workspace required: 41111552, provided ptr: 0x7673242c0000 size: 12091392
MIOpen(HIP): Warning [IsEnoughWorkspace] [GetSolutionsFallback AI] Solver <GemmFwdRest>, workspace required: 42319872, provided ptr: 0x767279e00000 size: 19431424
MIOpen(HIP): Warning [IsEnoughWorkspace] [GetSolutionsFallback AI] Solver <GemmFwdRest>, workspace required: 105799680, provided ptr: 0x76727bad4000 size: 32063488
MIOpen(HIP): Warning [IsEnoughWorkspace] [GetSolutionsFallback AI] Solver <ConvHipImplicitGemmGroupFwdXdlops>, workspace required: 30490624, provided ptr: 0x76727c93e000 size: 30228480
MIOpen(HIP): Warning [IsEnoughWorkspace] [GetSolutionsFallback AI] Solver <GemmFwdRest>, workspace required: 211599360, provided ptr: 0x7672826d4000 size: 60915712
MIOpen(HIP): Warning [IsEnoughWorkspace] [GetSolutionsFallback AI] Solver <ConvHipImplicitGemmGroupFwdXdlops>, workspace required: 60522496, provided ptr: 0x7672843a8000 size: 60456960
MIOpen(HIP): Warning [IsEnoughWorkspace] [GetSolutionsFallback WTI] Solver <ConvAsmImplicitGemmGTCDynamicBwdXdlopsNHWC>, workspace required: 60588032, provided ptr: 0x7672826d4000 size: 60456960
MIOpen(HIP): Warning [IsEnoughWorkspace] [GetSolutionsFallback WTI] Solver <ConvHipImplicitGemmGroupBwdXdlops>, workspace required: 60588032, provided ptr: 0x7672826d4000 size: 60456960
MIOpen(HIP): Warning [IsEnoughWorkspace] [GetSolutionsFallback AI] Solver <GemmFwdRest>, workspace required: 211599360, provided ptr: 0x7672843a8000 size: 60571648
MIOpen(HIP): Warning [IsEnoughWorkspace] [GetSolutionsFallback AI] Solver <ConvHipImplicitGemmGroupFwdXdlops>, workspace required: 60473344, provided ptr: 0x76728607c000 size: 60456960
MIOpen(HIP): Warning [IsEnoughWorkspace] [GetSolutionsFallback AI] Solver <GemmFwdRest>, workspace required: 317399040, provided ptr: 0x76728607c000 size: 90714112
MIOpen(HIP): Warning [IsEnoughWorkspace] [GetSolutionsFallback AI] Solver <ConvHipImplicitGemmGroupFwdXdlops>, workspace required: 90689536, provided ptr: 0x767288bba000 size: 90685440
MIOpen(HIP): Warning [IsEnoughWorkspace] [GetSolutionsFallback AI] Solver <ConvHipImplicitGemmGroupFwdXdlops>, workspace required: 46760704, provided ptr: 0x767279e00000 size: 45343744
MIOpen(HIP): Warning [IsEnoughWorkspace] [GetSolutionsFallback AI] Solver <GemmFwdRest>, workspace required: 317399040, provided ptr: 0x767279e00000 size: 45343744
MIOpen(HIP): Warning [IsEnoughWorkspace] [GetSolutionsFallback AI] Solver <ConvHipImplicitGemmGroupFwdXdlops>, workspace required: 9075712, provided ptr: 0x7671904c0000 size: 2429952
MIOpen(HIP): Warning [IsEnoughWorkspace] [GetSolutionsFallback AI] Solver <ConvAsmImplicitGemmGTCDynamicFwdXdlopsNHWC>, workspace required: 9075712, provided ptr: 0x7671904c0000 size: 2429952
MIOpen(HIP): Warning [IsEnoughWorkspace] [GetSolutionsFallback WTI] Solver <ConvAsmImplicitGemmGTCDynamicBwdXdlopsNHWC>, workspace required: 40497152, provided ptr: 0x7673242c0000 size: 11108352
MIOpen(HIP): Warning [IsEnoughWorkspace] [GetSolutionsFallback WTI] Solver <ConvHipImplicitGemmGroupBwdXdlops>, workspace required: 40497152, provided ptr: 0x7673242c0000 size: 11108352
MIOpen(HIP): Warning [IsEnoughWorkspace] [GetSolutionsFallback AI] Solver <GemmFwdRest>, workspace required: 38879232, provided ptr: 0x767279e00000 size: 18448384
MIOpen(HIP): Warning [IsEnoughWorkspace] [GetSolutionsFallback AI] Solver <GemmFwdRest>, workspace required: 97198080, provided ptr: 0x76727ab3e000 size: 29605888
MIOpen(HIP): Warning [IsEnoughWorkspace] [GetSolutionsFallback AI] Solver <ConvHipImplicitGemmGroupFwdXdlops>, workspace required: 28033024, provided ptr: 0x76727b87c000 size: 27770880
MIOpen(HIP): Warning [IsEnoughWorkspace] [GetSolutionsFallback AI] Solver <GemmFwdRest>, workspace required: 194396160, provided ptr: 0x76728247c000 size: 56000512
MIOpen(HIP): Warning [IsEnoughWorkspace] [GetSolutionsFallback AI] Solver <ConvHipImplicitGemmGroupFwdXdlops>, workspace required: 55607296, provided ptr: 0x767283ef8000 size: 55541760
MIOpen(HIP): Warning [IsEnoughWorkspace] [GetSolutionsFallback WTI] Solver <ConvAsmImplicitGemmGTCDynamicBwdXdlopsNHWC>, workspace required: 55672832, provided ptr: 0x76728247c000 size: 55541760
MIOpen(HIP): Warning [IsEnoughWorkspace] [GetSolutionsFallback WTI] Solver <ConvHipImplicitGemmGroupBwdXdlops>, workspace required: 55672832, provided ptr: 0x76728247c000 size: 55541760
MIOpen(HIP): Warning [IsEnoughWorkspace] [GetSolutionsFallback AI] Solver <GemmFwdRest>, workspace required: 194396160, provided ptr: 0x767283ef8000 size: 55656448
MIOpen(HIP): Warning [IsEnoughWorkspace] [GetSolutionsFallback AI] Solver <ConvHipImplicitGemmGroupFwdXdlops>, workspace required: 55558144, provided ptr: 0x767285974000 size: 55541760
MIOpen(HIP): Warning [IsEnoughWorkspace] [GetSolutionsFallback AI] Solver <GemmFwdRest>, workspace required: 291594240, provided ptr: 0x767285974000 size: 83341312
MIOpen(HIP): Warning [IsEnoughWorkspace] [GetSolutionsFallback AI] Solver <ConvHipImplicitGemmGroupFwdXdlops>, workspace required: 83316736, provided ptr: 0x76728812e000 size: 83312640
MIOpen(HIP): Warning [IsEnoughWorkspace] [GetSolutionsFallback AI] Solver <ConvHipImplicitGemmGroupFwdXdlops>, workspace required: 42959104, provided ptr: 0x767279e00000 size: 41657344
MIOpen(HIP): Warning [IsEnoughWorkspace] [GetSolutionsFallback AI] Solver <GemmFwdRest>, workspace required: 291594240, provided ptr: 0x767279e00000 size: 41657344
[0;36m(APIServer pid=23472)[0;0m [32mINFO[0m [90m10-07 15:20:53[0m [90m[stats.py:902][0m [OmniTiming] req=speech-8826f5ff918e2082-888e3538 total=5.67s engine=5.67s stages=[0:5.67s]
INFO:     127.0.0.1:60618 - "POST /v1/audio/speech HTTP/1.1" 200 OK
[0;36m(APIServer pid=23472)[0;0m [32mINFO[0m [90m10-07 15:20:53[0m [90m[serving_speech.py:2423][0m Diffusion TTS speech request speech-a03f28d7a1bc71dd: voice_clone=False
[0;36m(APIServer pid=23472)[0;0m [32mINFO[0m [90m10-07 15:20:53[0m [90m[serving_speech.py:2471][0m Applied diffusion speech params: seed=42 extra_params={}
[0;36m(APIServer pid=23472)[0;0m [32mINFO[0m [90m10-07 15:20:53[0m [90m[diffusion_engine.py:764][0m [RequestBatch] admission wait done waiting=1 max_batch=8 waited_ms=2.1
MIOpen(HIP): Warning [IsEnoughWorkspace] [GetSolutionsFallback AI] Solver <ConvHipImplicitGemmGroupFwdXdlops>, workspace required: 8456192, provided ptr: 0x767191480000 size: 1562624
MIOpen(HIP): Warning [IsEnoughWorkspace] [GetSolutionsFallback AI] Solver <ConvAsmImplicitGemmGTCDynamicFwdXdlopsNHWC>, workspace required: 8456192, provided ptr: 0x767191480000 size: 1562624
MIOpen(HIP): Warning [IsEnoughWorkspace] [GetSolutionsFallback WTI] Solver <ConvAsmImplicitGemmGTCDynamicBwdXdlopsNHWC>, workspace required: 38019072, provided ptr: 0x767255400000 size: 7143424
MIOpen(HIP): Warning [IsEnoughWorkspace] [GetSolutionsFallback WTI] Solver <ConvHipImplicitGemmGroupBwdXdlops>, workspace required: 38019072, provided ptr: 0x767255400000 size: 7143424
MIOpen(HIP): Warning [IsEnoughWorkspace] [GetSolutionsFallback AI] Solver <GemmFwdRest>, workspace required: 25001984, provided ptr: 0x7673242c0000 size: 14483456
MIOpen(HIP): Warning [IsEnoughWorkspace] [GetSolutionsFallback AI] Solver <GemmFwdRest>, workspace required: 62504960, provided ptr: 0x76727a684000 size: 19693568
MIOpen(HIP): Warning [IsEnoughWorkspace] [GetSolutionsFallback AI] Solver <ConvHipImplicitGemmGroupFwdXdlops>, workspace required: 18120704, provided ptr: 0x76727af08000 size: 17858560
MIOpen(HIP): Warning [IsEnoughWorkspace] [GetSolutionsFallback AI] Solver <GemmFwdRest>, workspace required: 125009920, provided ptr: 0x767280a00000 size: 36175872
MIOpen(HIP): Warning [IsEnoughWorkspace] [GetSolutionsFallback AI] Solver <ConvHipImplicitGemmGroupFwdXdlops>, workspace required: 35782656, provided ptr: 0x767280a00000 size: 35717120
MIOpen(HIP): Warning [IsEnoughWorkspace] [GetSolutionsFallback WTI] Solver <ConvAsmImplicitGemmGTCDynamicBwdXdlopsNHWC>, workspace required: 35848192, provided ptr: 0x767280a00000 size: 35717120
MIOpen(HIP): Warning [IsEnoughWorkspace] [GetSolutionsFallback WTI] Solver <ConvHipImplicitGemmGroupBwdXdlops>, workspace required: 35848192, provided ptr: 0x767280a00000 size: 35717120
MIOpen(HIP): Warning [IsEnoughWorkspace] [GetSolutionsFallback AI] Solver <GemmFwdRest>, workspace required: 125009920, provided ptr: 0x767280a00000 size: 35831808
MIOpen(HIP): Warning [IsEnoughWorkspace] [GetSolutionsFallback AI] Solver <ConvHipImplicitGemmGroupFwdXdlops>, workspace required: 35733504, provided ptr: 0x767281b08000 size: 35717120
MIOpen(HIP): Warning [IsEnoughWorkspace] [GetSolutionsFallback AI] Solver <GemmFwdRest>, workspace required: 187514880, provided ptr: 0x76728238c000 size: 53604352
MIOpen(HIP): Warning [IsEnoughWorkspace] [GetSolutionsFallback AI] Solver <ConvHipImplicitGemmGroupFwdXdlops>, workspace required: 53579776, provided ptr: 0x767283d18000 size: 53575680
MIOpen(HIP): Warning [IsEnoughWorkspace] [GetSolutionsFallback AI] Solver <ConvHipImplicitGemmGroupFwdXdlops>, workspace required: 27625984, provided ptr: 0x76727b78c000 size: 26788864
MIOpen(HIP): Warning [IsEnoughWorkspace] [GetSolutionsFallback AI] Solver <GemmFwdRest>, workspace required: 187514880, provided ptr: 0x76727b78c000 size: 26788864
MIOpen(HIP): Warning [IsEnoughWorkspace] [GetSolutionsFallback AI] Solver <ConvHipImplicitGemmGroupFwdXdlops>, workspace required: 9065472, provided ptr: 0x7671904c0000 size: 2415616
MIOpen(HIP): Warning [IsEnoughWorkspace] [GetSolutionsFallback AI] Solver <ConvAsmImplicitGemmGTCDynamicFwdXdlopsNHWC>, workspace required: 9065472, provided ptr: 0x7671904c0000 size: 2415616
MIOpen(HIP): Warning [IsEnoughWorkspace] [GetSolutionsFallback WTI] Solver <ConvAsmImplicitGemmGTCDynamicBwdXdlopsNHWC>, workspace required: 40456192, provided ptr: 0x7673242c0000 size: 11042816
MIOpen(HIP): Warning [IsEnoughWorkspace] [GetSolutionsFallback WTI] Solver <ConvHipImplicitGemmGroupBwdXdlops>, workspace required: 40456192, provided ptr: 0x7673242c0000 size: 11042816
MIOpen(HIP): Warning [IsEnoughWorkspace] [GetSolutionsFallback AI] Solver <GemmFwdRest>, workspace required: 38649856, provided ptr: 0x767279e00000 size: 18382848
MIOpen(HIP): Warning [IsEnoughWorkspace] [GetSolutionsFallback AI] Solver <GemmFwdRest>, workspace required: 96624640, provided ptr: 0x76727ab2a000 size: 29442048
MIOpen(HIP): Warning [IsEnoughWorkspace] [GetSolutionsFallback AI] Solver <ConvHipImplicitGemmGroupFwdXdlops>, workspace required: 27869184, provided ptr: 0x76727b854000 size: 27607040
MIOpen(HIP): Warning [IsEnoughWorkspace] [GetSolutionsFallback AI] Solver <GemmFwdRest>, workspace required: 193249280, provided ptr: 0x767282454000 size: 55672832
MIOpen(HIP): Warning [IsEnoughWorkspace] [GetSolutionsFallback AI] Solver <ConvHipImplicitGemmGroupFwdXdlops>, workspace required: 55279616, provided ptr: 0x767283ea8000 size: 55214080
MIOpen(HIP): Warning [IsEnoughWorkspace] [GetSolutionsFallback WTI] Solver <ConvAsmImplicitGemmGTCDynamicBwdXdlopsNHWC>, workspace required: 55345152, provided ptr: 0x767282454000 size: 55214080
MIOpen(HIP): Warning [IsEnoughWorkspace] [GetSolutionsFallback WTI] Solver <ConvHipImplicitGemmGroupBwdXdlops>, workspace required: 55345152, provided ptr: 0x767282454000 size: 55214080
MIOpen(HIP): Warning [IsEnoughWorkspace] [GetSolutionsFallback AI] Solver <GemmFwdRest>, workspace required: 193249280, provided ptr: 0x767283ea8000 size: 55328768
MIOpen(HIP): Warning [IsEnoughWorkspace] [GetSolutionsFallback AI] Solver <ConvHipImplicitGemmGroupFwdXdlops>, workspace required: 55230464, provided ptr: 0x7672858fc000 size: 55214080
MIOpen(HIP): Warning [IsEnoughWorkspace] [GetSolutionsFallback AI] Solver <GemmFwdRest>, workspace required: 289873920, provided ptr: 0x7672858fc000 size: 82849792
MIOpen(HIP): Warning [IsEnoughWorkspace] [GetSolutionsFallback AI] Solver <ConvHipImplicitGemmGroupFwdXdlops>, workspace required: 82825216, provided ptr: 0x76728807a000 size: 82821120
MIOpen(HIP): Warning [IsEnoughWorkspace] [GetSolutionsFallback AI] Solver <ConvHipImplicitGemmGroupFwdXdlops>, workspace required: 42705664, provided ptr: 0x767279e00000 size: 41411584
MIOpen(HIP): Warning [IsEnoughWorkspace] [GetSolutionsFallback AI] Solver <GemmFwdRest>, workspace required: 289873920, provided ptr: 0x767279e00000 size: 41411584
MIOpen(HIP): Warning [IsEnoughWorkspace] [GetSolutionsFallback AI] Solver <ConvHipImplicitGemmGroupFwdXdlops>, workspace required: 8947712, provided ptr: 0x7671904c0000 size: 2250752
MIOpen(HIP): Warning [IsEnoughWorkspace] [GetSolutionsFallback AI] Solver <ConvAsmImplicitGemmGTCDynamicFwdXdlopsNHWC>, workspace required: 8947712, provided ptr: 0x7671904c0000 size: 2250752
MIOpen(HIP): Warning [IsEnoughWorkspace] [GetSolutionsFallback WTI] Solver <ConvAsmImplicitGemmGTCDynamicBwdXdlopsNHWC>, workspace required: 39985152, provided ptr: 0x767255400000 size: 10289152
MIOpen(HIP): Warning [IsEnoughWorkspace] [GetSolutionsFallback WTI] Solver <ConvHipImplicitGemmGroupBwdXdlops>, workspace required: 39985152, provided ptr: 0x767255400000 size: 10289152
MIOpen(HIP): Warning [IsEnoughWorkspace] [GetSolutionsFallback AI] Solver <GemmFwdRest>, workspace required: 36012032, provided ptr: 0x7673242c0000 size: 17629184
MIOpen(HIP): Warning [IsEnoughWorkspace] [GetSolutionsFallback AI] Solver <GemmFwdRest>, workspace required: 90030080, provided ptr: 0x76727b688000 size: 27557888
MIOpen(HIP): Warning [IsEnoughWorkspace] [GetSolutionsFallback AI] Solver <ConvHipImplicitGemmGroupFwdXdlops>, workspace required: 25985024, provided ptr: 0x76727c2cc000 size: 25722880
MIOpen(HIP): Warning [IsEnoughWorkspace] [GetSolutionsFallback AI] Solver <GemmFwdRest>, workspace required: 180060160, provided ptr: 0x767282288000 size: 51904512
MIOpen(HIP): Warning [IsEnoughWorkspace] [GetSolutionsFallback AI] Solver <ConvHipImplicitGemmGroupFwdXdlops>, workspace required: 51511296, provided ptr: 0x767283b10000 size: 51445760
MIOpen(HIP): Warning [IsEnoughWorkspace] [GetSolutionsFallback WTI] Solver <ConvAsmImplicitGemmGTCDynamicBwdXdlopsNHWC>, workspace required: 51576832, provided ptr: 0x767282288000 size: 51445760
MIOpen(HIP): Warning [IsEnoughWorkspace] [GetSolutionsFallback WTI] Solver <ConvHipImplicitGemmGroupBwdXdlops>, workspace required: 51576832, provided ptr: 0x767282288000 size: 51445760
MIOpen(HIP): Warning [IsEnoughWorkspace] [GetSolutionsFallback AI] Solver <GemmFwdRest>, workspace required: 180060160, provided ptr: 0x767282288000 size: 51560448
MIOpen(HIP): Warning [IsEnoughWorkspace] [GetSolutionsFallback AI] Solver <ConvHipImplicitGemmGroupFwdXdlops>, workspace required: 51462144, provided ptr: 0x767283b10000 size: 51445760
MIOpen(HIP): Warning [IsEnoughWorkspace] [GetSolutionsFallback AI] Solver <GemmFwdRest>, workspace required: 270090240, provided ptr: 0x767285398000 size: 77197312
MIOpen(HIP): Warning [IsEnoughWorkspace] [GetSolutionsFallback AI] Solver <ConvHipImplicitGemmGroupFwdXdlops>, workspace required: 77172736, provided ptr: 0x767287864000 size: 77168640
MIOpen(HIP): Warning [IsEnoughWorkspace] [GetSolutionsFallback AI] Solver <ConvHipImplicitGemmGroupFwdXdlops>, workspace required: 39791104, provided ptr: 0x767279e00000 size: 38585344
MIOpen(HIP): Warning [IsEnoughWorkspace] [GetSolutionsFallback AI] Solver <GemmFwdRest>, workspace required: 270090240, provided ptr: 0x767279e00000 size: 38585344
MIOpen(HIP): Warning [IsEnoughWorkspace] [GetSolutionsFallback AI] Solver <ConvHipImplicitGemmGroupFwdXdlops>, workspace required: 7939072, provided ptr: 0x7671f9600000 size: 838656
MIOpen(HIP): Warning [IsEnoughWorkspace] [GetSolutionsFallback AI] Solver <ConvAsmImplicitGemmGTCDynamicFwdXdlopsNHWC>, workspace required: 7939072, provided ptr: 0x7671f9600000 size: 838656
MIOpen(HIP): Warning [IsEnoughWorkspace] [GetSolutionsFallback WTI] Solver <ConvAsmImplicitGemmGTCDynamicBwdXdlopsNHWC>, workspace required: 35950592, provided ptr: 0x767193c00000 size: 3833856
MIOpen(HIP): Warning [IsEnoughWorkspace] [GetSolutionsFallback WTI] Solver <ConvHipImplicitGemmGroupBwdXdlops>, workspace required: 35950592, provided ptr: 0x767193c00000 size: 3833856
MIOpen(HIP): Warning [IsEnoughWorkspace] [GetSolutionsFallback WTI] Solver <ConvAsmImplicitGemmGTCDynamicBwdXdlopsNHWC>, workspace required: 11952128, provided ptr: 0x767255892000 size: 9584640
MIOpen(HIP): Warning [IsEnoughWorkspace] [GetSolutionsFallback WTI] Solver <ConvHipImplicitGemmGroupBwdXdlops>, workspace required: 11952128, provided ptr: 0x767255892000 size: 9584640
MIOpen(HIP): Warning [IsEnoughWorkspace] [GetSolutionsFallback AI] Solver <GemmFwdRest>, workspace required: 33546240, provided ptr: 0x7673242c0000 size: 11419648
MIOpen(HIP): Warning [IsEnoughWorkspace] [GetSolutionsFallback AI] Solver <ConvHipImplicitGemmGroupFwdXdlops>, workspace required: 9846784, provided ptr: 0x767324752000 size: 9584640
MIOpen(HIP): Warning [IsEnoughWorkspace] [GetSolutionsFallback AI] Solver <GemmFwdRest>, workspace required: 67092480, provided ptr: 0x76727a724000 size: 19628032
MIOpen(HIP): Warning [IsEnoughWorkspace] [GetSolutionsFallback AI] Solver <ConvHipImplicitGemmGroupFwdXdlops>, workspace required: 19234816, provided ptr: 0x76727b048000 size: 19169280
MIOpen(HIP): Warning [IsEnoughWorkspace] [GetSolutionsFallback WTI] Solver <ConvAsmImplicitGemmGTCDynamicBwdXdlopsNHWC>, workspace required: 19300352, provided ptr: 0x76727a724000 size: 19169280
MIOpen(HIP): Warning [IsEnoughWorkspace] [GetSolutionsFallback WTI] Solver <ConvHipImplicitGemmGroupBwdXdlops>, workspace required: 19300352, provided ptr: 0x76727a724000 size: 19169280
MIOpen(HIP): Warning [IsEnoughWorkspace] [GetSolutionsFallback AI] Solver <GemmFwdRest>, workspace required: 67092480, provided ptr: 0x76727a724000 size: 19283968
MIOpen(HIP): Warning [IsEnoughWorkspace] [GetSolutionsFallback AI] Solver <ConvHipImplicitGemmGroupFwdXdlops>, workspace required: 19185664, provided ptr: 0x76727b048000 size: 19169280
MIOpen(HIP): Warning [IsEnoughWorkspace] [GetSolutionsFallback AI] Solver <GemmFwdRest>, workspace required: 100638720, provided ptr: 0x76727b96c000 size: 28782592
MIOpen(HIP): Warning [IsEnoughWorkspace] [GetSolutionsFallback AI] Solver <ConvHipImplicitGemmGroupFwdXdlops>, workspace required: 28758016, provided ptr: 0x76727c722000 size: 28753920
MIOpen(HIP): Warning [IsEnoughWorkspace] [GetSolutionsFallback AI] Solver <ConvHipImplicitGemmGroupFwdXdlops>, workspace required: 14827264, provided ptr: 0x7673242c0000 size: 14377984
MIOpen(HIP): Warning [IsEnoughWorkspace] [GetSolutionsFallback AI] Solver <GemmFwdRest>, workspace required: 100638720, provided ptr: 0x7673242c0000 size: 14377984
[0;36m(APIServer pid=23472)[0;0m [32mINFO[0m [90m10-07 15:20:58[0m [90m[stats.py:902][0m [OmniTiming] req=speech-a03f28d7a1bc71dd-a18f81b8 total=5.26s engine=5.26s stages=[0:5.26s]
INFO:     127.0.0.1:60618 - "POST /v1/audio/speech HTTP/1.1" 200 OK
[0;36m(APIServer pid=23472)[0;0m [32mINFO[0m [90m10-07 15:20:58[0m [90m[serving_speech.py:2423][0m Diffusion TTS speech request speech-893c4a13e973fda4: voice_clone=False
[0;36m(APIServer pid=23472)[0;0m [32mINFO[0m [90m10-07 15:20:58[0m [90m[serving_speech.py:2471][0m Applied diffusion speech params: seed=42 extra_params={}
[0;36m(APIServer pid=23472)[0;0m [32mINFO[0m [90m10-07 15:20:58[0m [90m[diffusion_engine.py:764][0m [RequestBatch] admission wait done waiting=1 max_batch=8 waited_ms=2.1
MIOpen(HIP): Warning [IsEnoughWorkspace] [GetSolutionsFallback AI] Solver <ConvHipImplicitGemmGroupFwdXdlops>, workspace required: 8952832, provided ptr: 0x7671904c0000 size: 2257920
MIOpen(HIP): Warning [IsEnoughWorkspace] [GetSolutionsFallback AI] Solver <ConvAsmImplicitGemmGTCDynamicFwdXdlopsNHWC>, workspace required: 8952832, provided ptr: 0x7671904c0000 size: 2257920
MIOpen(HIP): Warning [IsEnoughWorkspace] [GetSolutionsFallback WTI] Solver <ConvAsmImplicitGemmGTCDynamicBwdXdlopsNHWC>, workspace required: 40005632, provided ptr: 0x767255400000 size: 10321920
MIOpen(HIP): Warning [IsEnoughWorkspace] [GetSolutionsFallback WTI] Solver <ConvHipImplicitGemmGroupBwdXdlops>, workspace required: 40005632, provided ptr: 0x767255400000 size: 10321920
MIOpen(HIP): Warning [IsEnoughWorkspace] [GetSolutionsFallback AI] Solver <GemmFwdRest>, workspace required: 36126720, provided ptr: 0x7673242c0000 size: 17661952
MIOpen(HIP): Warning [IsEnoughWorkspace] [GetSolutionsFallback AI] Solver <GemmFwdRest>, workspace required: 90316800, provided ptr: 0x76727b69c000 size: 27639808
MIOpen(HIP): Warning [IsEnoughWorkspace] [GetSolutionsFallback AI] Solver <ConvHipImplicitGemmGroupFwdXdlops>, workspace required: 26066944, provided ptr: 0x76727c2ea000 size: 25804800
MIOpen(HIP): Warning [IsEnoughWorkspace] [GetSolutionsFallback AI] Solver <GemmFwdRest>, workspace required: 180633600, provided ptr: 0x76728229c000 size: 52068352
MIOpen(HIP): Warning [IsEnoughWorkspace] [GetSolutionsFallback AI] Solver <ConvHipImplicitGemmGroupFwdXdlops>, workspace required: 51675136, provided ptr: 0x767283b38000 size: 51609600
MIOpen(HIP): Warning [IsEnoughWorkspace] [GetSolutionsFallback WTI] Solver <ConvAsmImplicitGemmGTCDynamicBwdXdlopsNHWC>, workspace required: 51740672, provided ptr: 0x76728229c000 size: 51609600
MIOpen(HIP): Warning [IsEnoughWorkspace] [GetSolutionsFallback WTI] Solver <ConvHipImplicitGemmGroupBwdXdlops>, workspace required: 51740672, provided ptr: 0x76728229c000 size: 51609600
MIOpen(HIP): Warning [IsEnoughWorkspace] [GetSolutionsFallback AI] Solver <GemmFwdRest>, workspace required: 180633600, provided ptr: 0x76728229c000 size: 51724288
MIOpen(HIP): Warning [IsEnoughWorkspace] [GetSolutionsFallback AI] Solver <ConvHipImplicitGemmGroupFwdXdlops>, workspace required: 51625984, provided ptr: 0x767283b38000 size: 51609600
MIOpen(HIP): Warning [IsEnoughWorkspace] [GetSolutionsFallback AI] Solver <GemmFwdRest>, workspace required: 270950400, provided ptr: 0x7672853d4000 size: 77443072
MIOpen(HIP): Warning [IsEnoughWorkspace] [GetSolutionsFallback AI] Solver <ConvHipImplicitGemmGroupFwdXdlops>, workspace required: 77418496, provided ptr: 0x7672878be000 size: 77414400
MIOpen(HIP): Warning [IsEnoughWorkspace] [GetSolutionsFallback AI] Solver <ConvHipImplicitGemmGroupFwdXdlops>, workspace required: 39917824, provided ptr: 0x767279e00000 size: 38708224
MIOpen(HIP): Warning [IsEnoughWorkspace] [GetSolutionsFallback AI] Solver <GemmFwdRest>, workspace required: 270950400, provided ptr: 0x767279e00000 size: 38708224
MIOpen(HIP): Warning [IsEnoughWorkspace] [GetSolutionsFallback AI] Solver <ConvHipImplicitGemmGroupFwdXdlops>, workspace required: 8210432, provided ptr: 0x767191480000 size: 1218560
MIOpen(HIP): Warning [IsEnoughWorkspace] [GetSolutionsFallback AI] Solver <ConvAsmImplicitGemmGTCDynamicFwdXdlopsNHWC>, workspace required: 8210432, provided ptr: 0x767191480000 size: 1218560
MIOpen(HIP): Warning [IsEnoughWorkspace] [GetSolutionsFallback WTI] Solver <ConvAsmImplicitGemmGTCDynamicBwdXdlopsNHWC>, workspace required: 37036032, provided ptr: 0x767255400000 size: 5570560
MIOpen(HIP): Warning [IsEnoughWorkspace] [GetSolutionsFallback WTI] Solver <ConvHipImplicitGemmGroupBwdXdlops>, workspace required: 37036032, provided ptr: 0x767255400000 size: 5570560
MIOpen(HIP): Warning [IsEnoughWorkspace] [GetSolutionsFallback AI] Solver <GemmFwdRest>, workspace required: 19496960, provided ptr: 0x7673242c0000 size: 12910592
MIOpen(HIP): Warning [IsEnoughWorkspace] [GetSolutionsFallback WTI] Solver <ConvAsmImplicitGemmGTCDynamicBwdXdlopsNHWC>, workspace required: 14991360, provided ptr: 0x7673242c0000 size: 13926400
MIOpen(HIP): Warning [IsEnoughWorkspace] [GetSolutionsFallback WTI] Solver <ConvHipImplicitGemmGroupBwdXdlops>, workspace required: 14991360, provided ptr: 0x7673242c0000 size: 13926400
MIOpen(HIP): Warning [IsEnoughWorkspace] [GetSolutionsFallback AI] Solver <GemmFwdRest>, workspace required: 48742400, provided ptr: 0x767279e00000 size: 15761408
MIOpen(HIP): Warning [IsEnoughWorkspace] [GetSolutionsFallback AI] Solver <ConvAsmImplicitGemmGTCDynamicFwdXdlopsNHWC>, workspace required: 13926400, provided ptr: 0 size: 0
MIOpen(HIP): Warning [IsEnoughWorkspace] [GetSolutionsFallback AI] Solver <ConvHipImplicitGemmGroupFwdXdlops>, workspace required: 14188544, provided ptr: 0 size: 0
MIOpen(HIP): Warning [IsEnoughWorkspace] [GetSolutionsFallback AI] Solver <GemmFwdRest>, workspace required: 97484800, provided ptr: 0x76727ab48000 size: 28311552
MIOpen(HIP): Warning [IsEnoughWorkspace] [GetSolutionsFallback AI] Solver <ConvHipImplicitGemmGroupFwdXdlops>, workspace required: 27918336, provided ptr: 0x76727b890000 size: 27852800
MIOpen(HIP): Warning [IsEnoughWorkspace] [GetSolutionsFallback WTI] Solver <ConvAsmImplicitGemmGTCDynamicBwdXdlopsNHWC>, workspace required: 27983872, provided ptr: 0x76727ab48000 size: 27852800
MIOpen(HIP): Warning [IsEnoughWorkspace] [GetSolutionsFallback WTI] Solver <ConvHipImplicitGemmGroupBwdXdlops>, workspace required: 27983872, provided ptr: 0x76727ab48000 size: 27852800
MIOpen(HIP): Warning [IsEnoughWorkspace] [GetSolutionsFallback AI] Solver <GemmFwdRest>, workspace required: 97484800, provided ptr: 0x76727b890000 size: 27967488
MIOpen(HIP): Warning [IsEnoughWorkspace] [GetSolutionsFallback AI] Solver <ConvHipImplicitGemmGroupFwdXdlops>, workspace required: 27869184, provided ptr: 0x76727c5d8000 size: 27852800
MIOpen(HIP): Warning [IsEnoughWorkspace] [GetSolutionsFallback AI] Solver <GemmFwdRest>, workspace required: 146227200, provided ptr: 0x767280a00000 size: 41807872
MIOpen(HIP): Warning [IsEnoughWorkspace] [GetSolutionsFallback AI] Solver <ConvHipImplicitGemmGroupFwdXdlops>, workspace required: 41783296, provided ptr: 0x767281dec000 size: 41779200
MIOpen(HIP): Warning [IsEnoughWorkspace] [GetSolutionsFallback AI] Solver <ConvHipImplicitGemmGroupFwdXdlops>, workspace required: 21543424, provided ptr: 0x767279e00000 size: 20890624
MIOpen(HIP): Warning [IsEnoughWorkspace] [GetSolutionsFallback AI] Solver <GemmFwdRest>, workspace required: 146227200, provided ptr: 0x767279e00000 size: 20890624
MIOpen(HIP): Warning [IsEnoughWorkspace] [GetSolutionsFallback AI] Solver <ConvHipImplicitGemmGroupFwdXdlops>, workspace required: 9080832, provided ptr: 0x7671904c0000 size: 2437120
MIOpen(HIP): Warning [IsEnoughWorkspace] [GetSolutionsFallback AI] Solver <ConvAsmImplicitGemmGTCDynamicFwdXdlopsNHWC>, workspace required: 9080832, provided ptr: 0x7671904c0000 size: 2437120
MIOpen(HIP): Warning [IsEnoughWorkspace] [GetSolutionsFallback WTI] Solver <ConvAsmImplicitGemmGTCDynamicBwdXdlopsNHWC>, workspace required: 40517632, provided ptr: 0x7673242c0000 size: 11141120
MIOpen(HIP): Warning [IsEnoughWorkspace] [GetSolutionsFallback WTI] Solver <ConvHipImplicitGemmGroupBwdXdlops>, workspace required: 40517632, provided ptr: 0x7673242c0000 size: 11141120
MIOpen(HIP): Warning [IsEnoughWorkspace] [GetSolutionsFallback AI] Solver <GemmFwdRest>, workspace required: 38993920, provided ptr: 0x767279e00000 size: 18481152
MIOpen(HIP): Warning [IsEnoughWorkspace] [GetSolutionsFallback AI] Solver <GemmFwdRest>, workspace required: 97484800, provided ptr: 0x76727ab48000 size: 29687808
MIOpen(HIP): Warning [IsEnoughWorkspace] [GetSolutionsFallback AI] Solver <ConvHipImplicitGemmGroupFwdXdlops>, workspace required: 28114944, provided ptr: 0x76727b890000 size: 27852800
MIOpen(HIP): Warning [IsEnoughWorkspace] [GetSolutionsFallback AI] Solver <GemmFwdRest>, workspace required: 194969600, provided ptr: 0x767282490000 size: 56164352
MIOpen(HIP): Warning [IsEnoughWorkspace] [GetSolutionsFallback AI] Solver <ConvHipImplicitGemmGroupFwdXdlops>, workspace required: 55771136, provided ptr: 0x767283f20000 size: 55705600
MIOpen(HIP): Warning [IsEnoughWorkspace] [GetSolutionsFallback WTI] Solver <ConvAsmImplicitGemmGTCDynamicBwdXdlopsNHWC>, workspace required: 55836672, provided ptr: 0x767282490000 size: 55705600
MIOpen(HIP): Warning [IsEnoughWorkspace] [GetSolutionsFallback WTI] Solver <ConvHipImplicitGemmGroupBwdXdlops>, workspace required: 55836672, provided ptr: 0x767282490000 size: 55705600
MIOpen(HIP): Warning [IsEnoughWorkspace] [GetSolutionsFallback AI] Solver <GemmFwdRest>, workspace required: 194969600, provided ptr: 0x767283f20000 size: 55820288
MIOpen(HIP): Warning [IsEnoughWorkspace] [GetSolutionsFallback AI] Solver <ConvHipImplicitGemmGroupFwdXdlops>, workspace required: 55721984, provided ptr: 0x7672859b0000 size: 55705600
MIOpen(HIP): Warning [IsEnoughWorkspace] [GetSolutionsFallback AI] Solver <GemmFwdRest>, workspace required: 292454400, provided ptr: 0x7672859b0000 size: 83587072
MIOpen(HIP): Warning [IsEnoughWorkspace] [GetSolutionsFallback AI] Solver <ConvHipImplicitGemmGroupFwdXdlops>, workspace required: 83562496, provided ptr: 0x767288188000 size: 83558400
MIOpen(HIP): Warning [IsEnoughWorkspace] [GetSolutionsFallback AI] Solver <ConvHipImplicitGemmGroupFwdXdlops>, workspace required: 43085824, provided ptr: 0x767279e00000 size: 41780224
MIOpen(HIP): Warning [IsEnoughWorkspace] [GetSolutionsFallback AI] Solver <GemmFwdRest>, workspace required: 292454400, provided ptr: 0x767279e00000 size: 41780224
MIOpen(HIP): Warning [IsEnoughWorkspace] [GetSolutionsFallback AI] Solver <ConvHipImplicitGemmGroupFwdXdlops>, workspace required: 8573952, provided ptr: 0x7671904c0000 size: 1727488
MIOpen(HIP): Warning [IsEnoughWorkspace] [GetSolutionsFallback AI] Solver <ConvAsmImplicitGemmGTCDynamicFwdXdlopsNHWC>, workspace required: 8573952, provided ptr: 0x7671904c0000 size: 1727488
MIOpen(HIP): Warning [IsEnoughWorkspace] [GetSolutionsFallback WTI] Solver <ConvAsmImplicitGemmGTCDynamicBwdXdlopsNHWC>, workspace required: 38490112, provided ptr: 0x767255400000 size: 7897088
MIOpen(HIP): Warning [IsEnoughWorkspace] [GetSolutionsFallback WTI] Solver <ConvHipImplicitGemmGroupBwdXdlops>, workspace required: 38490112, provided ptr: 0x767255400000 size: 7897088
MIOpen(HIP): Warning [IsEnoughWorkspace] [GetSolutionsFallback AI] Solver <GemmFwdRest>, workspace required: 27639808, provided ptr: 0x7673242c0000 size: 15237120
MIOpen(HIP): Warning [IsEnoughWorkspace] [GetSolutionsFallback AI] Solver <GemmFwdRest>, workspace required: 69099520, provided ptr: 0x767279e00000 size: 21577728
MIOpen(HIP): Warning [IsEnoughWorkspace] [GetSolutionsFallback AI] Solver <ConvHipImplicitGemmGroupFwdXdlops>, workspace required: 20004864, provided ptr: 0x76727a76a000 size: 19742720
MIOpen(HIP): Warning [IsEnoughWorkspace] [GetSolutionsFallback AI] Solver <GemmFwdRest>, workspace required: 138199040, provided ptr: 0x767280a00000 size: 39944192
MIOpen(HIP): Warning [IsEnoughWorkspace] [GetSolutionsFallback AI] Solver <ConvHipImplicitGemmGroupFwdXdlops>, workspace required: 39550976, provided ptr: 0x767280a00000 size: 39485440
MIOpen(HIP): Warning [IsEnoughWorkspace] [GetSolutionsFallback WTI] Solver <ConvAsmImplicitGemmGTCDynamicBwdXdlopsNHWC>, workspace required: 39616512, provided ptr: 0x76727c3a8000 size: 39485440
MIOpen(HIP): Warning [IsEnoughWorkspace] [GetSolutionsFallback WTI] Solver <ConvHipImplicitGemmGroupBwdXdlops>, workspace required: 39616512, provided ptr: 0x76727c3a8000 size: 39485440
MIOpen(HIP): Warning [IsEnoughWorkspace] [GetSolutionsFallback AI] Solver <GemmFwdRest>, workspace required: 138199040, provided ptr: 0x767280a00000 size: 39600128
MIOpen(HIP): Warning [IsEnoughWorkspace] [GetSolutionsFallback AI] Solver <ConvHipImplicitGemmGroupFwdXdlops>, workspace required: 39501824, provided ptr: 0x767280a00000 size: 39485440
MIOpen(HIP): Warning [IsEnoughWorkspace] [GetSolutionsFallback AI] Solver <GemmFwdRest>, workspace required: 207298560, provided ptr: 0x76728263e000 size: 59256832
MIOpen(HIP): Warning [IsEnoughWorkspace] [GetSolutionsFallback AI] Solver <ConvHipImplicitGemmGroupFwdXdlops>, workspace required: 59232256, provided ptr: 0x76728427c000 size: 59228160
MIOpen(HIP): Warning [IsEnoughWorkspace] [GetSolutionsFallback AI] Solver <ConvHipImplicitGemmGroupFwdXdlops>, workspace required: 30540544, provided ptr: 0x76727ba3e000 size: 29615104
MIOpen(HIP): Warning [IsEnoughWorkspace] [GetSolutionsFallback AI] Solver <GemmFwdRest>, workspace required: 207298560, provided ptr: 0x76727ba3e000 size: 29615104
[0;36m(APIServer pid=23472)[0;0m [32mINFO[0m [90m10-07 15:21:04[0m [90m[stats.py:902][0m [OmniTiming] req=speech-893c4a13e973fda4-a1e745b8 total=5.31s engine=5.31s stages=[0:5.31s]
INFO:     127.0.0.1:60618 - "POST /v1/audio/speech HTTP/1.1" 200 OK
[0;36m(APIServer pid=23472)[0;0m [32mINFO[0m [90m10-07 15:21:04[0m [90m[serving_speech.py:2423][0m Diffusion TTS speech request speech-837cca58f838f204: voice_clone=False
[0;36m(APIServer pid=23472)[0;0m [32mINFO[0m [90m10-07 15:21:04[0m [90m[serving_speech.py:2471][0m Applied diffusion speech params: seed=42 extra_params={}
[0;36m(APIServer pid=23472)[0;0m [32mINFO[0m [90m10-07 15:21:04[0m [90m[diffusion_engine.py:764][0m [RequestBatch] admission wait done waiting=1 max_batch=8 waited_ms=2.1
MIOpen(HIP): Warning [IsEnoughWorkspace] [GetSolutionsFallback AI] Solver <ConvHipImplicitGemmGroupFwdXdlops>, workspace required: 8333312, provided ptr: 0x767191480000 size: 1390592
MIOpen(HIP): Warning [IsEnoughWorkspace] [GetSolutionsFallback AI] Solver <ConvAsmImplicitGemmGTCDynamicFwdXdlopsNHWC>, workspace required: 8333312, provided ptr: 0x767191480000 size: 1390592
MIOpen(HIP): Warning [IsEnoughWorkspace] [GetSolutionsFallback WTI] Solver <ConvAsmImplicitGemmGTCDynamicBwdXdlopsNHWC>, workspace required: 37527552, provided ptr: 0x767255400000 size: 6356992
MIOpen(HIP): Warning [IsEnoughWorkspace] [GetSolutionsFallback WTI] Solver <ConvHipImplicitGemmGroupBwdXdlops>, workspace required: 37527552, provided ptr: 0x767255400000 size: 6356992
MIOpen(HIP): Warning [IsEnoughWorkspace] [GetSolutionsFallback AI] Solver <GemmFwdRest>, workspace required: 22249472, provided ptr: 0x7673242c0000 size: 13697024
MIOpen(HIP): Warning [IsEnoughWorkspace] [GetSolutionsFallback WTI] Solver <ConvAsmImplicitGemmGTCDynamicBwdXdlopsNHWC>, workspace required: 16367616, provided ptr: 0x7673242c0000 size: 15892480
MIOpen(HIP): Warning [IsEnoughWorkspace] [GetSolutionsFallback WTI] Solver <ConvHipImplicitGemmGroupBwdXdlops>, workspace required: 16367616, provided ptr: 0x7673242c0000 size: 15892480
MIOpen(HIP): Warning [IsEnoughWorkspace] [GetSolutionsFallback AI] Solver <GemmFwdRest>, workspace required: 55623680, provided ptr: 0x767279e00000 size: 17727488
MIOpen(HIP): Warning [IsEnoughWorkspace] [GetSolutionsFallback AI] Solver <ConvAsmImplicitGemmGTCDynamicFwdXdlopsNHWC>, workspace required: 15892480, provided ptr: 0 size: 0
MIOpen(HIP): Warning [IsEnoughWorkspace] [GetSolutionsFallback AI] Solver <ConvHipImplicitGemmGroupFwdXdlops>, workspace required: 16154624, provided ptr: 0 size: 0
MIOpen(HIP): Warning [IsEnoughWorkspace] [GetSolutionsFallback AI] Solver <GemmFwdRest>, workspace required: 111247360, provided ptr: 0x767280a00000 size: 32243712
MIOpen(HIP): Warning [IsEnoughWorkspace] [GetSolutionsFallback AI] Solver <ConvHipImplicitGemmGroupFwdXdlops>, workspace required: 31850496, provided ptr: 0x767280a00000 size: 31784960
MIOpen(HIP): Warning [IsEnoughWorkspace] [GetSolutionsFallback WTI] Solver <ConvAsmImplicitGemmGTCDynamicBwdXdlopsNHWC>, workspace required: 31916032, provided ptr: 0x76727bc50000 size: 31784960
MIOpen(HIP): Warning [IsEnoughWorkspace] [GetSolutionsFallback WTI] Solver <ConvHipImplicitGemmGroupBwdXdlops>, workspace required: 31916032, provided ptr: 0x76727bc50000 size: 31784960
MIOpen(HIP): Warning [IsEnoughWorkspace] [GetSolutionsFallback AI] Solver <GemmFwdRest>, workspace required: 111247360, provided ptr: 0x76727cb78000 size: 31899648
MIOpen(HIP): Warning [IsEnoughWorkspace] [GetSolutionsFallback AI] Solver <ConvHipImplicitGemmGroupFwdXdlops>, workspace required: 31801344, provided ptr: 0x767280a00000 size: 31784960
MIOpen(HIP): Warning [IsEnoughWorkspace] [GetSolutionsFallback AI] Solver <GemmFwdRest>, workspace required: 166871040, provided ptr: 0x7672820bc000 size: 47706112
MIOpen(HIP): Warning [IsEnoughWorkspace] [GetSolutionsFallback AI] Solver <ConvHipImplicitGemmGroupFwdXdlops>, workspace required: 47681536, provided ptr: 0x767283778000 size: 47677440
MIOpen(HIP): Warning [IsEnoughWorkspace] [GetSolutionsFallback AI] Solver <ConvHipImplicitGemmGroupFwdXdlops>, workspace required: 24584704, provided ptr: 0x76727b4bc000 size: 23839744
MIOpen(HIP): Warning [IsEnoughWorkspace] [GetSolutionsFallback AI] Solver <GemmFwdRest>, workspace required: 166871040, provided ptr: 0x76727b4bc000 size: 23839744
MIOpen(HIP): Warning [IsEnoughWorkspace] [GetSolutionsFallback AI] Solver <ConvHipImplicitGemmGroupFwdXdlops>, workspace required: 9106432, provided ptr: 0x7671904c0000 size: 2472960
MIOpen(HIP): Warning [IsEnoughWorkspace] [GetSolutionsFallback AI] Solver <ConvAsmImplicitGemmGTCDynamicFwdXdlopsNHWC>, workspace required: 9106432, provided ptr: 0x7671904c0000 size: 2472960
MIOpen(HIP): Warning [IsEnoughWorkspace] [GetSolutionsFallback WTI] Solver <ConvAsmImplicitGemmGTCDynamicBwdXdlopsNHWC>, workspace required: 40620032, provided ptr: 0x7673242c0000 size: 11304960
MIOpen(HIP): Warning [IsEnoughWorkspace] [GetSolutionsFallback WTI] Solver <ConvHipImplicitGemmGroupBwdXdlops>, workspace required: 40620032, provided ptr: 0x7673242c0000 size: 11304960
MIOpen(HIP): Warning [IsEnoughWorkspace] [GetSolutionsFallback AI] Solver <GemmFwdRest>, workspace required: 39567360, provided ptr: 0x767279e00000 size: 18644992
MIOpen(HIP): Warning [IsEnoughWorkspace] [GetSolutionsFallback AI] Solver <GemmFwdRest>, workspace required: 98918400, provided ptr: 0x76727b8f4000 size: 30097408
MIOpen(HIP): Warning [IsEnoughWorkspace] [GetSolutionsFallback AI] Solver <ConvHipImplicitGemmGroupFwdXdlops>, workspace required: 28524544, provided ptr: 0x76727c66e000 size: 28262400
MIOpen(HIP): Warning [IsEnoughWorkspace] [GetSolutionsFallback AI] Solver <GemmFwdRest>, workspace required: 197836800, provided ptr: 0x7672824f4000 size: 56983552
MIOpen(HIP): Warning [IsEnoughWorkspace] [GetSolutionsFallback AI] Solver <ConvHipImplicitGemmGroupFwdXdlops>, workspace required: 56590336, provided ptr: 0x767283fe8000 size: 56524800
MIOpen(HIP): Warning [IsEnoughWorkspace] [GetSolutionsFallback WTI] Solver <ConvAsmImplicitGemmGTCDynamicBwdXdlopsNHWC>, workspace required: 56655872, provided ptr: 0x7672824f4000 size: 56524800
MIOpen(HIP): Warning [IsEnoughWorkspace] [GetSolutionsFallback WTI] Solver <ConvHipImplicitGemmGroupBwdXdlops>, workspace required: 56655872, provided ptr: 0x7672824f4000 size: 56524800
MIOpen(HIP): Warning [IsEnoughWorkspace] [GetSolutionsFallback AI] Solver <GemmFwdRest>, workspace required: 197836800, provided ptr: 0x767283fe8000 size: 56639488
MIOpen(HIP): Warning [IsEnoughWorkspace] [GetSolutionsFallback AI] Solver <ConvHipImplicitGemmGroupFwdXdlops>, workspace required: 56541184, provided ptr: 0x767285adc000 size: 56524800
MIOpen(HIP): Warning [IsEnoughWorkspace] [GetSolutionsFallback AI] Solver <GemmFwdRest>, workspace required: 296755200, provided ptr: 0x767285adc000 size: 84815872
MIOpen(HIP): Warning [IsEnoughWorkspace] [GetSolutionsFallback AI] Solver <ConvHipImplicitGemmGroupFwdXdlops>, workspace required: 84791296, provided ptr: 0x76728834a000 size: 84787200
MIOpen(HIP): Warning [IsEnoughWorkspace] [GetSolutionsFallback AI] Solver <ConvHipImplicitGemmGroupFwdXdlops>, workspace required: 43719424, provided ptr: 0x767279e00000 size: 42394624
MIOpen(HIP): Warning [IsEnoughWorkspace] [GetSolutionsFallback AI] Solver <GemmFwdRest>, workspace required: 296755200, provided ptr: 0x767279e00000 size: 42394624
MIOpen(HIP): Warning [IsEnoughWorkspace] [GetSolutionsFallback AI] Solver <ConvHipImplicitGemmGroupFwdXdlops>, workspace required: 8389632, provided ptr: 0x767191480000 size: 1469440
MIOpen(HIP): Warning [IsEnoughWorkspace] [GetSolutionsFallback AI] Solver <ConvAsmImplicitGemmGTCDynamicFwdXdlopsNHWC>, workspace required: 8389632, provided ptr: 0x767191480000 size: 1469440
MIOpen(HIP): Warning [IsEnoughWorkspace] [GetSolutionsFallback WTI] Solver <ConvAsmImplicitGemmGTCDynamicBwdXdlopsNHWC>, workspace required: 37752832, provided ptr: 0x767255400000 size: 6717440
MIOpen(HIP): Warning [IsEnoughWorkspace] [GetSolutionsFallback WTI] Solver <ConvHipImplicitGemmGroupBwdXdlops>, workspace required: 37752832, provided ptr: 0x767255400000 size: 6717440
MIOpen(HIP): Warning [IsEnoughWorkspace] [GetSolutionsFallback AI] Solver <GemmFwdRest>, workspace required: 23511040, provided ptr: 0x7673242c0000 size: 14057472
MIOpen(HIP): Warning [IsEnoughWorkspace] [GetSolutionsFallback WTI] Solver <ConvAsmImplicitGemmGTCDynamicBwdXdlopsNHWC>, workspace required: 16998400, provided ptr: 0x7673242c0000 size: 16793600
MIOpen(HIP): Warning [IsEnoughWorkspace] [GetSolutionsFallback WTI] Solver <ConvHipImplicitGemmGroupBwdXdlops>, workspace required: 16998400, provided ptr: 0x7673242c0000 size: 16793600
MIOpen(HIP): Warning [IsEnoughWorkspace] [GetSolutionsFallback AI] Solver <GemmFwdRest>, workspace required: 58777600, provided ptr: 0x767279e00000 size: 18628608
MIOpen(HIP): Warning [IsEnoughWorkspace] [GetSolutionsFallback AI] Solver <ConvAsmImplicitGemmGTCDynamicFwdXdlopsNHWC>, workspace required: 16793600, provided ptr: 0 size: 0
MIOpen(HIP): Warning [IsEnoughWorkspace] [GetSolutionsFallback AI] Solver <ConvHipImplicitGemmGroupFwdXdlops>, workspace required: 17055744, provided ptr: 0 size: 0
MIOpen(HIP): Warning [IsEnoughWorkspace] [GetSolutionsFallback AI] Solver <GemmFwdRest>, workspace required: 117555200, provided ptr: 0x767280a00000 size: 34045952
MIOpen(HIP): Warning [IsEnoughWorkspace] [GetSolutionsFallback AI] Solver <ConvHipImplicitGemmGroupFwdXdlops>, workspace required: 33652736, provided ptr: 0x767280a00000 size: 33587200
MIOpen(HIP): Warning [IsEnoughWorkspace] [GetSolutionsFallback WTI] Solver <ConvAsmImplicitGemmGTCDynamicBwdXdlopsNHWC>, workspace required: 33718272, provided ptr: 0x76727be08000 size: 33587200
MIOpen(HIP): Warning [IsEnoughWorkspace] [GetSolutionsFallback WTI] Solver <ConvHipImplicitGemmGroupBwdXdlops>, workspace required: 33718272, provided ptr: 0x76727be08000 size: 33587200
MIOpen(HIP): Warning [IsEnoughWorkspace] [GetSolutionsFallback AI] Solver <GemmFwdRest>, workspace required: 117555200, provided ptr: 0x767280a00000 size: 33701888
MIOpen(HIP): Warning [IsEnoughWorkspace] [GetSolutionsFallback AI] Solver <ConvHipImplicitGemmGroupFwdXdlops>, workspace required: 33603584, provided ptr: 0x767280a00000 size: 33587200
MIOpen(HIP): Warning [IsEnoughWorkspace] [GetSolutionsFallback AI] Solver <GemmFwdRest>, workspace required: 176332800, provided ptr: 0x767282206000 size: 50409472
MIOpen(HIP): Warning [IsEnoughWorkspace] [GetSolutionsFallback AI] Solver <ConvHipImplicitGemmGroupFwdXdlops>, workspace required: 50384896, provided ptr: 0x767283a0c000 size: 50380800
MIOpen(HIP): Warning [IsEnoughWorkspace] [GetSolutionsFallback AI] Solver <ConvHipImplicitGemmGroupFwdXdlops>, workspace required: 25978624, provided ptr: 0x76727b606000 size: 25191424
MIOpen(HIP): Warning [IsEnoughWorkspace] [GetSolutionsFallback AI] Solver <GemmFwdRest>, workspace required: 176332800, provided ptr: 0x76727b606000 size: 25191424
MIOpen(HIP): Warning [IsEnoughWorkspace] [GetSolutionsFallback AI] Solver <ConvHipImplicitGemmGroupFwdXdlops>, workspace required: 8246272, provided ptr: 0x767191480000 size: 1268736
MIOpen(HIP): Warning [IsEnoughWorkspace] [GetSolutionsFallback AI] Solver <ConvAsmImplicitGemmGTCDynamicFwdXdlopsNHWC>, workspace required: 8246272, provided ptr: 0x767191480000 size: 1268736
MIOpen(HIP): Warning [IsEnoughWorkspace] [GetSolutionsFallback WTI] Solver <ConvAsmImplicitGemmGTCDynamicBwdXdlopsNHWC>, workspace required: 37179392, provided ptr: 0x767255400000 size: 5799936
MIOpen(HIP): Warning [IsEnoughWorkspace] [GetSolutionsFallback WTI] Solver <ConvHipImplicitGemmGroupBwdXdlops>, workspace required: 37179392, provided ptr: 0x767255400000 size: 5799936
MIOpen(HIP): Warning [IsEnoughWorkspace] [GetSolutionsFallback AI] Solver <GemmFwdRest>, workspace required: 20299776, provided ptr: 0x7673242c0000 size: 13139968
MIOpen(HIP): Warning [IsEnoughWorkspace] [GetSolutionsFallback WTI] Solver <ConvAsmImplicitGemmGTCDynamicBwdXdlopsNHWC>, workspace required: 15392768, provided ptr: 0x7673242c0000 size: 14499840
MIOpen(HIP): Warning [IsEnoughWorkspace] [GetSolutionsFallback WTI] Solver <ConvHipImplicitGemmGroupBwdXdlops>, workspace required: 15392768, provided ptr: 0x7673242c0000 size: 14499840
MIOpen(HIP): Warning [IsEnoughWorkspace] [GetSolutionsFallback AI] Solver <GemmFwdRest>, workspace required: 50749440, provided ptr: 0x767279e00000 size: 16334848
MIOpen(HIP): Warning [IsEnoughWorkspace] [GetSolutionsFallback AI] Solver <ConvAsmImplicitGemmGTCDynamicFwdXdlopsNHWC>, workspace required: 14499840, provided ptr: 0 size: 0
MIOpen(HIP): Warning [IsEnoughWorkspace] [GetSolutionsFallback AI] Solver <ConvHipImplicitGemmGroupFwdXdlops>, workspace required: 14761984, provided ptr: 0 size: 0
MIOpen(HIP): Warning [IsEnoughWorkspace] [GetSolutionsFallback AI] Solver <GemmFwdRest>, workspace required: 101498880, provided ptr: 0x76727abd4000 size: 29458432
MIOpen(HIP): Warning [IsEnoughWorkspace] [GetSolutionsFallback AI] Solver <ConvHipImplicitGemmGroupFwdXdlops>, workspace required: 29065216, provided ptr: 0x76727b9a8000 size: 28999680
MIOpen(HIP): Warning [IsEnoughWorkspace] [GetSolutionsFallback WTI] Solver <ConvAsmImplicitGemmGTCDynamicBwdXdlopsNHWC>, workspace required: 29130752, provided ptr: 0x76727abd4000 size: 28999680
MIOpen(HIP): Warning [IsEnoughWorkspace] [GetSolutionsFallback WTI] Solver <ConvHipImplicitGemmGroupBwdXdlops>, workspace required: 29130752, provided ptr: 0x76727abd4000 size: 28999680
MIOpen(HIP): Warning [IsEnoughWorkspace] [GetSolutionsFallback AI] Solver <GemmFwdRest>, workspace required: 101498880, provided ptr: 0x76727b9a8000 size: 29114368
MIOpen(HIP): Warning [IsEnoughWorkspace] [GetSolutionsFallback AI] Solver <ConvHipImplicitGemmGroupFwdXdlops>, workspace required: 29016064, provided ptr: 0x76727c77c000 size: 28999680
MIOpen(HIP): Warning [IsEnoughWorkspace] [GetSolutionsFallback AI] Solver <GemmFwdRest>, workspace required: 152248320, provided ptr: 0x767280a00000 size: 43528192
MIOpen(HIP): Warning [IsEnoughWorkspace] [GetSolutionsFallback AI] Solver <ConvHipImplicitGemmGroupFwdXdlops>, workspace required: 43503616, provided ptr: 0x767281ebe000 size: 43499520
MIOpen(HIP): Warning [IsEnoughWorkspace] [GetSolutionsFallback AI] Solver <ConvHipImplicitGemmGroupFwdXdlops>, workspace required: 22430464, provided ptr: 0x767279e00000 size: 21750784
MIOpen(HIP): Warning [IsEnoughWorkspace] [GetSolutionsFallback AI] Solver <GemmFwdRest>, workspace required: 152248320, provided ptr: 0x767279e00000 size: 21750784
MIOpen(HIP): Warning [IsEnoughWorkspace] [GetSolutionsFallback AI] Solver <ConvHipImplicitGemmGroupFwdXdlops>, workspace required: 8824832, provided ptr: 0x7671904c0000 size: 2078720
MIOpen(HIP): Warning [IsEnoughWorkspace] [GetSolutionsFallback AI] Solver <ConvAsmImplicitGemmGTCDynamicFwdXdlopsNHWC>, workspace required: 8824832, provided ptr: 0x7671904c0000 size: 2078720
MIOpen(HIP): Warning [IsEnoughWorkspace] [GetSolutionsFallback WTI] Solver <ConvAsmImplicitGemmGTCDynamicBwdXdlopsNHWC>, workspace required: 39493632, provided ptr: 0x767255400000 size: 9502720
MIOpen(HIP): Warning [IsEnoughWorkspace] [GetSolutionsFallback WTI] Solver <ConvHipImplicitGemmGroupBwdXdlops>, workspace required: 39493632, provided ptr: 0x767255400000 size: 9502720
MIOpen(HIP): Warning [IsEnoughWorkspace] [GetSolutionsFallback AI] Solver <GemmFwdRest>, workspace required: 33259520, provided ptr: 0x7673242c0000 size: 16842752
MIOpen(HIP): Warning [IsEnoughWorkspace] [GetSolutionsFallback AI] Solver <GemmFwdRest>, workspace required: 83148800, provided ptr: 0x76727b4a8000 size: 25591808
MIOpen(HIP): Warning [IsEnoughWorkspace] [GetSolutionsFallback AI] Solver <ConvHipImplicitGemmGroupFwdXdlops>, workspace required: 24018944, provided ptr: 0x76727bffc000 size: 23756800
MIOpen(HIP): Warning [IsEnoughWorkspace] [GetSolutionsFallback AI] Solver <GemmFwdRest>, workspace required: 166297600, provided ptr: 0x7672820a8000 size: 47972352
MIOpen(HIP): Warning [IsEnoughWorkspace] [GetSolutionsFallback AI] Solver <ConvHipImplicitGemmGroupFwdXdlops>, workspace required: 47579136, provided ptr: 0x767283750000 size: 47513600
MIOpen(HIP): Warning [IsEnoughWorkspace] [GetSolutionsFallback WTI] Solver <ConvAsmImplicitGemmGTCDynamicBwdXdlopsNHWC>, workspace required: 47644672, provided ptr: 0x7672820a8000 size: 47513600
MIOpen(HIP): Warning [IsEnoughWorkspace] [GetSolutionsFallback WTI] Solver <ConvHipImplicitGemmGroupBwdXdlops>, workspace required: 47644672, provided ptr: 0x7672820a8000 size: 47513600
MIOpen(HIP): Warning [IsEnoughWorkspace] [GetSolutionsFallback AI] Solver <GemmFwdRest>, workspace required: 166297600, provided ptr: 0x7672820a8000 size: 47628288
MIOpen(HIP): Warning [IsEnoughWorkspace] [GetSolutionsFallback AI] Solver <ConvHipImplicitGemmGroupFwdXdlops>, workspace required: 47529984, provided ptr: 0x767283750000 size: 47513600
MIOpen(HIP): Warning [IsEnoughWorkspace] [GetSolutionsFallback AI] Solver <GemmFwdRest>, workspace required: 249446400, provided ptr: 0x767284df8000 size: 71299072
MIOpen(HIP): Warning [IsEnoughWorkspace] [GetSolutionsFallback AI] Solver <ConvHipImplicitGemmGroupFwdXdlops>, workspace required: 71274496, provided ptr: 0x767286ff4000 size: 71270400
MIOpen(HIP): Warning [IsEnoughWorkspace] [GetSolutionsFallback AI] Solver <ConvHipImplicitGemmGroupFwdXdlops>, workspace required: 36749824, provided ptr: 0x767279e00000 size: 35636224
MIOpen(HIP): Warning [IsEnoughWorkspace] [GetSolutionsFallback AI] Solver <GemmFwdRest>, workspace required: 249446400, provided ptr: 0x767279e00000 size: 35636224
MIOpen(HIP): Warning [IsEnoughWorkspace] [GetSolutionsFallback AI] Solver <ConvHipImplicitGemmGroupFwdXdlops>, workspace required: 8876032, provided ptr: 0x7671904c0000 size: 2150400
MIOpen(HIP): Warning [IsEnoughWorkspace] [GetSolutionsFallback AI] Solver <ConvAsmImplicitGemmGTCDynamicFwdXdlopsNHWC>, workspace required: 8876032, provided ptr: 0x7671904c0000 size: 2150400
MIOpen(HIP): Warning [IsEnoughWorkspace] [GetSolutionsFallback WTI] Solver <ConvAsmImplicitGemmGTCDynamicBwdXdlopsNHWC>, workspace required: 39698432, provided ptr: 0x767255400000 size: 9830400
MIOpen(HIP): Warning [IsEnoughWorkspace] [GetSolutionsFallback WTI] Solver <ConvHipImplicitGemmGroupBwdXdlops>, workspace required: 39698432, provided ptr: 0x767255400000 size: 9830400
MIOpen(HIP): Warning [IsEnoughWorkspace] [GetSolutionsFallback AI] Solver <GemmFwdRest>, workspace required: 34406400, provided ptr: 0x7673242c0000 size: 17170432
MIOpen(HIP): Warning [IsEnoughWorkspace] [GetSolutionsFallback AI] Solver <GemmFwdRest>, workspace required: 86016000, provided ptr: 0x76727b570000 size: 26411008
MIOpen(HIP): Warning [IsEnoughWorkspace] [GetSolutionsFallback AI] Solver <ConvHipImplicitGemmGroupFwdXdlops>, workspace required: 24838144, provided ptr: 0x76727c128000 size: 24576000
MIOpen(HIP): Warning [IsEnoughWorkspace] [GetSolutionsFallback AI] Solver <GemmFwdRest>, workspace required: 172032000, provided ptr: 0x767282170000 size: 49610752
MIOpen(HIP): Warning [IsEnoughWorkspace] [GetSolutionsFallback AI] Solver <ConvHipImplicitGemmGroupFwdXdlops>, workspace required: 49217536, provided ptr: 0x7672838e0000 size: 49152000
MIOpen(HIP): Warning [IsEnoughWorkspace] [GetSolutionsFallback WTI] Solver <ConvAsmImplicitGemmGTCDynamicBwdXdlopsNHWC>, workspace required: 49283072, provided ptr: 0x767282170000 size: 49152000
MIOpen(HIP): Warning [IsEnoughWorkspace] [GetSolutionsFallback WTI] Solver <ConvHipImplicitGemmGroupBwdXdlops>, workspace required: 49283072, provided ptr: 0x767282170000 size: 49152000
MIOpen(HIP): Warning [IsEnoughWorkspace] [GetSolutionsFallback AI] Solver <GemmFwdRest>, workspace required: 172032000, provided ptr: 0x767282170000 size: 49266688
MIOpen(HIP): Warning [IsEnoughWorkspace] [GetSolutionsFallback AI] Solver <ConvHipImplicitGemmGroupFwdXdlops>, workspace required: 49168384, provided ptr: 0x7672838e0000 size: 49152000
MIOpen(HIP): Warning [IsEnoughWorkspace] [GetSolutionsFallback AI] Solver <GemmFwdRest>, workspace required: 258048000, provided ptr: 0x767285050000 size: 73756672
MIOpen(HIP): Warning [IsEnoughWorkspace] [GetSolutionsFallback AI] Solver <ConvHipImplicitGemmGroupFwdXdlops>, workspace required: 73732096, provided ptr: 0x767287378000 size: 73728000
MIOpen(HIP): Warning [IsEnoughWorkspace] [GetSolutionsFallback AI] Solver <ConvHipImplicitGemmGroupFwdXdlops>, workspace required: 38017024, provided ptr: 0x767279e00000 size: 36865024
MIOpen(HIP): Warning [IsEnoughWorkspace] [GetSolutionsFallback AI] Solver <GemmFwdRest>, workspace required: 258048000, provided ptr: 0x767279e00000 size: 36865024
MIOpen(HIP): Warning [IsEnoughWorkspace] [GetSolutionsFallback AI] Solver <ConvHipImplicitGemmGroupFwdXdlops>, workspace required: 8276992, provided ptr: 0x767191480000 size: 1311744
MIOpen(HIP): Warning [IsEnoughWorkspace] [GetSolutionsFallback AI] Solver <ConvAsmImplicitGemmGTCDynamicFwdXdlopsNHWC>, workspace required: 8276992, provided ptr: 0x767191480000 size: 1311744
MIOpen(HIP): Warning [IsEnoughWorkspace] [GetSolutionsFallback WTI] Solver <ConvAsmImplicitGemmGTCDynamicBwdXdlopsNHWC>, workspace required: 37302272, provided ptr: 0x767255400000 size: 5996544
MIOpen(HIP): Warning [IsEnoughWorkspace] [GetSolutionsFallback WTI] Solver <ConvHipImplicitGemmGroupBwdXdlops>, workspace required: 37302272, provided ptr: 0x767255400000 size: 5996544
MIOpen(HIP): Warning [IsEnoughWorkspace] [GetSolutionsFallback AI] Solver <GemmFwdRest>, workspace required: 20987904, provided ptr: 0x7673242c0000 size: 13336576
MIOpen(HIP): Warning [IsEnoughWorkspace] [GetSolutionsFallback WTI] Solver <ConvAsmImplicitGemmGTCDynamicBwdXdlopsNHWC>, workspace required: 15736832, provided ptr: 0x7673242c0000 size: 14991360
MIOpen(HIP): Warning [IsEnoughWorkspace] [GetSolutionsFallback WTI] Solver <ConvHipImplicitGemmGroupBwdXdlops>, workspace required: 15736832, provided ptr: 0x7673242c0000 size: 14991360
MIOpen(HIP): Warning [IsEnoughWorkspace] [GetSolutionsFallback AI] Solver <GemmFwdRest>, workspace required: 52469760, provided ptr: 0x767279e00000 size: 16826368
MIOpen(HIP): Warning [IsEnoughWorkspace] [GetSolutionsFallback AI] Solver <ConvAsmImplicitGemmGTCDynamicFwdXdlopsNHWC>, workspace required: 14991360, provided ptr: 0 size: 0
MIOpen(HIP): Warning [IsEnoughWorkspace] [GetSolutionsFallback AI] Solver <ConvHipImplicitGemmGroupFwdXdlops>, workspace required: 15253504, provided ptr: 0 size: 0
MIOpen(HIP): Warning [IsEnoughWorkspace] [GetSolutionsFallback AI] Solver <GemmFwdRest>, workspace required: 104939520, provided ptr: 0x76727c8e4000 size: 30441472
MIOpen(HIP): Warning [IsEnoughWorkspace] [GetSolutionsFallback AI] Solver <ConvHipImplicitGemmGroupFwdXdlops>, workspace required: 30048256, provided ptr: 0x767280a00000 size: 29982720
MIOpen(HIP): Warning [IsEnoughWorkspace] [GetSolutionsFallback WTI] Solver <ConvAsmImplicitGemmGTCDynamicBwdXdlopsNHWC>, workspace required: 30113792, provided ptr: 0x76727ba98000 size: 29982720
MIOpen(HIP): Warning [IsEnoughWorkspace] [GetSolutionsFallback WTI] Solver <ConvHipImplicitGemmGroupBwdXdlops>, workspace required: 30113792, provided ptr: 0x76727ba98000 size: 29982720
MIOpen(HIP): Warning [IsEnoughWorkspace] [GetSolutionsFallback AI] Solver <GemmFwdRest>, workspace required: 104939520, provided ptr: 0x76727c8e4000 size: 30097408
MIOpen(HIP): Warning [IsEnoughWorkspace] [GetSolutionsFallback AI] Solver <ConvHipImplicitGemmGroupFwdXdlops>, workspace required: 29999104, provided ptr: 0x767280a00000 size: 29982720
MIOpen(HIP): Warning [IsEnoughWorkspace] [GetSolutionsFallback AI] Solver <GemmFwdRest>, workspace required: 157409280, provided ptr: 0x767281f72000 size: 45002752
MIOpen(HIP): Warning [IsEnoughWorkspace] [GetSolutionsFallback AI] Solver <ConvHipImplicitGemmGroupFwdXdlops>, workspace required: 44978176, provided ptr: 0x7672834e4000 size: 44974080
MIOpen(HIP): Warning [IsEnoughWorkspace] [GetSolutionsFallback AI] Solver <ConvHipImplicitGemmGroupFwdXdlops>, workspace required: 23190784, provided ptr: 0x76727b372000 size: 22488064
MIOpen(HIP): Warning [IsEnoughWorkspace] [GetSolutionsFallback AI] Solver <GemmFwdRest>, workspace required: 157409280, provided ptr: 0x76727b372000 size: 22488064
MIOpen(HIP): Warning [IsEnoughWorkspace] [GetSolutionsFallback AI] Solver <ConvHipImplicitGemmGroupFwdXdlops>, workspace required: 8481792, provided ptr: 0x7671904c0000 size: 1598464
MIOpen(HIP): Warning [IsEnoughWorkspace] [GetSolutionsFallback AI] Solver <ConvAsmImplicitGemmGTCDynamicFwdXdlopsNHWC>, workspace required: 8481792, provided ptr: 0x7671904c0000 size: 1598464
MIOpen(HIP): Warning [IsEnoughWorkspace] [GetSolutionsFallback WTI] Solver <ConvAsmImplicitGemmGTCDynamicBwdXdlopsNHWC>, workspace required: 38121472, provided ptr: 0x767255400000 size: 7307264
MIOpen(HIP): Warning [IsEnoughWorkspace] [GetSolutionsFallback WTI] Solver <ConvHipImplicitGemmGroupBwdXdlops>, workspace required: 38121472, provided ptr: 0x767255400000 size: 7307264
MIOpen(HIP): Warning [IsEnoughWorkspace] [GetSolutionsFallback AI] Solver <GemmFwdRest>, workspace required: 25575424, provided ptr: 0x7673242c0000 size: 14647296
MIOpen(HIP): Warning [IsEnoughWorkspace] [GetSolutionsFallback AI] Solver <GemmFwdRest>, workspace required: 63938560, provided ptr: 0x76727a6b6000 size: 20103168
MIOpen(HIP): Warning [IsEnoughWorkspace] [GetSolutionsFallback AI] Solver <ConvHipImplicitGemmGroupFwdXdlops>, workspace required: 18530304, provided ptr: 0x76727af6c000 size: 18268160
MIOpen(HIP): Warning [IsEnoughWorkspace] [GetSolutionsFallback AI] Solver <GemmFwdRest>, workspace required: 127877120, provided ptr: 0x767280a00000 size: 36995072
MIOpen(HIP): Warning [IsEnoughWorkspace] [GetSolutionsFallback AI] Solver <ConvHipImplicitGemmGroupFwdXdlops>, workspace required: 36601856, provided ptr: 0x767280a00000 size: 36536320
MIOpen(HIP): Warning [IsEnoughWorkspace] [GetSolutionsFallback WTI] Solver <ConvAsmImplicitGemmGTCDynamicBwdXdlopsNHWC>, workspace required: 36667392, provided ptr: 0x767280a00000 size: 36536320
MIOpen(HIP): Warning [IsEnoughWorkspace] [GetSolutionsFallback WTI] Solver <ConvHipImplicitGemmGroupBwdXdlops>, workspace required: 36667392, provided ptr: 0x767280a00000 size: 36536320
MIOpen(HIP): Warning [IsEnoughWorkspace] [GetSolutionsFallback AI] Solver <GemmFwdRest>, workspace required: 127877120, provided ptr: 0x767280a00000 size: 36651008
MIOpen(HIP): Warning [IsEnoughWorkspace] [GetSolutionsFallback AI] Solver <ConvHipImplicitGemmGroupFwdXdlops>, workspace required: 36552704, provided ptr: 0x767281b6c000 size: 36536320
MIOpen(HIP): Warning [IsEnoughWorkspace] [GetSolutionsFallback AI] Solver <GemmFwdRest>, workspace required: 191815680, provided ptr: 0x767282422000 size: 54833152
MIOpen(HIP): Warning [IsEnoughWorkspace] [GetSolutionsFallback AI] Solver <ConvHipImplicitGemmGroupFwdXdlops>, workspace required: 54808576, provided ptr: 0x767283e44000 size: 54804480
MIOpen(HIP): Warning [IsEnoughWorkspace] [GetSolutionsFallback AI] Solver <ConvHipImplicitGemmGroupFwdXdlops>, workspace required: 28259584, provided ptr: 0x76727b822000 size: 27403264
MIOpen(HIP): Warning [IsEnoughWorkspace] [GetSolutionsFallback AI] Solver <GemmFwdRest>, workspace required: 191815680, provided ptr: 0x76727b822000 size: 27403264
MIOpen(HIP): Warning [IsEnoughWorkspace] [GetSolutionsFallback AI] Solver <ConvHipImplicitGemmGroupFwdXdlops>, workspace required: 8236032, provided ptr: 0x767191480000 size: 1254400
MIOpen(HIP): Warning [IsEnoughWorkspace] [GetSolutionsFallback AI] Solver <ConvAsmImplicitGemmGTCDynamicFwdXdlopsNHWC>, workspace required: 8236032, provided ptr: 0x767191480000 size: 1254400
MIOpen(HIP): Warning [IsEnoughWorkspace] [GetSolutionsFallback WTI] Solver <ConvAsmImplicitGemmGTCDynamicBwdXdlopsNHWC>, workspace required: 37138432, provided ptr: 0x767255400000 size: 5734400
MIOpen(HIP): Warning [IsEnoughWorkspace] [GetSolutionsFallback WTI] Solver <ConvHipImplicitGemmGroupBwdXdlops>, workspace required: 37138432, provided ptr: 0x767255400000 size: 5734400
MIOpen(HIP): Warning [IsEnoughWorkspace] [GetSolutionsFallback AI] Solver <GemmFwdRest>, workspace required: 20070400, provided ptr: 0x7673242c0000 size: 13074432
MIOpen(HIP): Warning [IsEnoughWorkspace] [GetSolutionsFallback WTI] Solver <ConvAsmImplicitGemmGTCDynamicBwdXdlopsNHWC>, workspace required: 15278080, provided ptr: 0x7673242c0000 size: 14336000
MIOpen(HIP): Warning [IsEnoughWorkspace] [GetSolutionsFallback WTI] Solver <ConvHipImplicitGemmGroupBwdXdlops>, workspace required: 15278080, provided ptr: 0x7673242c0000 size: 14336000
MIOpen(HIP): Warning [IsEnoughWorkspace] [GetSolutionsFallback AI] Solver <GemmFwdRest>, workspace required: 50176000, provided ptr: 0x767279e00000 size: 16171008
MIOpen(HIP): Warning [IsEnoughWorkspace] [GetSolutionsFallback AI] Solver <ConvAsmImplicitGemmGTCDynamicFwdXdlopsNHWC>, workspace required: 14336000, provided ptr: 0 size: 0
MIOpen(HIP): Warning [IsEnoughWorkspace] [GetSolutionsFallback AI] Solver <ConvHipImplicitGemmGroupFwdXdlops>, workspace required: 14598144, provided ptr: 0 size: 0
MIOpen(HIP): Warning [IsEnoughWorkspace] [GetSolutionsFallback AI] Solver <GemmFwdRest>, workspace required: 100352000, provided ptr: 0x76727abac000 size: 29130752
MIOpen(HIP): Warning [IsEnoughWorkspace] [GetSolutionsFallback AI] Solver <ConvHipImplicitGemmGroupFwdXdlops>, workspace required: 28737536, provided ptr: 0x76727b958000 size: 28672000
MIOpen(HIP): Warning [IsEnoughWorkspace] [GetSolutionsFallback WTI] Solver <ConvAsmImplicitGemmGTCDynamicBwdXdlopsNHWC>, workspace required: 28803072, provided ptr: 0x76727abac000 size: 28672000
MIOpen(HIP): Warning [IsEnoughWorkspace] [GetSolutionsFallback WTI] Solver <ConvHipImplicitGemmGroupBwdXdlops>, workspace required: 28803072, provided ptr: 0x76727abac000 size: 28672000
MIOpen(HIP): Warning [IsEnoughWorkspace] [GetSolutionsFallback AI] Solver <GemmFwdRest>, workspace required: 100352000, provided ptr: 0x76727b958000 size: 28786688
MIOpen(HIP): Warning [IsEnoughWorkspace] [GetSolutionsFallback AI] Solver <ConvHipImplicitGemmGroupFwdXdlops>, workspace required: 28688384, provided ptr: 0x76727c704000 size: 28672000
MIOpen(HIP): Warning [IsEnoughWorkspace] [GetSolutionsFallback AI] Solver <GemmFwdRest>, workspace required: 150528000, provided ptr: 0x767280a00000 size: 43036672
MIOpen(HIP): Warning [IsEnoughWorkspace] [GetSolutionsFallback AI] Solver <ConvHipImplicitGemmGroupFwdXdlops>, workspace required: 43012096, provided ptr: 0x767281e82000 size: 43008000
MIOpen(HIP): Warning [IsEnoughWorkspace] [GetSolutionsFallback AI] Solver <ConvHipImplicitGemmGroupFwdXdlops>, workspace required: 22177024, provided ptr: 0x767279e00000 size: 21505024
MIOpen(HIP): Warning [IsEnoughWorkspace] [GetSolutionsFallback AI] Solver <GemmFwdRest>, workspace required: 150528000, provided ptr: 0x767279e00000 size: 21505024
[0;36m(APIServer pid=23472)[0;0m [32mINFO[0m [90m10-07 15:21:10[0m [90m[stats.py:902][0m [OmniTiming] req=speech-837cca58f838f204-9bcdd40e total=5.99s engine=5.99s stages=[0:5.99s]
INFO:     127.0.0.1:60618 - "POST /v1/audio/speech HTTP/1.1" 200 OK
[0;36m(APIServer pid=23472)[0;0m [32mINFO[0m [90m10-07 15:21:10[0m [90m[serving_speech.py:2423][0m Diffusion TTS speech request speech-bc047b7cbcbd4ce0: voice_clone=False
[0;36m(APIServer pid=23472)[0;0m [32mINFO[0m [90m10-07 15:21:10[0m [90m[serving_speech.py:2471][0m Applied diffusion speech params: seed=42 extra_params={}
[0;36m(APIServer pid=23472)[0;0m [32mINFO[0m [90m10-07 15:21:10[0m [90m[diffusion_engine.py:764][0m [RequestBatch] admission wait done waiting=1 max_batch=8 waited_ms=2.1
MIOpen(HIP): Warning [IsEnoughWorkspace] [GetSolutionsFallback AI] Solver <ConvHipImplicitGemmGroupFwdXdlops>, workspace required: 9183232, provided ptr: 0x7671904c0000 size: 2580480
MIOpen(HIP): Warning [IsEnoughWorkspace] [GetSolutionsFallback AI] Solver <ConvAsmImplicitGemmGTCDynamicFwdXdlopsNHWC>, workspace required: 9183232, provided ptr: 0x7671904c0000 size: 2580480
MIOpen(HIP): Warning [IsEnoughWorkspace] [GetSolutionsFallback WTI] Solver <ConvAsmImplicitGemmGTCDynamicBwdXdlopsNHWC>, workspace required: 40927232, provided ptr: 0x7673242c0000 size: 11796480
MIOpen(HIP): Warning [IsEnoughWorkspace] [GetSolutionsFallback WTI] Solver <ConvHipImplicitGemmGroupBwdXdlops>, workspace required: 40927232, provided ptr: 0x7673242c0000 size: 11796480
MIOpen(HIP): Warning [IsEnoughWorkspace] [GetSolutionsFallback AI] Solver <GemmFwdRest>, workspace required: 41287680, provided ptr: 0x767279e00000 size: 19136512
MIOpen(HIP): Warning [IsEnoughWorkspace] [GetSolutionsFallback AI] Solver <GemmFwdRest>, workspace required: 103219200, provided ptr: 0x76727ba20000 size: 31326208
MIOpen(HIP): Warning [IsEnoughWorkspace] [GetSolutionsFallback AI] Solver <ConvHipImplicitGemmGroupFwdXdlops>, workspace required: 29753344, provided ptr: 0x76727c830000 size: 29491200
MIOpen(HIP): Warning [IsEnoughWorkspace] [GetSolutionsFallback AI] Solver <GemmFwdRest>, workspace required: 206438400, provided ptr: 0x767282620000 size: 59441152
MIOpen(HIP): Warning [IsEnoughWorkspace] [GetSolutionsFallback AI] Solver <ConvHipImplicitGemmGroupFwdXdlops>, workspace required: 59047936, provided ptr: 0x767284240000 size: 58982400
MIOpen(HIP): Warning [IsEnoughWorkspace] [GetSolutionsFallback WTI] Solver <ConvAsmImplicitGemmGTCDynamicBwdXdlopsNHWC>, workspace required: 59113472, provided ptr: 0x767282620000 size: 58982400
MIOpen(HIP): Warning [IsEnoughWorkspace] [GetSolutionsFallback WTI] Solver <ConvHipImplicitGemmGroupBwdXdlops>, workspace required: 59113472, provided ptr: 0x767282620000 size: 58982400
MIOpen(HIP): Warning [IsEnoughWorkspace] [GetSolutionsFallback AI] Solver <GemmFwdRest>, workspace required: 206438400, provided ptr: 0x767284240000 size: 59097088
MIOpen(HIP): Warning [IsEnoughWorkspace] [GetSolutionsFallback AI] Solver <ConvHipImplicitGemmGroupFwdXdlops>, workspace required: 58998784, provided ptr: 0x767285e60000 size: 58982400
MIOpen(HIP): Warning [IsEnoughWorkspace] [GetSolutionsFallback AI] Solver <GemmFwdRest>, workspace required: 309657600, provided ptr: 0x767285e60000 size: 88502272
MIOpen(HIP): Warning [IsEnoughWorkspace] [GetSolutionsFallback AI] Solver <ConvHipImplicitGemmGroupFwdXdlops>, workspace required: 88477696, provided ptr: 0x767288890000 size: 88473600
MIOpen(HIP): Warning [IsEnoughWorkspace] [GetSolutionsFallback AI] Solver <ConvHipImplicitGemmGroupFwdXdlops>, workspace required: 45620224, provided ptr: 0x767279e00000 size: 44237824
MIOpen(HIP): Warning [IsEnoughWorkspace] [GetSolutionsFallback AI] Solver <GemmFwdRest>, workspace required: 309657600, provided ptr: 0x767279e00000 size: 44237824
MIOpen(HIP): Warning [IsEnoughWorkspace] [GetSolutionsFallback AI] Solver <ConvHipImplicitGemmGroupFwdXdlops>, workspace required: 8788992, provided ptr: 0x7671904c0000 size: 2028544
MIOpen(HIP): Warning [IsEnoughWorkspace] [GetSolutionsFallback AI] Solver <ConvAsmImplicitGemmGTCDynamicFwdXdlopsNHWC>, workspace required: 8788992, provided ptr: 0x7671904c0000 size: 2028544
MIOpen(HIP): Warning [IsEnoughWorkspace] [GetSolutionsFallback WTI] Solver <ConvAsmImplicitGemmGTCDynamicBwdXdlopsNHWC>, workspace required: 39350272, provided ptr: 0x767255400000 size: 9273344
MIOpen(HIP): Warning [IsEnoughWorkspace] [GetSolutionsFallback WTI] Solver <ConvHipImplicitGemmGroupBwdXdlops>, workspace required: 39350272, provided ptr: 0x767255400000 size: 9273344
MIOpen(HIP): Warning [IsEnoughWorkspace] [GetSolutionsFallback AI] Solver <GemmFwdRest>, workspace required: 32456704, provided ptr: 0x7673242c0000 size: 16613376
MIOpen(HIP): Warning [IsEnoughWorkspace] [GetSolutionsFallback AI] Solver <GemmFwdRest>, workspace required: 81141760, provided ptr: 0x76727b41c000 size: 25018368
MIOpen(HIP): Warning [IsEnoughWorkspace] [GetSolutionsFallback AI] Solver <ConvHipImplicitGemmGroupFwdXdlops>, workspace required: 23445504, provided ptr: 0x76727bf2a000 size: 23183360
MIOpen(HIP): Warning [IsEnoughWorkspace] [GetSolutionsFallback AI] Solver <GemmFwdRest>, workspace required: 162283520, provided ptr: 0x76728201c000 size: 46825472
MIOpen(HIP): Warning [IsEnoughWorkspace] [GetSolutionsFallback AI] Solver <ConvHipImplicitGemmGroupFwdXdlops>, workspace required: 46432256, provided ptr: 0x767283638000 size: 46366720
MIOpen(HIP): Warning [IsEnoughWorkspace] [GetSolutionsFallback WTI] Solver <ConvAsmImplicitGemmGTCDynamicBwdXdlopsNHWC>, workspace required: 46497792, provided ptr: 0x76728201c000 size: 46366720
MIOpen(HIP): Warning [IsEnoughWorkspace] [GetSolutionsFallback WTI] Solver <ConvHipImplicitGemmGroupBwdXdlops>, workspace required: 46497792, provided ptr: 0x76728201c000 size: 46366720
MIOpen(HIP): Warning [IsEnoughWorkspace] [GetSolutionsFallback AI] Solver <GemmFwdRest>, workspace required: 162283520, provided ptr: 0x76728201c000 size: 46481408
MIOpen(HIP): Warning [IsEnoughWorkspace] [GetSolutionsFallback AI] Solver <ConvHipImplicitGemmGroupFwdXdlops>, workspace required: 46383104, provided ptr: 0x767283638000 size: 46366720
MIOpen(HIP): Warning [IsEnoughWorkspace] [GetSolutionsFallback AI] Solver <GemmFwdRest>, workspace required: 243425280, provided ptr: 0x767284c54000 size: 69578752
MIOpen(HIP): Warning [IsEnoughWorkspace] [GetSolutionsFallback AI] Solver <ConvHipImplicitGemmGroupFwdXdlops>, workspace required: 69554176, provided ptr: 0x767286d7e000 size: 69550080
MIOpen(HIP): Warning [IsEnoughWorkspace] [GetSolutionsFallback AI] Solver <ConvHipImplicitGemmGroupFwdXdlops>, workspace required: 35862784, provided ptr: 0x767279e00000 size: 34776064
MIOpen(HIP): Warning [IsEnoughWorkspace] [GetSolutionsFallback AI] Solver <GemmFwdRest>, workspace required: 243425280, provided ptr: 0x767279e00000 size: 34776064
MIOpen(HIP): Warning [IsEnoughWorkspace] [GetSolutionsFallback AI] Solver <ConvHipImplicitGemmGroupFwdXdlops>, workspace required: 8113152, provided ptr: 0x767191480000 size: 1082368
MIOpen(HIP): Warning [IsEnoughWorkspace] [GetSolutionsFallback AI] Solver <ConvAsmImplicitGemmGTCDynamicFwdXdlopsNHWC>, workspace required: 8113152, provided ptr: 0x767191480000 size: 1082368
MIOpen(HIP): Warning [IsEnoughWorkspace] [GetSolutionsFallback WTI] Solver <ConvAsmImplicitGemmGTCDynamicBwdXdlopsNHWC>, workspace required: 36646912, provided ptr: 0x767193c00000 size: 4947968
MIOpen(HIP): Warning [IsEnoughWorkspace] [GetSolutionsFallback WTI] Solver <ConvHipImplicitGemmGroupBwdXdlops>, workspace required: 36646912, provided ptr: 0x767193c00000 size: 4947968
MIOpen(HIP): Warning [IsEnoughWorkspace] [GetSolutionsFallback AI] Solver <GemmFwdRest>, workspace required: 17317888, provided ptr: 0x767255400000 size: 12288000
MIOpen(HIP): Warning [IsEnoughWorkspace] [GetSolutionsFallback WTI] Solver <ConvAsmImplicitGemmGTCDynamicBwdXdlopsNHWC>, workspace required: 13901824, provided ptr: 0x7673242c0000 size: 12369920
MIOpen(HIP): Warning [IsEnoughWorkspace] [GetSolutionsFallback WTI] Solver <ConvHipImplicitGemmGroupBwdXdlops>, workspace required: 13901824, provided ptr: 0x7673242c0000 size: 12369920
MIOpen(HIP): Warning [IsEnoughWorkspace] [GetSolutionsFallback AI] Solver <GemmFwdRest>, workspace required: 43294720, provided ptr: 0x7673248a6000 size: 14204928
MIOpen(HIP): Warning [IsEnoughWorkspace] [GetSolutionsFallback AI] Solver <ConvHipImplicitGemmGroupFwdXdlops>, workspace required: 12632064, provided ptr: 0x767279e00000 size: 12369920
MIOpen(HIP): Warning [IsEnoughWorkspace] [GetSolutionsFallback AI] Solver <GemmFwdRest>, workspace required: 86589440, provided ptr: 0x76727b598000 size: 25198592
MIOpen(HIP): Warning [IsEnoughWorkspace] [GetSolutionsFallback AI] Solver <ConvHipImplicitGemmGroupFwdXdlops>, workspace required: 24805376, provided ptr: 0x76727c164000 size: 24739840
MIOpen(HIP): Warning [IsEnoughWorkspace] [GetSolutionsFallback WTI] Solver <ConvAsmImplicitGemmGTCDynamicBwdXdlopsNHWC>, workspace required: 24870912, provided ptr: 0x76727a9cc000 size: 24739840
MIOpen(HIP): Warning [IsEnoughWorkspace] [GetSolutionsFallback WTI] Solver <ConvHipImplicitGemmGroupBwdXdlops>, workspace required: 24870912, provided ptr: 0x76727a9cc000 size: 24739840
MIOpen(HIP): Warning [IsEnoughWorkspace] [GetSolutionsFallback AI] Solver <GemmFwdRest>, workspace required: 86589440, provided ptr: 0x76727b598000 size: 24854528
MIOpen(HIP): Warning [IsEnoughWorkspace] [GetSolutionsFallback AI] Solver <ConvHipImplicitGemmGroupFwdXdlops>, workspace required: 24756224, provided ptr: 0x76727c164000 size: 24739840
MIOpen(HIP): Warning [IsEnoughWorkspace] [GetSolutionsFallback AI] Solver <GemmFwdRest>, workspace required: 129884160, provided ptr: 0x767280a00000 size: 37138432
MIOpen(HIP): Warning [IsEnoughWorkspace] [GetSolutionsFallback AI] Solver <ConvHipImplicitGemmGroupFwdXdlops>, workspace required: 37113856, provided ptr: 0x767281bb2000 size: 37109760
MIOpen(HIP): Warning [IsEnoughWorkspace] [GetSolutionsFallback AI] Solver <ConvHipImplicitGemmGroupFwdXdlops>, workspace required: 19135744, provided ptr: 0x767279e00000 size: 18555904
MIOpen(HIP): Warning [IsEnoughWorkspace] [GetSolutionsFallback AI] Solver <GemmFwdRest>, workspace required: 129884160, provided ptr: 0x767279e00000 size: 18555904
MIOpen(HIP): Warning [IsEnoughWorkspace] [GetSolutionsFallback AI] Solver <ConvHipImplicitGemmGroupFwdXdlops>, workspace required: 9137152, provided ptr: 0x7671904c0000 size: 2515968
MIOpen(HIP): Warning [IsEnoughWorkspace] [GetSolutionsFallback AI] Solver <ConvAsmImplicitGemmGTCDynamicFwdXdlopsNHWC>, workspace required: 9137152, provided ptr: 0x7671904c0000 size: 2515968
MIOpen(HIP): Warning [IsEnoughWorkspace] [GetSolutionsFallback WTI] Solver <ConvAsmImplicitGemmGTCDynamicBwdXdlopsNHWC>, workspace required: 40742912, provided ptr: 0x7673242c0000 size: 11501568
MIOpen(HIP): Warning [IsEnoughWorkspace] [GetSolutionsFallback WTI] Solver <ConvHipImplicitGemmGroupBwdXdlops>, workspace required: 40742912, provided ptr: 0x7673242c0000 size: 11501568
MIOpen(HIP): Warning [IsEnoughWorkspace] [GetSolutionsFallback AI] Solver <GemmFwdRest>, workspace required: 40255488, provided ptr: 0x767279e00000 size: 18841600
MIOpen(HIP): Warning [IsEnoughWorkspace] [GetSolutionsFallback AI] Solver <GemmFwdRest>, workspace required: 100638720, provided ptr: 0x76727b96c000 size: 30588928
MIOpen(HIP): Warning [IsEnoughWorkspace] [GetSolutionsFallback AI] Solver <ConvHipImplicitGemmGroupFwdXdlops>, workspace required: 29016064, provided ptr: 0x76727c722000 size: 28753920
MIOpen(HIP): Warning [IsEnoughWorkspace] [GetSolutionsFallback AI] Solver <GemmFwdRest>, workspace required: 201277440, provided ptr: 0x76728256c000 size: 57966592
MIOpen(HIP): Warning [IsEnoughWorkspace] [GetSolutionsFallback AI] Solver <ConvHipImplicitGemmGroupFwdXdlops>, workspace required: 57573376, provided ptr: 0x7672840d8000 size: 57507840
MIOpen(HIP): Warning [IsEnoughWorkspace] [GetSolutionsFallback WTI] Solver <ConvAsmImplicitGemmGTCDynamicBwdXdlopsNHWC>, workspace required: 57638912, provided ptr: 0x76728256c000 size: 57507840
MIOpen(HIP): Warning [IsEnoughWorkspace] [GetSolutionsFallback WTI] Solver <ConvHipImplicitGemmGroupBwdXdlops>, workspace required: 57638912, provided ptr: 0x76728256c000 size: 57507840
MIOpen(HIP): Warning [IsEnoughWorkspace] [GetSolutionsFallback AI] Solver <GemmFwdRest>, workspace required: 201277440, provided ptr: 0x7672840d8000 size: 57622528
MIOpen(HIP): Warning [IsEnoughWorkspace] [GetSolutionsFallback AI] Solver <ConvHipImplicitGemmGroupFwdXdlops>, workspace required: 57524224, provided ptr: 0x767285c44000 size: 57507840
MIOpen(HIP): Warning [IsEnoughWorkspace] [GetSolutionsFallback AI] Solver <GemmFwdRest>, workspace required: 301916160, provided ptr: 0x767285c44000 size: 86290432
MIOpen(HIP): Warning [IsEnoughWorkspace] [GetSolutionsFallback AI] Solver <ConvHipImplicitGemmGroupFwdXdlops>, workspace required: 86265856, provided ptr: 0x767288566000 size: 86261760
MIOpen(HIP): Warning [IsEnoughWorkspace] [GetSolutionsFallback AI] Solver <ConvHipImplicitGemmGroupFwdXdlops>, workspace required: 44479744, provided ptr: 0x767279e00000 size: 43131904
MIOpen(HIP): Warning [IsEnoughWorkspace] [GetSolutionsFallback AI] Solver <GemmFwdRest>, workspace required: 301916160, provided ptr: 0x767279e00000 size: 43131904
[0;36m(APIServer pid=23472)[0;0m [32mINFO[0m [90m10-07 15:21:15[0m [90m[stats.py:902][0m [OmniTiming] req=speech-bc047b7cbcbd4ce0-816811ec total=5.28s engine=5.28s stages=[0:5.28s]
INFO:     127.0.0.1:60618 - "POST /v1/audio/speech HTTP/1.1" 200 OK
[0;36m(APIServer pid=23472)[0;0m [32mINFO[0m [90m10-07 15:21:15[0m [90m[serving_speech.py:2423][0m Diffusion TTS speech request speech-b37387439ec4c784: voice_clone=False
[0;36m(APIServer pid=23472)[0;0m [32mINFO[0m [90m10-07 15:21:15[0m [90m[serving_speech.py:2471][0m Applied diffusion speech params: seed=42 extra_params={}
[0;36m(APIServer pid=23472)[0;0m [32mINFO[0m [90m10-07 15:21:15[0m [90m[diffusion_engine.py:764][0m [RequestBatch] admission wait done waiting=1 max_batch=8 waited_ms=2.1
MIOpen(HIP): Warning [IsEnoughWorkspace] [GetSolutionsFallback AI] Solver <ConvHipImplicitGemmGroupFwdXdlops>, workspace required: 8625152, provided ptr: 0x7671904c0000 size: 1799168
MIOpen(HIP): Warning [IsEnoughWorkspace] [GetSolutionsFallback AI] Solver <ConvAsmImplicitGemmGTCDynamicFwdXdlopsNHWC>, workspace required: 8625152, provided ptr: 0x7671904c0000 size: 1799168
MIOpen(HIP): Warning [IsEnoughWorkspace] [GetSolutionsFallback WTI] Solver <ConvAsmImplicitGemmGTCDynamicBwdXdlopsNHWC>, workspace required: 38694912, provided ptr: 0x767255400000 size: 8224768
MIOpen(HIP): Warning [IsEnoughWorkspace] [GetSolutionsFallback WTI] Solver <ConvHipImplicitGemmGroupBwdXdlops>, workspace required: 38694912, provided ptr: 0x767255400000 size: 8224768
MIOpen(HIP): Warning [IsEnoughWorkspace] [GetSolutionsFallback AI] Solver <GemmFwdRest>, workspace required: 28786688, provided ptr: 0x7673242c0000 size: 15564800
MIOpen(HIP): Warning [IsEnoughWorkspace] [GetSolutionsFallback AI] Solver <GemmFwdRest>, workspace required: 71966720, provided ptr: 0x767279e00000 size: 22396928
MIOpen(HIP): Warning [IsEnoughWorkspace] [GetSolutionsFallback AI] Solver <ConvHipImplicitGemmGroupFwdXdlops>, workspace required: 20824064, provided ptr: 0x76727a7ce000 size: 20561920
MIOpen(HIP): Warning [IsEnoughWorkspace] [GetSolutionsFallback AI] Solver <GemmFwdRest>, workspace required: 143933440, provided ptr: 0x767280a00000 size: 41582592
MIOpen(HIP): Warning [IsEnoughWorkspace] [GetSolutionsFallback AI] Solver <ConvHipImplicitGemmGroupFwdXdlops>, workspace required: 41189376, provided ptr: 0x767281d9c000 size: 41123840
MIOpen(HIP): Warning [IsEnoughWorkspace] [GetSolutionsFallback WTI] Solver <ConvAsmImplicitGemmGTCDynamicBwdXdlopsNHWC>, workspace required: 41254912, provided ptr: 0x767280a00000 size: 41123840
MIOpen(HIP): Warning [IsEnoughWorkspace] [GetSolutionsFallback WTI] Solver <ConvHipImplicitGemmGroupBwdXdlops>, workspace required: 41254912, provided ptr: 0x767280a00000 size: 41123840
MIOpen(HIP): Warning [IsEnoughWorkspace] [GetSolutionsFallback AI] Solver <GemmFwdRest>, workspace required: 143933440, provided ptr: 0x767280a00000 size: 41238528
MIOpen(HIP): Warning [IsEnoughWorkspace] [GetSolutionsFallback AI] Solver <ConvHipImplicitGemmGroupFwdXdlops>, workspace required: 41140224, provided ptr: 0x767281d9c000 size: 41123840
MIOpen(HIP): Warning [IsEnoughWorkspace] [GetSolutionsFallback AI] Solver <GemmFwdRest>, workspace required: 215900160, provided ptr: 0x7672844d4000 size: 61714432
MIOpen(HIP): Warning [IsEnoughWorkspace] [GetSolutionsFallback AI] Solver <ConvHipImplicitGemmGroupFwdXdlops>, workspace required: 61689856, provided ptr: 0x76728623e000 size: 61685760
MIOpen(HIP): Warning [IsEnoughWorkspace] [GetSolutionsFallback AI] Solver <ConvHipImplicitGemmGroupFwdXdlops>, workspace required: 31807744, provided ptr: 0x76727bb6a000 size: 30843904
MIOpen(HIP): Warning [IsEnoughWorkspace] [GetSolutionsFallback AI] Solver <GemmFwdRest>, workspace required: 215900160, provided ptr: 0x76727bb6a000 size: 30843904
MIOpen(HIP): Warning [IsEnoughWorkspace] [GetSolutionsFallback AI] Solver <ConvHipImplicitGemmGroupFwdXdlops>, workspace required: 9254912, provided ptr: 0x7671904c0000 size: 2680832
MIOpen(HIP): Warning [IsEnoughWorkspace] [GetSolutionsFallback AI] Solver <ConvAsmImplicitGemmGTCDynamicFwdXdlopsNHWC>, workspace required: 9254912, provided ptr: 0x7671904c0000 size: 2680832
MIOpen(HIP): Warning [IsEnoughWorkspace] [GetSolutionsFallback WTI] Solver <ConvAsmImplicitGemmGTCDynamicBwdXdlopsNHWC>, workspace required: 41213952, provided ptr: 0x7673242c0000 size: 12255232
MIOpen(HIP): Warning [IsEnoughWorkspace] [GetSolutionsFallback WTI] Solver <ConvHipImplicitGemmGroupBwdXdlops>, workspace required: 41213952, provided ptr: 0x7673242c0000 size: 12255232
MIOpen(HIP): Warning [IsEnoughWorkspace] [GetSolutionsFallback AI] Solver <GemmFwdRest>, workspace required: 42893312, provided ptr: 0x767279e00000 size: 19595264
MIOpen(HIP): Warning [IsEnoughWorkspace] [GetSolutionsFallback AI] Solver <GemmFwdRest>, workspace required: 107233280, provided ptr: 0x76727bb38000 size: 32473088
MIOpen(HIP): Warning [IsEnoughWorkspace] [GetSolutionsFallback AI] Solver <ConvHipImplicitGemmGroupFwdXdlops>, workspace required: 30900224, provided ptr: 0x76727c9d4000 size: 30638080
MIOpen(HIP): Warning [IsEnoughWorkspace] [GetSolutionsFallback AI] Solver <GemmFwdRest>, workspace required: 214466560, provided ptr: 0x767282738000 size: 61734912
MIOpen(HIP): Warning [IsEnoughWorkspace] [GetSolutionsFallback AI] Solver <ConvHipImplicitGemmGroupFwdXdlops>, workspace required: 61341696, provided ptr: 0x767284470000 size: 61276160
MIOpen(HIP): Warning [IsEnoughWorkspace] [GetSolutionsFallback WTI] Solver <ConvAsmImplicitGemmGTCDynamicBwdXdlopsNHWC>, workspace required: 61407232, provided ptr: 0x767282738000 size: 61276160
MIOpen(HIP): Warning [IsEnoughWorkspace] [GetSolutionsFallback WTI] Solver <ConvHipImplicitGemmGroupBwdXdlops>, workspace required: 61407232, provided ptr: 0x767282738000 size: 61276160
MIOpen(HIP): Warning [IsEnoughWorkspace] [GetSolutionsFallback AI] Solver <GemmFwdRest>, workspace required: 214466560, provided ptr: 0x767284470000 size: 61390848
MIOpen(HIP): Warning [IsEnoughWorkspace] [GetSolutionsFallback AI] Solver <ConvHipImplicitGemmGroupFwdXdlops>, workspace required: 61292544, provided ptr: 0x7672861a8000 size: 61276160
MIOpen(HIP): Warning [IsEnoughWorkspace] [GetSolutionsFallback AI] Solver <GemmFwdRest>, workspace required: 321699840, provided ptr: 0x7672861a8000 size: 91942912
MIOpen(HIP): Warning [IsEnoughWorkspace] [GetSolutionsFallback AI] Solver <ConvHipImplicitGemmGroupFwdXdlops>, workspace required: 91918336, provided ptr: 0x767288d7c000 size: 91914240
MIOpen(HIP): Warning [IsEnoughWorkspace] [GetSolutionsFallback AI] Solver <ConvHipImplicitGemmGroupFwdXdlops>, workspace required: 47394304, provided ptr: 0x767279e00000 size: 45958144
MIOpen(HIP): Warning [IsEnoughWorkspace] [GetSolutionsFallback AI] Solver <GemmFwdRest>, workspace required: 321699840, provided ptr: 0x767279e00000 size: 45958144
MIOpen(HIP): Warning [IsEnoughWorkspace] [GetSolutionsFallback AI] Solver <ConvAsmImplicitGemmGTCDynamicFwdXdlopsNHWC>, workspace required: 7549952, provided ptr: 0x7672b1336000 size: 293888
MIOpen(HIP): Warning [IsEnoughWorkspace] [GetSolutionsFallback AI] Solver <ConvHipImplicitGemmGroupFwdXdlops>, workspace required: 7549952, provided ptr: 0x7672b1336000 size: 293888
MIOpen(HIP): Warning [IsEnoughWorkspace] [GetSolutionsFallback WTI] Solver <ConvAsmImplicitGemmGTCDynamicBwdXdlopsNHWC>, workspace required: 34394112, provided ptr: 0x767191480000 size: 1343488
MIOpen(HIP): Warning [IsEnoughWorkspace] [GetSolutionsFallback WTI] Solver <ConvHipImplicitGemmGroupBwdXdlops>, workspace required: 34394112, provided ptr: 0x767191480000 size: 1343488
MIOpen(HIP): Warning [IsEnoughWorkspace] [GetSolutionsFallback AI] Solver <ConvHipImplicitGemmGroupFwdXdlops>, workspace required: 2392064, provided ptr: 0 size: 0
MIOpen(HIP): Warning [IsEnoughWorkspace] [GetSolutionsFallback AI] Solver <ConvAsmImplicitGemmGTCDynamicFwdXdlopsNHWC>, workspace required: 1343488, provided ptr: 0 size: 0
MIOpen(HIP): Warning [IsEnoughWorkspace] [GetSolutionsFallback WTI] Solver <ConvAsmImplicitGemmGTCDynamicFwdXdlopsNHWC>, workspace required: 8683520, provided ptr: 0x767193c00000 size: 4702208
MIOpen(HIP): Warning [IsEnoughWorkspace] [GetSolutionsFallback WTI] Solver <ConvHipImplicitGemmGroupFwdXdlops>, workspace required: 8683520, provided ptr: 0x767193c00000 size: 4702208
MIOpen(HIP): Warning [IsEnoughWorkspace] [GetSolutionsFallback WTI] Solver <ConvAsmImplicitGemmGTCDynamicFwdXdlopsNHWC>, workspace required: 8683520, provided ptr: 0x767193c00000 size: 4702208
MIOpen(HIP): Warning [IsEnoughWorkspace] [GetSolutionsFallback WTI] Solver <ConvHipImplicitGemmGroupFwdXdlops>, workspace required: 8683520, provided ptr: 0x767193c00000 size: 4702208
MIOpen(HIP): Warning [IsEnoughWorkspace] [GetSolutionsFallback WTI] Solver <ConvAsmImplicitGemmGTCDynamicBwdXdlopsNHWC>, workspace required: 7593984, provided ptr: 0x767193c00000 size: 3358720
MIOpen(HIP): Warning [IsEnoughWorkspace] [GetSolutionsFallback WTI] Solver <ConvHipImplicitGemmGroupBwdXdlops>, workspace required: 7593984, provided ptr: 0x767193c00000 size: 3358720
MIOpen(HIP): Warning [IsEnoughWorkspace] [GetSolutionsFallback AI] Solver <GemmFwdRest>, workspace required: 11755520, provided ptr: 0x767255400000 size: 5193728
MIOpen(HIP): Warning [IsEnoughWorkspace] [GetSolutionsFallback AI] Solver <GemmFwdRest>, workspace required: 23511040, provided ptr: 0x767255a68000 size: 7176192
MIOpen(HIP): Warning [IsEnoughWorkspace] [GetSolutionsFallback AI] Solver <ConvAsmImplicitGemmGTCDynamicFwdXdlopsNHWC>, workspace required: 6717440, provided ptr: 0 size: 0
MIOpen(HIP): Warning [IsEnoughWorkspace] [GetSolutionsFallback AI] Solver <ConvHipImplicitGemmGroupFwdXdlops>, workspace required: 6782976, provided ptr: 0 size: 0
MIOpen(HIP): Warning [IsEnoughWorkspace] [GetSolutionsFallback WTI] Solver <ConvAsmImplicitGemmGTCDynamicBwdXdlopsNHWC>, workspace required: 6848512, provided ptr: 0x767255a68000 size: 6717440
MIOpen(HIP): Warning [IsEnoughWorkspace] [GetSolutionsFallback WTI] Solver <ConvHipImplicitGemmGroupBwdXdlops>, workspace required: 6848512, provided ptr: 0x767255a68000 size: 6717440
MIOpen(HIP): Warning [IsEnoughWorkspace] [GetSolutionsFallback AI] Solver <GemmFwdRest>, workspace required: 23511040, provided ptr: 0x767255a68000 size: 6832128
MIOpen(HIP): Warning [IsEnoughWorkspace] [GetSolutionsFallback AI] Solver <ConvHipImplicitGemmGroupFwdXdlops>, workspace required: 6733824, provided ptr: 0x7673242c0000 size: 6717440
MIOpen(HIP): Warning [IsEnoughWorkspace] [GetSolutionsFallback AI] Solver <GemmFwdRest>, workspace required: 35266560, provided ptr: 0x7673242c0000 size: 10104832
MIOpen(HIP): Warning [IsEnoughWorkspace] [GetSolutionsFallback AI] Solver <ConvHipImplicitGemmGroupFwdXdlops>, workspace required: 10080256, provided ptr: 0x76732478e000 size: 10076160
MIOpen(HIP): Warning [IsEnoughWorkspace] [GetSolutionsFallback AI] Solver <ConvHipImplicitGemmGroupFwdXdlops>, workspace required: 5196544, provided ptr: 0x767255400000 size: 5039104
MIOpen(HIP): Warning [IsEnoughWorkspace] [GetSolutionsFallback AI] Solver <GemmFwdRest>, workspace required: 35266560, provided ptr: 0x767255400000 size: 5039104
MIOpen(HIP): Warning [IsEnoughWorkspace] [GetSolutionsFallback AI] Solver <ConvHipImplicitGemmGroupFwdXdlops>, workspace required: 8292352, provided ptr: 0x767191480000 size: 1333248
MIOpen(HIP): Warning [IsEnoughWorkspace] [GetSolutionsFallback AI] Solver <ConvAsmImplicitGemmGTCDynamicFwdXdlopsNHWC>, workspace required: 8292352, provided ptr: 0x767191480000 size: 1333248
MIOpen(HIP): Warning [IsEnoughWorkspace] [GetSolutionsFallback WTI] Solver <ConvAsmImplicitGemmGTCDynamicBwdXdlopsNHWC>, workspace required: 37363712, provided ptr: 0x767255400000 size: 6094848
MIOpen(HIP): Warning [IsEnoughWorkspace] [GetSolutionsFallback WTI] Solver <ConvHipImplicitGemmGroupBwdXdlops>, workspace required: 37363712, provided ptr: 0x767255400000 size: 6094848
MIOpen(HIP): Warning [IsEnoughWorkspace] [GetSolutionsFallback AI] Solver <GemmFwdRest>, workspace required: 21331968, provided ptr: 0x7673242c0000 size: 13434880
MIOpen(HIP): Warning [IsEnoughWorkspace] [GetSolutionsFallback WTI] Solver <ConvAsmImplicitGemmGTCDynamicBwdXdlopsNHWC>, workspace required: 15908864, provided ptr: 0x7673242c0000 size: 15237120
MIOpen(HIP): Warning [IsEnoughWorkspace] [GetSolutionsFallback WTI] Solver <ConvHipImplicitGemmGroupBwdXdlops>, workspace required: 15908864, provided ptr: 0x7673242c0000 size: 15237120
MIOpen(HIP): Warning [IsEnoughWorkspace] [GetSolutionsFallback AI] Solver <GemmFwdRest>, workspace required: 53329920, provided ptr: 0x767279e00000 size: 17072128
MIOpen(HIP): Warning [IsEnoughWorkspace] [GetSolutionsFallback AI] Solver <ConvAsmImplicitGemmGTCDynamicFwdXdlopsNHWC>, workspace required: 15237120, provided ptr: 0 size: 0
MIOpen(HIP): Warning [IsEnoughWorkspace] [GetSolutionsFallback AI] Solver <ConvHipImplicitGemmGroupFwdXdlops>, workspace required: 15499264, provided ptr: 0 size: 0
MIOpen(HIP): Warning [IsEnoughWorkspace] [GetSolutionsFallback AI] Solver <GemmFwdRest>, workspace required: 106659840, provided ptr: 0x76727c998000 size: 30932992
MIOpen(HIP): Warning [IsEnoughWorkspace] [GetSolutionsFallback AI] Solver <ConvHipImplicitGemmGroupFwdXdlops>, workspace required: 30539776, provided ptr: 0x767280a00000 size: 30474240
MIOpen(HIP): Warning [IsEnoughWorkspace] [GetSolutionsFallback WTI] Solver <ConvAsmImplicitGemmGTCDynamicBwdXdlopsNHWC>, workspace required: 30605312, provided ptr: 0x76727bb10000 size: 30474240
MIOpen(HIP): Warning [IsEnoughWorkspace] [GetSolutionsFallback WTI] Solver <ConvHipImplicitGemmGroupBwdXdlops>, workspace required: 30605312, provided ptr: 0x76727bb10000 size: 30474240
MIOpen(HIP): Warning [IsEnoughWorkspace] [GetSolutionsFallback AI] Solver <GemmFwdRest>, workspace required: 106659840, provided ptr: 0x76727c998000 size: 30588928
MIOpen(HIP): Warning [IsEnoughWorkspace] [GetSolutionsFallback AI] Solver <ConvHipImplicitGemmGroupFwdXdlops>, workspace required: 30490624, provided ptr: 0x767280a00000 size: 30474240
MIOpen(HIP): Warning [IsEnoughWorkspace] [GetSolutionsFallback AI] Solver <GemmFwdRest>, workspace required: 159989760, provided ptr: 0x767281fcc000 size: 45740032
MIOpen(HIP): Warning [IsEnoughWorkspace] [GetSolutionsFallback AI] Solver <ConvHipImplicitGemmGroupFwdXdlops>, workspace required: 45715456, provided ptr: 0x767283598000 size: 45711360
MIOpen(HIP): Warning [IsEnoughWorkspace] [GetSolutionsFallback AI] Solver <ConvHipImplicitGemmGroupFwdXdlops>, workspace required: 23570944, provided ptr: 0x76727b3cc000 size: 22856704
MIOpen(HIP): Warning [IsEnoughWorkspace] [GetSolutionsFallback AI] Solver <GemmFwdRest>, workspace required: 159989760, provided ptr: 0x76727b3cc000 size: 22856704
MIOpen(HIP): Warning [IsEnoughWorkspace] [GetSolutionsFallback AI] Solver <ConvHipImplicitGemmGroupFwdXdlops>, workspace required: 8707072, provided ptr: 0x7671904c0000 size: 1913856
MIOpen(HIP): Warning [IsEnoughWorkspace] [GetSolutionsFallback AI] Solver <ConvAsmImplicitGemmGTCDynamicFwdXdlopsNHWC>, workspace required: 8707072, provided ptr: 0x7671904c0000 size: 1913856
MIOpen(HIP): Warning [IsEnoughWorkspace] [GetSolutionsFallback WTI] Solver <ConvAsmImplicitGemmGTCDynamicBwdXdlopsNHWC>, workspace required: 39022592, provided ptr: 0x767255400000 size: 8749056
MIOpen(HIP): Warning [IsEnoughWorkspace] [GetSolutionsFallback WTI] Solver <ConvHipImplicitGemmGroupBwdXdlops>, workspace required: 39022592, provided ptr: 0x767255400000 size: 8749056
MIOpen(HIP): Warning [IsEnoughWorkspace] [GetSolutionsFallback AI] Solver <GemmFwdRest>, workspace required: 30621696, provided ptr: 0x7673242c0000 size: 16089088
MIOpen(HIP): Warning [IsEnoughWorkspace] [GetSolutionsFallback AI] Solver <GemmFwdRest>, workspace required: 76554240, provided ptr: 0x76727a86e000 size: 23707648
MIOpen(HIP): Warning [IsEnoughWorkspace] [GetSolutionsFallback AI] Solver <ConvHipImplicitGemmGroupFwdXdlops>, workspace required: 22134784, provided ptr: 0x76727b2dc000 size: 21872640
MIOpen(HIP): Warning [IsEnoughWorkspace] [GetSolutionsFallback AI] Solver <GemmFwdRest>, workspace required: 153108480, provided ptr: 0x767280a00000 size: 44204032
MIOpen(HIP): Warning [IsEnoughWorkspace] [GetSolutionsFallback AI] Solver <ConvHipImplicitGemmGroupFwdXdlops>, workspace required: 43810816, provided ptr: 0x767280a00000 size: 43745280
MIOpen(HIP): Warning [IsEnoughWorkspace] [GetSolutionsFallback WTI] Solver <ConvAsmImplicitGemmGTCDynamicBwdXdlopsNHWC>, workspace required: 43876352, provided ptr: 0x767280a00000 size: 43745280
MIOpen(HIP): Warning [IsEnoughWorkspace] [GetSolutionsFallback WTI] Solver <ConvHipImplicitGemmGroupBwdXdlops>, workspace required: 43876352, provided ptr: 0x767280a00000 size: 43745280
MIOpen(HIP): Warning [IsEnoughWorkspace] [GetSolutionsFallback AI] Solver <GemmFwdRest>, workspace required: 153108480, provided ptr: 0x767280a00000 size: 43859968
MIOpen(HIP): Warning [IsEnoughWorkspace] [GetSolutionsFallback AI] Solver <ConvHipImplicitGemmGroupFwdXdlops>, workspace required: 43761664, provided ptr: 0x767281edc000 size: 43745280
MIOpen(HIP): Warning [IsEnoughWorkspace] [GetSolutionsFallback AI] Solver <GemmFwdRest>, workspace required: 229662720, provided ptr: 0x767284894000 size: 65646592
MIOpen(HIP): Warning [IsEnoughWorkspace] [GetSolutionsFallback AI] Solver <ConvHipImplicitGemmGroupFwdXdlops>, workspace required: 65622016, provided ptr: 0x7672867de000 size: 65617920
MIOpen(HIP): Warning [IsEnoughWorkspace] [GetSolutionsFallback AI] Solver <ConvHipImplicitGemmGroupFwdXdlops>, workspace required: 33835264, provided ptr: 0x76727bd4a000 size: 32809984
MIOpen(HIP): Warning [IsEnoughWorkspace] [GetSolutionsFallback AI] Solver <GemmFwdRest>, workspace required: 229662720, provided ptr: 0x76727bd4a000 size: 32809984
MIOpen(HIP): Warning [IsEnoughWorkspace] [GetSolutionsFallback AI] Solver <ConvHipImplicitGemmGroupFwdXdlops>, workspace required: 8906752, provided ptr: 0x7671904c0000 size: 2193408
MIOpen(HIP): Warning [IsEnoughWorkspace] [GetSolutionsFallback AI] Solver <ConvAsmImplicitGemmGTCDynamicFwdXdlopsNHWC>, workspace required: 8906752, provided ptr: 0x7671904c0000 size: 2193408
MIOpen(HIP): Warning [IsEnoughWorkspace] [GetSolutionsFallback WTI] Solver <ConvAsmImplicitGemmGTCDynamicBwdXdlopsNHWC>, workspace required: 39821312, provided ptr: 0x767255400000 size: 10027008
MIOpen(HIP): Warning [IsEnoughWorkspace] [GetSolutionsFallback WTI] Solver <ConvHipImplicitGemmGroupBwdXdlops>, workspace required: 39821312, provided ptr: 0x767255400000 size: 10027008
MIOpen(HIP): Warning [IsEnoughWorkspace] [GetSolutionsFallback AI] Solver <GemmFwdRest>, workspace required: 35094528, provided ptr: 0x7673242c0000 size: 17367040
MIOpen(HIP): Warning [IsEnoughWorkspace] [GetSolutionsFallback AI] Solver <GemmFwdRest>, workspace required: 87736320, provided ptr: 0x76727b5e8000 size: 26902528
MIOpen(HIP): Warning [IsEnoughWorkspace] [GetSolutionsFallback AI] Solver <ConvHipImplicitGemmGroupFwdXdlops>, workspace required: 25329664, provided ptr: 0x76727c1dc000 size: 25067520
MIOpen(HIP): Warning [IsEnoughWorkspace] [GetSolutionsFallback AI] Solver <GemmFwdRest>, workspace required: 175472640, provided ptr: 0x7672821e8000 size: 50593792
MIOpen(HIP): Warning [IsEnoughWorkspace] [GetSolutionsFallback AI] Solver <ConvHipImplicitGemmGroupFwdXdlops>, workspace required: 50200576, provided ptr: 0x7672839d0000 size: 50135040
MIOpen(HIP): Warning [IsEnoughWorkspace] [GetSolutionsFallback WTI] Solver <ConvAsmImplicitGemmGTCDynamicBwdXdlopsNHWC>, workspace required: 50266112, provided ptr: 0x7672821e8000 size: 50135040
MIOpen(HIP): Warning [IsEnoughWorkspace] [GetSolutionsFallback WTI] Solver <ConvHipImplicitGemmGroupBwdXdlops>, workspace required: 50266112, provided ptr: 0x7672821e8000 size: 50135040
MIOpen(HIP): Warning [IsEnoughWorkspace] [GetSolutionsFallback AI] Solver <GemmFwdRest>, workspace required: 175472640, provided ptr: 0x7672821e8000 size: 50249728
MIOpen(HIP): Warning [IsEnoughWorkspace] [GetSolutionsFallback AI] Solver <ConvHipImplicitGemmGroupFwdXdlops>, workspace required: 50151424, provided ptr: 0x7672839d0000 size: 50135040
MIOpen(HIP): Warning [IsEnoughWorkspace] [GetSolutionsFallback AI] Solver <GemmFwdRest>, workspace required: 263208960, provided ptr: 0x7672851b8000 size: 75231232
MIOpen(HIP): Warning [IsEnoughWorkspace] [GetSolutionsFallback AI] Solver <ConvHipImplicitGemmGroupFwdXdlops>, workspace required: 75206656, provided ptr: 0x767287594000 size: 75202560
MIOpen(HIP): Warning [IsEnoughWorkspace] [GetSolutionsFallback AI] Solver <ConvHipImplicitGemmGroupFwdXdlops>, workspace required: 38777344, provided ptr: 0x767279e00000 size: 37602304
MIOpen(HIP): Warning [IsEnoughWorkspace] [GetSolutionsFallback AI] Solver <GemmFwdRest>, workspace required: 263208960, provided ptr: 0x767279e00000 size: 37602304
MIOpen(HIP): Warning [IsEnoughWorkspace] [GetSolutionsFallback AI] Solver <ConvHipImplicitGemmGroupFwdXdlops>, workspace required: 9178112, provided ptr: 0x7671904c0000 size: 2573312
MIOpen(HIP): Warning [IsEnoughWorkspace] [GetSolutionsFallback AI] Solver <ConvAsmImplicitGemmGTCDynamicFwdXdlopsNHWC>, workspace required: 9178112, provided ptr: 0x7671904c0000 size: 2573312
MIOpen(HIP): Warning [IsEnoughWorkspace] [GetSolutionsFallback WTI] Solver <ConvAsmImplicitGemmGTCDynamicBwdXdlopsNHWC>, workspace required: 40906752, provided ptr: 0x7673242c0000 size: 11763712
MIOpen(HIP): Warning [IsEnoughWorkspace] [GetSolutionsFallback WTI] Solver <ConvHipImplicitGemmGroupBwdXdlops>, workspace required: 40906752, provided ptr: 0x7673242c0000 size: 11763712
MIOpen(HIP): Warning [IsEnoughWorkspace] [GetSolutionsFallback AI] Solver <GemmFwdRest>, workspace required: 41172992, provided ptr: 0x767279e00000 size: 19103744
MIOpen(HIP): Warning [IsEnoughWorkspace] [GetSolutionsFallback AI] Solver <GemmFwdRest>, workspace required: 102932480, provided ptr: 0x76727ba0c000 size: 31244288
MIOpen(HIP): Warning [IsEnoughWorkspace] [GetSolutionsFallback AI] Solver <ConvHipImplicitGemmGroupFwdXdlops>, workspace required: 29671424, provided ptr: 0x76727c812000 size: 29409280
MIOpen(HIP): Warning [IsEnoughWorkspace] [GetSolutionsFallback AI] Solver <GemmFwdRest>, workspace required: 205864960, provided ptr: 0x76728260c000 size: 59277312
MIOpen(HIP): Warning [IsEnoughWorkspace] [GetSolutionsFallback AI] Solver <ConvHipImplicitGemmGroupFwdXdlops>, workspace required: 58884096, provided ptr: 0x767284218000 size: 58818560
MIOpen(HIP): Warning [IsEnoughWorkspace] [GetSolutionsFallback WTI] Solver <ConvAsmImplicitGemmGTCDynamicBwdXdlopsNHWC>, workspace required: 58949632, provided ptr: 0x76728260c000 size: 58818560
MIOpen(HIP): Warning [IsEnoughWorkspace] [GetSolutionsFallback WTI] Solver <ConvHipImplicitGemmGroupBwdXdlops>, workspace required: 58949632, provided ptr: 0x76728260c000 size: 58818560
MIOpen(HIP): Warning [IsEnoughWorkspace] [GetSolutionsFallback AI] Solver <GemmFwdRest>, workspace required: 205864960, provided ptr: 0x767284218000 size: 58933248
MIOpen(HIP): Warning [IsEnoughWorkspace] [GetSolutionsFallback AI] Solver <ConvHipImplicitGemmGroupFwdXdlops>, workspace required: 58834944, provided ptr: 0x767285e24000 size: 58818560
MIOpen(HIP): Warning [IsEnoughWorkspace] [GetSolutionsFallback AI] Solver <GemmFwdRest>, workspace required: 308797440, provided ptr: 0x767285e24000 size: 88256512
MIOpen(HIP): Warning [IsEnoughWorkspace] [GetSolutionsFallback AI] Solver <ConvHipImplicitGemmGroupFwdXdlops>, workspace required: 88231936, provided ptr: 0x767288836000 size: 88227840
MIOpen(HIP): Warning [IsEnoughWorkspace] [GetSolutionsFallback AI] Solver <ConvHipImplicitGemmGroupFwdXdlops>, workspace required: 45493504, provided ptr: 0x767279e00000 size: 44114944
MIOpen(HIP): Warning [IsEnoughWorkspace] [GetSolutionsFallback AI] Solver <GemmFwdRest>, workspace required: 308797440, provided ptr: 0x767279e00000 size: 44114944
MIOpen(HIP): Warning [IsEnoughWorkspace] [GetSolutionsFallback AI] Solver <ConvHipImplicitGemmGroupFwdXdlops>, workspace required: 8364032, provided ptr: 0x767191480000 size: 1433600
MIOpen(HIP): Warning [IsEnoughWorkspace] [GetSolutionsFallback AI] Solver <ConvAsmImplicitGemmGTCDynamicFwdXdlopsNHWC>, workspace required: 8364032, provided ptr: 0x767191480000 size: 1433600
MIOpen(HIP): Warning [IsEnoughWorkspace] [GetSolutionsFallback WTI] Solver <ConvAsmImplicitGemmGTCDynamicBwdXdlopsNHWC>, workspace required: 37650432, provided ptr: 0x767255400000 size: 6553600
MIOpen(HIP): Warning [IsEnoughWorkspace] [GetSolutionsFallback WTI] Solver <ConvHipImplicitGemmGroupBwdXdlops>, workspace required: 37650432, provided ptr: 0x767255400000 size: 6553600
MIOpen(HIP): Warning [IsEnoughWorkspace] [GetSolutionsFallback AI] Solver <GemmFwdRest>, workspace required: 22937600, provided ptr: 0x7673242c0000 size: 13893632
MIOpen(HIP): Warning [IsEnoughWorkspace] [GetSolutionsFallback WTI] Solver <ConvAsmImplicitGemmGTCDynamicBwdXdlopsNHWC>, workspace required: 16711680, provided ptr: 0x7673242c0000 size: 16384000
MIOpen(HIP): Warning [IsEnoughWorkspace] [GetSolutionsFallback WTI] Solver <ConvHipImplicitGemmGroupBwdXdlops>, workspace required: 16711680, provided ptr: 0x7673242c0000 size: 16384000
MIOpen(HIP): Warning [IsEnoughWorkspace] [GetSolutionsFallback AI] Solver <GemmFwdRest>, workspace required: 57344000, provided ptr: 0x767279e00000 size: 18219008
MIOpen(HIP): Warning [IsEnoughWorkspace] [GetSolutionsFallback AI] Solver <ConvHipImplicitGemmGroupFwdXdlops>, workspace required: 16646144, provided ptr: 0x76727a5d0000 size: 16384000
MIOpen(HIP): Warning [IsEnoughWorkspace] [GetSolutionsFallback AI] Solver <GemmFwdRest>, workspace required: 114688000, provided ptr: 0x767280a00000 size: 33226752
MIOpen(HIP): Warning [IsEnoughWorkspace] [GetSolutionsFallback AI] Solver <ConvHipImplicitGemmGroupFwdXdlops>, workspace required: 32833536, provided ptr: 0x767280a00000 size: 32768000
MIOpen(HIP): Warning [IsEnoughWorkspace] [GetSolutionsFallback WTI] Solver <ConvAsmImplicitGemmGTCDynamicBwdXdlopsNHWC>, workspace required: 32899072, provided ptr: 0x76727bd40000 size: 32768000
MIOpen(HIP): Warning [IsEnoughWorkspace] [GetSolutionsFallback WTI] Solver <ConvHipImplicitGemmGroupBwdXdlops>, workspace required: 32899072, provided ptr: 0x76727bd40000 size: 32768000
MIOpen(HIP): Warning [IsEnoughWorkspace] [GetSolutionsFallback AI] Solver <GemmFwdRest>, workspace required: 114688000, provided ptr: 0x767280a00000 size: 32882688
MIOpen(HIP): Warning [IsEnoughWorkspace] [GetSolutionsFallback AI] Solver <ConvHipImplicitGemmGroupFwdXdlops>, workspace required: 32784384, provided ptr: 0x767280a00000 size: 32768000
MIOpen(HIP): Warning [IsEnoughWorkspace] [GetSolutionsFallback AI] Solver <GemmFwdRest>, workspace required: 172032000, provided ptr: 0x767282170000 size: 49180672
MIOpen(HIP): Warning [IsEnoughWorkspace] [GetSolutionsFallback AI] Solver <ConvHipImplicitGemmGroupFwdXdlops>, workspace required: 49156096, provided ptr: 0x7672838e0000 size: 49152000
MIOpen(HIP): Warning [IsEnoughWorkspace] [GetSolutionsFallback AI] Solver <ConvHipImplicitGemmGroupFwdXdlops>, workspace required: 25345024, provided ptr: 0x76727b570000 size: 24577024
MIOpen(HIP): Warning [IsEnoughWorkspace] [GetSolutionsFallback AI] Solver <GemmFwdRest>, workspace required: 172032000, provided ptr: 0x76727b570000 size: 24577024
[0;36m(APIServer pid=23472)[0;0m [32mINFO[0m [90m10-07 15:21:21[0m [90m[stats.py:902][0m [OmniTiming] req=speech-b37387439ec4c784-80e1b677 total=6.28s engine=6.28s stages=[0:6.28s]
INFO:     127.0.0.1:60618 - "POST /v1/audio/speech HTTP/1.1" 200 OK
[0;36m(APIServer pid=23472)[0;0m [32mINFO[0m [90m10-07 15:21:21[0m [90m[launcher.py:128][0m [shutdown] API server: shutdown triggered
[0;36m(APIServer pid=23472)[0;0m [32mINFO[0m [90m10-07 15:21:21[0m [90m[launcher.py:144][0m [shutdown] API server: stopping engine client mode=abort timeout=0.0s
[0;36m(APIServer pid=23472)[0;0m [32mINFO[0m [90m10-07 15:21:21[0m [90m[omni_base.py:771][0m [AsyncOmni] Shutting down
[0;36m(APIServer pid=23472)[0;0m [32mINFO[0m [90m10-07 15:21:21[0m [90m[omni_engine_base.py:1151][0m [OmniEngine] Shutting down Orchestrator
[0;36m(APIServer pid=23472)[0;0m [32mINFO[0m [90m10-07 15:21:21[0m [90m[orchestrator.py:540][0m [Orchestrator] Received shutdown signal
[0;36m(APIServer pid=23472)[0;0m [32mINFO[0m [90m10-07 15:21:21[0m [90m[orchestrator.py:2922][0m [Orchestrator] Shutting down all 1 client(s)
[0;36m(APIServer pid=23472)[0;0m [32mINFO[0m [90m10-07 15:21:23[0m [90m[stage_pool.py:1401][0m [StagePool] Stage 0 replica 0 shut down
[0;36m(APIServer pid=23472)[0;0m [32mINFO[0m [90m10-07 15:21:23[0m [90m[launcher.py:153][0m [shutdown] API server: engine client stopped
[0;36m(APIServer pid=23472)[0;0m [32mINFO[0m [90m10-07 15:21:23[0m [90m[launcher.py:156][0m [shutdown] API server: signalling HTTP server shutdown
[0;36m(APIServer pid=23472)[0;0m [32mINFO[0m [90m10-07 15:21:23[0m [90m[launcher.py:178][0m [shutdown] API server: shutting down FastAPI HTTP server
INFO:     Shutting down
INFO:     Waiting for application shutdown.
INFO:     Application shutdown complete.
[0;36m(APIServer pid=23472)[0;0m [32mINFO[0m [90m10-07 15:21:24[0m [90m[omni_base.py:771][0m [AsyncOmni] Shutting down
